#ifndef WEB_ASSETS_HPP
#define WEB_ASSETS_HPP

#include <Arduino.h>

const uint8_t WEB_INDEX[] PROGMEM = {
  0x3C, 0x21, 0x44, 0x4F, 0x43, 0x54, 0x59, 0x50, 0x45, 0x20, 0x68, 0x74, 0x6D, 0x6C, 0x3E, 0x0A, 
  0x20, 0x20, 0x20, 0x20, 0x20, 0x20, 0x3C, 0x68, 0x74, 0x6D, 0x6C, 0x20, 0x6C, 0x61, 0x6E, 0x67, 
  0x3D, 0x22, 0x70, 0x74, 0x2D, 0x42, 0x52, 0x22, 0x3E, 0x0A, 0x20, 0x20, 0x20, 0x20, 0x20, 0x20, 
  0x3C, 0x68, 0x65, 0x61, 0x64, 0x3E, 0x0A, 0x20, 0x20, 0x20, 0x20, 0x20, 0x20, 0x20, 0x20, 0x3C, 
  0x6D, 0x65, 0x74, 0x61, 0x20, 0x63, 0x68, 0x61, 0x72, 0x73, 0x65, 0x74, 0x3D, 0x22, 0x55, 0x54, 
  0x46, 0x2D, 0x38, 0x22, 0x20, 0x2F, 0x3E, 0x0A, 0x20, 0x20, 0x20, 0x20, 0x20, 0x20, 0x20, 0x20, 
  0x3C, 0x6D, 0x65, 0x74, 0x61, 0x20, 0x6E, 0x61, 0x6D, 0x65, 0x3D, 0x22, 0x76, 0x69, 0x65, 0x77, 
  0x70, 0x6F, 0x72, 0x74, 0x22, 0x20, 0x63, 0x6F, 0x6E, 0x74, 0x65, 0x6E, 0x74, 0x3D, 0x22, 0x77, 
  0x69, 0x64, 0x74, 0x68, 0x3D, 0x64, 0x65, 0x76, 0x69, 0x63, 0x65, 0x2D, 0x77, 0x69, 0x64, 0x74, 
  0x68, 0x2C, 0x20, 0x69, 0x6E, 0x69, 0x74, 0x69, 0x61, 0x6C, 0x2D, 0x73, 0x63, 0x61, 0x6C, 0x65, 
  0x3D, 0x31, 0x2E, 0x30, 0x22, 0x20, 0x2F, 0x3E, 0x0A, 0x20, 0x20, 0x20, 0x20, 0x20, 0x20, 0x20, 
  0x20, 0x3C, 0x74, 0x69, 0x74, 0x6C, 0x65, 0x3E, 0x4D, 0x6F, 0x6E, 0x69, 0x74, 0x6F, 0x72, 0x20, 
  0x4C, 0x61, 0x62, 0x3C, 0x2F, 0x74, 0x69, 0x74, 0x6C, 0x65, 0x3E, 0x0A, 0x20, 0x20, 0x20, 0x20, 
  0x20, 0x20, 0x20, 0x20, 0x3C, 0x6C, 0x69, 0x6E, 0x6B, 0x20, 0x72, 0x65, 0x6C, 0x3D, 0x22, 0x73, 
  0x74, 0x79, 0x6C, 0x65, 0x73, 0x68, 0x65, 0x65, 0x74, 0x22, 0x20, 0x68, 0x72, 0x65, 0x66, 0x3D, 
  0x22, 0x2F, 0x73, 0x74, 0x79, 0x6C, 0x65, 0x2E, 0x63, 0x73, 0x73, 0x22, 0x3E, 0x0A, 0x20, 0x20, 
  0x20, 0x20, 0x20, 0x20, 0x3C, 0x2F, 0x68, 0x65, 0x61, 0x64, 0x3E, 0x0A, 0x20, 0x20, 0x20, 0x20, 
  0x20, 0x20, 0x3C, 0x62, 0x6F, 0x64, 0x79, 0x3E, 0x0A, 0x20, 0x20, 0x20, 0x20, 0x20, 0x20, 0x20, 
  0x20, 0x3C, 0x64, 0x69, 0x76, 0x20, 0x69, 0x64, 0x3D, 0x22, 0x6C, 0x6F, 0x67, 0x69, 0x6E, 0x56, 
  0x69, 0x65, 0x77, 0x22, 0x20, 0x63, 0x6C, 0x61, 0x73, 0x73, 0x3D, 0x22, 0x6C, 0x6F, 0x67, 0x69, 
  0x6E, 0x2D, 0x76, 0x69, 0x65, 0x77, 0x22, 0x3E, 0x0A, 0x20, 0x20, 0x20, 0x20, 0x20, 0x20, 0x20, 
  0x20, 0x20, 0x20, 0x3C, 0x64, 0x69, 0x76, 0x20, 0x63, 0x6C, 0x61, 0x73, 0x73, 0x3D, 0x22, 0x6C, 
  0x6F, 0x67, 0x69, 0x6E, 0x2D, 0x63, 0x61, 0x72, 0x64, 0x22, 0x3E, 0x0A, 0x20, 0x20, 0x20, 0x20, 
  0x20, 0x20, 0x20, 0x20, 0x20, 0x20, 0x20, 0x20, 0x3C, 0x64, 0x69, 0x76, 0x20, 0x63, 0x6C, 0x61, 
  0x73, 0x73, 0x3D, 0x22, 0x65, 0x79, 0x65, 0x62, 0x72, 0x6F, 0x77, 0x22, 0x3E, 0x41, 0x43, 0x45, 
  0x53, 0x53, 0x4F, 0x20, 0x41, 0x4F, 0x20, 0x53, 0x49, 0x53, 0x54, 0x45, 0x4D, 0x41, 0x3C, 0x2F, 
  0x64, 0x69, 0x76, 0x3E, 0x0A, 0x20, 0x20, 0x20, 0x20, 0x20, 0x20, 0x20, 0x20, 0x20, 0x20, 0x20, 
  0x20, 0x3C, 0x64, 0x69, 0x76, 0x20, 0x73, 0x74, 0x79, 0x6C, 0x65, 0x3D, 0x22, 0x64, 0x69, 0x73, 
  0x70, 0x6C, 0x61, 0x79, 0x3A, 0x66, 0x6C, 0x65, 0x78, 0x3B, 0x20, 0x6A, 0x75, 0x73, 0x74, 0x69, 
  0x66, 0x79, 0x2D, 0x63, 0x6F, 0x6E, 0x74, 0x65, 0x6E, 0x74, 0x3A, 0x66, 0x6C, 0x65, 0x78, 0x2D, 
  0x65, 0x6E, 0x64, 0x3B, 0x20, 0x6D, 0x61, 0x72, 0x67, 0x69, 0x6E, 0x2D, 0x62, 0x6F, 0x74, 0x74, 
  0x6F, 0x6D, 0x3A, 0x31, 0x32, 0x70, 0x78, 0x3B, 0x22, 0x3E, 0x0A, 0x20, 0x20, 0x20, 0x20, 0x20, 
  0x20, 0x20, 0x20, 0x20, 0x20, 0x20, 0x20, 0x20, 0x20, 0x3C, 0x73, 0x65, 0x6C, 0x65, 0x63, 0x74, 
  0x20, 0x69, 0x64, 0x3D, 0x22, 0x6C, 0x6F, 0x67, 0x69, 0x6E, 0x4C, 0x61, 0x6E, 0x67, 0x75, 0x61, 
  0x67, 0x65, 0x53, 0x65, 0x6C, 0x65, 0x63, 0x74, 0x22, 0x20, 0x61, 0x72, 0x69, 0x61, 0x2D, 0x6C, 
  0x61, 0x62, 0x65, 0x6C, 0x3D, 0x22, 0x49, 0x64, 0x69, 0x6F, 0x6D, 0x61, 0x22, 0x20, 0x73, 0x74, 
  0x79, 0x6C, 0x65, 0x3D, 0x22, 0x77, 0x69, 0x64, 0x74, 0x68, 0x3A, 0x61, 0x75, 0x74, 0x6F, 0x3B, 
  0x20, 0x70, 0x61, 0x64, 0x64, 0x69, 0x6E, 0x67, 0x3A, 0x37, 0x70, 0x78, 0x20, 0x39, 0x70, 0x78, 
  0x3B, 0x22, 0x3E, 0x0A, 0x20, 0x20, 0x20, 0x20, 0x20, 0x20, 0x20, 0x20, 0x20, 0x20, 0x20, 0x20, 
  0x20, 0x20, 0x20, 0x20, 0x3C, 0x6F, 0x70, 0x74, 0x69, 0x6F, 0x6E, 0x20, 0x76, 0x61, 0x6C, 0x75, 
  0x65, 0x3D, 0x22, 0x70, 0x74, 0x2D, 0x42, 0x52, 0x22, 0x3E, 0x26, 0x23, 0x78, 0x31, 0x46, 0x31, 
  0x45, 0x37, 0x3B, 0x26, 0x23, 0x78, 0x31, 0x46, 0x31, 0x46, 0x37, 0x3B, 0x20, 0x50, 0x6F, 0x72, 
  0x74, 0x75, 0x67, 0x75, 0x26, 0x23, 0x78, 0x45, 0x41, 0x3B, 0x73, 0x3C, 0x2F, 0x6F, 0x70, 0x74, 
  0x69, 0x6F, 0x6E, 0x3E, 0x0A, 0x20, 0x20, 0x20, 0x20, 0x20, 0x20, 0x20, 0x20, 0x20, 0x20, 0x20, 
  0x20, 0x20, 0x20, 0x20, 0x20, 0x3C, 0x6F, 0x70, 0x74, 0x69, 0x6F, 0x6E, 0x20, 0x76, 0x61, 0x6C, 
  0x75, 0x65, 0x3D, 0x22, 0x65, 0x6E, 0x22, 0x3E, 0x26, 0x23, 0x78, 0x31, 0x46, 0x31, 0x46, 0x41, 
  0x3B, 0x26, 0x23, 0x78, 0x31, 0x46, 0x31, 0x46, 0x38, 0x3B, 0x20, 0x45, 0x6E, 0x67, 0x6C, 0x69, 
  0x73, 0x68, 0x3C, 0x2F, 0x6F, 0x70, 0x74, 0x69, 0x6F, 0x6E, 0x3E, 0x0A, 0x20, 0x20, 0x20, 0x20, 
  0x20, 0x20, 0x20, 0x20, 0x20, 0x20, 0x20, 0x20, 0x20, 0x20, 0x3C, 0x2F, 0x73, 0x65, 0x6C, 0x65, 
  0x63, 0x74, 0x3E, 0x0A, 0x20, 0x20, 0x20, 0x20, 0x20, 0x20, 0x20, 0x20, 0x20, 0x20, 0x20, 0x20, 
  0x3C, 0x2F, 0x64, 0x69, 0x76, 0x3E, 0x0A, 0x20, 0x20, 0x20, 0x20, 0x20, 0x20, 0x20, 0x20, 0x20, 
  0x20, 0x20, 0x20, 0x3C, 0x68, 0x31, 0x3E, 0x4D, 0x6F, 0x6E, 0x69, 0x74, 0x6F, 0x72, 0x20, 0x4C, 
  0x61, 0x62, 0x3C, 0x2F, 0x68, 0x31, 0x3E, 0x0A, 0x20, 0x20, 0x20, 0x20, 0x20, 0x20, 0x20, 0x20, 
  0x20, 0x20, 0x20, 0x20, 0x3C, 0x70, 0x20, 0x63, 0x6C, 0x61, 0x73, 0x73, 0x3D, 0x22, 0x6D, 0x75, 
  0x74, 0x65, 0x64, 0x22, 0x3E, 0x45, 0x6E, 0x74, 0x72, 0x65, 0x20, 0x63, 0x6F, 0x6D, 0x20, 0x73, 
  0x75, 0x61, 0x73, 0x20, 0x63, 0x72, 0x65, 0x64, 0x65, 0x6E, 0x63, 0x69, 0x61, 0x69, 0x73, 0x20, 
  0x70, 0x61, 0x72, 0x61, 0x20, 0x61, 0x63, 0x65, 0x73, 0x73, 0x61, 0x72, 0x20, 0x6F, 0x20, 0x70, 
  0x61, 0x69, 0x6E, 0x65, 0x6C, 0x2E, 0x3C, 0x2F, 0x70, 0x3E, 0x0A, 0x20, 0x20, 0x20, 0x20, 0x20, 
  0x20, 0x20, 0x20, 0x20, 0x20, 0x20, 0x20, 0x3C, 0x6C, 0x61, 0x62, 0x65, 0x6C, 0x3E, 0x55, 0x73, 
  0x75, 0x26, 0x23, 0x78, 0x45, 0x31, 0x3B, 0x72, 0x69, 0x6F, 0x3C, 0x2F, 0x6C, 0x61, 0x62, 0x65, 
  0x6C, 0x3E, 0x0A, 0x20, 0x20, 0x20, 0x20, 0x20, 0x20, 0x20, 0x20, 0x20, 0x20, 0x20, 0x20, 0x3C, 
  0x69, 0x6E, 0x70, 0x75, 0x74, 0x20, 0x69, 0x64, 0x3D, 0x22, 0x6C, 0x6F, 0x67, 0x69, 0x6E, 0x55, 
  0x73, 0x65, 0x72, 0x22, 0x20, 0x74, 0x79, 0x70, 0x65, 0x3D, 0x22, 0x74, 0x65, 0x78, 0x74, 0x22, 
  0x20, 0x76, 0x61, 0x6C, 0x75, 0x65, 0x3D, 0x22, 0x61, 0x64, 0x6D, 0x69, 0x6E, 0x22, 0x20, 0x2F, 
  0x3E, 0x0A, 0x20, 0x20, 0x20, 0x20, 0x20, 0x20, 0x20, 0x20, 0x20, 0x20, 0x20, 0x20, 0x3C, 0x6C, 
  0x61, 0x62, 0x65, 0x6C, 0x3E, 0x53, 0x65, 0x6E, 0x68, 0x61, 0x3C, 0x2F, 0x6C, 0x61, 0x62, 0x65, 
  0x6C, 0x3E, 0x0A, 0x20, 0x20, 0x20, 0x20, 0x20, 0x20, 0x20, 0x20, 0x20, 0x20, 0x20, 0x20, 0x3C, 
  0x69, 0x6E, 0x70, 0x75, 0x74, 0x20, 0x69, 0x64, 0x3D, 0x22, 0x6C, 0x6F, 0x67, 0x69, 0x6E, 0x50, 
  0x61, 0x73, 0x73, 0x77, 0x6F, 0x72, 0x64, 0x22, 0x20, 0x74, 0x79, 0x70, 0x65, 0x3D, 0x22, 0x70, 
  0x61, 0x73, 0x73, 0x77, 0x6F, 0x72, 0x64, 0x22, 0x20, 0x76, 0x61, 0x6C, 0x75, 0x65, 0x3D, 0x22, 
  0x61, 0x64, 0x6D, 0x69, 0x6E, 0x22, 0x20, 0x2F, 0x3E, 0x0A, 0x20, 0x20, 0x20, 0x20, 0x20, 0x20, 
  0x20, 0x20, 0x20, 0x20, 0x20, 0x20, 0x3C, 0x64, 0x69, 0x76, 0x20, 0x73, 0x74, 0x79, 0x6C, 0x65, 
  0x3D, 0x22, 0x6D, 0x61, 0x72, 0x67, 0x69, 0x6E, 0x2D, 0x74, 0x6F, 0x70, 0x3A, 0x31, 0x38, 0x70, 
  0x78, 0x3B, 0x20, 0x64, 0x69, 0x73, 0x70, 0x6C, 0x61, 0x79, 0x3A, 0x66, 0x6C, 0x65, 0x78, 0x3B, 
  0x20, 0x67, 0x61, 0x70, 0x3A, 0x31, 0x30, 0x70, 0x78, 0x3B, 0x20, 0x61, 0x6C, 0x69, 0x67, 0x6E, 
  0x2D, 0x69, 0x74, 0x65, 0x6D, 0x73, 0x3A, 0x63, 0x65, 0x6E, 0x74, 0x65, 0x72, 0x3B, 0x20, 0x66, 
  0x6C, 0x65, 0x78, 0x2D, 0x77, 0x72, 0x61, 0x70, 0x3A, 0x77, 0x72, 0x61, 0x70, 0x3B, 0x22, 0x3E, 
  0x0A, 0x20, 0x20, 0x20, 0x20, 0x20, 0x20, 0x20, 0x20, 0x20, 0x20, 0x20, 0x20, 0x20, 0x20, 0x3C, 
  0x62, 0x75, 0x74, 0x74, 0x6F, 0x6E, 0x20, 0x63, 0x6C, 0x61, 0x73, 0x73, 0x3D, 0x22, 0x70, 0x72, 
  0x69, 0x6D, 0x61, 0x72, 0x79, 0x22, 0x20, 0x69, 0x64, 0x3D, 0x22, 0x6C, 0x6F, 0x67, 0x69, 0x6E, 
  0x42, 0x74, 0x6E, 0x22, 0x3E, 0x45, 0x6E, 0x74, 0x72, 0x61, 0x72, 0x3C, 0x2F, 0x62, 0x75, 0x74, 
  0x74, 0x6F, 0x6E, 0x3E, 0x0A, 0x20, 0x20, 0x20, 0x20, 0x20, 0x20, 0x20, 0x20, 0x20, 0x20, 0x20, 
  0x20, 0x20, 0x20, 0x3C, 0x62, 0x75, 0x74, 0x74, 0x6F, 0x6E, 0x20, 0x63, 0x6C, 0x61, 0x73, 0x73, 
  0x3D, 0x22, 0x73, 0x65, 0x63, 0x6F, 0x6E, 0x64, 0x61, 0x72, 0x79, 0x22, 0x20, 0x69, 0x64, 0x3D, 
  0x22, 0x76, 0x69, 0x73, 0x69, 0x74, 0x6F, 0x72, 0x42, 0x74, 0x6E, 0x22, 0x20, 0x74, 0x79, 0x70, 
  0x65, 0x3D, 0x22, 0x62, 0x75, 0x74, 0x74, 0x6F, 0x6E, 0x22, 0x3E, 0x45, 0x6E, 0x74, 0x72, 0x61, 
  0x72, 0x20, 0x63, 0x6F, 0x6D, 0x6F, 0x20, 0x76, 0x69, 0x73, 0x69, 0x74, 0x61, 0x6E, 0x74, 0x65, 
  0x3C, 0x2F, 0x62, 0x75, 0x74, 0x74, 0x6F, 0x6E, 0x3E, 0x0A, 0x20, 0x20, 0x20, 0x20, 0x20, 0x20, 
  0x20, 0x20, 0x20, 0x20, 0x20, 0x20, 0x3C, 0x2F, 0x64, 0x69, 0x76, 0x3E, 0x0A, 0x20, 0x20, 0x20, 
  0x20, 0x20, 0x20, 0x20, 0x20, 0x20, 0x20, 0x20, 0x20, 0x3C, 0x64, 0x69, 0x76, 0x20, 0x69, 0x64, 
  0x3D, 0x22, 0x6C, 0x6F, 0x67, 0x69, 0x6E, 0x4D, 0x65, 0x73, 0x73, 0x61, 0x67, 0x65, 0x22, 0x20, 
  0x63, 0x6C, 0x61, 0x73, 0x73, 0x3D, 0x22, 0x6D, 0x65, 0x73, 0x73, 0x61, 0x67, 0x65, 0x22, 0x20, 
  0x61, 0x72, 0x69, 0x61, 0x2D, 0x6C, 0x69, 0x76, 0x65, 0x3D, 0x22, 0x70, 0x6F, 0x6C, 0x69, 0x74, 
  0x65, 0x22, 0x3E, 0x3C, 0x2F, 0x64, 0x69, 0x76, 0x3E, 0x0A, 0x20, 0x20, 0x20, 0x20, 0x20, 0x20, 
  0x20, 0x20, 0x20, 0x20, 0x3C, 0x2F, 0x64, 0x69, 0x76, 0x3E, 0x0A, 0x20, 0x20, 0x20, 0x20, 0x20, 
  0x20, 0x20, 0x20, 0x3C, 0x2F, 0x64, 0x69, 0x76, 0x3E, 0x0A, 0x0A, 0x20, 0x20, 0x20, 0x20, 0x20, 
  0x20, 0x20, 0x20, 0x3C, 0x64, 0x69, 0x76, 0x20, 0x69, 0x64, 0x3D, 0x22, 0x61, 0x70, 0x70, 0x56, 
  0x69, 0x65, 0x77, 0x22, 0x20, 0x63, 0x6C, 0x61, 0x73, 0x73, 0x3D, 0x22, 0x68, 0x69, 0x64, 0x64, 
  0x65, 0x6E, 0x22, 0x3E, 0x0A, 0x20, 0x20, 0x20, 0x20, 0x20, 0x20, 0x20, 0x20, 0x20, 0x20, 0x3C, 
  0x68, 0x65, 0x61, 0x64, 0x65, 0x72, 0x20, 0x63, 0x6C, 0x61, 0x73, 0x73, 0x3D, 0x22, 0x74, 0x6F, 
  0x70, 0x62, 0x61, 0x72, 0x22, 0x3E, 0x0A, 0x20, 0x20, 0x20, 0x20, 0x20, 0x20, 0x20, 0x20, 0x20, 
  0x20, 0x20, 0x20, 0x3C, 0x64, 0x69, 0x76, 0x20, 0x63, 0x6C, 0x61, 0x73, 0x73, 0x3D, 0x22, 0x62, 
  0x72, 0x61, 0x6E, 0x64, 0x2D, 0x6C, 0x6F, 0x63, 0x6B, 0x75, 0x70, 0x22, 0x3E, 0x0A, 0x20, 0x20, 
  0x20, 0x20, 0x20, 0x20, 0x20, 0x20, 0x20, 0x20, 0x20, 0x20, 0x20, 0x20, 0x3C, 0x69, 0x6D, 0x67, 
  0x20, 0x63, 0x6C, 0x61, 0x73, 0x73, 0x3D, 0x22, 0x62, 0x72, 0x61, 0x6E, 0x64, 0x2D, 0x6C, 0x6F, 
  0x67, 0x6F, 0x22, 0x20, 0x73, 0x72, 0x63, 0x3D, 0x22, 0x2F, 0x6C, 0x6F, 0x67, 0x6F, 0x2E, 0x6A, 
  0x70, 0x67, 0x22, 0x20, 0x61, 0x6C, 0x74, 0x3D, 0x22, 0x4C, 0x6F, 0x67, 0x6F, 0x20, 0x64, 0x61, 
  0x20, 0x55, 0x45, 0x52, 0x4A, 0x22, 0x20, 0x2F, 0x3E, 0x0A, 0x20, 0x20, 0x20, 0x20, 0x20, 0x20, 
  0x20, 0x20, 0x20, 0x20, 0x20, 0x20, 0x20, 0x20, 0x3C, 0x64, 0x69, 0x76, 0x3E, 0x0A, 0x20, 0x20, 
  0x20, 0x20, 0x20, 0x20, 0x20, 0x20, 0x20, 0x20, 0x20, 0x20, 0x20, 0x20, 0x3C, 0x61, 0x20, 0x63, 
  0x6C, 0x61, 0x73, 0x73, 0x3D, 0x22, 0x65, 0x79, 0x65, 0x62, 0x72, 0x6F, 0x77, 0x20, 0x73, 0x79, 
  0x73, 0x74, 0x65, 0x6D, 0x2D, 0x6C, 0x69, 0x6E, 0x6B, 0x22, 0x20, 0x68, 0x72, 0x65, 0x66, 0x3D, 
  0x22, 0x5F, 0x5F, 0x53, 0x59, 0x53, 0x54, 0x45, 0x4D, 0x5F, 0x55, 0x52, 0x4C, 0x5F, 0x5F, 0x22, 
  0x3E, 0x5F, 0x5F, 0x53, 0x59, 0x53, 0x54, 0x45, 0x4D, 0x5F, 0x4C, 0x49, 0x4E, 0x4B, 0x5F, 0x5F, 
  0x3C, 0x2F, 0x61, 0x3E, 0x0A, 0x20, 0x20, 0x20, 0x20, 0x20, 0x20, 0x20, 0x20, 0x20, 0x20, 0x20, 
  0x20, 0x20, 0x20, 0x3C, 0x73, 0x70, 0x61, 0x6E, 0x20, 0x69, 0x64, 0x3D, 0x22, 0x68, 0x65, 0x61, 
  0x64, 0x65, 0x72, 0x49, 0x70, 0x22, 0x20, 0x63, 0x6C, 0x61, 0x73, 0x73, 0x3D, 0x22, 0x65, 0x79, 
  0x65, 0x62, 0x72, 0x6F, 0x77, 0x20, 0x73, 0x79, 0x73, 0x74, 0x65, 0x6D, 0x2D, 0x6C, 0x69, 0x6E, 
  0x6B, 0x22, 0x3E, 0x49, 0x50, 0x3A, 0x20, 0x61, 0x67, 0x75, 0x61, 0x72, 0x64, 0x61, 0x6E, 0x64, 
  0x6F, 0x3C, 0x2F, 0x73, 0x70, 0x61, 0x6E, 0x3E, 0x0A, 0x20, 0x20, 0x20, 0x20, 0x20, 0x20, 0x20, 
  0x20, 0x20, 0x20, 0x20, 0x20, 0x20, 0x20, 0x3C, 0x68, 0x31, 0x3E, 0x44, 0x61, 0x73, 0x68, 0x62, 
  0x6F, 0x61, 0x72, 0x64, 0x20, 0x64, 0x65, 0x20, 0x53, 0x75, 0x70, 0x65, 0x72, 0x76, 0x69, 0x73, 
  0x26, 0x23, 0x78, 0x45, 0x33, 0x3B, 0x6F, 0x3C, 0x2F, 0x68, 0x31, 0x3E, 0x0A, 0x20, 0x20, 0x20, 
  0x20, 0x20, 0x20, 0x20, 0x20, 0x20, 0x20, 0x20, 0x20, 0x20, 0x20, 0x3C, 0x2F, 0x64, 0x69, 0x76, 
  0x3E, 0x0A, 0x20, 0x20, 0x20, 0x20, 0x20, 0x20, 0x20, 0x20, 0x20, 0x20, 0x20, 0x20, 0x3C, 0x2F, 
  0x64, 0x69, 0x76, 0x3E, 0x0A, 0x20, 0x20, 0x20, 0x20, 0x20, 0x20, 0x20, 0x20, 0x20, 0x20, 0x20, 
  0x20, 0x3C, 0x64, 0x69, 0x76, 0x20, 0x63, 0x6C, 0x61, 0x73, 0x73, 0x3D, 0x22, 0x74, 0x6F, 0x70, 
  0x2D, 0x61, 0x63, 0x74, 0x69, 0x6F, 0x6E, 0x73, 0x22, 0x3E, 0x0A, 0x20, 0x20, 0x20, 0x20, 0x20, 
  0x20, 0x20, 0x20, 0x20, 0x20, 0x20, 0x20, 0x20, 0x20, 0x3C, 0x73, 0x65, 0x6C, 0x65, 0x63, 0x74, 
  0x20, 0x69, 0x64, 0x3D, 0x22, 0x6C, 0x61, 0x6E, 0x67, 0x75, 0x61, 0x67, 0x65, 0x53, 0x65, 0x6C, 
  0x65, 0x63, 0x74, 0x22, 0x20, 0x61, 0x72, 0x69, 0x61, 0x2D, 0x6C, 0x61, 0x62, 0x65, 0x6C, 0x3D, 
  0x22, 0x49, 0x64, 0x69, 0x6F, 0x6D, 0x61, 0x22, 0x20, 0x73, 0x74, 0x79, 0x6C, 0x65, 0x3D, 0x22, 
  0x77, 0x69, 0x64, 0x74, 0x68, 0x3A, 0x61, 0x75, 0x74, 0x6F, 0x3B, 0x20, 0x70, 0x61, 0x64, 0x64, 
  0x69, 0x6E, 0x67, 0x3A, 0x37, 0x70, 0x78, 0x20, 0x39, 0x70, 0x78, 0x3B, 0x22, 0x3E, 0x0A, 0x20, 
  0x20, 0x20, 0x20, 0x20, 0x20, 0x20, 0x20, 0x20, 0x20, 0x20, 0x20, 0x20, 0x20, 0x20, 0x20, 0x3C, 
  0x6F, 0x70, 0x74, 0x69, 0x6F, 0x6E, 0x20, 0x76, 0x61, 0x6C, 0x75, 0x65, 0x3D, 0x22, 0x70, 0x74, 
  0x2D, 0x42, 0x52, 0x22, 0x3E, 0x26, 0x23, 0x78, 0x31, 0x46, 0x31, 0x45, 0x37, 0x3B, 0x26, 0x23, 
  0x78, 0x31, 0x46, 0x31, 0x46, 0x37, 0x3B, 0x20, 0x50, 0x6F, 0x72, 0x74, 0x75, 0x67, 0x75, 0x26, 
  0x23, 0x78, 0x45, 0x41, 0x3B, 0x73, 0x3C, 0x2F, 0x6F, 0x70, 0x74, 0x69, 0x6F, 0x6E, 0x3E, 0x0A, 
  0x20, 0x20, 0x20, 0x20, 0x20, 0x20, 0x20, 0x20, 0x20, 0x20, 0x20, 0x20, 0x20, 0x20, 0x20, 0x20, 
  0x3C, 0x6F, 0x70, 0x74, 0x69, 0x6F, 0x6E, 0x20, 0x76, 0x61, 0x6C, 0x75, 0x65, 0x3D, 0x22, 0x65, 
  0x6E, 0x22, 0x3E, 0x26, 0x23, 0x78, 0x31, 0x46, 0x31, 0x46, 0x41, 0x3B, 0x26, 0x23, 0x78, 0x31, 
  0x46, 0x31, 0x46, 0x38, 0x3B, 0x20, 0x45, 0x6E, 0x67, 0x6C, 0x69, 0x73, 0x68, 0x3C, 0x2F, 0x6F, 
  0x70, 0x74, 0x69, 0x6F, 0x6E, 0x3E, 0x0A, 0x20, 0x20, 0x20, 0x20, 0x20, 0x20, 0x20, 0x20, 0x20, 
  0x20, 0x20, 0x20, 0x20, 0x20, 0x3C, 0x2F, 0x73, 0x65, 0x6C, 0x65, 0x63, 0x74, 0x3E, 0x0A, 0x20, 
  0x20, 0x20, 0x20, 0x20, 0x20, 0x20, 0x20, 0x20, 0x20, 0x20, 0x20, 0x20, 0x20, 0x3C, 0x73, 0x70, 
  0x61, 0x6E, 0x20, 0x69, 0x64, 0x3D, 0x22, 0x75, 0x73, 0x65, 0x72, 0x42, 0x61, 0x64, 0x67, 0x65, 
  0x22, 0x20, 0x63, 0x6C, 0x61, 0x73, 0x73, 0x3D, 0x22, 0x6D, 0x75, 0x74, 0x65, 0x64, 0x22, 0x3E, 
  0x55, 0x73, 0x75, 0x26, 0x23, 0x78, 0x45, 0x31, 0x3B, 0x72, 0x69, 0x6F, 0x3C, 0x2F, 0x73, 0x70, 
  0x61, 0x6E, 0x3E, 0x0A, 0x20, 0x20, 0x20, 0x20, 0x20, 0x20, 0x20, 0x20, 0x20, 0x20, 0x20, 0x20, 
  0x20, 0x20, 0x3C, 0x73, 0x70, 0x61, 0x6E, 0x20, 0x63, 0x6C, 0x61, 0x73, 0x73, 0x3D, 0x22, 0x6C, 
  0x69, 0x76, 0x65, 0x2D, 0x73, 0x74, 0x61, 0x74, 0x65, 0x22, 0x3E, 0x53, 0x69, 0x73, 0x74, 0x65, 
  0x6D, 0x61, 0x20, 0x61, 0x74, 0x69, 0x76, 0x6F, 0x3C, 0x2F, 0x73, 0x70, 0x61, 0x6E, 0x3E, 0x0A, 
  0x20, 0x20, 0x20, 0x20, 0x20, 0x20, 0x20, 0x20, 0x20, 0x20, 0x20, 0x20, 0x20, 0x20, 0x3C, 0x62, 
  0x75, 0x74, 0x74, 0x6F, 0x6E, 0x20, 0x69, 0x64, 0x3D, 0x22, 0x6C, 0x6F, 0x67, 0x6F, 0x75, 0x74, 
  0x42, 0x74, 0x6E, 0x22, 0x20, 0x63, 0x6C, 0x61, 0x73, 0x73, 0x3D, 0x22, 0x67, 0x68, 0x6F, 0x73, 
  0x74, 0x22, 0x20, 0x74, 0x79, 0x70, 0x65, 0x3D, 0x22, 0x62, 0x75, 0x74, 0x74, 0x6F, 0x6E, 0x22, 
  0x3E, 0x53, 0x61, 0x69, 0x72, 0x3C, 0x2F, 0x62, 0x75, 0x74, 0x74, 0x6F, 0x6E, 0x3E, 0x0A, 0x20, 
  0x20, 0x20, 0x20, 0x20, 0x20, 0x20, 0x20, 0x20, 0x20, 0x20, 0x20, 0x3C, 0x2F, 0x64, 0x69, 0x76, 
  0x3E, 0x0A, 0x20, 0x20, 0x20, 0x20, 0x20, 0x20, 0x20, 0x20, 0x20, 0x20, 0x3C, 0x2F, 0x68, 0x65, 
  0x61, 0x64, 0x65, 0x72, 0x3E, 0x0A, 0x20, 0x20, 0x20, 0x20, 0x20, 0x20, 0x20, 0x20, 0x20, 0x20, 
  0x3C, 0x64, 0x69, 0x76, 0x20, 0x63, 0x6C, 0x61, 0x73, 0x73, 0x3D, 0x22, 0x77, 0x6F, 0x72, 0x6B, 
  0x73, 0x70, 0x61, 0x63, 0x65, 0x22, 0x3E, 0x0A, 0x20, 0x20, 0x20, 0x20, 0x20, 0x20, 0x20, 0x20, 
  0x20, 0x20, 0x20, 0x20, 0x3C, 0x61, 0x73, 0x69, 0x64, 0x65, 0x20, 0x63, 0x6C, 0x61, 0x73, 0x73, 
  0x3D, 0x22, 0x73, 0x69, 0x64, 0x65, 0x62, 0x61, 0x72, 0x22, 0x3E, 0x0A, 0x20, 0x20, 0x20, 0x20, 
  0x20, 0x20, 0x20, 0x20, 0x20, 0x20, 0x20, 0x20, 0x20, 0x20, 0x3C, 0x64, 0x69, 0x76, 0x20, 0x63, 
  0x6C, 0x61, 0x73, 0x73, 0x3D, 0x22, 0x6E, 0x61, 0x76, 0x2D, 0x67, 0x72, 0x6F, 0x75, 0x70, 0x22, 
  0x3E, 0x0A, 0x20, 0x20, 0x20, 0x20, 0x20, 0x20, 0x20, 0x20, 0x20, 0x20, 0x20, 0x20, 0x20, 0x20, 
  0x20, 0x20, 0x3C, 0x62, 0x75, 0x74, 0x74, 0x6F, 0x6E, 0x20, 0x63, 0x6C, 0x61, 0x73, 0x73, 0x3D, 
  0x22, 0x6E, 0x61, 0x76, 0x2D, 0x62, 0x74, 0x6E, 0x20, 0x61, 0x63, 0x74, 0x69, 0x76, 0x65, 0x22, 
  0x20, 0x64, 0x61, 0x74, 0x61, 0x2D, 0x74, 0x61, 0x62, 0x3D, 0x22, 0x6F, 0x76, 0x65, 0x72, 0x76, 
  0x69, 0x65, 0x77, 0x22, 0x20, 0x74, 0x79, 0x70, 0x65, 0x3D, 0x22, 0x62, 0x75, 0x74, 0x74, 0x6F, 
  0x6E, 0x22, 0x3E, 0x56, 0x69, 0x73, 0x26, 0x23, 0x78, 0x45, 0x33, 0x3B, 0x6F, 0x20, 0x67, 0x65, 
  0x72, 0x61, 0x6C, 0x3C, 0x2F, 0x62, 0x75, 0x74, 0x74, 0x6F, 0x6E, 0x3E, 0x0A, 0x20, 0x20, 0x20, 
  0x20, 0x20, 0x20, 0x20, 0x20, 0x20, 0x20, 0x20, 0x20, 0x20, 0x20, 0x20, 0x20, 0x3C, 0x62, 0x75, 
  0x74, 0x74, 0x6F, 0x6E, 0x20, 0x63, 0x6C, 0x61, 0x73, 0x73, 0x3D, 0x22, 0x6E, 0x61, 0x76, 0x2D, 
  0x62, 0x74, 0x6E, 0x22, 0x20, 0x64, 0x61, 0x74, 0x61, 0x2D, 0x74, 0x61, 0x62, 0x3D, 0x22, 0x6C, 
  0x6F, 0x67, 0x73, 0x22, 0x20, 0x74, 0x79, 0x70, 0x65, 0x3D, 0x22, 0x62, 0x75, 0x74, 0x74, 0x6F, 
  0x6E, 0x22, 0x3E, 0x4C, 0x6F, 0x67, 0x73, 0x20, 0x64, 0x65, 0x20, 0x61, 0x6C, 0x65, 0x72, 0x74, 
  0x61, 0x73, 0x3C, 0x2F, 0x62, 0x75, 0x74, 0x74, 0x6F, 0x6E, 0x3E, 0x0A, 0x20, 0x20, 0x20, 0x20, 
  0x20, 0x20, 0x20, 0x20, 0x20, 0x20, 0x20, 0x20, 0x20, 0x20, 0x20, 0x20, 0x3C, 0x62, 0x75, 0x74, 
  0x74, 0x6F, 0x6E, 0x20, 0x63, 0x6C, 0x61, 0x73, 0x73, 0x3D, 0x22, 0x6E, 0x61, 0x76, 0x2D, 0x62, 
  0x74, 0x6E, 0x22, 0x20, 0x64, 0x61, 0x74, 0x61, 0x2D, 0x74, 0x61, 0x62, 0x3D, 0x22, 0x73, 0x65, 
  0x6E, 0x73, 0x6F, 0x72, 0x73, 0x22, 0x20, 0x74, 0x79, 0x70, 0x65, 0x3D, 0x22, 0x62, 0x75, 0x74, 
  0x74, 0x6F, 0x6E, 0x22, 0x3E, 0x53, 0x65, 0x6E, 0x73, 0x6F, 0x72, 0x65, 0x73, 0x3C, 0x2F, 0x62, 
  0x75, 0x74, 0x74, 0x6F, 0x6E, 0x3E, 0x0A, 0x20, 0x20, 0x20, 0x20, 0x20, 0x20, 0x20, 0x20, 0x20, 
  0x20, 0x20, 0x20, 0x20, 0x20, 0x20, 0x20, 0x3C, 0x62, 0x75, 0x74, 0x74, 0x6F, 0x6E, 0x20, 0x63, 
  0x6C, 0x61, 0x73, 0x73, 0x3D, 0x22, 0x6E, 0x61, 0x76, 0x2D, 0x62, 0x74, 0x6E, 0x22, 0x20, 0x64, 
  0x61, 0x74, 0x61, 0x2D, 0x74, 0x61, 0x62, 0x3D, 0x22, 0x6E, 0x65, 0x74, 0x77, 0x6F, 0x72, 0x6B, 
  0x22, 0x20, 0x74, 0x79, 0x70, 0x65, 0x3D, 0x22, 0x62, 0x75, 0x74, 0x74, 0x6F, 0x6E, 0x22, 0x3E, 
  0x52, 0x65, 0x64, 0x65, 0x3C, 0x2F, 0x62, 0x75, 0x74, 0x74, 0x6F, 0x6E, 0x3E, 0x0A, 0x20, 0x20, 
  0x20, 0x20, 0x20, 0x20, 0x20, 0x20, 0x20, 0x20, 0x20, 0x20, 0x20, 0x20, 0x20, 0x20, 0x3C, 0x62, 
  0x75, 0x74, 0x74, 0x6F, 0x6E, 0x20, 0x63, 0x6C, 0x61, 0x73, 0x73, 0x3D, 0x22, 0x6E, 0x61, 0x76, 
  0x2D, 0x62, 0x74, 0x6E, 0x22, 0x20, 0x64, 0x61, 0x74, 0x61, 0x2D, 0x74, 0x61, 0x62, 0x3D, 0x22, 
  0x75, 0x73, 0x65, 0x72, 0x73, 0x22, 0x20, 0x74, 0x79, 0x70, 0x65, 0x3D, 0x22, 0x62, 0x75, 0x74, 
  0x74, 0x6F, 0x6E, 0x22, 0x3E, 0x55, 0x73, 0x75, 0x26, 0x23, 0x78, 0x45, 0x31, 0x3B, 0x72, 0x69, 
  0x6F, 0x73, 0x3C, 0x2F, 0x62, 0x75, 0x74, 0x74, 0x6F, 0x6E, 0x3E, 0x0A, 0x20, 0x20, 0x20, 0x20, 
  0x20, 0x20, 0x20, 0x20, 0x20, 0x20, 0x20, 0x20, 0x20, 0x20, 0x20, 0x20, 0x3C, 0x62, 0x75, 0x74, 
  0x74, 0x6F, 0x6E, 0x20, 0x63, 0x6C, 0x61, 0x73, 0x73, 0x3D, 0x22, 0x6E, 0x61, 0x76, 0x2D, 0x62, 
  0x74, 0x6E, 0x22, 0x20, 0x64, 0x61, 0x74, 0x61, 0x2D, 0x74, 0x61, 0x62, 0x3D, 0x22, 0x6D, 0x61, 
  0x69, 0x6E, 0x74, 0x65, 0x6E, 0x61, 0x6E, 0x63, 0x65, 0x22, 0x20, 0x74, 0x79, 0x70, 0x65, 0x3D, 
  0x22, 0x62, 0x75, 0x74, 0x74, 0x6F, 0x6E, 0x22, 0x3E, 0x4D, 0x61, 0x6E, 0x75, 0x74, 0x65, 0x6E, 
  0x26, 0x23, 0x78, 0x45, 0x37, 0x3B, 0x26, 0x23, 0x78, 0x45, 0x33, 0x3B, 0x6F, 0x3C, 0x2F, 0x62, 
  0x75, 0x74, 0x74, 0x6F, 0x6E, 0x3E, 0x0A, 0x20, 0x20, 0x20, 0x20, 0x20, 0x20, 0x20, 0x20, 0x20, 
  0x20, 0x20, 0x20, 0x20, 0x20, 0x20, 0x20, 0x3C, 0x62, 0x75, 0x74, 0x74, 0x6F, 0x6E, 0x20, 0x63, 
  0x6C, 0x61, 0x73, 0x73, 0x3D, 0x22, 0x6E, 0x61, 0x76, 0x2D, 0x62, 0x74, 0x6E, 0x22, 0x20, 0x64, 
  0x61, 0x74, 0x61, 0x2D, 0x74, 0x61, 0x62, 0x3D, 0x22, 0x61, 0x62, 0x6F, 0x75, 0x74, 0x22, 0x20, 
  0x74, 0x79, 0x70, 0x65, 0x3D, 0x22, 0x62, 0x75, 0x74, 0x74, 0x6F, 0x6E, 0x22, 0x3E, 0x53, 0x6F, 
  0x62, 0x72, 0x65, 0x3C, 0x2F, 0x62, 0x75, 0x74, 0x74, 0x6F, 0x6E, 0x3E, 0x0A, 0x20, 0x20, 0x20, 
  0x20, 0x20, 0x20, 0x20, 0x20, 0x20, 0x20, 0x20, 0x20, 0x20, 0x20, 0x3C, 0x2F, 0x64, 0x69, 0x76, 
  0x3E, 0x0A, 0x20, 0x20, 0x20, 0x20, 0x20, 0x20, 0x20, 0x20, 0x20, 0x20, 0x20, 0x20, 0x3C, 0x2F, 
  0x61, 0x73, 0x69, 0x64, 0x65, 0x3E, 0x0A, 0x20, 0x20, 0x20, 0x20, 0x20, 0x20, 0x20, 0x20, 0x20, 
  0x20, 0x20, 0x20, 0x3C, 0x6D, 0x61, 0x69, 0x6E, 0x20, 0x63, 0x6C, 0x61, 0x73, 0x73, 0x3D, 0x22, 
  0x63, 0x6F, 0x6E, 0x74, 0x65, 0x6E, 0x74, 0x22, 0x3E, 0x0A, 0x20, 0x20, 0x20, 0x20, 0x20, 0x20, 
  0x20, 0x20, 0x20, 0x20, 0x20, 0x20, 0x20, 0x20, 0x3C, 0x73, 0x65, 0x63, 0x74, 0x69, 0x6F, 0x6E, 
  0x20, 0x69, 0x64, 0x3D, 0x22, 0x74, 0x61, 0x62, 0x2D, 0x6E, 0x65, 0x74, 0x77, 0x6F, 0x72, 0x6B, 
  0x22, 0x20, 0x63, 0x6C, 0x61, 0x73, 0x73, 0x3D, 0x22, 0x70, 0x61, 0x6E, 0x65, 0x6C, 0x20, 0x68, 
  0x69, 0x64, 0x64, 0x65, 0x6E, 0x22, 0x3E, 0x0A, 0x20, 0x20, 0x20, 0x20, 0x20, 0x20, 0x20, 0x20, 
  0x20, 0x20, 0x20, 0x20, 0x20, 0x20, 0x20, 0x20, 0x3C, 0x68, 0x32, 0x20, 0x63, 0x6C, 0x61, 0x73, 
  0x73, 0x3D, 0x22, 0x73, 0x65, 0x63, 0x74, 0x69, 0x6F, 0x6E, 0x2D, 0x74, 0x69, 0x74, 0x6C, 0x65, 
  0x22, 0x3E, 0x43, 0x6F, 0x6E, 0x66, 0x69, 0x67, 0x75, 0x72, 0x61, 0x26, 0x23, 0x78, 0x45, 0x37, 
  0x3B, 0x26, 0x23, 0x78, 0x45, 0x33, 0x3B, 0x6F, 0x20, 0x64, 0x65, 0x20, 0x72, 0x65, 0x64, 0x65, 
  0x3C, 0x2F, 0x68, 0x32, 0x3E, 0x0A, 0x20, 0x20, 0x20, 0x20, 0x20, 0x20, 0x20, 0x20, 0x20, 0x20, 
  0x20, 0x20, 0x20, 0x20, 0x20, 0x20, 0x3C, 0x64, 0x69, 0x76, 0x20, 0x63, 0x6C, 0x61, 0x73, 0x73, 
  0x3D, 0x22, 0x69, 0x6E, 0x6C, 0x69, 0x6E, 0x65, 0x2D, 0x66, 0x6F, 0x72, 0x6D, 0x22, 0x20, 0x73, 
  0x74, 0x79, 0x6C, 0x65, 0x3D, 0x22, 0x6D, 0x61, 0x78, 0x2D, 0x77, 0x69, 0x64, 0x74, 0x68, 0x3A, 
  0x36, 0x32, 0x30, 0x70, 0x78, 0x3B, 0x22, 0x3E, 0x0A, 0x20, 0x20, 0x20, 0x20, 0x20, 0x20, 0x20, 
  0x20, 0x20, 0x20, 0x20, 0x20, 0x20, 0x20, 0x20, 0x20, 0x20, 0x20, 0x3C, 0x64, 0x69, 0x76, 0x20, 
  0x63, 0x6C, 0x61, 0x73, 0x73, 0x3D, 0x22, 0x73, 0x74, 0x72, 0x65, 0x74, 0x63, 0x68, 0x22, 0x3E, 
  0x0A, 0x20, 0x20, 0x20, 0x20, 0x20, 0x20, 0x20, 0x20, 0x20, 0x20, 0x20, 0x20, 0x20, 0x20, 0x20, 
  0x20, 0x20, 0x20, 0x20, 0x20, 0x3C, 0x62, 0x75, 0x74, 0x74, 0x6F, 0x6E, 0x20, 0x69, 0x64, 0x3D, 
  0x22, 0x73, 0x63, 0x61, 0x6E, 0x4E, 0x65, 0x74, 0x77, 0x6F, 0x72, 0x6B, 0x73, 0x42, 0x74, 0x6E, 
  0x22, 0x20, 0x63, 0x6C, 0x61, 0x73, 0x73, 0x3D, 0x22, 0x73, 0x65, 0x63, 0x6F, 0x6E, 0x64, 0x61, 
  0x72, 0x79, 0x22, 0x20, 0x74, 0x79, 0x70, 0x65, 0x3D, 0x22, 0x62, 0x75, 0x74, 0x74, 0x6F, 0x6E, 
  0x22, 0x3E, 0x45, 0x73, 0x63, 0x61, 0x6E, 0x65, 0x61, 0x72, 0x20, 0x72, 0x65, 0x64, 0x65, 0x73, 
  0x20, 0x64, 0x69, 0x73, 0x70, 0x6F, 0x6E, 0x26, 0x23, 0x78, 0x45, 0x44, 0x3B, 0x76, 0x65, 0x69, 
  0x73, 0x3C, 0x2F, 0x62, 0x75, 0x74, 0x74, 0x6F, 0x6E, 0x3E, 0x0A, 0x20, 0x20, 0x20, 0x20, 0x20, 
  0x20, 0x20, 0x20, 0x20, 0x20, 0x20, 0x20, 0x20, 0x20, 0x20, 0x20, 0x20, 0x20, 0x20, 0x20, 0x3C, 
  0x73, 0x70, 0x61, 0x6E, 0x20, 0x69, 0x64, 0x3D, 0x22, 0x73, 0x63, 0x61, 0x6E, 0x53, 0x74, 0x61, 
  0x74, 0x75, 0x73, 0x22, 0x20, 0x63, 0x6C, 0x61, 0x73, 0x73, 0x3D, 0x22, 0x6D, 0x75, 0x74, 0x65, 
  0x64, 0x22, 0x3E, 0x41, 0x20, 0x63, 0x6F, 0x6E, 0x65, 0x78, 0x26, 0x23, 0x78, 0x45, 0x33, 0x3B, 
  0x6F, 0x20, 0x61, 0x74, 0x75, 0x61, 0x6C, 0x20, 0x73, 0x65, 0x72, 0x26, 0x23, 0x78, 0x45, 0x31, 
  0x3B, 0x20, 0x70, 0x72, 0x65, 0x73, 0x65, 0x72, 0x76, 0x61, 0x64, 0x61, 0x20, 0x64, 0x75, 0x72, 
  0x61, 0x6E, 0x74, 0x65, 0x20, 0x6F, 0x20, 0x73, 0x63, 0x61, 0x6E, 0x2E, 0x3C, 0x2F, 0x73, 0x70, 
  0x61, 0x6E, 0x3E, 0x0A, 0x20, 0x20, 0x20, 0x20, 0x20, 0x20, 0x20, 0x20, 0x20, 0x20, 0x20, 0x20, 
  0x20, 0x20, 0x20, 0x20, 0x20, 0x20, 0x3C, 0x2F, 0x64, 0x69, 0x76, 0x3E, 0x0A, 0x20, 0x20, 0x20, 
  0x20, 0x20, 0x20, 0x20, 0x20, 0x20, 0x20, 0x20, 0x20, 0x20, 0x20, 0x20, 0x20, 0x20, 0x20, 0x3C, 
  0x64, 0x69, 0x76, 0x20, 0x69, 0x64, 0x3D, 0x22, 0x6E, 0x65, 0x74, 0x77, 0x6F, 0x72, 0x6B, 0x4C, 
  0x69, 0x73, 0x74, 0x22, 0x20, 0x63, 0x6C, 0x61, 0x73, 0x73, 0x3D, 0x22, 0x6D, 0x75, 0x74, 0x65, 
  0x64, 0x22, 0x3E, 0x4E, 0x65, 0x6E, 0x68, 0x75, 0x6D, 0x61, 0x20, 0x72, 0x65, 0x64, 0x65, 0x20, 
  0x65, 0x73, 0x63, 0x61, 0x6E, 0x65, 0x61, 0x64, 0x61, 0x2E, 0x3C, 0x2F, 0x64, 0x69, 0x76, 0x3E, 
  0x0A, 0x20, 0x20, 0x20, 0x20, 0x20, 0x20, 0x20, 0x20, 0x20, 0x20, 0x20, 0x20, 0x20, 0x20, 0x20, 
  0x20, 0x20, 0x20, 0x3C, 0x64, 0x69, 0x76, 0x3E, 0x0A, 0x20, 0x20, 0x20, 0x20, 0x20, 0x20, 0x20, 
  0x20, 0x20, 0x20, 0x20, 0x20, 0x20, 0x20, 0x20, 0x20, 0x20, 0x20, 0x20, 0x20, 0x3C, 0x6C, 0x61, 
  0x62, 0x65, 0x6C, 0x3E, 0x4E, 0x6F, 0x6D, 0x65, 0x20, 0x64, 0x61, 0x20, 0x72, 0x65, 0x64, 0x65, 
  0x20, 0x28, 0x53, 0x53, 0x49, 0x44, 0x29, 0x3C, 0x2F, 0x6C, 0x61, 0x62, 0x65, 0x6C, 0x3E, 0x0A, 
  0x20, 0x20, 0x20, 0x20, 0x20, 0x20, 0x20, 0x20, 0x20, 0x20, 0x20, 0x20, 0x20, 0x20, 0x20, 0x20, 
  0x20, 0x20, 0x20, 0x20, 0x3C, 0x69, 0x6E, 0x70, 0x75, 0x74, 0x20, 0x69, 0x64, 0x3D, 0x22, 0x6E, 
  0x65, 0x74, 0x77, 0x6F, 0x72, 0x6B, 0x53, 0x73, 0x69, 0x64, 0x22, 0x20, 0x74, 0x79, 0x70, 0x65, 
  0x3D, 0x22, 0x74, 0x65, 0x78, 0x74, 0x22, 0x20, 0x2F, 0x3E, 0x0A, 0x20, 0x20, 0x20, 0x20, 0x20, 
  0x20, 0x20, 0x20, 0x20, 0x20, 0x20, 0x20, 0x20, 0x20, 0x20, 0x20, 0x20, 0x20, 0x3C, 0x2F, 0x64, 
  0x69, 0x76, 0x3E, 0x0A, 0x20, 0x20, 0x20, 0x20, 0x20, 0x20, 0x20, 0x20, 0x20, 0x20, 0x20, 0x20, 
  0x20, 0x20, 0x20, 0x20, 0x20, 0x20, 0x3C, 0x64, 0x69, 0x76, 0x3E, 0x0A, 0x20, 0x20, 0x20, 0x20, 
  0x20, 0x20, 0x20, 0x20, 0x20, 0x20, 0x20, 0x20, 0x20, 0x20, 0x20, 0x20, 0x20, 0x20, 0x20, 0x20, 
  0x3C, 0x6C, 0x61, 0x62, 0x65, 0x6C, 0x3E, 0x54, 0x69, 0x70, 0x6F, 0x20, 0x64, 0x65, 0x20, 0x73, 
  0x65, 0x67, 0x75, 0x72, 0x61, 0x6E, 0x26, 0x23, 0x78, 0x45, 0x37, 0x3B, 0x61, 0x3C, 0x2F, 0x6C, 
  0x61, 0x62, 0x65, 0x6C, 0x3E, 0x0A, 0x20, 0x20, 0x20, 0x20, 0x20, 0x20, 0x20, 0x20, 0x20, 0x20, 
  0x20, 0x20, 0x20, 0x20, 0x20, 0x20, 0x20, 0x20, 0x20, 0x20, 0x3C, 0x73, 0x65, 0x6C, 0x65, 0x63, 
  0x74, 0x20, 0x69, 0x64, 0x3D, 0x22, 0x6E, 0x65, 0x74, 0x77, 0x6F, 0x72, 0x6B, 0x53, 0x65, 0x63, 
  0x75, 0x72, 0x69, 0x74, 0x79, 0x22, 0x20, 0x61, 0x72, 0x69, 0x61, 0x2D, 0x64, 0x65, 0x73, 0x63, 
  0x72, 0x69, 0x62, 0x65, 0x64, 0x62, 0x79, 0x3D, 0x22, 0x73, 0x65, 0x63, 0x75, 0x72, 0x69, 0x74, 
  0x79, 0x44, 0x65, 0x74, 0x65, 0x63, 0x74, 0x69, 0x6F, 0x6E, 0x48, 0x69, 0x6E, 0x74, 0x22, 0x3E, 
  0x0A, 0x20, 0x20, 0x20, 0x20, 0x20, 0x20, 0x20, 0x20, 0x20, 0x20, 0x20, 0x20, 0x20, 0x20, 0x20, 
  0x20, 0x20, 0x20, 0x20, 0x20, 0x20, 0x20, 0x3C, 0x6F, 0x70, 0x74, 0x69, 0x6F, 0x6E, 0x20, 0x76, 
  0x61, 0x6C, 0x75, 0x65, 0x3D, 0x22, 0x4F, 0x50, 0x45, 0x4E, 0x22, 0x3E, 0x41, 0x62, 0x65, 0x72, 
  0x74, 0x61, 0x3C, 0x2F, 0x6F, 0x70, 0x74, 0x69, 0x6F, 0x6E, 0x3E, 0x0A, 0x20, 0x20, 0x20, 0x20, 
  0x20, 0x20, 0x20, 0x20, 0x20, 0x20, 0x20, 0x20, 0x20, 0x20, 0x20, 0x20, 0x20, 0x20, 0x20, 0x20, 
  0x20, 0x20, 0x3C, 0x6F, 0x70, 0x74, 0x69, 0x6F, 0x6E, 0x20, 0x76, 0x61, 0x6C, 0x75, 0x65, 0x3D, 
  0x22, 0x57, 0x50, 0x41, 0x2D, 0x50, 0x53, 0x4B, 0x22, 0x3E, 0x57, 0x50, 0x41, 0x2F, 0x57, 0x50, 
  0x41, 0x32, 0x20, 0x70, 0x65, 0x73, 0x73, 0x6F, 0x61, 0x6C, 0x3C, 0x2F, 0x6F, 0x70, 0x74, 0x69, 
  0x6F, 0x6E, 0x3E, 0x0A, 0x20, 0x20, 0x20, 0x20, 0x20, 0x20, 0x20, 0x20, 0x20, 0x20, 0x20, 0x20, 
  0x20, 0x20, 0x20, 0x20, 0x20, 0x20, 0x20, 0x20, 0x20, 0x20, 0x3C, 0x6F, 0x70, 0x74, 0x69, 0x6F, 
  0x6E, 0x20, 0x76, 0x61, 0x6C, 0x75, 0x65, 0x3D, 0x22, 0x57, 0x50, 0x41, 0x32, 0x2D, 0x45, 0x4E, 
  0x54, 0x45, 0x52, 0x50, 0x52, 0x49, 0x53, 0x45, 0x22, 0x3E, 0x57, 0x50, 0x41, 0x32, 0x20, 0x45, 
  0x6E, 0x74, 0x65, 0x72, 0x70, 0x72, 0x69, 0x73, 0x65, 0x3C, 0x2F, 0x6F, 0x70, 0x74, 0x69, 0x6F, 
  0x6E, 0x3E, 0x0A, 0x20, 0x20, 0x20, 0x20, 0x20, 0x20, 0x20, 0x20, 0x20, 0x20, 0x20, 0x20, 0x20, 
  0x20, 0x20, 0x20, 0x20, 0x20, 0x20, 0x20, 0x20, 0x20, 0x3C, 0x6F, 0x70, 0x74, 0x69, 0x6F, 0x6E, 
  0x20, 0x76, 0x61, 0x6C, 0x75, 0x65, 0x3D, 0x22, 0x57, 0x50, 0x41, 0x2D, 0x45, 0x4E, 0x54, 0x45, 
  0x52, 0x50, 0x52, 0x49, 0x53, 0x45, 0x22, 0x3E, 0x57, 0x50, 0x41, 0x20, 0x45, 0x6E, 0x74, 0x65, 
  0x72, 0x70, 0x72, 0x69, 0x73, 0x65, 0x3C, 0x2F, 0x6F, 0x70, 0x74, 0x69, 0x6F, 0x6E, 0x3E, 0x0A, 
  0x20, 0x20, 0x20, 0x20, 0x20, 0x20, 0x20, 0x20, 0x20, 0x20, 0x20, 0x20, 0x20, 0x20, 0x20, 0x20, 
  0x20, 0x20, 0x20, 0x20, 0x3C, 0x2F, 0x73, 0x65, 0x6C, 0x65, 0x63, 0x74, 0x3E, 0x0A, 0x20, 0x20, 
  0x20, 0x20, 0x20, 0x20, 0x20, 0x20, 0x20, 0x20, 0x20, 0x20, 0x20, 0x20, 0x20, 0x20, 0x20, 0x20, 
  0x20, 0x20, 0x3C, 0x64, 0x69, 0x76, 0x20, 0x69, 0x64, 0x3D, 0x22, 0x73, 0x65, 0x63, 0x75, 0x72, 
  0x69, 0x74, 0x79, 0x44, 0x65, 0x74, 0x65, 0x63, 0x74, 0x69, 0x6F, 0x6E, 0x48, 0x69, 0x6E, 0x74, 
  0x22, 0x20, 0x63, 0x6C, 0x61, 0x73, 0x73, 0x3D, 0x22, 0x6D, 0x75, 0x74, 0x65, 0x64, 0x22, 0x3E, 
  0x53, 0x65, 0x6C, 0x65, 0x63, 0x69, 0x6F, 0x6E, 0x65, 0x20, 0x75, 0x6D, 0x61, 0x20, 0x72, 0x65, 
  0x64, 0x65, 0x20, 0x6E, 0x6F, 0x20, 0x73, 0x63, 0x61, 0x6E, 0x20, 0x70, 0x61, 0x72, 0x61, 0x20, 
  0x64, 0x65, 0x74, 0x65, 0x63, 0x74, 0x61, 0x72, 0x20, 0x61, 0x75, 0x74, 0x6F, 0x6D, 0x61, 0x74, 
  0x69, 0x63, 0x61, 0x6D, 0x65, 0x6E, 0x74, 0x65, 0x2E, 0x3C, 0x2F, 0x64, 0x69, 0x76, 0x3E, 0x0A, 
  0x20, 0x20, 0x20, 0x20, 0x20, 0x20, 0x20, 0x20, 0x20, 0x20, 0x20, 0x20, 0x20, 0x20, 0x20, 0x20, 
  0x20, 0x20, 0x3C, 0x2F, 0x64, 0x69, 0x76, 0x3E, 0x0A, 0x20, 0x20, 0x20, 0x20, 0x20, 0x20, 0x20, 
  0x20, 0x20, 0x20, 0x20, 0x20, 0x20, 0x20, 0x20, 0x20, 0x20, 0x20, 0x3C, 0x64, 0x69, 0x76, 0x20, 
  0x69, 0x64, 0x3D, 0x22, 0x70, 0x65, 0x72, 0x73, 0x6F, 0x6E, 0x61, 0x6C, 0x50, 0x61, 0x73, 0x73, 
  0x77, 0x6F, 0x72, 0x64, 0x46, 0x69, 0x65, 0x6C, 0x64, 0x22, 0x3E, 0x0A, 0x20, 0x20, 0x20, 0x20, 
  0x20, 0x20, 0x20, 0x20, 0x20, 0x20, 0x20, 0x20, 0x20, 0x20, 0x20, 0x20, 0x20, 0x20, 0x20, 0x20, 
  0x3C, 0x6C, 0x61, 0x62, 0x65, 0x6C, 0x3E, 0x53, 0x65, 0x6E, 0x68, 0x61, 0x20, 0x64, 0x61, 0x20, 
  0x72, 0x65, 0x64, 0x65, 0x3C, 0x2F, 0x6C, 0x61, 0x62, 0x65, 0x6C, 0x3E, 0x0A, 0x20, 0x20, 0x20, 
  0x20, 0x20, 0x20, 0x20, 0x20, 0x20, 0x20, 0x20, 0x20, 0x20, 0x20, 0x20, 0x20, 0x20, 0x20, 0x20, 
  0x20, 0x3C, 0x69, 0x6E, 0x70, 0x75, 0x74, 0x20, 0x69, 0x64, 0x3D, 0x22, 0x6E, 0x65, 0x74, 0x77, 
  0x6F, 0x72, 0x6B, 0x50, 0x61, 0x73, 0x73, 0x77, 0x6F, 0x72, 0x64, 0x22, 0x20, 0x74, 0x79, 0x70, 
  0x65, 0x3D, 0x22, 0x70, 0x61, 0x73, 0x73, 0x77, 0x6F, 0x72, 0x64, 0x22, 0x20, 0x2F, 0x3E, 0x0A, 
  0x20, 0x20, 0x20, 0x20, 0x20, 0x20, 0x20, 0x20, 0x20, 0x20, 0x20, 0x20, 0x20, 0x20, 0x20, 0x20, 
  0x20, 0x20, 0x3C, 0x2F, 0x64, 0x69, 0x76, 0x3E, 0x0A, 0x20, 0x20, 0x20, 0x20, 0x20, 0x20, 0x20, 
  0x20, 0x20, 0x20, 0x20, 0x20, 0x20, 0x20, 0x20, 0x20, 0x20, 0x20, 0x3C, 0x66, 0x69, 0x65, 0x6C, 
  0x64, 0x73, 0x65, 0x74, 0x20, 0x69, 0x64, 0x3D, 0x22, 0x65, 0x6E, 0x74, 0x65, 0x72, 0x70, 0x72, 
  0x69, 0x73, 0x65, 0x46, 0x69, 0x65, 0x6C, 0x64, 0x73, 0x22, 0x20, 0x63, 0x6C, 0x61, 0x73, 0x73, 
  0x3D, 0x22, 0x68, 0x69, 0x64, 0x64, 0x65, 0x6E, 0x22, 0x3E, 0x0A, 0x20, 0x20, 0x20, 0x20, 0x20, 
  0x20, 0x20, 0x20, 0x20, 0x20, 0x20, 0x20, 0x20, 0x20, 0x20, 0x20, 0x20, 0x20, 0x20, 0x20, 0x3C, 
  0x6C, 0x65, 0x67, 0x65, 0x6E, 0x64, 0x3E, 0x43, 0x72, 0x65, 0x64, 0x65, 0x6E, 0x63, 0x69, 0x61, 
  0x69, 0x73, 0x20, 0x45, 0x6E, 0x74, 0x65, 0x72, 0x70, 0x72, 0x69, 0x73, 0x65, 0x3C, 0x2F, 0x6C, 
  0x65, 0x67, 0x65, 0x6E, 0x64, 0x3E, 0x0A, 0x20, 0x20, 0x20, 0x20, 0x20, 0x20, 0x20, 0x20, 0x20, 
  0x20, 0x20, 0x20, 0x20, 0x20, 0x20, 0x20, 0x20, 0x20, 0x20, 0x20, 0x3C, 0x6C, 0x61, 0x62, 0x65, 
  0x6C, 0x3E, 0x4D, 0x26, 0x23, 0x78, 0x45, 0x39, 0x3B, 0x74, 0x6F, 0x64, 0x6F, 0x20, 0x45, 0x6E, 
  0x74, 0x65, 0x72, 0x70, 0x72, 0x69, 0x73, 0x65, 0x3C, 0x2F, 0x6C, 0x61, 0x62, 0x65, 0x6C, 0x3E, 
  0x0A, 0x20, 0x20, 0x20, 0x20, 0x20, 0x20, 0x20, 0x20, 0x20, 0x20, 0x20, 0x20, 0x20, 0x20, 0x20, 
  0x20, 0x20, 0x20, 0x20, 0x20, 0x3C, 0x73, 0x65, 0x6C, 0x65, 0x63, 0x74, 0x20, 0x69, 0x64, 0x3D, 
  0x22, 0x65, 0x6E, 0x74, 0x65, 0x72, 0x70, 0x72, 0x69, 0x73, 0x65, 0x4D, 0x65, 0x74, 0x68, 0x6F, 
  0x64, 0x22, 0x3E, 0x0A, 0x20, 0x20, 0x20, 0x20, 0x20, 0x20, 0x20, 0x20, 0x20, 0x20, 0x20, 0x20, 
  0x20, 0x20, 0x20, 0x20, 0x20, 0x20, 0x20, 0x20, 0x20, 0x20, 0x3C, 0x6F, 0x70, 0x74, 0x69, 0x6F, 
  0x6E, 0x20, 0x76, 0x61, 0x6C, 0x75, 0x65, 0x3D, 0x22, 0x50, 0x45, 0x41, 0x50, 0x22, 0x3E, 0x50, 
  0x45, 0x41, 0x50, 0x2D, 0x4D, 0x53, 0x43, 0x48, 0x41, 0x50, 0x76, 0x32, 0x20, 0x7C, 0x20, 0x75, 
  0x73, 0x75, 0x26, 0x23, 0x78, 0x45, 0x31, 0x3B, 0x72, 0x69, 0x6F, 0x20, 0x65, 0x20, 0x73, 0x65, 
  0x6E, 0x68, 0x61, 0x20, 0x7C, 0x20, 0x73, 0x65, 0x67, 0x75, 0x72, 0x61, 0x6E, 0x26, 0x23, 0x78, 
  0x45, 0x37, 0x3B, 0x61, 0x20, 0x61, 0x6C, 0x74, 0x61, 0x3C, 0x2F, 0x6F, 0x70, 0x74, 0x69, 0x6F, 
  0x6E, 0x3E, 0x0A, 0x20, 0x20, 0x20, 0x20, 0x20, 0x20, 0x20, 0x20, 0x20, 0x20, 0x20, 0x20, 0x20, 
  0x20, 0x20, 0x20, 0x20, 0x20, 0x20, 0x20, 0x20, 0x20, 0x3C, 0x6F, 0x70, 0x74, 0x69, 0x6F, 0x6E, 
  0x20, 0x76, 0x61, 0x6C, 0x75, 0x65, 0x3D, 0x22, 0x54, 0x54, 0x4C, 0x53, 0x22, 0x3E, 0x45, 0x41, 
  0x50, 0x2D, 0x54, 0x54, 0x4C, 0x53, 0x20, 0x7C, 0x20, 0x63, 0x65, 0x72, 0x74, 0x69, 0x66, 0x69, 
  0x63, 0x61, 0x64, 0x6F, 0x20, 0x6F, 0x70, 0x63, 0x69, 0x6F, 0x6E, 0x61, 0x6C, 0x20, 0x7C, 0x20, 
  0x75, 0x73, 0x75, 0x26, 0x23, 0x78, 0x45, 0x31, 0x3B, 0x72, 0x69, 0x6F, 0x20, 0x65, 0x20, 0x73, 
  0x65, 0x6E, 0x68, 0x61, 0x20, 0x7C, 0x20, 0x73, 0x65, 0x67, 0x75, 0x72, 0x61, 0x6E, 0x26, 0x23, 
  0x78, 0x45, 0x37, 0x3B, 0x61, 0x20, 0x61, 0x6C, 0x74, 0x61, 0x3C, 0x2F, 0x6F, 0x70, 0x74, 0x69, 
  0x6F, 0x6E, 0x3E, 0x0A, 0x20, 0x20, 0x20, 0x20, 0x20, 0x20, 0x20, 0x20, 0x20, 0x20, 0x20, 0x20, 
  0x20, 0x20, 0x20, 0x20, 0x20, 0x20, 0x20, 0x20, 0x20, 0x20, 0x3C, 0x6F, 0x70, 0x74, 0x69, 0x6F, 
  0x6E, 0x20, 0x76, 0x61, 0x6C, 0x75, 0x65, 0x3D, 0x22, 0x46, 0x41, 0x53, 0x54, 0x22, 0x3E, 0x45, 
  0x41, 0x50, 0x2D, 0x46, 0x41, 0x53, 0x54, 0x20, 0x7C, 0x20, 0x63, 0x65, 0x72, 0x74, 0x69, 0x66, 
  0x69, 0x63, 0x61, 0x64, 0x6F, 0x20, 0x6F, 0x70, 0x63, 0x69, 0x6F, 0x6E, 0x61, 0x6C, 0x20, 0x7C, 
  0x20, 0x75, 0x73, 0x75, 0x26, 0x23, 0x78, 0x45, 0x31, 0x3B, 0x72, 0x69, 0x6F, 0x20, 0x65, 0x20, 
  0x73, 0x65, 0x6E, 0x68, 0x61, 0x20, 0x7C, 0x20, 0x73, 0x65, 0x67, 0x75, 0x72, 0x61, 0x6E, 0x26, 
  0x23, 0x78, 0x45, 0x37, 0x3B, 0x61, 0x20, 0x6D, 0x26, 0x23, 0x78, 0x45, 0x39, 0x3B, 0x64, 0x69, 
  0x61, 0x2F, 0x61, 0x6C, 0x74, 0x61, 0x3C, 0x2F, 0x6F, 0x70, 0x74, 0x69, 0x6F, 0x6E, 0x3E, 0x0A, 
  0x20, 0x20, 0x20, 0x20, 0x20, 0x20, 0x20, 0x20, 0x20, 0x20, 0x20, 0x20, 0x20, 0x20, 0x20, 0x20, 
  0x20, 0x20, 0x20, 0x20, 0x20, 0x20, 0x3C, 0x6F, 0x70, 0x74, 0x69, 0x6F, 0x6E, 0x20, 0x76, 0x61, 
  0x6C, 0x75, 0x65, 0x3D, 0x22, 0x54, 0x4C, 0x53, 0x22, 0x20, 0x64, 0x69, 0x73, 0x61, 0x62, 0x6C, 
  0x65, 0x64, 0x3E, 0x45, 0x41, 0x50, 0x2D, 0x54, 0x4C, 0x53, 0x20, 0x7C, 0x20, 0x63, 0x65, 0x72, 
  0x74, 0x69, 0x66, 0x69, 0x63, 0x61, 0x64, 0x6F, 0x20, 0x63, 0x6C, 0x69, 0x65, 0x6E, 0x74, 0x65, 
  0x20, 0x6F, 0x62, 0x72, 0x69, 0x67, 0x61, 0x74, 0x26, 0x23, 0x78, 0x46, 0x33, 0x3B, 0x72, 0x69, 
  0x6F, 0x20, 0x7C, 0x20, 0x73, 0x65, 0x67, 0x75, 0x72, 0x61, 0x6E, 0x26, 0x23, 0x78, 0x45, 0x37, 
  0x3B, 0x61, 0x20, 0x6D, 0x75, 0x69, 0x74, 0x6F, 0x20, 0x61, 0x6C, 0x74, 0x61, 0x20, 0x28, 0x6E, 
  0x26, 0x23, 0x78, 0x45, 0x33, 0x3B, 0x6F, 0x20, 0x63, 0x6F, 0x6E, 0x66, 0x69, 0x67, 0x75, 0x72, 
  0x61, 0x64, 0x6F, 0x29, 0x3C, 0x2F, 0x6F, 0x70, 0x74, 0x69, 0x6F, 0x6E, 0x3E, 0x0A, 0x20, 0x20, 
  0x20, 0x20, 0x20, 0x20, 0x20, 0x20, 0x20, 0x20, 0x20, 0x20, 0x20, 0x20, 0x20, 0x20, 0x20, 0x20, 
  0x20, 0x20, 0x20, 0x20, 0x3C, 0x6F, 0x70, 0x74, 0x69, 0x6F, 0x6E, 0x20, 0x76, 0x61, 0x6C, 0x75, 
  0x65, 0x3D, 0x22, 0x50, 0x45, 0x41, 0x50, 0x2D, 0x47, 0x54, 0x43, 0x22, 0x20, 0x64, 0x69, 0x73, 
  0x61, 0x62, 0x6C, 0x65, 0x64, 0x3E, 0x45, 0x41, 0x50, 0x2D, 0x50, 0x45, 0x41, 0x50, 0x2D, 0x47, 
  0x54, 0x43, 0x20, 0x7C, 0x20, 0x6E, 0x26, 0x23, 0x78, 0x45, 0x33, 0x3B, 0x6F, 0x20, 0x73, 0x75, 
  0x70, 0x6F, 0x72, 0x74, 0x61, 0x64, 0x6F, 0x20, 0x70, 0x65, 0x6C, 0x6F, 0x20, 0x66, 0x69, 0x72, 
  0x6D, 0x77, 0x61, 0x72, 0x65, 0x20, 0x61, 0x74, 0x75, 0x61, 0x6C, 0x3C, 0x2F, 0x6F, 0x70, 0x74, 
  0x69, 0x6F, 0x6E, 0x3E, 0x0A, 0x20, 0x20, 0x20, 0x20, 0x20, 0x20, 0x20, 0x20, 0x20, 0x20, 0x20, 
  0x20, 0x20, 0x20, 0x20, 0x20, 0x20, 0x20, 0x20, 0x20, 0x20, 0x20, 0x3C, 0x6F, 0x70, 0x74, 0x69, 
  0x6F, 0x6E, 0x20, 0x76, 0x61, 0x6C, 0x75, 0x65, 0x3D, 0x22, 0x53, 0x49, 0x4D, 0x22, 0x20, 0x64, 
  0x69, 0x73, 0x61, 0x62, 0x6C, 0x65, 0x64, 0x3E, 0x45, 0x41, 0x50, 0x2D, 0x53, 0x49, 0x4D, 0x20, 
  0x7C, 0x20, 0x72, 0x65, 0x71, 0x75, 0x65, 0x72, 0x20, 0x53, 0x49, 0x4D, 0x20, 0x7C, 0x20, 0x6E, 
  0x26, 0x23, 0x78, 0x45, 0x33, 0x3B, 0x6F, 0x20, 0x73, 0x75, 0x70, 0x6F, 0x72, 0x74, 0x61, 0x64, 
  0x6F, 0x20, 0x70, 0x65, 0x6C, 0x6F, 0x20, 0x66, 0x69, 0x72, 0x6D, 0x77, 0x61, 0x72, 0x65, 0x20, 
  0x61, 0x74, 0x75, 0x61, 0x6C, 0x3C, 0x2F, 0x6F, 0x70, 0x74, 0x69, 0x6F, 0x6E, 0x3E, 0x0A, 0x20, 
  0x20, 0x20, 0x20, 0x20, 0x20, 0x20, 0x20, 0x20, 0x20, 0x20, 0x20, 0x20, 0x20, 0x20, 0x20, 0x20, 
  0x20, 0x20, 0x20, 0x20, 0x20, 0x3C, 0x6F, 0x70, 0x74, 0x69, 0x6F, 0x6E, 0x20, 0x76, 0x61, 0x6C, 
  0x75, 0x65, 0x3D, 0x22, 0x41, 0x4B, 0x41, 0x22, 0x20, 0x64, 0x69, 0x73, 0x61, 0x62, 0x6C, 0x65, 
  0x64, 0x3E, 0x45, 0x41, 0x50, 0x2D, 0x41, 0x4B, 0x41, 0x20, 0x7C, 0x20, 0x72, 0x65, 0x71, 0x75, 
  0x65, 0x72, 0x20, 0x53, 0x49, 0x4D, 0x20, 0x7C, 0x20, 0x6E, 0x26, 0x23, 0x78, 0x45, 0x33, 0x3B, 
  0x6F, 0x20, 0x73, 0x75, 0x70, 0x6F, 0x72, 0x74, 0x61, 0x64, 0x6F, 0x20, 0x70, 0x65, 0x6C, 0x6F, 
  0x20, 0x66, 0x69, 0x72, 0x6D, 0x77, 0x61, 0x72, 0x65, 0x20, 0x61, 0x74, 0x75, 0x61, 0x6C, 0x3C, 
  0x2F, 0x6F, 0x70, 0x74, 0x69, 0x6F, 0x6E, 0x3E, 0x0A, 0x20, 0x20, 0x20, 0x20, 0x20, 0x20, 0x20, 
  0x20, 0x20, 0x20, 0x20, 0x20, 0x20, 0x20, 0x20, 0x20, 0x20, 0x20, 0x20, 0x20, 0x20, 0x20, 0x3C, 
  0x6F, 0x70, 0x74, 0x69, 0x6F, 0x6E, 0x20, 0x76, 0x61, 0x6C, 0x75, 0x65, 0x3D, 0x22, 0x41, 0x4B, 
  0x41, 0x5F, 0x50, 0x52, 0x49, 0x4D, 0x45, 0x22, 0x20, 0x64, 0x69, 0x73, 0x61, 0x62, 0x6C, 0x65, 
  0x64, 0x3E, 0x45, 0x41, 0x50, 0x2D, 0x41, 0x4B, 0x41, 0x27, 0x20, 0x7C, 0x20, 0x72, 0x65, 0x71, 
  0x75, 0x65, 0x72, 0x20, 0x53, 0x49, 0x4D, 0x20, 0x7C, 0x20, 0x6E, 0x26, 0x23, 0x78, 0x45, 0x33, 
  0x3B, 0x6F, 0x20, 0x73, 0x75, 0x70, 0x6F, 0x72, 0x74, 0x61, 0x64, 0x6F, 0x20, 0x70, 0x65, 0x6C, 
  0x6F, 0x20, 0x66, 0x69, 0x72, 0x6D, 0x77, 0x61, 0x72, 0x65, 0x20, 0x61, 0x74, 0x75, 0x61, 0x6C, 
  0x3C, 0x2F, 0x6F, 0x70, 0x74, 0x69, 0x6F, 0x6E, 0x3E, 0x0A, 0x20, 0x20, 0x20, 0x20, 0x20, 0x20, 
  0x20, 0x20, 0x20, 0x20, 0x20, 0x20, 0x20, 0x20, 0x20, 0x20, 0x20, 0x20, 0x20, 0x20, 0x3C, 0x2F, 
  0x73, 0x65, 0x6C, 0x65, 0x63, 0x74, 0x3E, 0x0A, 0x20, 0x20, 0x20, 0x20, 0x20, 0x20, 0x20, 0x20, 
  0x20, 0x20, 0x20, 0x20, 0x20, 0x20, 0x20, 0x20, 0x20, 0x20, 0x20, 0x20, 0x3C, 0x69, 0x6E, 0x70, 
  0x75, 0x74, 0x20, 0x69, 0x64, 0x3D, 0x22, 0x65, 0x6E, 0x74, 0x65, 0x72, 0x70, 0x72, 0x69, 0x73, 
  0x65, 0x49, 0x64, 0x65, 0x6E, 0x74, 0x69, 0x74, 0x79, 0x22, 0x20, 0x74, 0x79, 0x70, 0x65, 0x3D, 
  0x22, 0x68, 0x69, 0x64, 0x64, 0x65, 0x6E, 0x22, 0x20, 0x2F, 0x3E, 0x0A, 0x20, 0x20, 0x20, 0x20, 
  0x20, 0x20, 0x20, 0x20, 0x20, 0x20, 0x20, 0x20, 0x20, 0x20, 0x20, 0x20, 0x20, 0x20, 0x20, 0x20, 
  0x3C, 0x6C, 0x61, 0x62, 0x65, 0x6C, 0x3E, 0x4C, 0x6F, 0x67, 0x69, 0x6E, 0x3C, 0x2F, 0x6C, 0x61, 
  0x62, 0x65, 0x6C, 0x3E, 0x0A, 0x20, 0x20, 0x20, 0x20, 0x20, 0x20, 0x20, 0x20, 0x20, 0x20, 0x20, 
  0x20, 0x20, 0x20, 0x20, 0x20, 0x20, 0x20, 0x20, 0x20, 0x3C, 0x69, 0x6E, 0x70, 0x75, 0x74, 0x20, 
  0x69, 0x64, 0x3D, 0x22, 0x65, 0x6E, 0x74, 0x65, 0x72, 0x70, 0x72, 0x69, 0x73, 0x65, 0x55, 0x73, 
  0x65, 0x72, 0x6E, 0x61, 0x6D, 0x65, 0x22, 0x20, 0x74, 0x79, 0x70, 0x65, 0x3D, 0x22, 0x74, 0x65, 
  0x78, 0x74, 0x22, 0x20, 0x61, 0x75, 0x74, 0x6F, 0x63, 0x6F, 0x6D, 0x70, 0x6C, 0x65, 0x74, 0x65, 
  0x3D, 0x22, 0x75, 0x73, 0x65, 0x72, 0x6E, 0x61, 0x6D, 0x65, 0x22, 0x20, 0x2F, 0x3E, 0x0A, 0x20, 
  0x20, 0x20, 0x20, 0x20, 0x20, 0x20, 0x20, 0x20, 0x20, 0x20, 0x20, 0x20, 0x20, 0x20, 0x20, 0x20, 
  0x20, 0x20, 0x20, 0x3C, 0x6C, 0x61, 0x62, 0x65, 0x6C, 0x3E, 0x53, 0x65, 0x6E, 0x68, 0x61, 0x3C, 
  0x2F, 0x6C, 0x61, 0x62, 0x65, 0x6C, 0x3E, 0x0A, 0x20, 0x20, 0x20, 0x20, 0x20, 0x20, 0x20, 0x20, 
  0x20, 0x20, 0x20, 0x20, 0x20, 0x20, 0x20, 0x20, 0x20, 0x20, 0x20, 0x20, 0x3C, 0x69, 0x6E, 0x70, 
  0x75, 0x74, 0x20, 0x69, 0x64, 0x3D, 0x22, 0x65, 0x6E, 0x74, 0x65, 0x72, 0x70, 0x72, 0x69, 0x73, 
  0x65, 0x50, 0x61, 0x73, 0x73, 0x77, 0x6F, 0x72, 0x64, 0x22, 0x20, 0x74, 0x79, 0x70, 0x65, 0x3D, 
  0x22, 0x70, 0x61, 0x73, 0x73, 0x77, 0x6F, 0x72, 0x64, 0x22, 0x20, 0x2F, 0x3E, 0x0A, 0x20, 0x20, 
  0x20, 0x20, 0x20, 0x20, 0x20, 0x20, 0x20, 0x20, 0x20, 0x20, 0x20, 0x20, 0x20, 0x20, 0x20, 0x20, 
  0x20, 0x20, 0x3C, 0x64, 0x69, 0x76, 0x20, 0x69, 0x64, 0x3D, 0x22, 0x74, 0x74, 0x6C, 0x73, 0x50, 
  0x68, 0x61, 0x73, 0x65, 0x32, 0x46, 0x69, 0x65, 0x6C, 0x64, 0x22, 0x20, 0x63, 0x6C, 0x61, 0x73, 
  0x73, 0x3D, 0x22, 0x68, 0x69, 0x64, 0x64, 0x65, 0x6E, 0x22, 0x3E, 0x0A, 0x20, 0x20, 0x20, 0x20, 
  0x20, 0x20, 0x20, 0x20, 0x20, 0x20, 0x20, 0x20, 0x20, 0x20, 0x20, 0x20, 0x20, 0x20, 0x20, 0x20, 
  0x20, 0x20, 0x3C, 0x6C, 0x61, 0x62, 0x65, 0x6C, 0x3E, 0x41, 0x75, 0x74, 0x65, 0x6E, 0x74, 0x69, 
  0x63, 0x61, 0x26, 0x23, 0x78, 0x45, 0x37, 0x3B, 0x26, 0x23, 0x78, 0x45, 0x33, 0x3B, 0x6F, 0x20, 
  0x69, 0x6E, 0x74, 0x65, 0x72, 0x6E, 0x61, 0x20, 0x54, 0x54, 0x4C, 0x53, 0x3C, 0x2F, 0x6C, 0x61, 
  0x62, 0x65, 0x6C, 0x3E, 0x0A, 0x20, 0x20, 0x20, 0x20, 0x20, 0x20, 0x20, 0x20, 0x20, 0x20, 0x20, 
  0x20, 0x20, 0x20, 0x20, 0x20, 0x20, 0x20, 0x20, 0x20, 0x20, 0x20, 0x3C, 0x73, 0x65, 0x6C, 0x65, 
  0x63, 0x74, 0x20, 0x69, 0x64, 0x3D, 0x22, 0x65, 0x6E, 0x74, 0x65, 0x72, 0x70, 0x72, 0x69, 0x73, 
  0x65, 0x54, 0x74, 0x6C, 0x73, 0x50, 0x68, 0x61, 0x73, 0x65, 0x32, 0x22, 0x3E, 0x0A, 0x20, 0x20, 
  0x20, 0x20, 0x20, 0x20, 0x20, 0x20, 0x20, 0x20, 0x20, 0x20, 0x20, 0x20, 0x20, 0x20, 0x20, 0x20, 
  0x20, 0x20, 0x20, 0x20, 0x20, 0x20, 0x3C, 0x6F, 0x70, 0x74, 0x69, 0x6F, 0x6E, 0x20, 0x76, 0x61, 
  0x6C, 0x75, 0x65, 0x3D, 0x22, 0x4D, 0x53, 0x43, 0x48, 0x41, 0x50, 0x56, 0x32, 0x22, 0x3E, 0x4D, 
  0x53, 0x43, 0x48, 0x41, 0x50, 0x76, 0x32, 0x3C, 0x2F, 0x6F, 0x70, 0x74, 0x69, 0x6F, 0x6E, 0x3E, 
  0x0A, 0x20, 0x20, 0x20, 0x20, 0x20, 0x20, 0x20, 0x20, 0x20, 0x20, 0x20, 0x20, 0x20, 0x20, 0x20, 
  0x20, 0x20, 0x20, 0x20, 0x20, 0x20, 0x20, 0x20, 0x20, 0x3C, 0x6F, 0x70, 0x74, 0x69, 0x6F, 0x6E, 
  0x20, 0x76, 0x61, 0x6C, 0x75, 0x65, 0x3D, 0x22, 0x50, 0x41, 0x50, 0x22, 0x3E, 0x50, 0x41, 0x50, 
  0x3C, 0x2F, 0x6F, 0x70, 0x74, 0x69, 0x6F, 0x6E, 0x3E, 0x0A, 0x20, 0x20, 0x20, 0x20, 0x20, 0x20, 
  0x20, 0x20, 0x20, 0x20, 0x20, 0x20, 0x20, 0x20, 0x20, 0x20, 0x20, 0x20, 0x20, 0x20, 0x20, 0x20, 
  0x20, 0x20, 0x3C, 0x6F, 0x70, 0x74, 0x69, 0x6F, 0x6E, 0x20, 0x76, 0x61, 0x6C, 0x75, 0x65, 0x3D, 
  0x22, 0x43, 0x48, 0x41, 0x50, 0x22, 0x3E, 0x43, 0x48, 0x41, 0x50, 0x3C, 0x2F, 0x6F, 0x70, 0x74, 
  0x69, 0x6F, 0x6E, 0x3E, 0x0A, 0x20, 0x20, 0x20, 0x20, 0x20, 0x20, 0x20, 0x20, 0x20, 0x20, 0x20, 
  0x20, 0x20, 0x20, 0x20, 0x20, 0x20, 0x20, 0x20, 0x20, 0x20, 0x20, 0x20, 0x20, 0x3C, 0x6F, 0x70, 
  0x74, 0x69, 0x6F, 0x6E, 0x20, 0x76, 0x61, 0x6C, 0x75, 0x65, 0x3D, 0x22, 0x4D, 0x53, 0x43, 0x48, 
  0x41, 0x50, 0x22, 0x3E, 0x4D, 0x53, 0x43, 0x48, 0x41, 0x50, 0x3C, 0x2F, 0x6F, 0x70, 0x74, 0x69, 
  0x6F, 0x6E, 0x3E, 0x0A, 0x20, 0x20, 0x20, 0x20, 0x20, 0x20, 0x20, 0x20, 0x20, 0x20, 0x20, 0x20, 
  0x20, 0x20, 0x20, 0x20, 0x20, 0x20, 0x20, 0x20, 0x20, 0x20, 0x20, 0x20, 0x3C, 0x6F, 0x70, 0x74, 
  0x69, 0x6F, 0x6E, 0x20, 0x76, 0x61, 0x6C, 0x75, 0x65, 0x3D, 0x22, 0x45, 0x41, 0x50, 0x22, 0x3E, 
  0x45, 0x41, 0x50, 0x3C, 0x2F, 0x6F, 0x70, 0x74, 0x69, 0x6F, 0x6E, 0x3E, 0x0A, 0x20, 0x20, 0x20, 
  0x20, 0x20, 0x20, 0x20, 0x20, 0x20, 0x20, 0x20, 0x20, 0x20, 0x20, 0x20, 0x20, 0x20, 0x20, 0x20, 
  0x20, 0x20, 0x20, 0x3C, 0x2F, 0x73, 0x65, 0x6C, 0x65, 0x63, 0x74, 0x3E, 0x0A, 0x20, 0x20, 0x20, 
  0x20, 0x20, 0x20, 0x20, 0x20, 0x20, 0x20, 0x20, 0x20, 0x20, 0x20, 0x20, 0x20, 0x20, 0x20, 0x20, 
  0x20, 0x3C, 0x2F, 0x64, 0x69, 0x76, 0x3E, 0x0A, 0x20, 0x20, 0x20, 0x20, 0x20, 0x20, 0x20, 0x20, 
  0x20, 0x20, 0x20, 0x20, 0x20, 0x20, 0x20, 0x20, 0x20, 0x20, 0x20, 0x20, 0x3C, 0x70, 0x20, 0x69, 
  0x64, 0x3D, 0x22, 0x65, 0x6E, 0x74, 0x65, 0x72, 0x70, 0x72, 0x69, 0x73, 0x65, 0x4D, 0x65, 0x74, 
  0x68, 0x6F, 0x64, 0x48, 0x69, 0x6E, 0x74, 0x22, 0x20, 0x63, 0x6C, 0x61, 0x73, 0x73, 0x3D, 0x22, 
  0x6D, 0x75, 0x74, 0x65, 0x64, 0x22, 0x3E, 0x41, 0x20, 0x72, 0x65, 0x64, 0x65, 0x20, 0x26, 0x23, 
  0x78, 0x45, 0x39, 0x3B, 0x20, 0x45, 0x6E, 0x74, 0x65, 0x72, 0x70, 0x72, 0x69, 0x73, 0x65, 0x2C, 
  0x20, 0x6D, 0x61, 0x73, 0x20, 0x6F, 0x20, 0x6D, 0x26, 0x23, 0x78, 0x45, 0x39, 0x3B, 0x74, 0x6F, 
  0x64, 0x6F, 0x20, 0x45, 0x41, 0x50, 0x20, 0x6E, 0x26, 0x23, 0x78, 0x45, 0x33, 0x3B, 0x6F, 0x20, 
  0x26, 0x23, 0x78, 0x45, 0x39, 0x3B, 0x20, 0x69, 0x6E, 0x66, 0x6F, 0x72, 0x6D, 0x61, 0x64, 0x6F, 
  0x20, 0x70, 0x65, 0x6C, 0x6F, 0x20, 0x73, 0x63, 0x61, 0x6E, 0x2E, 0x20, 0x53, 0x65, 0x6C, 0x65, 
  0x63, 0x69, 0x6F, 0x6E, 0x65, 0x20, 0x6F, 0x20, 0x6D, 0x26, 0x23, 0x78, 0x45, 0x39, 0x3B, 0x74, 
  0x6F, 0x64, 0x6F, 0x20, 0x66, 0x6F, 0x72, 0x6E, 0x65, 0x63, 0x69, 0x64, 0x6F, 0x20, 0x70, 0x65, 
  0x6C, 0x61, 0x20, 0x69, 0x6E, 0x73, 0x74, 0x69, 0x74, 0x75, 0x69, 0x26, 0x23, 0x78, 0x45, 0x37, 
  0x3B, 0x26, 0x23, 0x78, 0x45, 0x33, 0x3B, 0x6F, 0x2E, 0x3C, 0x2F, 0x70, 0x3E, 0x0A, 0x20, 0x20, 
  0x20, 0x20, 0x20, 0x20, 0x20, 0x20, 0x20, 0x20, 0x20, 0x20, 0x20, 0x20, 0x20, 0x20, 0x20, 0x20, 
  0x3C, 0x2F, 0x66, 0x69, 0x65, 0x6C, 0x64, 0x73, 0x65, 0x74, 0x3E, 0x0A, 0x20, 0x20, 0x20, 0x20, 
  0x20, 0x20, 0x20, 0x20, 0x20, 0x20, 0x20, 0x20, 0x20, 0x20, 0x20, 0x20, 0x20, 0x20, 0x3C, 0x62, 
  0x75, 0x74, 0x74, 0x6F, 0x6E, 0x20, 0x69, 0x64, 0x3D, 0x22, 0x73, 0x61, 0x76, 0x65, 0x4E, 0x65, 
  0x74, 0x77, 0x6F, 0x72, 0x6B, 0x42, 0x74, 0x6E, 0x22, 0x20, 0x63, 0x6C, 0x61, 0x73, 0x73, 0x3D, 
  0x22, 0x70, 0x72, 0x69, 0x6D, 0x61, 0x72, 0x79, 0x22, 0x20, 0x74, 0x79, 0x70, 0x65, 0x3D, 0x22, 
  0x62, 0x75, 0x74, 0x74, 0x6F, 0x6E, 0x22, 0x3E, 0x53, 0x61, 0x6C, 0x76, 0x61, 0x72, 0x20, 0x65, 
  0x20, 0x63, 0x6F, 0x6E, 0x65, 0x63, 0x74, 0x61, 0x72, 0x3C, 0x2F, 0x62, 0x75, 0x74, 0x74, 0x6F, 
  0x6E, 0x3E, 0x0A, 0x20, 0x20, 0x20, 0x20, 0x20, 0x20, 0x20, 0x20, 0x20, 0x20, 0x20, 0x20, 0x20, 
  0x20, 0x20, 0x20, 0x20, 0x20, 0x3C, 0x62, 0x75, 0x74, 0x74, 0x6F, 0x6E, 0x20, 0x69, 0x64, 0x3D, 
  0x22, 0x64, 0x65, 0x6C, 0x65, 0x74, 0x65, 0x4E, 0x65, 0x74, 0x77, 0x6F, 0x72, 0x6B, 0x42, 0x74, 
  0x6E, 0x22, 0x20, 0x63, 0x6C, 0x61, 0x73, 0x73, 0x3D, 0x22, 0x64, 0x61, 0x6E, 0x67, 0x65, 0x72, 
  0x22, 0x20, 0x74, 0x79, 0x70, 0x65, 0x3D, 0x22, 0x62, 0x75, 0x74, 0x74, 0x6F, 0x6E, 0x22, 0x3E, 
  0x45, 0x78, 0x63, 0x6C, 0x75, 0x69, 0x72, 0x20, 0x63, 0x6F, 0x6E, 0x65, 0x78, 0x26, 0x23, 0x78, 
  0x45, 0x33, 0x3B, 0x6F, 0x20, 0x73, 0x61, 0x6C, 0x76, 0x61, 0x20, 0x65, 0x20, 0x76, 0x6F, 0x6C, 
  0x74, 0x61, 0x72, 0x20, 0x61, 0x6F, 0x20, 0x41, 0x50, 0x3C, 0x2F, 0x62, 0x75, 0x74, 0x74, 0x6F, 
  0x6E, 0x3E, 0x0A, 0x20, 0x20, 0x20, 0x20, 0x20, 0x20, 0x20, 0x20, 0x20, 0x20, 0x20, 0x20, 0x20, 
  0x20, 0x20, 0x20, 0x20, 0x20, 0x3C, 0x64, 0x69, 0x76, 0x20, 0x69, 0x64, 0x3D, 0x22, 0x6E, 0x65, 
  0x74, 0x77, 0x6F, 0x72, 0x6B, 0x4D, 0x65, 0x73, 0x73, 0x61, 0x67, 0x65, 0x22, 0x20, 0x63, 0x6C, 
  0x61, 0x73, 0x73, 0x3D, 0x22, 0x6D, 0x75, 0x74, 0x65, 0x64, 0x22, 0x20, 0x61, 0x72, 0x69, 0x61, 
  0x2D, 0x6C, 0x69, 0x76, 0x65, 0x3D, 0x22, 0x70, 0x6F, 0x6C, 0x69, 0x74, 0x65, 0x22, 0x3E, 0x3C, 
  0x2F, 0x64, 0x69, 0x76, 0x3E, 0x0A, 0x20, 0x20, 0x20, 0x20, 0x20, 0x20, 0x20, 0x20, 0x20, 0x20, 
  0x20, 0x20, 0x20, 0x20, 0x20, 0x20, 0x20, 0x20, 0x3C, 0x64, 0x69, 0x76, 0x20, 0x63, 0x6C, 0x61, 
  0x73, 0x73, 0x3D, 0x22, 0x64, 0x61, 0x73, 0x68, 0x62, 0x6F, 0x61, 0x72, 0x64, 0x2D, 0x6C, 0x69, 
  0x6E, 0x6B, 0x2D, 0x63, 0x61, 0x72, 0x64, 0x22, 0x3E, 0x0A, 0x20, 0x20, 0x20, 0x20, 0x20, 0x20, 
  0x20, 0x20, 0x20, 0x20, 0x20, 0x20, 0x20, 0x20, 0x20, 0x20, 0x20, 0x20, 0x20, 0x20, 0x3C, 0x68, 
  0x33, 0x3E, 0x56, 0x69, 0x6E, 0x63, 0x75, 0x6C, 0x61, 0x72, 0x20, 0x61, 0x6F, 0x20, 0x4C, 0x41, 
  0x42, 0x2F, 0x4D, 0x4F, 0x4E, 0x49, 0x54, 0x4F, 0x52, 0x3C, 0x2F, 0x68, 0x33, 0x3E, 0x0A, 0x20, 
  0x20, 0x20, 0x20, 0x20, 0x20, 0x20, 0x20, 0x20, 0x20, 0x20, 0x20, 0x20, 0x20, 0x20, 0x20, 0x20, 
  0x20, 0x20, 0x20, 0x3C, 0x70, 0x20, 0x63, 0x6C, 0x61, 0x73, 0x73, 0x3D, 0x22, 0x6D, 0x75, 0x74, 
  0x65, 0x64, 0x22, 0x3E, 0x55, 0x73, 0x65, 0x20, 0x61, 0x20, 0x63, 0x6F, 0x6E, 0x74, 0x61, 0x20, 
  0x64, 0x6F, 0x20, 0x73, 0x65, 0x72, 0x76, 0x69, 0x64, 0x6F, 0x72, 0x20, 0x4C, 0x41, 0x42, 0x2F, 
  0x4D, 0x4F, 0x4E, 0x49, 0x54, 0x4F, 0x52, 0x2E, 0x20, 0x4F, 0x20, 0x45, 0x53, 0x50, 0x33, 0x32, 
  0x20, 0x65, 0x6E, 0x76, 0x69, 0x61, 0x20, 0x6C, 0x65, 0x69, 0x74, 0x75, 0x72, 0x61, 0x73, 0x20, 
  0x61, 0x75, 0x74, 0x6F, 0x6D, 0x61, 0x74, 0x69, 0x63, 0x61, 0x6D, 0x65, 0x6E, 0x74, 0x65, 0x20, 
  0x65, 0x6E, 0x71, 0x75, 0x61, 0x6E, 0x74, 0x6F, 0x20, 0x65, 0x73, 0x74, 0x69, 0x76, 0x65, 0x72, 
  0x20, 0x63, 0x6F, 0x6E, 0x65, 0x63, 0x74, 0x61, 0x64, 0x6F, 0x20, 0x61, 0x6F, 0x20, 0x57, 0x69, 
  0x2D, 0x46, 0x69, 0x2E, 0x3C, 0x2F, 0x70, 0x3E, 0x0A, 0x20, 0x20, 0x20, 0x20, 0x20, 0x20, 0x20, 
  0x20, 0x20, 0x20, 0x20, 0x20, 0x20, 0x20, 0x20, 0x20, 0x20, 0x20, 0x20, 0x20, 0x3C, 0x64, 0x69, 
  0x76, 0x20, 0x69, 0x64, 0x3D, 0x22, 0x64, 0x61, 0x73, 0x68, 0x62, 0x6F, 0x61, 0x72, 0x64, 0x4C, 
  0x69, 0x6E, 0x6B, 0x46, 0x6F, 0x72, 0x6D, 0x22, 0x20, 0x63, 0x6C, 0x61, 0x73, 0x73, 0x3D, 0x22, 
  0x69, 0x6E, 0x6C, 0x69, 0x6E, 0x65, 0x2D, 0x66, 0x6F, 0x72, 0x6D, 0x22, 0x3E, 0x0A, 0x20, 0x20, 
  0x20, 0x20, 0x20, 0x20, 0x20, 0x20, 0x20, 0x20, 0x20, 0x20, 0x20, 0x20, 0x20, 0x20, 0x20, 0x20, 
  0x20, 0x20, 0x20, 0x20, 0x3C, 0x64, 0x69, 0x76, 0x3E, 0x0A, 0x20, 0x20, 0x20, 0x20, 0x20, 0x20, 
  0x20, 0x20, 0x20, 0x20, 0x20, 0x20, 0x20, 0x20, 0x20, 0x20, 0x20, 0x20, 0x20, 0x20, 0x20, 0x20, 
  0x20, 0x20, 0x3C, 0x6C, 0x61, 0x62, 0x65, 0x6C, 0x20, 0x66, 0x6F, 0x72, 0x3D, 0x22, 0x64, 0x61, 
  0x73, 0x68, 0x62, 0x6F, 0x61, 0x72, 0x64, 0x53, 0x65, 0x72, 0x76, 0x65, 0x72, 0x55, 0x72, 0x6C, 
  0x22, 0x3E, 0x45, 0x6E, 0x64, 0x65, 0x72, 0x65, 0x26, 0x23, 0x78, 0x45, 0x37, 0x3B, 0x6F, 0x20, 
  0x64, 0x6F, 0x20, 0x4C, 0x41, 0x42, 0x2F, 0x4D, 0x4F, 0x4E, 0x49, 0x54, 0x4F, 0x52, 0x3C, 0x2F, 
  0x6C, 0x61, 0x62, 0x65, 0x6C, 0x3E, 0x0A, 0x20, 0x20, 0x20, 0x20, 0x20, 0x20, 0x20, 0x20, 0x20, 
  0x20, 0x20, 0x20, 0x20, 0x20, 0x20, 0x20, 0x20, 0x20, 0x20, 0x20, 0x20, 0x20, 0x20, 0x20, 0x3C, 
  0x69, 0x6E, 0x70, 0x75, 0x74, 0x20, 0x69, 0x64, 0x3D, 0x22, 0x64, 0x61, 0x73, 0x68, 0x62, 0x6F, 
  0x61, 0x72, 0x64, 0x53, 0x65, 0x72, 0x76, 0x65, 0x72, 0x55, 0x72, 0x6C, 0x22, 0x20, 0x74, 0x79, 
  0x70, 0x65, 0x3D, 0x22, 0x75, 0x72, 0x6C, 0x22, 0x20, 0x70, 0x6C, 0x61, 0x63, 0x65, 0x68, 0x6F, 
  0x6C, 0x64, 0x65, 0x72, 0x3D, 0x22, 0x68, 0x74, 0x74, 0x70, 0x73, 0x3A, 0x2F, 0x2F, 0x6D, 0x6F, 
  0x6E, 0x69, 0x74, 0x6F, 0x72, 0x2E, 0x65, 0x78, 0x65, 0x6D, 0x70, 0x6C, 0x6F, 0x2E, 0x63, 0x6F, 
  0x6D, 0x22, 0x20, 0x61, 0x75, 0x74, 0x6F, 0x63, 0x6F, 0x6D, 0x70, 0x6C, 0x65, 0x74, 0x65, 0x3D, 
  0x22, 0x75, 0x72, 0x6C, 0x22, 0x20, 0x2F, 0x3E, 0x0A, 0x20, 0x20, 0x20, 0x20, 0x20, 0x20, 0x20, 
  0x20, 0x20, 0x20, 0x20, 0x20, 0x20, 0x20, 0x20, 0x20, 0x20, 0x20, 0x20, 0x20, 0x20, 0x20, 0x20, 
  0x20, 0x3C, 0x73, 0x70, 0x61, 0x6E, 0x20, 0x63, 0x6C, 0x61, 0x73, 0x73, 0x3D, 0x22, 0x6D, 0x75, 
  0x74, 0x65, 0x64, 0x22, 0x3E, 0x48, 0x54, 0x54, 0x50, 0x53, 0x20, 0x26, 0x23, 0x78, 0x45, 0x39, 
  0x3B, 0x20, 0x72, 0x65, 0x63, 0x6F, 0x6D, 0x65, 0x6E, 0x64, 0x61, 0x64, 0x6F, 0x2E, 0x20, 0x48, 
  0x54, 0x54, 0x50, 0x20, 0x65, 0x73, 0x74, 0x26, 0x23, 0x78, 0x45, 0x31, 0x3B, 0x20, 0x64, 0x69, 
  0x73, 0x70, 0x6F, 0x6E, 0x26, 0x23, 0x78, 0x45, 0x44, 0x3B, 0x76, 0x65, 0x6C, 0x20, 0x70, 0x61, 
  0x72, 0x61, 0x20, 0x72, 0x65, 0x64, 0x65, 0x73, 0x20, 0x63, 0x6F, 0x6E, 0x74, 0x72, 0x6F, 0x6C, 
  0x61, 0x64, 0x61, 0x73, 0x2E, 0x3C, 0x2F, 0x73, 0x70, 0x61, 0x6E, 0x3E, 0x0A, 0x20, 0x20, 0x20, 
  0x20, 0x20, 0x20, 0x20, 0x20, 0x20, 0x20, 0x20, 0x20, 0x20, 0x20, 0x20, 0x20, 0x20, 0x20, 0x20, 
  0x20, 0x20, 0x20, 0x20, 0x20, 0x3C, 0x64, 0x69, 0x76, 0x20, 0x69, 0x64, 0x3D, 0x22, 0x64, 0x61, 
  0x73, 0x68, 0x62, 0x6F, 0x61, 0x72, 0x64, 0x48, 0x74, 0x74, 0x70, 0x57, 0x61, 0x72, 0x6E, 0x69, 
  0x6E, 0x67, 0x22, 0x20, 0x63, 0x6C, 0x61, 0x73, 0x73, 0x3D, 0x22, 0x6C, 0x69, 0x6E, 0x6B, 0x2D, 
  0x68, 0x74, 0x74, 0x70, 0x2D, 0x77, 0x61, 0x72, 0x6E, 0x69, 0x6E, 0x67, 0x20, 0x68, 0x69, 0x64, 
  0x64, 0x65, 0x6E, 0x22, 0x3E, 0x0A, 0x20, 0x20, 0x20, 0x20, 0x20, 0x20, 0x20, 0x20, 0x20, 0x20, 
  0x20, 0x20, 0x20, 0x20, 0x20, 0x20, 0x20, 0x20, 0x20, 0x20, 0x20, 0x20, 0x20, 0x20, 0x20, 0x20, 
  0x3C, 0x6C, 0x61, 0x62, 0x65, 0x6C, 0x3E, 0x3C, 0x69, 0x6E, 0x70, 0x75, 0x74, 0x20, 0x69, 0x64, 
  0x3D, 0x22, 0x64, 0x61, 0x73, 0x68, 0x62, 0x6F, 0x61, 0x72, 0x64, 0x48, 0x74, 0x74, 0x70, 0x41, 
  0x63, 0x6B, 0x22, 0x20, 0x74, 0x79, 0x70, 0x65, 0x3D, 0x22, 0x63, 0x68, 0x65, 0x63, 0x6B, 0x62, 
  0x6F, 0x78, 0x22, 0x20, 0x2F, 0x3E, 0x20, 0x45, 0x6E, 0x74, 0x65, 0x6E, 0x64, 0x6F, 0x20, 0x71, 
  0x75, 0x65, 0x20, 0x48, 0x54, 0x54, 0x50, 0x20, 0x74, 0x72, 0x61, 0x6E, 0x73, 0x6D, 0x69, 0x74, 
  0x65, 0x20, 0x65, 0x2D, 0x6D, 0x61, 0x69, 0x6C, 0x2C, 0x20, 0x73, 0x65, 0x6E, 0x68, 0x61, 0x20, 
  0x65, 0x20, 0x74, 0x6F, 0x6B, 0x65, 0x6E, 0x20, 0x73, 0x65, 0x6D, 0x20, 0x63, 0x72, 0x69, 0x70, 
  0x74, 0x6F, 0x67, 0x72, 0x61, 0x66, 0x69, 0x61, 0x2E, 0x3C, 0x2F, 0x6C, 0x61, 0x62, 0x65, 0x6C, 
  0x3E, 0x0A, 0x20, 0x20, 0x20, 0x20, 0x20, 0x20, 0x20, 0x20, 0x20, 0x20, 0x20, 0x20, 0x20, 0x20, 
  0x20, 0x20, 0x20, 0x20, 0x20, 0x20, 0x20, 0x20, 0x20, 0x20, 0x3C, 0x2F, 0x64, 0x69, 0x76, 0x3E, 
  0x0A, 0x20, 0x20, 0x20, 0x20, 0x20, 0x20, 0x20, 0x20, 0x20, 0x20, 0x20, 0x20, 0x20, 0x20, 0x20, 
  0x20, 0x20, 0x20, 0x20, 0x20, 0x20, 0x20, 0x3C, 0x2F, 0x64, 0x69, 0x76, 0x3E, 0x0A, 0x20, 0x20, 
  0x20, 0x20, 0x20, 0x20, 0x20, 0x20, 0x20, 0x20, 0x20, 0x20, 0x20, 0x20, 0x20, 0x20, 0x20, 0x20, 
  0x20, 0x20, 0x20, 0x20, 0x3C, 0x64, 0x69, 0x76, 0x3E, 0x0A, 0x20, 0x20, 0x20, 0x20, 0x20, 0x20, 
  0x20, 0x20, 0x20, 0x20, 0x20, 0x20, 0x20, 0x20, 0x20, 0x20, 0x20, 0x20, 0x20, 0x20, 0x20, 0x20, 
  0x20, 0x20, 0x3C, 0x6C, 0x61, 0x62, 0x65, 0x6C, 0x20, 0x66, 0x6F, 0x72, 0x3D, 0x22, 0x64, 0x61, 
  0x73, 0x68, 0x62, 0x6F, 0x61, 0x72, 0x64, 0x4C, 0x69, 0x6E, 0x6B, 0x45, 0x6D, 0x61, 0x69, 0x6C, 
  0x22, 0x3E, 0x45, 0x2D, 0x6D, 0x61, 0x69, 0x6C, 0x20, 0x64, 0x61, 0x20, 0x63, 0x6F, 0x6E, 0x74, 
  0x61, 0x20, 0x4C, 0x41, 0x42, 0x2F, 0x4D, 0x4F, 0x4E, 0x49, 0x54, 0x4F, 0x52, 0x3C, 0x2F, 0x6C, 
  0x61, 0x62, 0x65, 0x6C, 0x3E, 0x0A, 0x20, 0x20, 0x20, 0x20, 0x20, 0x20, 0x20, 0x20, 0x20, 0x20, 
  0x20, 0x20, 0x20, 0x20, 0x20, 0x20, 0x20, 0x20, 0x20, 0x20, 0x20, 0x20, 0x20, 0x20, 0x3C, 0x69, 
  0x6E, 0x70, 0x75, 0x74, 0x20, 0x69, 0x64, 0x3D, 0x22, 0x64, 0x61, 0x73, 0x68, 0x62, 0x6F, 0x61, 
  0x72, 0x64, 0x4C, 0x69, 0x6E, 0x6B, 0x45, 0x6D, 0x61, 0x69, 0x6C, 0x22, 0x20, 0x74, 0x79, 0x70, 
  0x65, 0x3D, 0x22, 0x65, 0x6D, 0x61, 0x69, 0x6C, 0x22, 0x20, 0x61, 0x75, 0x74, 0x6F, 0x63, 0x6F, 
  0x6D, 0x70, 0x6C, 0x65, 0x74, 0x65, 0x3D, 0x22, 0x75, 0x73, 0x65, 0x72, 0x6E, 0x61, 0x6D, 0x65, 
  0x22, 0x20, 0x2F, 0x3E, 0x0A, 0x20, 0x20, 0x20, 0x20, 0x20, 0x20, 0x20, 0x20, 0x20, 0x20, 0x20, 
  0x20, 0x20, 0x20, 0x20, 0x20, 0x20, 0x20, 0x20, 0x20, 0x20, 0x20, 0x3C, 0x2F, 0x64, 0x69, 0x76, 
  0x3E, 0x0A, 0x20, 0x20, 0x20, 0x20, 0x20, 0x20, 0x20, 0x20, 0x20, 0x20, 0x20, 0x20, 0x20, 0x20, 
  0x20, 0x20, 0x20, 0x20, 0x20, 0x20, 0x20, 0x20, 0x3C, 0x64, 0x69, 0x76, 0x3E, 0x0A, 0x20, 0x20, 
  0x20, 0x20, 0x20, 0x20, 0x20, 0x20, 0x20, 0x20, 0x20, 0x20, 0x20, 0x20, 0x20, 0x20, 0x20, 0x20, 
  0x20, 0x20, 0x20, 0x20, 0x20, 0x20, 0x3C, 0x6C, 0x61, 0x62, 0x65, 0x6C, 0x20, 0x66, 0x6F, 0x72, 
  0x3D, 0x22, 0x64, 0x61, 0x73, 0x68, 0x62, 0x6F, 0x61, 0x72, 0x64, 0x4C, 0x69, 0x6E, 0x6B, 0x50, 
  0x61, 0x73, 0x73, 0x77, 0x6F, 0x72, 0x64, 0x22, 0x3E, 0x53, 0x65, 0x6E, 0x68, 0x61, 0x20, 0x64, 
  0x61, 0x20, 0x63, 0x6F, 0x6E, 0x74, 0x61, 0x20, 0x4C, 0x41, 0x42, 0x2F, 0x4D, 0x4F, 0x4E, 0x49, 
  0x54, 0x4F, 0x52, 0x3C, 0x2F, 0x6C, 0x61, 0x62, 0x65, 0x6C, 0x3E, 0x0A, 0x20, 0x20, 0x20, 0x20, 
  0x20, 0x20, 0x20, 0x20, 0x20, 0x20, 0x20, 0x20, 0x20, 0x20, 0x20, 0x20, 0x20, 0x20, 0x20, 0x20, 
  0x20, 0x20, 0x20, 0x20, 0x3C, 0x69, 0x6E, 0x70, 0x75, 0x74, 0x20, 0x69, 0x64, 0x3D, 0x22, 0x64, 
  0x61, 0x73, 0x68, 0x62, 0x6F, 0x61, 0x72, 0x64, 0x4C, 0x69, 0x6E, 0x6B, 0x50, 0x61, 0x73, 0x73, 
  0x77, 0x6F, 0x72, 0x64, 0x22, 0x20, 0x74, 0x79, 0x70, 0x65, 0x3D, 0x22, 0x70, 0x61, 0x73, 0x73, 
  0x77, 0x6F, 0x72, 0x64, 0x22, 0x20, 0x61, 0x75, 0x74, 0x6F, 0x63, 0x6F, 0x6D, 0x70, 0x6C, 0x65, 
  0x74, 0x65, 0x3D, 0x22, 0x63, 0x75, 0x72, 0x72, 0x65, 0x6E, 0x74, 0x2D, 0x70, 0x61, 0x73, 0x73, 
  0x77, 0x6F, 0x72, 0x64, 0x22, 0x20, 0x2F, 0x3E, 0x0A, 0x20, 0x20, 0x20, 0x20, 0x20, 0x20, 0x20, 
  0x20, 0x20, 0x20, 0x20, 0x20, 0x20, 0x20, 0x20, 0x20, 0x20, 0x20, 0x20, 0x20, 0x20, 0x20, 0x3C, 
  0x2F, 0x64, 0x69, 0x76, 0x3E, 0x0A, 0x20, 0x20, 0x20, 0x20, 0x20, 0x20, 0x20, 0x20, 0x20, 0x20, 
  0x20, 0x20, 0x20, 0x20, 0x20, 0x20, 0x20, 0x20, 0x20, 0x20, 0x20, 0x20, 0x3C, 0x64, 0x69, 0x76, 
  0x3E, 0x0A, 0x20, 0x20, 0x20, 0x20, 0x20, 0x20, 0x20, 0x20, 0x20, 0x20, 0x20, 0x20, 0x20, 0x20, 
  0x20, 0x20, 0x20, 0x20, 0x20, 0x20, 0x20, 0x20, 0x20, 0x20, 0x3C, 0x6C, 0x61, 0x62, 0x65, 0x6C, 
  0x20, 0x66, 0x6F, 0x72, 0x3D, 0x22, 0x64, 0x61, 0x73, 0x68, 0x62, 0x6F, 0x61, 0x72, 0x64, 0x4C, 
  0x69, 0x6E, 0x6B, 0x4C, 0x6F, 0x63, 0x61, 0x74, 0x69, 0x6F, 0x6E, 0x22, 0x3E, 0x4C, 0x6F, 0x63, 
  0x61, 0x6C, 0x69, 0x7A, 0x61, 0x26, 0x23, 0x78, 0x45, 0x37, 0x3B, 0x26, 0x23, 0x78, 0x45, 0x33, 
  0x3B, 0x6F, 0x20, 0x28, 0x6F, 0x70, 0x63, 0x69, 0x6F, 0x6E, 0x61, 0x6C, 0x29, 0x3C, 0x2F, 0x6C, 
  0x61, 0x62, 0x65, 0x6C, 0x3E, 0x0A, 0x20, 0x20, 0x20, 0x20, 0x20, 0x20, 0x20, 0x20, 0x20, 0x20, 
  0x20, 0x20, 0x20, 0x20, 0x20, 0x20, 0x20, 0x20, 0x20, 0x20, 0x20, 0x20, 0x20, 0x20, 0x3C, 0x69, 
  0x6E, 0x70, 0x75, 0x74, 0x20, 0x69, 0x64, 0x3D, 0x22, 0x64, 0x61, 0x73, 0x68, 0x62, 0x6F, 0x61, 
  0x72, 0x64, 0x4C, 0x69, 0x6E, 0x6B, 0x4C, 0x6F, 0x63, 0x61, 0x74, 0x69, 0x6F, 0x6E, 0x22, 0x20, 
  0x74, 0x79, 0x70, 0x65, 0x3D, 0x22, 0x74, 0x65, 0x78, 0x74, 0x22, 0x20, 0x6D, 0x61, 0x78, 0x6C, 
  0x65, 0x6E, 0x67, 0x74, 0x68, 0x3D, 0x22, 0x32, 0x30, 0x30, 0x22, 0x20, 0x70, 0x6C, 0x61, 0x63, 
  0x65, 0x68, 0x6F, 0x6C, 0x64, 0x65, 0x72, 0x3D, 0x22, 0x4C, 0x61, 0x62, 0x6F, 0x72, 0x61, 0x74, 
  0x26, 0x23, 0x78, 0x46, 0x33, 0x3B, 0x72, 0x69, 0x6F, 0x20, 0x2F, 0x20, 0x53, 0x61, 0x6C, 0x61, 
  0x20, 0x30, 0x31, 0x22, 0x20, 0x2F, 0x3E, 0x0A, 0x20, 0x20, 0x20, 0x20, 0x20, 0x20, 0x20, 0x20, 
  0x20, 0x20, 0x20, 0x20, 0x20, 0x20, 0x20, 0x20, 0x20, 0x20, 0x20, 0x20, 0x20, 0x20, 0x3C, 0x2F, 
  0x64, 0x69, 0x76, 0x3E, 0x0A, 0x20, 0x20, 0x20, 0x20, 0x20, 0x20, 0x20, 0x20, 0x20, 0x20, 0x20, 
  0x20, 0x20, 0x20, 0x20, 0x20, 0x20, 0x20, 0x20, 0x20, 0x20, 0x20, 0x3C, 0x62, 0x75, 0x74, 0x74, 
  0x6F, 0x6E, 0x20, 0x69, 0x64, 0x3D, 0x22, 0x64, 0x61, 0x73, 0x68, 0x62, 0x6F, 0x61, 0x72, 0x64, 
  0x4C, 0x69, 0x6E, 0x6B, 0x42, 0x74, 0x6E, 0x22, 0x20, 0x63, 0x6C, 0x61, 0x73, 0x73, 0x3D, 0x22, 
  0x70, 0x72, 0x69, 0x6D, 0x61, 0x72, 0x79, 0x22, 0x20, 0x74, 0x79, 0x70, 0x65, 0x3D, 0x22, 0x62, 
  0x75, 0x74, 0x74, 0x6F, 0x6E, 0x22, 0x3E, 0x56, 0x69, 0x6E, 0x63, 0x75, 0x6C, 0x61, 0x72, 0x20, 
  0x61, 0x70, 0x61, 0x72, 0x65, 0x6C, 0x68, 0x6F, 0x3C, 0x2F, 0x62, 0x75, 0x74, 0x74, 0x6F, 0x6E, 
  0x3E, 0x0A, 0x20, 0x20, 0x20, 0x20, 0x20, 0x20, 0x20, 0x20, 0x20, 0x20, 0x20, 0x20, 0x20, 0x20, 
  0x20, 0x20, 0x20, 0x20, 0x20, 0x20, 0x3C, 0x2F, 0x64, 0x69, 0x76, 0x3E, 0x0A, 0x20, 0x20, 0x20, 
  0x20, 0x20, 0x20, 0x20, 0x20, 0x20, 0x20, 0x20, 0x20, 0x20, 0x20, 0x20, 0x20, 0x20, 0x20, 0x20, 
  0x20, 0x3C, 0x64, 0x69, 0x76, 0x20, 0x69, 0x64, 0x3D, 0x22, 0x64, 0x61, 0x73, 0x68, 0x62, 0x6F, 
  0x61, 0x72, 0x64, 0x4C, 0x69, 0x6E, 0x6B, 0x65, 0x64, 0x53, 0x74, 0x61, 0x74, 0x65, 0x22, 0x20, 
  0x63, 0x6C, 0x61, 0x73, 0x73, 0x3D, 0x22, 0x64, 0x61, 0x73, 0x68, 0x62, 0x6F, 0x61, 0x72, 0x64, 
  0x2D, 0x6C, 0x69, 0x6E, 0x6B, 0x65, 0x64, 0x20, 0x68, 0x69, 0x64, 0x64, 0x65, 0x6E, 0x22, 0x20, 
  0x61, 0x72, 0x69, 0x61, 0x2D, 0x6C, 0x69, 0x76, 0x65, 0x3D, 0x22, 0x70, 0x6F, 0x6C, 0x69, 0x74, 
  0x65, 0x22, 0x3E, 0x0A, 0x20, 0x20, 0x20, 0x20, 0x20, 0x20, 0x20, 0x20, 0x20, 0x20, 0x20, 0x20, 
  0x20, 0x20, 0x20, 0x20, 0x20, 0x20, 0x20, 0x20, 0x20, 0x20, 0x3C, 0x73, 0x70, 0x61, 0x6E, 0x20, 
  0x63, 0x6C, 0x61, 0x73, 0x73, 0x3D, 0x22, 0x70, 0x69, 0x6C, 0x6C, 0x22, 0x3E, 0x41, 0x70, 0x61, 
  0x72, 0x65, 0x6C, 0x68, 0x6F, 0x20, 0x76, 0x69, 0x6E, 0x63, 0x75, 0x6C, 0x61, 0x64, 0x6F, 0x3C, 
  0x2F, 0x73, 0x70, 0x61, 0x6E, 0x3E, 0x0A, 0x20, 0x20, 0x20, 0x20, 0x20, 0x20, 0x20, 0x20, 0x20, 
  0x20, 0x20, 0x20, 0x20, 0x20, 0x20, 0x20, 0x20, 0x20, 0x20, 0x20, 0x20, 0x20, 0x3C, 0x64, 0x69, 
  0x76, 0x20, 0x69, 0x64, 0x3D, 0x22, 0x64, 0x61, 0x73, 0x68, 0x62, 0x6F, 0x61, 0x72, 0x64, 0x4C, 
  0x69, 0x6E, 0x6B, 0x44, 0x65, 0x74, 0x61, 0x69, 0x6C, 0x73, 0x22, 0x20, 0x63, 0x6C, 0x61, 0x73, 
  0x73, 0x3D, 0x22, 0x6D, 0x75, 0x74, 0x65, 0x64, 0x22, 0x3E, 0x3C, 0x2F, 0x64, 0x69, 0x76, 0x3E, 
  0x0A, 0x20, 0x20, 0x20, 0x20, 0x20, 0x20, 0x20, 0x20, 0x20, 0x20, 0x20, 0x20, 0x20, 0x20, 0x20, 
  0x20, 0x20, 0x20, 0x20, 0x20, 0x20, 0x20, 0x3C, 0x64, 0x69, 0x76, 0x20, 0x69, 0x64, 0x3D, 0x22, 
  0x64, 0x61, 0x73, 0x68, 0x62, 0x6F, 0x61, 0x72, 0x64, 0x54, 0x72, 0x61, 0x6E, 0x73, 0x70, 0x6F, 
  0x72, 0x74, 0x53, 0x74, 0x61, 0x74, 0x75, 0x73, 0x22, 0x20, 0x63, 0x6C, 0x61, 0x73, 0x73, 0x3D, 
  0x22, 0x6D, 0x75, 0x74, 0x65, 0x64, 0x22, 0x3E, 0x3C, 0x2F, 0x64, 0x69, 0x76, 0x3E, 0x0A, 0x20, 
  0x20, 0x20, 0x20, 0x20, 0x20, 0x20, 0x20, 0x20, 0x20, 0x20, 0x20, 0x20, 0x20, 0x20, 0x20, 0x20, 
  0x20, 0x20, 0x20, 0x20, 0x20, 0x3C, 0x64, 0x69, 0x76, 0x20, 0x69, 0x64, 0x3D, 0x22, 0x64, 0x61, 
  0x73, 0x68, 0x62, 0x6F, 0x61, 0x72, 0x64, 0x4C, 0x69, 0x6E, 0x6B, 0x53, 0x65, 0x6E, 0x64, 0x53, 
  0x74, 0x61, 0x74, 0x75, 0x73, 0x22, 0x20, 0x63, 0x6C, 0x61, 0x73, 0x73, 0x3D, 0x22, 0x6D, 0x75, 
  0x74, 0x65, 0x64, 0x22, 0x3E, 0x3C, 0x2F, 0x64, 0x69, 0x76, 0x3E, 0x0A, 0x20, 0x20, 0x20, 0x20, 
  0x20, 0x20, 0x20, 0x20, 0x20, 0x20, 0x20, 0x20, 0x20, 0x20, 0x20, 0x20, 0x20, 0x20, 0x20, 0x20, 
  0x20, 0x20, 0x3C, 0x62, 0x75, 0x74, 0x74, 0x6F, 0x6E, 0x20, 0x69, 0x64, 0x3D, 0x22, 0x64, 0x61, 
  0x73, 0x68, 0x62, 0x6F, 0x61, 0x72, 0x64, 0x55, 0x6E, 0x6C, 0x69, 0x6E, 0x6B, 0x42, 0x74, 0x6E, 
  0x22, 0x20, 0x63, 0x6C, 0x61, 0x73, 0x73, 0x3D, 0x22, 0x64, 0x61, 0x6E, 0x67, 0x65, 0x72, 0x22, 
  0x20, 0x74, 0x79, 0x70, 0x65, 0x3D, 0x22, 0x62, 0x75, 0x74, 0x74, 0x6F, 0x6E, 0x22, 0x3E, 0x52, 
  0x65, 0x6D, 0x6F, 0x76, 0x65, 0x72, 0x20, 0x76, 0x26, 0x23, 0x78, 0x45, 0x44, 0x3B, 0x6E, 0x63, 
  0x75, 0x6C, 0x6F, 0x3C, 0x2F, 0x62, 0x75, 0x74, 0x74, 0x6F, 0x6E, 0x3E, 0x0A, 0x20, 0x20, 0x20, 
  0x20, 0x20, 0x20, 0x20, 0x20, 0x20, 0x20, 0x20, 0x20, 0x20, 0x20, 0x20, 0x20, 0x20, 0x20, 0x20, 
  0x20, 0x3C, 0x2F, 0x64, 0x69, 0x76, 0x3E, 0x0A, 0x20, 0x20, 0x20, 0x20, 0x20, 0x20, 0x20, 0x20, 
  0x20, 0x20, 0x20, 0x20, 0x20, 0x20, 0x20, 0x20, 0x20, 0x20, 0x20, 0x20, 0x3C, 0x64, 0x69, 0x76, 
  0x20, 0x69, 0x64, 0x3D, 0x22, 0x64, 0x61, 0x73, 0x68, 0x62, 0x6F, 0x61, 0x72, 0x64, 0x4C, 0x69, 
  0x6E, 0x6B, 0x4D, 0x65, 0x73, 0x73, 0x61, 0x67, 0x65, 0x22, 0x20, 0x63, 0x6C, 0x61, 0x73, 0x73, 
  0x3D, 0x22, 0x6D, 0x75, 0x74, 0x65, 0x64, 0x22, 0x20, 0x61, 0x72, 0x69, 0x61, 0x2D, 0x6C, 0x69, 
  0x76, 0x65, 0x3D, 0x22, 0x70, 0x6F, 0x6C, 0x69, 0x74, 0x65, 0x22, 0x3E, 0x3C, 0x2F, 0x64, 0x69, 
  0x76, 0x3E, 0x0A, 0x20, 0x20, 0x20, 0x20, 0x20, 0x20, 0x20, 0x20, 0x20, 0x20, 0x20, 0x20, 0x20, 
  0x20, 0x20, 0x20, 0x20, 0x20, 0x20, 0x20, 0x3C, 0x70, 0x20, 0x63, 0x6C, 0x61, 0x73, 0x73, 0x3D, 
  0x22, 0x6C, 0x69, 0x6E, 0x6B, 0x2D, 0x73, 0x65, 0x63, 0x75, 0x72, 0x69, 0x74, 0x79, 0x2D, 0x6E, 
  0x6F, 0x74, 0x65, 0x22, 0x3E, 0x48, 0x54, 0x54, 0x50, 0x53, 0x20, 0x76, 0x61, 0x6C, 0x69, 0x64, 
  0x61, 0x20, 0x6F, 0x20, 0x63, 0x65, 0x72, 0x74, 0x69, 0x66, 0x69, 0x63, 0x61, 0x64, 0x6F, 0x20, 
  0x64, 0x6F, 0x20, 0x73, 0x65, 0x72, 0x76, 0x69, 0x64, 0x6F, 0x72, 0x2E, 0x20, 0x48, 0x54, 0x54, 
  0x50, 0x20, 0x6E, 0x26, 0x23, 0x78, 0x45, 0x33, 0x3B, 0x6F, 0x20, 0x63, 0x72, 0x69, 0x70, 0x74, 
  0x6F, 0x67, 0x72, 0x61, 0x66, 0x61, 0x20, 0x63, 0x72, 0x65, 0x64, 0x65, 0x6E, 0x63, 0x69, 0x61, 
  0x69, 0x73, 0x20, 0x6F, 0x75, 0x20, 0x6C, 0x65, 0x69, 0x74, 0x75, 0x72, 0x61, 0x73, 0x20, 0x65, 
  0x20, 0x73, 0x26, 0x23, 0x78, 0x46, 0x33, 0x3B, 0x20, 0x64, 0x65, 0x76, 0x65, 0x20, 0x73, 0x65, 
  0x72, 0x20, 0x75, 0x73, 0x61, 0x64, 0x6F, 0x20, 0x65, 0x6D, 0x20, 0x72, 0x65, 0x64, 0x65, 0x20, 
  0x63, 0x6F, 0x6E, 0x66, 0x69, 0x26, 0x23, 0x78, 0x45, 0x31, 0x3B, 0x76, 0x65, 0x6C, 0x2E, 0x20, 
  0x41, 0x20, 0x70, 0x26, 0x23, 0x78, 0x45, 0x31, 0x3B, 0x67, 0x69, 0x6E, 0x61, 0x20, 0x6C, 0x6F, 
  0x63, 0x61, 0x6C, 0x20, 0x64, 0x6F, 0x20, 0x45, 0x53, 0x50, 0x33, 0x32, 0x20, 0x74, 0x61, 0x6D, 
  0x62, 0x26, 0x23, 0x78, 0x45, 0x39, 0x3B, 0x6D, 0x20, 0x75, 0x73, 0x61, 0x20, 0x48, 0x54, 0x54, 
  0x50, 0x2E, 0x3C, 0x2F, 0x70, 0x3E, 0x0A, 0x20, 0x20, 0x20, 0x20, 0x20, 0x20, 0x20, 0x20, 0x20, 
  0x20, 0x20, 0x20, 0x20, 0x20, 0x20, 0x20, 0x20, 0x20, 0x3C, 0x2F, 0x64, 0x69, 0x76, 0x3E, 0x0A, 
  0x20, 0x20, 0x20, 0x20, 0x20, 0x20, 0x20, 0x20, 0x20, 0x20, 0x20, 0x20, 0x20, 0x20, 0x20, 0x20, 
  0x3C, 0x2F, 0x64, 0x69, 0x76, 0x3E, 0x0A, 0x20, 0x20, 0x20, 0x20, 0x20, 0x20, 0x20, 0x20, 0x20, 
  0x20, 0x20, 0x20, 0x20, 0x20, 0x3C, 0x2F, 0x73, 0x65, 0x63, 0x74, 0x69, 0x6F, 0x6E, 0x3E, 0x0A, 
  0x0A, 0x20, 0x20, 0x20, 0x20, 0x20, 0x20, 0x20, 0x20, 0x20, 0x20, 0x20, 0x20, 0x20, 0x20, 0x3C, 
  0x73, 0x65, 0x63, 0x74, 0x69, 0x6F, 0x6E, 0x20, 0x69, 0x64, 0x3D, 0x22, 0x74, 0x61, 0x62, 0x2D, 
  0x6F, 0x76, 0x65, 0x72, 0x76, 0x69, 0x65, 0x77, 0x22, 0x20, 0x63, 0x6C, 0x61, 0x73, 0x73, 0x3D, 
  0x22, 0x70, 0x61, 0x6E, 0x65, 0x6C, 0x22, 0x3E, 0x0A, 0x20, 0x20, 0x20, 0x20, 0x20, 0x20, 0x20, 
  0x20, 0x20, 0x20, 0x20, 0x20, 0x20, 0x20, 0x20, 0x20, 0x3C, 0x68, 0x32, 0x20, 0x63, 0x6C, 0x61, 
  0x73, 0x73, 0x3D, 0x22, 0x73, 0x65, 0x63, 0x74, 0x69, 0x6F, 0x6E, 0x2D, 0x74, 0x69, 0x74, 0x6C, 
  0x65, 0x22, 0x20, 0x69, 0x64, 0x3D, 0x22, 0x64, 0x65, 0x76, 0x69, 0x63, 0x65, 0x4E, 0x61, 0x6D, 
  0x65, 0x54, 0x69, 0x74, 0x6C, 0x65, 0x22, 0x3E, 0x3C, 0x2F, 0x68, 0x32, 0x3E, 0x0A, 0x20, 0x20, 
  0x20, 0x20, 0x20, 0x20, 0x20, 0x20, 0x20, 0x20, 0x20, 0x20, 0x20, 0x20, 0x20, 0x20, 0x3C, 0x64, 
  0x69, 0x76, 0x20, 0x63, 0x6C, 0x61, 0x73, 0x73, 0x3D, 0x22, 0x73, 0x74, 0x72, 0x65, 0x74, 0x63, 
  0x68, 0x22, 0x20, 0x73, 0x74, 0x79, 0x6C, 0x65, 0x3D, 0x22, 0x6D, 0x61, 0x72, 0x67, 0x69, 0x6E, 
  0x2D, 0x62, 0x6F, 0x74, 0x74, 0x6F, 0x6D, 0x3A, 0x31, 0x38, 0x70, 0x78, 0x3B, 0x20, 0x67, 0x61, 
  0x70, 0x3A, 0x31, 0x34, 0x70, 0x78, 0x3B, 0x20, 0x66, 0x6C, 0x65, 0x78, 0x2D, 0x77, 0x72, 0x61, 
  0x70, 0x3A, 0x77, 0x72, 0x61, 0x70, 0x3B, 0x22, 0x3E, 0x0A, 0x20, 0x20, 0x20, 0x20, 0x20, 0x20, 
  0x20, 0x20, 0x20, 0x20, 0x20, 0x20, 0x20, 0x20, 0x20, 0x20, 0x20, 0x20, 0x3C, 0x73, 0x70, 0x61, 
  0x6E, 0x20, 0x69, 0x64, 0x3D, 0x22, 0x64, 0x61, 0x74, 0x65, 0x54, 0x69, 0x6D, 0x65, 0x44, 0x69, 
  0x73, 0x70, 0x6C, 0x61, 0x79, 0x22, 0x20, 0x63, 0x6C, 0x61, 0x73, 0x73, 0x3D, 0x22, 0x70, 0x69, 
  0x6C, 0x6C, 0x22, 0x3E, 0x44, 0x61, 0x74, 0x61, 0x20, 0x65, 0x20, 0x68, 0x6F, 0x72, 0x61, 0x3A, 
  0x20, 0x2D, 0x2D, 0x3C, 0x2F, 0x73, 0x70, 0x61, 0x6E, 0x3E, 0x0A, 0x20, 0x20, 0x20, 0x20, 0x20, 
  0x20, 0x20, 0x20, 0x20, 0x20, 0x20, 0x20, 0x20, 0x20, 0x20, 0x20, 0x3C, 0x2F, 0x64, 0x69, 0x76, 
  0x3E, 0x0A, 0x20, 0x20, 0x20, 0x20, 0x20, 0x20, 0x20, 0x20, 0x20, 0x20, 0x20, 0x20, 0x20, 0x20, 
  0x20, 0x20, 0x3C, 0x64, 0x69, 0x76, 0x20, 0x69, 0x64, 0x3D, 0x22, 0x6E, 0x65, 0x74, 0x77, 0x6F, 
  0x72, 0x6B, 0x43, 0x61, 0x72, 0x64, 0x22, 0x20, 0x63, 0x6C, 0x61, 0x73, 0x73, 0x3D, 0x22, 0x6D, 
  0x65, 0x74, 0x72, 0x69, 0x63, 0x22, 0x20, 0x73, 0x74, 0x79, 0x6C, 0x65, 0x3D, 0x22, 0x6D, 0x61, 
  0x72, 0x67, 0x69, 0x6E, 0x2D, 0x74, 0x6F, 0x70, 0x3A, 0x31, 0x38, 0x70, 0x78, 0x3B, 0x22, 0x20, 
  0x64, 0x61, 0x74, 0x61, 0x2D, 0x76, 0x69, 0x73, 0x69, 0x62, 0x6C, 0x65, 0x2D, 0x66, 0x6F, 0x72, 
  0x3D, 0x22, 0x6E, 0x65, 0x74, 0x77, 0x6F, 0x72, 0x6B, 0x22, 0x3E, 0x0A, 0x20, 0x20, 0x20, 0x20, 
  0x20, 0x20, 0x20, 0x20, 0x20, 0x20, 0x20, 0x20, 0x20, 0x20, 0x20, 0x20, 0x20, 0x20, 0x3C, 0x64, 
  0x69, 0x76, 0x20, 0x63, 0x6C, 0x61, 0x73, 0x73, 0x3D, 0x22, 0x6C, 0x61, 0x62, 0x65, 0x6C, 0x22, 
  0x3E, 0x52, 0x65, 0x64, 0x65, 0x20, 0x65, 0x20, 0x69, 0x6E, 0x74, 0x65, 0x72, 0x6E, 0x65, 0x74, 
  0x3C, 0x2F, 0x64, 0x69, 0x76, 0x3E, 0x0A, 0x20, 0x20, 0x20, 0x20, 0x20, 0x20, 0x20, 0x20, 0x20, 
  0x20, 0x20, 0x20, 0x20, 0x20, 0x20, 0x20, 0x20, 0x20, 0x3C, 0x64, 0x69, 0x76, 0x20, 0x69, 0x64, 
  0x3D, 0x22, 0x6E, 0x65, 0x74, 0x77, 0x6F, 0x72, 0x6B, 0x4E, 0x61, 0x6D, 0x65, 0x22, 0x20, 0x63, 
  0x6C, 0x61, 0x73, 0x73, 0x3D, 0x22, 0x76, 0x61, 0x6C, 0x75, 0x65, 0x22, 0x3E, 0x2D, 0x2D, 0x3C, 
  0x2F, 0x64, 0x69, 0x76, 0x3E, 0x0A, 0x20, 0x20, 0x20, 0x20, 0x20, 0x20, 0x20, 0x20, 0x20, 0x20, 
  0x20, 0x20, 0x20, 0x20, 0x20, 0x20, 0x20, 0x20, 0x3C, 0x64, 0x69, 0x76, 0x20, 0x69, 0x64, 0x3D, 
  0x22, 0x6E, 0x65, 0x74, 0x77, 0x6F, 0x72, 0x6B, 0x41, 0x63, 0x63, 0x65, 0x73, 0x73, 0x49, 0x70, 
  0x22, 0x20, 0x63, 0x6C, 0x61, 0x73, 0x73, 0x3D, 0x22, 0x6D, 0x75, 0x74, 0x65, 0x64, 0x22, 0x3E, 
  0x49, 0x50, 0x20, 0x64, 0x65, 0x20, 0x61, 0x63, 0x65, 0x73, 0x73, 0x6F, 0x3A, 0x20, 0x61, 0x67, 
  0x75, 0x61, 0x72, 0x64, 0x61, 0x6E, 0x64, 0x6F, 0x3C, 0x2F, 0x64, 0x69, 0x76, 0x3E, 0x0A, 0x20, 
  0x20, 0x20, 0x20, 0x20, 0x20, 0x20, 0x20, 0x20, 0x20, 0x20, 0x20, 0x20, 0x20, 0x20, 0x20, 0x20, 
  0x20, 0x3C, 0x64, 0x69, 0x76, 0x20, 0x69, 0x64, 0x3D, 0x22, 0x6E, 0x65, 0x74, 0x77, 0x6F, 0x72, 
  0x6B, 0x41, 0x63, 0x63, 0x65, 0x73, 0x73, 0x48, 0x6F, 0x73, 0x74, 0x22, 0x20, 0x63, 0x6C, 0x61, 
  0x73, 0x73, 0x3D, 0x22, 0x6D, 0x75, 0x74, 0x65, 0x64, 0x22, 0x3E, 0x45, 0x6E, 0x64, 0x65, 0x72, 
  0x65, 0x26, 0x23, 0x78, 0x45, 0x37, 0x3B, 0x6F, 0x3A, 0x20, 0x61, 0x67, 0x75, 0x61, 0x72, 0x64, 
  0x61, 0x6E, 0x64, 0x6F, 0x3C, 0x2F, 0x64, 0x69, 0x76, 0x3E, 0x0A, 0x20, 0x20, 0x20, 0x20, 0x20, 
  0x20, 0x20, 0x20, 0x20, 0x20, 0x20, 0x20, 0x20, 0x20, 0x20, 0x20, 0x20, 0x20, 0x3C, 0x64, 0x69, 
  0x76, 0x20, 0x69, 0x64, 0x3D, 0x22, 0x6E, 0x65, 0x74, 0x77, 0x6F, 0x72, 0x6B, 0x43, 0x6F, 0x6E, 
  0x6E, 0x65, 0x63, 0x74, 0x69, 0x6F, 0x6E, 0x54, 0x79, 0x70, 0x65, 0x22, 0x20, 0x63, 0x6C, 0x61, 
  0x73, 0x73, 0x3D, 0x22, 0x6D, 0x75, 0x74, 0x65, 0x64, 0x22, 0x3E, 0x54, 0x69, 0x70, 0x6F, 0x20, 
  0x64, 0x65, 0x20, 0x63, 0x6F, 0x6E, 0x65, 0x78, 0x26, 0x23, 0x78, 0x45, 0x33, 0x3B, 0x6F, 0x3A, 
  0x20, 0x61, 0x67, 0x75, 0x61, 0x72, 0x64, 0x61, 0x6E, 0x64, 0x6F, 0x3C, 0x2F, 0x64, 0x69, 0x76, 
  0x3E, 0x0A, 0x20, 0x20, 0x20, 0x20, 0x20, 0x20, 0x20, 0x20, 0x20, 0x20, 0x20, 0x20, 0x20, 0x20, 
  0x20, 0x20, 0x20, 0x20, 0x3C, 0x64, 0x69, 0x76, 0x20, 0x69, 0x64, 0x3D, 0x22, 0x69, 0x6E, 0x74, 
  0x65, 0x72, 0x6E, 0x65, 0x74, 0x53, 0x74, 0x61, 0x74, 0x75, 0x73, 0x22, 0x20, 0x63, 0x6C, 0x61, 
  0x73, 0x73, 0x3D, 0x22, 0x6D, 0x75, 0x74, 0x65, 0x64, 0x22, 0x3E, 0x49, 0x6E, 0x74, 0x65, 0x72, 
  0x6E, 0x65, 0x74, 0x3A, 0x20, 0x76, 0x65, 0x72, 0x69, 0x66, 0x69, 0x63, 0x61, 0x6E, 0x64, 0x6F, 
  0x2E, 0x2E, 0x2E, 0x3C, 0x2F, 0x64, 0x69, 0x76, 0x3E, 0x0A, 0x20, 0x20, 0x20, 0x20, 0x20, 0x20, 
  0x20, 0x20, 0x20, 0x20, 0x20, 0x20, 0x20, 0x20, 0x20, 0x20, 0x3C, 0x2F, 0x64, 0x69, 0x76, 0x3E, 
  0x0A, 0x20, 0x20, 0x20, 0x20, 0x20, 0x20, 0x20, 0x20, 0x20, 0x20, 0x20, 0x20, 0x20, 0x20, 0x20, 
  0x20, 0x3C, 0x64, 0x69, 0x76, 0x20, 0x63, 0x6C, 0x61, 0x73, 0x73, 0x3D, 0x22, 0x67, 0x72, 0x69, 
  0x64, 0x2D, 0x33, 0x22, 0x20, 0x73, 0x74, 0x79, 0x6C, 0x65, 0x3D, 0x22, 0x6D, 0x61, 0x72, 0x67, 
  0x69, 0x6E, 0x2D, 0x74, 0x6F, 0x70, 0x3A, 0x32, 0x30, 0x70, 0x78, 0x3B, 0x22, 0x3E, 0x0A, 0x20, 
  0x20, 0x20, 0x20, 0x20, 0x20, 0x20, 0x20, 0x20, 0x20, 0x20, 0x20, 0x20, 0x20, 0x20, 0x20, 0x20, 
  0x20, 0x3C, 0x64, 0x69, 0x76, 0x20, 0x63, 0x6C, 0x61, 0x73, 0x73, 0x3D, 0x22, 0x6D, 0x65, 0x74, 
  0x72, 0x69, 0x63, 0x22, 0x20, 0x64, 0x61, 0x74, 0x61, 0x2D, 0x76, 0x69, 0x73, 0x69, 0x62, 0x6C, 
  0x65, 0x2D, 0x66, 0x6F, 0x72, 0x3D, 0x22, 0x74, 0x65, 0x6D, 0x70, 0x22, 0x3E, 0x0A, 0x20, 0x20, 
  0x20, 0x20, 0x20, 0x20, 0x20, 0x20, 0x20, 0x20, 0x20, 0x20, 0x20, 0x20, 0x20, 0x20, 0x20, 0x20, 
  0x20, 0x20, 0x3C, 0x64, 0x69, 0x76, 0x20, 0x63, 0x6C, 0x61, 0x73, 0x73, 0x3D, 0x22, 0x6C, 0x61, 
  0x62, 0x65, 0x6C, 0x22, 0x3E, 0x54, 0x65, 0x6D, 0x70, 0x65, 0x72, 0x61, 0x74, 0x75, 0x72, 0x61, 
  0x3C, 0x2F, 0x64, 0x69, 0x76, 0x3E, 0x0A, 0x20, 0x20, 0x20, 0x20, 0x20, 0x20, 0x20, 0x20, 0x20, 
  0x20, 0x20, 0x20, 0x20, 0x20, 0x20, 0x20, 0x20, 0x20, 0x20, 0x20, 0x3C, 0x64, 0x69, 0x76, 0x20, 
  0x69, 0x64, 0x3D, 0x22, 0x74, 0x65, 0x6D, 0x70, 0x56, 0x61, 0x6C, 0x75, 0x65, 0x22, 0x20, 0x63, 
  0x6C, 0x61, 0x73, 0x73, 0x3D, 0x22, 0x76, 0x61, 0x6C, 0x75, 0x65, 0x20, 0x6F, 0x6B, 0x22, 0x3E, 
  0x2D, 0x2D, 0x20, 0x26, 0x23, 0x78, 0x42, 0x30, 0x3B, 0x43, 0x3C, 0x2F, 0x64, 0x69, 0x76, 0x3E, 
  0x0A, 0x20, 0x20, 0x20, 0x20, 0x20, 0x20, 0x20, 0x20, 0x20, 0x20, 0x20, 0x20, 0x20, 0x20, 0x20, 
  0x20, 0x20, 0x20, 0x3C, 0x2F, 0x64, 0x69, 0x76, 0x3E, 0x0A, 0x20, 0x20, 0x20, 0x20, 0x20, 0x20, 
  0x20, 0x20, 0x20, 0x20, 0x20, 0x20, 0x20, 0x20, 0x20, 0x20, 0x20, 0x20, 0x3C, 0x64, 0x69, 0x76, 
  0x20, 0x63, 0x6C, 0x61, 0x73, 0x73, 0x3D, 0x22, 0x6D, 0x65, 0x74, 0x72, 0x69, 0x63, 0x22, 0x20, 
  0x64, 0x61, 0x74, 0x61, 0x2D, 0x76, 0x69, 0x73, 0x69, 0x62, 0x6C, 0x65, 0x2D, 0x66, 0x6F, 0x72, 
  0x3D, 0x22, 0x75, 0x6D, 0x69, 0x64, 0x22, 0x3E, 0x0A, 0x20, 0x20, 0x20, 0x20, 0x20, 0x20, 0x20, 
  0x20, 0x20, 0x20, 0x20, 0x20, 0x20, 0x20, 0x20, 0x20, 0x20, 0x20, 0x20, 0x20, 0x3C, 0x64, 0x69, 
  0x76, 0x20, 0x63, 0x6C, 0x61, 0x73, 0x73, 0x3D, 0x22, 0x6C, 0x61, 0x62, 0x65, 0x6C, 0x22, 0x3E, 
  0x55, 0x6D, 0x69, 0x64, 0x61, 0x64, 0x65, 0x3C, 0x2F, 0x64, 0x69, 0x76, 0x3E, 0x0A, 0x20, 0x20, 
  0x20, 0x20, 0x20, 0x20, 0x20, 0x20, 0x20, 0x20, 0x20, 0x20, 0x20, 0x20, 0x20, 0x20, 0x20, 0x20, 
  0x20, 0x20, 0x3C, 0x64, 0x69, 0x76, 0x20, 0x69, 0x64, 0x3D, 0x22, 0x68, 0x75, 0x6D, 0x69, 0x64, 
  0x69, 0x74, 0x79, 0x56, 0x61, 0x6C, 0x75, 0x65, 0x22, 0x20, 0x63, 0x6C, 0x61, 0x73, 0x73, 0x3D, 
  0x22, 0x76, 0x61, 0x6C, 0x75, 0x65, 0x20, 0x6F, 0x6B, 0x22, 0x3E, 0x2D, 0x2D, 0x20, 0x25, 0x3C, 
  0x2F, 0x64, 0x69, 0x76, 0x3E, 0x0A, 0x20, 0x20, 0x20, 0x20, 0x20, 0x20, 0x20, 0x20, 0x20, 0x20, 
  0x20, 0x20, 0x20, 0x20, 0x20, 0x20, 0x20, 0x20, 0x3C, 0x2F, 0x64, 0x69, 0x76, 0x3E, 0x0A, 0x20, 
  0x20, 0x20, 0x20, 0x20, 0x20, 0x20, 0x20, 0x20, 0x20, 0x20, 0x20, 0x20, 0x20, 0x20, 0x20, 0x20, 
  0x20, 0x3C, 0x64, 0x69, 0x76, 0x20, 0x63, 0x6C, 0x61, 0x73, 0x73, 0x3D, 0x22, 0x6D, 0x65, 0x74, 
  0x72, 0x69, 0x63, 0x22, 0x20, 0x64, 0x61, 0x74, 0x61, 0x2D, 0x76, 0x69, 0x73, 0x69, 0x62, 0x6C, 
  0x65, 0x2D, 0x66, 0x6F, 0x72, 0x3D, 0x22, 0x67, 0x61, 0x73, 0x22, 0x3E, 0x0A, 0x20, 0x20, 0x20, 
  0x20, 0x20, 0x20, 0x20, 0x20, 0x20, 0x20, 0x20, 0x20, 0x20, 0x20, 0x20, 0x20, 0x20, 0x20, 0x20, 
  0x20, 0x3C, 0x64, 0x69, 0x76, 0x20, 0x63, 0x6C, 0x61, 0x73, 0x73, 0x3D, 0x22, 0x6C, 0x61, 0x62, 
  0x65, 0x6C, 0x22, 0x3E, 0x47, 0x26, 0x23, 0x78, 0x45, 0x31, 0x3B, 0x73, 0x3C, 0x2F, 0x64, 0x69, 
  0x76, 0x3E, 0x0A, 0x20, 0x20, 0x20, 0x20, 0x20, 0x20, 0x20, 0x20, 0x20, 0x20, 0x20, 0x20, 0x20, 
  0x20, 0x20, 0x20, 0x20, 0x20, 0x20, 0x20, 0x3C, 0x64, 0x69, 0x76, 0x20, 0x69, 0x64, 0x3D, 0x22, 
  0x67, 0x61, 0x73, 0x56, 0x61, 0x6C, 0x75, 0x65, 0x22, 0x20, 0x63, 0x6C, 0x61, 0x73, 0x73, 0x3D, 
  0x22, 0x76, 0x61, 0x6C, 0x75, 0x65, 0x20, 0x6F, 0x6B, 0x22, 0x3E, 0x2D, 0x2D, 0x20, 0x41, 0x44, 
  0x43, 0x3C, 0x2F, 0x64, 0x69, 0x76, 0x3E, 0x0A, 0x20, 0x20, 0x20, 0x20, 0x20, 0x20, 0x20, 0x20, 
  0x20, 0x20, 0x20, 0x20, 0x20, 0x20, 0x20, 0x20, 0x20, 0x20, 0x3C, 0x2F, 0x64, 0x69, 0x76, 0x3E, 
  0x0A, 0x20, 0x20, 0x20, 0x20, 0x20, 0x20, 0x20, 0x20, 0x20, 0x20, 0x20, 0x20, 0x20, 0x20, 0x20, 
  0x20, 0x3C, 0x2F, 0x64, 0x69, 0x76, 0x3E, 0x0A, 0x20, 0x20, 0x20, 0x20, 0x20, 0x20, 0x20, 0x20, 
  0x20, 0x20, 0x20, 0x20, 0x20, 0x20, 0x20, 0x20, 0x3C, 0x64, 0x69, 0x76, 0x20, 0x63, 0x6C, 0x61, 
  0x73, 0x73, 0x3D, 0x22, 0x73, 0x74, 0x72, 0x65, 0x74, 0x63, 0x68, 0x22, 0x20, 0x73, 0x74, 0x79, 
  0x6C, 0x65, 0x3D, 0x22, 0x6D, 0x61, 0x72, 0x67, 0x69, 0x6E, 0x2D, 0x74, 0x6F, 0x70, 0x3A, 0x32, 
  0x30, 0x70, 0x78, 0x3B, 0x22, 0x3E, 0x0A, 0x20, 0x20, 0x20, 0x20, 0x20, 0x20, 0x20, 0x20, 0x20, 
  0x20, 0x20, 0x20, 0x20, 0x20, 0x20, 0x20, 0x20, 0x20, 0x3C, 0x73, 0x70, 0x61, 0x6E, 0x20, 0x69, 
  0x64, 0x3D, 0x22, 0x77, 0x69, 0x66, 0x69, 0x53, 0x74, 0x61, 0x74, 0x65, 0x22, 0x20, 0x63, 0x6C, 
  0x61, 0x73, 0x73, 0x3D, 0x22, 0x70, 0x69, 0x6C, 0x6C, 0x22, 0x20, 0x64, 0x61, 0x74, 0x61, 0x2D, 
  0x76, 0x69, 0x73, 0x69, 0x62, 0x6C, 0x65, 0x2D, 0x66, 0x6F, 0x72, 0x3D, 0x22, 0x77, 0x69, 0x66, 
  0x69, 0x22, 0x3E, 0x57, 0x69, 0x26, 0x23, 0x78, 0x32, 0x30, 0x31, 0x31, 0x3B, 0x46, 0x69, 0x3A, 
  0x20, 0x61, 0x67, 0x75, 0x61, 0x72, 0x64, 0x61, 0x6E, 0x64, 0x6F, 0x3C, 0x2F, 0x73, 0x70, 0x61, 
  0x6E, 0x3E, 0x0A, 0x20, 0x20, 0x20, 0x20, 0x20, 0x20, 0x20, 0x20, 0x20, 0x20, 0x20, 0x20, 0x20, 
  0x20, 0x20, 0x20, 0x20, 0x20, 0x3C, 0x73, 0x70, 0x61, 0x6E, 0x20, 0x69, 0x64, 0x3D, 0x22, 0x61, 
  0x6C, 0x65, 0x72, 0x74, 0x53, 0x74, 0x61, 0x74, 0x65, 0x22, 0x20, 0x63, 0x6C, 0x61, 0x73, 0x73, 
  0x3D, 0x22, 0x70, 0x69, 0x6C, 0x6C, 0x20, 0x77, 0x61, 0x72, 0x6E, 0x22, 0x3E, 0x53, 0x65, 0x6D, 
  0x20, 0x61, 0x6C, 0x61, 0x72, 0x6D, 0x65, 0x73, 0x3C, 0x2F, 0x73, 0x70, 0x61, 0x6E, 0x3E, 0x0A, 
  0x20, 0x20, 0x20, 0x20, 0x20, 0x20, 0x20, 0x20, 0x20, 0x20, 0x20, 0x20, 0x20, 0x20, 0x20, 0x20, 
  0x20, 0x20, 0x3C, 0x62, 0x75, 0x74, 0x74, 0x6F, 0x6E, 0x20, 0x69, 0x64, 0x3D, 0x22, 0x73, 0x69, 
  0x6C, 0x65, 0x6E, 0x63, 0x65, 0x41, 0x6C, 0x61, 0x72, 0x6D, 0x42, 0x74, 0x6E, 0x22, 0x20, 0x63, 
  0x6C, 0x61, 0x73, 0x73, 0x3D, 0x22, 0x73, 0x65, 0x63, 0x6F, 0x6E, 0x64, 0x61, 0x72, 0x79, 0x20, 
  0x61, 0x6C, 0x61, 0x72, 0x6D, 0x2D, 0x61, 0x63, 0x74, 0x69, 0x6F, 0x6E, 0x22, 0x20, 0x74, 0x79, 
  0x70, 0x65, 0x3D, 0x22, 0x62, 0x75, 0x74, 0x74, 0x6F, 0x6E, 0x22, 0x3E, 0x44, 0x65, 0x73, 0x61, 
  0x74, 0x69, 0x76, 0x61, 0x72, 0x20, 0x61, 0x6C, 0x61, 0x72, 0x6D, 0x65, 0x20, 0x73, 0x6F, 0x6E, 
  0x6F, 0x72, 0x6F, 0x3C, 0x2F, 0x62, 0x75, 0x74, 0x74, 0x6F, 0x6E, 0x3E, 0x0A, 0x20, 0x20, 0x20, 
  0x20, 0x20, 0x20, 0x20, 0x20, 0x20, 0x20, 0x20, 0x20, 0x20, 0x20, 0x20, 0x20, 0x3C, 0x2F, 0x64, 
  0x69, 0x76, 0x3E, 0x0A, 0x20, 0x20, 0x20, 0x20, 0x20, 0x20, 0x20, 0x20, 0x20, 0x20, 0x20, 0x20, 
  0x20, 0x20, 0x20, 0x20, 0x3C, 0x64, 0x69, 0x76, 0x20, 0x63, 0x6C, 0x61, 0x73, 0x73, 0x3D, 0x22, 
  0x6F, 0x76, 0x65, 0x72, 0x76, 0x69, 0x65, 0x77, 0x2D, 0x6C, 0x6F, 0x67, 0x20, 0x6D, 0x65, 0x74, 
  0x72, 0x69, 0x63, 0x22, 0x3E, 0x0A, 0x20, 0x20, 0x20, 0x20, 0x20, 0x20, 0x20, 0x20, 0x20, 0x20, 
  0x20, 0x20, 0x20, 0x20, 0x20, 0x20, 0x20, 0x20, 0x3C, 0x68, 0x33, 0x3E, 0x26, 0x23, 0x78, 0x44, 
  0x41, 0x3B, 0x6C, 0x74, 0x69, 0x6D, 0x6F, 0x73, 0x20, 0x65, 0x76, 0x65, 0x6E, 0x74, 0x6F, 0x73, 
  0x3C, 0x2F, 0x68, 0x33, 0x3E, 0x0A, 0x20, 0x20, 0x20, 0x20, 0x20, 0x20, 0x20, 0x20, 0x20, 0x20, 
  0x20, 0x20, 0x20, 0x20, 0x20, 0x20, 0x20, 0x20, 0x3C, 0x64, 0x69, 0x76, 0x20, 0x69, 0x64, 0x3D, 
  0x22, 0x6F, 0x76, 0x65, 0x72, 0x76, 0x69, 0x65, 0x77, 0x4C, 0x6F, 0x67, 0x4C, 0x69, 0x73, 0x74, 
  0x22, 0x20, 0x63, 0x6C, 0x61, 0x73, 0x73, 0x3D, 0x22, 0x6D, 0x75, 0x74, 0x65, 0x64, 0x22, 0x3E, 
  0x43, 0x61, 0x72, 0x72, 0x65, 0x67, 0x61, 0x6E, 0x64, 0x6F, 0x20, 0x65, 0x76, 0x65, 0x6E, 0x74, 
  0x6F, 0x73, 0x2E, 0x2E, 0x2E, 0x3C, 0x2F, 0x64, 0x69, 0x76, 0x3E, 0x0A, 0x20, 0x20, 0x20, 0x20, 
  0x20, 0x20, 0x20, 0x20, 0x20, 0x20, 0x20, 0x20, 0x20, 0x20, 0x20, 0x20, 0x3C, 0x2F, 0x64, 0x69, 
  0x76, 0x3E, 0x0A, 0x20, 0x20, 0x20, 0x20, 0x20, 0x20, 0x20, 0x20, 0x20, 0x20, 0x20, 0x20, 0x20, 
  0x20, 0x3C, 0x2F, 0x73, 0x65, 0x63, 0x74, 0x69, 0x6F, 0x6E, 0x3E, 0x0A, 0x0A, 0x20, 0x20, 0x20, 
  0x20, 0x20, 0x20, 0x20, 0x20, 0x20, 0x20, 0x20, 0x20, 0x20, 0x20, 0x3C, 0x73, 0x65, 0x63, 0x74, 
  0x69, 0x6F, 0x6E, 0x20, 0x69, 0x64, 0x3D, 0x22, 0x74, 0x61, 0x62, 0x2D, 0x73, 0x65, 0x6E, 0x73, 
  0x6F, 0x72, 0x73, 0x22, 0x20, 0x63, 0x6C, 0x61, 0x73, 0x73, 0x3D, 0x22, 0x70, 0x61, 0x6E, 0x65, 
  0x6C, 0x20, 0x68, 0x69, 0x64, 0x64, 0x65, 0x6E, 0x22, 0x3E, 0x0A, 0x20, 0x20, 0x20, 0x20, 0x20, 
  0x20, 0x20, 0x20, 0x20, 0x20, 0x20, 0x20, 0x20, 0x20, 0x20, 0x20, 0x3C, 0x68, 0x32, 0x20, 0x63, 
  0x6C, 0x61, 0x73, 0x73, 0x3D, 0x22, 0x73, 0x65, 0x63, 0x74, 0x69, 0x6F, 0x6E, 0x2D, 0x74, 0x69, 
  0x74, 0x6C, 0x65, 0x22, 0x3E, 0x43, 0x6F, 0x6E, 0x66, 0x69, 0x67, 0x75, 0x72, 0x61, 0x26, 0x23, 
  0x78, 0x45, 0x37, 0x3B, 0x26, 0x23, 0x78, 0x45, 0x33, 0x3B, 0x6F, 0x20, 0x64, 0x6F, 0x73, 0x20, 
  0x73, 0x65, 0x6E, 0x73, 0x6F, 0x72, 0x65, 0x73, 0x3C, 0x2F, 0x68, 0x32, 0x3E, 0x0A, 0x20, 0x20, 
  0x20, 0x20, 0x20, 0x20, 0x20, 0x20, 0x20, 0x20, 0x20, 0x20, 0x20, 0x20, 0x20, 0x20, 0x3C, 0x64, 
  0x69, 0x76, 0x20, 0x63, 0x6C, 0x61, 0x73, 0x73, 0x3D, 0x22, 0x69, 0x6E, 0x6C, 0x69, 0x6E, 0x65, 
  0x2D, 0x66, 0x6F, 0x72, 0x6D, 0x22, 0x3E, 0x0A, 0x20, 0x20, 0x20, 0x20, 0x20, 0x20, 0x20, 0x20, 
  0x20, 0x20, 0x20, 0x20, 0x20, 0x20, 0x20, 0x20, 0x20, 0x20, 0x3C, 0x64, 0x69, 0x76, 0x3E, 0x0A, 
  0x20, 0x20, 0x20, 0x20, 0x20, 0x20, 0x20, 0x20, 0x20, 0x20, 0x20, 0x20, 0x20, 0x20, 0x20, 0x20, 
  0x20, 0x20, 0x20, 0x20, 0x3C, 0x6C, 0x61, 0x62, 0x65, 0x6C, 0x3E, 0x4E, 0x6F, 0x6D, 0x65, 0x20, 
  0x64, 0x6F, 0x20, 0x61, 0x70, 0x61, 0x72, 0x65, 0x6C, 0x68, 0x6F, 0x3C, 0x2F, 0x6C, 0x61, 0x62, 
  0x65, 0x6C, 0x3E, 0x0A, 0x20, 0x20, 0x20, 0x20, 0x20, 0x20, 0x20, 0x20, 0x20, 0x20, 0x20, 0x20, 
  0x20, 0x20, 0x20, 0x20, 0x20, 0x20, 0x20, 0x20, 0x3C, 0x69, 0x6E, 0x70, 0x75, 0x74, 0x20, 0x69, 
  0x64, 0x3D, 0x22, 0x6E, 0x6F, 0x6D, 0x65, 0x41, 0x70, 0x61, 0x72, 0x65, 0x6C, 0x68, 0x6F, 0x22, 
  0x20, 0x74, 0x79, 0x70, 0x65, 0x3D, 0x22, 0x74, 0x65, 0x78, 0x74, 0x22, 0x20, 0x70, 0x6C, 0x61, 
  0x63, 0x65, 0x68, 0x6F, 0x6C, 0x64, 0x65, 0x72, 0x3D, 0x22, 0x22, 0x20, 0x2F, 0x3E, 0x0A, 0x20, 
  0x20, 0x20, 0x20, 0x20, 0x20, 0x20, 0x20, 0x20, 0x20, 0x20, 0x20, 0x20, 0x20, 0x20, 0x20, 0x20, 
  0x20, 0x3C, 0x2F, 0x64, 0x69, 0x76, 0x3E, 0x0A, 0x20, 0x20, 0x20, 0x20, 0x20, 0x20, 0x20, 0x20, 
  0x20, 0x20, 0x20, 0x20, 0x20, 0x20, 0x20, 0x20, 0x20, 0x20, 0x3C, 0x64, 0x69, 0x76, 0x20, 0x63, 
  0x6C, 0x61, 0x73, 0x73, 0x3D, 0x22, 0x73, 0x74, 0x72, 0x65, 0x74, 0x63, 0x68, 0x22, 0x3E, 0x0A, 
  0x20, 0x20, 0x20, 0x20, 0x20, 0x20, 0x20, 0x20, 0x20, 0x20, 0x20, 0x20, 0x20, 0x20, 0x20, 0x20, 
  0x20, 0x20, 0x20, 0x20, 0x3C, 0x64, 0x69, 0x76, 0x20, 0x73, 0x74, 0x79, 0x6C, 0x65, 0x3D, 0x22, 
  0x66, 0x6C, 0x65, 0x78, 0x3A, 0x31, 0x22, 0x3E, 0x0A, 0x20, 0x20, 0x20, 0x20, 0x20, 0x20, 0x20, 
  0x20, 0x20, 0x20, 0x20, 0x20, 0x20, 0x20, 0x20, 0x20, 0x20, 0x20, 0x20, 0x20, 0x20, 0x20, 0x3C, 
  0x6C, 0x61, 0x62, 0x65, 0x6C, 0x3E, 0x54, 0x65, 0x6D, 0x70, 0x65, 0x72, 0x61, 0x74, 0x75, 0x72, 
  0x61, 0x20, 0x6D, 0x26, 0x23, 0x78, 0x45, 0x44, 0x3B, 0x6E, 0x69, 0x6D, 0x61, 0x3C, 0x2F, 0x6C, 
  0x61, 0x62, 0x65, 0x6C, 0x3E, 0x0A, 0x20, 0x20, 0x20, 0x20, 0x20, 0x20, 0x20, 0x20, 0x20, 0x20, 
  0x20, 0x20, 0x20, 0x20, 0x20, 0x20, 0x20, 0x20, 0x20, 0x20, 0x20, 0x20, 0x3C, 0x69, 0x6E, 0x70, 
  0x75, 0x74, 0x20, 0x69, 0x64, 0x3D, 0x22, 0x74, 0x65, 0x6D, 0x70, 0x4D, 0x69, 0x6E, 0x22, 0x20, 
  0x74, 0x79, 0x70, 0x65, 0x3D, 0x22, 0x6E, 0x75, 0x6D, 0x62, 0x65, 0x72, 0x22, 0x20, 0x73, 0x74, 
  0x65, 0x70, 0x3D, 0x22, 0x30, 0x2E, 0x31, 0x22, 0x20, 0x2F, 0x3E, 0x0A, 0x20, 0x20, 0x20, 0x20, 
  0x20, 0x20, 0x20, 0x20, 0x20, 0x20, 0x20, 0x20, 0x20, 0x20, 0x20, 0x20, 0x20, 0x20, 0x20, 0x20, 
  0x3C, 0x2F, 0x64, 0x69, 0x76, 0x3E, 0x0A, 0x20, 0x20, 0x20, 0x20, 0x20, 0x20, 0x20, 0x20, 0x20, 
  0x20, 0x20, 0x20, 0x20, 0x20, 0x20, 0x20, 0x20, 0x20, 0x20, 0x20, 0x3C, 0x64, 0x69, 0x76, 0x20, 
  0x73, 0x74, 0x79, 0x6C, 0x65, 0x3D, 0x22, 0x66, 0x6C, 0x65, 0x78, 0x3A, 0x31, 0x22, 0x3E, 0x0A, 
  0x20, 0x20, 0x20, 0x20, 0x20, 0x20, 0x20, 0x20, 0x20, 0x20, 0x20, 0x20, 0x20, 0x20, 0x20, 0x20, 
  0x20, 0x20, 0x20, 0x20, 0x20, 0x20, 0x3C, 0x6C, 0x61, 0x62, 0x65, 0x6C, 0x3E, 0x54, 0x65, 0x6D, 
  0x70, 0x65, 0x72, 0x61, 0x74, 0x75, 0x72, 0x61, 0x20, 0x6D, 0x26, 0x23, 0x78, 0x45, 0x31, 0x3B, 
  0x78, 0x69, 0x6D, 0x61, 0x3C, 0x2F, 0x6C, 0x61, 0x62, 0x65, 0x6C, 0x3E, 0x0A, 0x20, 0x20, 0x20, 
  0x20, 0x20, 0x20, 0x20, 0x20, 0x20, 0x20, 0x20, 0x20, 0x20, 0x20, 0x20, 0x20, 0x20, 0x20, 0x20, 
  0x20, 0x20, 0x20, 0x3C, 0x69, 0x6E, 0x70, 0x75, 0x74, 0x20, 0x69, 0x64, 0x3D, 0x22, 0x74, 0x65, 
  0x6D, 0x70, 0x4D, 0x61, 0x78, 0x22, 0x20, 0x74, 0x79, 0x70, 0x65, 0x3D, 0x22, 0x6E, 0x75, 0x6D, 
  0x62, 0x65, 0x72, 0x22, 0x20, 0x73, 0x74, 0x65, 0x70, 0x3D, 0x22, 0x30, 0x2E, 0x31, 0x22, 0x20, 
  0x2F, 0x3E, 0x0A, 0x20, 0x20, 0x20, 0x20, 0x20, 0x20, 0x20, 0x20, 0x20, 0x20, 0x20, 0x20, 0x20, 
  0x20, 0x20, 0x20, 0x20, 0x20, 0x20, 0x20, 0x3C, 0x2F, 0x64, 0x69, 0x76, 0x3E, 0x0A, 0x20, 0x20, 
  0x20, 0x20, 0x20, 0x20, 0x20, 0x20, 0x20, 0x20, 0x20, 0x20, 0x20, 0x20, 0x20, 0x20, 0x20, 0x20, 
  0x3C, 0x2F, 0x64, 0x69, 0x76, 0x3E, 0x0A, 0x20, 0x20, 0x20, 0x20, 0x20, 0x20, 0x20, 0x20, 0x20, 
  0x20, 0x20, 0x20, 0x20, 0x20, 0x20, 0x20, 0x20, 0x20, 0x3C, 0x64, 0x69, 0x76, 0x20, 0x63, 0x6C, 
  0x61, 0x73, 0x73, 0x3D, 0x22, 0x73, 0x74, 0x72, 0x65, 0x74, 0x63, 0x68, 0x22, 0x3E, 0x0A, 0x20, 
  0x20, 0x20, 0x20, 0x20, 0x20, 0x20, 0x20, 0x20, 0x20, 0x20, 0x20, 0x20, 0x20, 0x20, 0x20, 0x20, 
  0x20, 0x20, 0x20, 0x3C, 0x64, 0x69, 0x76, 0x20, 0x73, 0x74, 0x79, 0x6C, 0x65, 0x3D, 0x22, 0x66, 
  0x6C, 0x65, 0x78, 0x3A, 0x31, 0x22, 0x3E, 0x0A, 0x20, 0x20, 0x20, 0x20, 0x20, 0x20, 0x20, 0x20, 
  0x20, 0x20, 0x20, 0x20, 0x20, 0x20, 0x20, 0x20, 0x20, 0x20, 0x20, 0x20, 0x20, 0x20, 0x3C, 0x6C, 
  0x61, 0x62, 0x65, 0x6C, 0x3E, 0x55, 0x6D, 0x69, 0x64, 0x61, 0x64, 0x65, 0x20, 0x6D, 0x26, 0x23, 
  0x78, 0x45, 0x44, 0x3B, 0x6E, 0x69, 0x6D, 0x61, 0x3C, 0x2F, 0x6C, 0x61, 0x62, 0x65, 0x6C, 0x3E, 
  0x0A, 0x20, 0x20, 0x20, 0x20, 0x20, 0x20, 0x20, 0x20, 0x20, 0x20, 0x20, 0x20, 0x20, 0x20, 0x20, 
  0x20, 0x20, 0x20, 0x20, 0x20, 0x20, 0x20, 0x3C, 0x69, 0x6E, 0x70, 0x75, 0x74, 0x20, 0x69, 0x64, 
  0x3D, 0x22, 0x75, 0x6D, 0x69, 0x64, 0x4D, 0x69, 0x6E, 0x22, 0x20, 0x74, 0x79, 0x70, 0x65, 0x3D, 
  0x22, 0x6E, 0x75, 0x6D, 0x62, 0x65, 0x72, 0x22, 0x20, 0x73, 0x74, 0x65, 0x70, 0x3D, 0x22, 0x30, 
  0x2E, 0x31, 0x22, 0x20, 0x2F, 0x3E, 0x0A, 0x20, 0x20, 0x20, 0x20, 0x20, 0x20, 0x20, 0x20, 0x20, 
  0x20, 0x20, 0x20, 0x20, 0x20, 0x20, 0x20, 0x20, 0x20, 0x20, 0x20, 0x3C, 0x2F, 0x64, 0x69, 0x76, 
  0x3E, 0x0A, 0x20, 0x20, 0x20, 0x20, 0x20, 0x20, 0x20, 0x20, 0x20, 0x20, 0x20, 0x20, 0x20, 0x20, 
  0x20, 0x20, 0x20, 0x20, 0x20, 0x20, 0x3C, 0x64, 0x69, 0x76, 0x20, 0x73, 0x74, 0x79, 0x6C, 0x65, 
  0x3D, 0x22, 0x66, 0x6C, 0x65, 0x78, 0x3A, 0x31, 0x22, 0x3E, 0x0A, 0x20, 0x20, 0x20, 0x20, 0x20, 
  0x20, 0x20, 0x20, 0x20, 0x20, 0x20, 0x20, 0x20, 0x20, 0x20, 0x20, 0x20, 0x20, 0x20, 0x20, 0x20, 
  0x20, 0x3C, 0x6C, 0x61, 0x62, 0x65, 0x6C, 0x3E, 0x55, 0x6D, 0x69, 0x64, 0x61, 0x64, 0x65, 0x20, 
  0x6D, 0x26, 0x23, 0x78, 0x45, 0x31, 0x3B, 0x78, 0x69, 0x6D, 0x61, 0x3C, 0x2F, 0x6C, 0x61, 0x62, 
  0x65, 0x6C, 0x3E, 0x0A, 0x20, 0x20, 0x20, 0x20, 0x20, 0x20, 0x20, 0x20, 0x20, 0x20, 0x20, 0x20, 
  0x20, 0x20, 0x20, 0x20, 0x20, 0x20, 0x20, 0x20, 0x20, 0x20, 0x3C, 0x69, 0x6E, 0x70, 0x75, 0x74, 
  0x20, 0x69, 0x64, 0x3D, 0x22, 0x75, 0x6D, 0x69, 0x64, 0x4D, 0x61, 0x78, 0x22, 0x20, 0x74, 0x79, 
  0x70, 0x65, 0x3D, 0x22, 0x6E, 0x75, 0x6D, 0x62, 0x65, 0x72, 0x22, 0x20, 0x73, 0x74, 0x65, 0x70, 
  0x3D, 0x22, 0x30, 0x2E, 0x31, 0x22, 0x20, 0x2F, 0x3E, 0x0A, 0x20, 0x20, 0x20, 0x20, 0x20, 0x20, 
  0x20, 0x20, 0x20, 0x20, 0x20, 0x20, 0x20, 0x20, 0x20, 0x20, 0x20, 0x20, 0x20, 0x20, 0x3C, 0x2F, 
  0x64, 0x69, 0x76, 0x3E, 0x0A, 0x20, 0x20, 0x20, 0x20, 0x20, 0x20, 0x20, 0x20, 0x20, 0x20, 0x20, 
  0x20, 0x20, 0x20, 0x20, 0x20, 0x20, 0x20, 0x3C, 0x2F, 0x64, 0x69, 0x76, 0x3E, 0x0A, 0x20, 0x20, 
  0x20, 0x20, 0x20, 0x20, 0x20, 0x20, 0x20, 0x20, 0x20, 0x20, 0x20, 0x20, 0x20, 0x20, 0x20, 0x20, 
  0x3C, 0x64, 0x69, 0x76, 0x3E, 0x0A, 0x20, 0x20, 0x20, 0x20, 0x20, 0x20, 0x20, 0x20, 0x20, 0x20, 
  0x20, 0x20, 0x20, 0x20, 0x20, 0x20, 0x20, 0x20, 0x20, 0x20, 0x3C, 0x6C, 0x61, 0x62, 0x65, 0x6C, 
  0x3E, 0x47, 0x26, 0x23, 0x78, 0x45, 0x31, 0x3B, 0x73, 0x20, 0x63, 0x72, 0x26, 0x23, 0x78, 0x45, 
  0x44, 0x3B, 0x74, 0x69, 0x63, 0x6F, 0x20, 0x28, 0x41, 0x44, 0x43, 0x29, 0x3C, 0x2F, 0x6C, 0x61, 
  0x62, 0x65, 0x6C, 0x3E, 0x0A, 0x20, 0x20, 0x20, 0x20, 0x20, 0x20, 0x20, 0x20, 0x20, 0x20, 0x20, 
  0x20, 0x20, 0x20, 0x20, 0x20, 0x20, 0x20, 0x20, 0x20, 0x3C, 0x69, 0x6E, 0x70, 0x75, 0x74, 0x20, 
  0x69, 0x64, 0x3D, 0x22, 0x67, 0x61, 0x73, 0x43, 0x72, 0x69, 0x74, 0x69, 0x63, 0x6F, 0x22, 0x20, 
  0x74, 0x79, 0x70, 0x65, 0x3D, 0x22, 0x6E, 0x75, 0x6D, 0x62, 0x65, 0x72, 0x22, 0x20, 0x2F, 0x3E, 
  0x0A, 0x20, 0x20, 0x20, 0x20, 0x20, 0x20, 0x20, 0x20, 0x20, 0x20, 0x20, 0x20, 0x20, 0x20, 0x20, 
  0x20, 0x20, 0x20, 0x3C, 0x2F, 0x64, 0x69, 0x76, 0x3E, 0x0A, 0x20, 0x20, 0x20, 0x20, 0x20, 0x20, 
  0x20, 0x20, 0x20, 0x20, 0x20, 0x20, 0x20, 0x20, 0x20, 0x20, 0x20, 0x20, 0x3C, 0x66, 0x69, 0x65, 
  0x6C, 0x64, 0x73, 0x65, 0x74, 0x3E, 0x0A, 0x20, 0x20, 0x20, 0x20, 0x20, 0x20, 0x20, 0x20, 0x20, 
  0x20, 0x20, 0x20, 0x20, 0x20, 0x20, 0x20, 0x20, 0x20, 0x20, 0x20, 0x3C, 0x6C, 0x65, 0x67, 0x65, 
  0x6E, 0x64, 0x3E, 0x41, 0x6C, 0x65, 0x72, 0x74, 0x61, 0x73, 0x3C, 0x2F, 0x6C, 0x65, 0x67, 0x65, 
  0x6E, 0x64, 0x3E, 0x0A, 0x20, 0x20, 0x20, 0x20, 0x20, 0x20, 0x20, 0x20, 0x20, 0x20, 0x20, 0x20, 
  0x20, 0x20, 0x20, 0x20, 0x20, 0x20, 0x20, 0x20, 0x3C, 0x6C, 0x61, 0x62, 0x65, 0x6C, 0x3E, 0x3C, 
  0x69, 0x6E, 0x70, 0x75, 0x74, 0x20, 0x69, 0x64, 0x3D, 0x22, 0x61, 0x6C, 0x61, 0x72, 0x6D, 0x65, 
  0x54, 0x65, 0x6D, 0x70, 0x22, 0x20, 0x74, 0x79, 0x70, 0x65, 0x3D, 0x22, 0x63, 0x68, 0x65, 0x63, 
  0x6B, 0x62, 0x6F, 0x78, 0x22, 0x20, 0x2F, 0x3E, 0x20, 0x54, 0x65, 0x6D, 0x70, 0x65, 0x72, 0x61, 
  0x74, 0x75, 0x72, 0x61, 0x3C, 0x2F, 0x6C, 0x61, 0x62, 0x65, 0x6C, 0x3E, 0x0A, 0x20, 0x20, 0x20, 
  0x20, 0x20, 0x20, 0x20, 0x20, 0x20, 0x20, 0x20, 0x20, 0x20, 0x20, 0x20, 0x20, 0x20, 0x20, 0x20, 
  0x20, 0x3C, 0x6C, 0x61, 0x62, 0x65, 0x6C, 0x3E, 0x3C, 0x69, 0x6E, 0x70, 0x75, 0x74, 0x20, 0x69, 
  0x64, 0x3D, 0x22, 0x61, 0x6C, 0x61, 0x72, 0x6D, 0x65, 0x55, 0x6D, 0x69, 0x64, 0x22, 0x20, 0x74, 
  0x79, 0x70, 0x65, 0x3D, 0x22, 0x63, 0x68, 0x65, 0x63, 0x6B, 0x62, 0x6F, 0x78, 0x22, 0x20, 0x2F, 
  0x3E, 0x20, 0x55, 0x6D, 0x69, 0x64, 0x61, 0x64, 0x65, 0x3C, 0x2F, 0x6C, 0x61, 0x62, 0x65, 0x6C, 
  0x3E, 0x0A, 0x20, 0x20, 0x20, 0x20, 0x20, 0x20, 0x20, 0x20, 0x20, 0x20, 0x20, 0x20, 0x20, 0x20, 
  0x20, 0x20, 0x20, 0x20, 0x20, 0x20, 0x3C, 0x6C, 0x61, 0x62, 0x65, 0x6C, 0x3E, 0x3C, 0x69, 0x6E, 
  0x70, 0x75, 0x74, 0x20, 0x69, 0x64, 0x3D, 0x22, 0x61, 0x6C, 0x61, 0x72, 0x6D, 0x65, 0x47, 0x61, 
  0x73, 0x22, 0x20, 0x74, 0x79, 0x70, 0x65, 0x3D, 0x22, 0x63, 0x68, 0x65, 0x63, 0x6B, 0x62, 0x6F, 
  0x78, 0x22, 0x20, 0x2F, 0x3E, 0x20, 0x47, 0x26, 0x23, 0x78, 0x45, 0x31, 0x3B, 0x73, 0x3C, 0x2F, 
  0x6C, 0x61, 0x62, 0x65, 0x6C, 0x3E, 0x0A, 0x20, 0x20, 0x20, 0x20, 0x20, 0x20, 0x20, 0x20, 0x20, 
  0x20, 0x20, 0x20, 0x20, 0x20, 0x20, 0x20, 0x20, 0x20, 0x20, 0x20, 0x3C, 0x6C, 0x61, 0x62, 0x65, 
  0x6C, 0x3E, 0x3C, 0x69, 0x6E, 0x70, 0x75, 0x74, 0x20, 0x69, 0x64, 0x3D, 0x22, 0x6C, 0x65, 0x64, 
  0x41, 0x6C, 0x65, 0x72, 0x74, 0x61, 0x22, 0x20, 0x74, 0x79, 0x70, 0x65, 0x3D, 0x22, 0x63, 0x68, 
  0x65, 0x63, 0x6B, 0x62, 0x6F, 0x78, 0x22, 0x20, 0x2F, 0x3E, 0x20, 0x4C, 0x45, 0x44, 0x20, 0x64, 
  0x65, 0x20, 0x61, 0x6C, 0x61, 0x72, 0x6D, 0x65, 0x3C, 0x2F, 0x6C, 0x61, 0x62, 0x65, 0x6C, 0x3E, 
  0x0A, 0x20, 0x20, 0x20, 0x20, 0x20, 0x20, 0x20, 0x20, 0x20, 0x20, 0x20, 0x20, 0x20, 0x20, 0x20, 
  0x20, 0x20, 0x20, 0x20, 0x20, 0x3C, 0x6C, 0x61, 0x62, 0x65, 0x6C, 0x3E, 0x3C, 0x69, 0x6E, 0x70, 
  0x75, 0x74, 0x20, 0x69, 0x64, 0x3D, 0x22, 0x62, 0x75, 0x7A, 0x7A, 0x65, 0x72, 0x22, 0x20, 0x74, 
  0x79, 0x70, 0x65, 0x3D, 0x22, 0x63, 0x68, 0x65, 0x63, 0x6B, 0x62, 0x6F, 0x78, 0x22, 0x20, 0x2F, 
  0x3E, 0x20, 0x42, 0x75, 0x7A, 0x7A, 0x65, 0x72, 0x3C, 0x2F, 0x6C, 0x61, 0x62, 0x65, 0x6C, 0x3E, 
  0x0A, 0x20, 0x20, 0x20, 0x20, 0x20, 0x20, 0x20, 0x20, 0x20, 0x20, 0x20, 0x20, 0x20, 0x20, 0x20, 
  0x20, 0x20, 0x20, 0x3C, 0x2F, 0x66, 0x69, 0x65, 0x6C, 0x64, 0x73, 0x65, 0x74, 0x3E, 0x0A, 0x20, 
  0x20, 0x20, 0x20, 0x20, 0x20, 0x20, 0x20, 0x20, 0x20, 0x20, 0x20, 0x20, 0x20, 0x20, 0x20, 0x20, 
  0x20, 0x3C, 0x64, 0x69, 0x76, 0x3E, 0x0A, 0x20, 0x20, 0x20, 0x20, 0x20, 0x20, 0x20, 0x20, 0x20, 
  0x20, 0x20, 0x20, 0x20, 0x20, 0x20, 0x20, 0x20, 0x20, 0x20, 0x20, 0x3C, 0x6C, 0x61, 0x62, 0x65, 
  0x6C, 0x3E, 0x49, 0x6E, 0x74, 0x65, 0x72, 0x76, 0x61, 0x6C, 0x6F, 0x20, 0x64, 0x65, 0x20, 0x6C, 
  0x65, 0x69, 0x74, 0x75, 0x72, 0x61, 0x20, 0x28, 0x73, 0x65, 0x67, 0x75, 0x6E, 0x64, 0x6F, 0x73, 
  0x29, 0x3C, 0x2F, 0x6C, 0x61, 0x62, 0x65, 0x6C, 0x3E, 0x0A, 0x20, 0x20, 0x20, 0x20, 0x20, 0x20, 
  0x20, 0x20, 0x20, 0x20, 0x20, 0x20, 0x20, 0x20, 0x20, 0x20, 0x20, 0x20, 0x20, 0x20, 0x3C, 0x69, 
  0x6E, 0x70, 0x75, 0x74, 0x20, 0x69, 0x64, 0x3D, 0x22, 0x69, 0x6E, 0x74, 0x65, 0x72, 0x76, 0x61, 
  0x6C, 0x6F, 0x4C, 0x65, 0x69, 0x74, 0x75, 0x72, 0x61, 0x22, 0x20, 0x74, 0x79, 0x70, 0x65, 0x3D, 
  0x22, 0x6E, 0x75, 0x6D, 0x62, 0x65, 0x72, 0x22, 0x20, 0x6D, 0x69, 0x6E, 0x3D, 0x22, 0x31, 0x22, 
  0x20, 0x6D, 0x61, 0x78, 0x3D, 0x22, 0x33, 0x30, 0x30, 0x22, 0x20, 0x2F, 0x3E, 0x0A, 0x20, 0x20, 
  0x20, 0x20, 0x20, 0x20, 0x20, 0x20, 0x20, 0x20, 0x20, 0x20, 0x20, 0x20, 0x20, 0x20, 0x20, 0x20, 
  0x3C, 0x2F, 0x64, 0x69, 0x76, 0x3E, 0x0A, 0x20, 0x20, 0x20, 0x20, 0x20, 0x20, 0x20, 0x20, 0x20, 
  0x20, 0x20, 0x20, 0x20, 0x20, 0x20, 0x20, 0x20, 0x20, 0x3C, 0x64, 0x69, 0x76, 0x20, 0x63, 0x6C, 
  0x61, 0x73, 0x73, 0x3D, 0x22, 0x73, 0x74, 0x72, 0x65, 0x74, 0x63, 0x68, 0x22, 0x3E, 0x0A, 0x20, 
  0x20, 0x20, 0x20, 0x20, 0x20, 0x20, 0x20, 0x20, 0x20, 0x20, 0x20, 0x20, 0x20, 0x20, 0x20, 0x20, 
  0x20, 0x20, 0x20, 0x3C, 0x62, 0x75, 0x74, 0x74, 0x6F, 0x6E, 0x20, 0x69, 0x64, 0x3D, 0x22, 0x73, 
  0x61, 0x76, 0x65, 0x43, 0x6F, 0x6E, 0x66, 0x69, 0x67, 0x42, 0x74, 0x6E, 0x22, 0x20, 0x63, 0x6C, 
  0x61, 0x73, 0x73, 0x3D, 0x22, 0x70, 0x72, 0x69, 0x6D, 0x61, 0x72, 0x79, 0x22, 0x20, 0x74, 0x79, 
  0x70, 0x65, 0x3D, 0x22, 0x62, 0x75, 0x74, 0x74, 0x6F, 0x6E, 0x22, 0x3E, 0x53, 0x61, 0x6C, 0x76, 
  0x61, 0x72, 0x20, 0x63, 0x6F, 0x6E, 0x66, 0x69, 0x67, 0x75, 0x72, 0x61, 0x26, 0x23, 0x78, 0x45, 
  0x37, 0x3B, 0x26, 0x23, 0x78, 0x46, 0x35, 0x3B, 0x65, 0x73, 0x3C, 0x2F, 0x62, 0x75, 0x74, 0x74, 
  0x6F, 0x6E, 0x3E, 0x0A, 0x20, 0x20, 0x20, 0x20, 0x20, 0x20, 0x20, 0x20, 0x20, 0x20, 0x20, 0x20, 
  0x20, 0x20, 0x20, 0x20, 0x20, 0x20, 0x3C, 0x2F, 0x64, 0x69, 0x76, 0x3E, 0x0A, 0x20, 0x20, 0x20, 
  0x20, 0x20, 0x20, 0x20, 0x20, 0x20, 0x20, 0x20, 0x20, 0x20, 0x20, 0x20, 0x20, 0x20, 0x20, 0x3C, 
  0x64, 0x69, 0x76, 0x20, 0x69, 0x64, 0x3D, 0x22, 0x63, 0x6F, 0x6E, 0x66, 0x69, 0x67, 0x4D, 0x65, 
  0x73, 0x73, 0x61, 0x67, 0x65, 0x22, 0x20, 0x63, 0x6C, 0x61, 0x73, 0x73, 0x3D, 0x22, 0x6D, 0x75, 
  0x74, 0x65, 0x64, 0x22, 0x20, 0x61, 0x72, 0x69, 0x61, 0x2D, 0x6C, 0x69, 0x76, 0x65, 0x3D, 0x22, 
  0x70, 0x6F, 0x6C, 0x69, 0x74, 0x65, 0x22, 0x3E, 0x3C, 0x2F, 0x64, 0x69, 0x76, 0x3E, 0x0A, 0x20, 
  0x20, 0x20, 0x20, 0x20, 0x20, 0x20, 0x20, 0x20, 0x20, 0x20, 0x20, 0x20, 0x20, 0x20, 0x20, 0x3C, 
  0x2F, 0x64, 0x69, 0x76, 0x3E, 0x0A, 0x20, 0x20, 0x20, 0x20, 0x20, 0x20, 0x20, 0x20, 0x20, 0x20, 
  0x20, 0x20, 0x20, 0x20, 0x3C, 0x2F, 0x73, 0x65, 0x63, 0x74, 0x69, 0x6F, 0x6E, 0x3E, 0x0A, 0x0A, 
  0x20, 0x20, 0x20, 0x20, 0x20, 0x20, 0x20, 0x20, 0x20, 0x20, 0x20, 0x20, 0x20, 0x20, 0x3C, 0x73, 
  0x65, 0x63, 0x74, 0x69, 0x6F, 0x6E, 0x20, 0x69, 0x64, 0x3D, 0x22, 0x74, 0x61, 0x62, 0x2D, 0x75, 
  0x73, 0x65, 0x72, 0x73, 0x22, 0x20, 0x63, 0x6C, 0x61, 0x73, 0x73, 0x3D, 0x22, 0x70, 0x61, 0x6E, 
  0x65, 0x6C, 0x20, 0x68, 0x69, 0x64, 0x64, 0x65, 0x6E, 0x22, 0x3E, 0x0A, 0x20, 0x20, 0x20, 0x20, 
  0x20, 0x20, 0x20, 0x20, 0x20, 0x20, 0x20, 0x20, 0x20, 0x20, 0x20, 0x20, 0x3C, 0x68, 0x32, 0x20, 
  0x63, 0x6C, 0x61, 0x73, 0x73, 0x3D, 0x22, 0x73, 0x65, 0x63, 0x74, 0x69, 0x6F, 0x6E, 0x2D, 0x74, 
  0x69, 0x74, 0x6C, 0x65, 0x22, 0x3E, 0x47, 0x65, 0x72, 0x65, 0x6E, 0x63, 0x69, 0x61, 0x6D, 0x65, 
  0x6E, 0x74, 0x6F, 0x20, 0x64, 0x65, 0x20, 0x75, 0x73, 0x75, 0x26, 0x23, 0x78, 0x45, 0x31, 0x3B, 
  0x72, 0x69, 0x6F, 0x73, 0x3C, 0x2F, 0x68, 0x32, 0x3E, 0x0A, 0x20, 0x20, 0x20, 0x20, 0x20, 0x20, 
  0x20, 0x20, 0x20, 0x20, 0x20, 0x20, 0x20, 0x20, 0x20, 0x20, 0x3C, 0x64, 0x69, 0x76, 0x20, 0x63, 
  0x6C, 0x61, 0x73, 0x73, 0x3D, 0x22, 0x69, 0x6E, 0x6C, 0x69, 0x6E, 0x65, 0x2D, 0x66, 0x6F, 0x72, 
  0x6D, 0x22, 0x20, 0x73, 0x74, 0x79, 0x6C, 0x65, 0x3D, 0x22, 0x6D, 0x61, 0x78, 0x2D, 0x77, 0x69, 
  0x64, 0x74, 0x68, 0x3A, 0x35, 0x32, 0x30, 0x70, 0x78, 0x3B, 0x22, 0x3E, 0x0A, 0x20, 0x20, 0x20, 
  0x20, 0x20, 0x20, 0x20, 0x20, 0x20, 0x20, 0x20, 0x20, 0x20, 0x20, 0x20, 0x20, 0x20, 0x20, 0x3C, 
  0x66, 0x69, 0x65, 0x6C, 0x64, 0x73, 0x65, 0x74, 0x3E, 0x0A, 0x20, 0x20, 0x20, 0x20, 0x20, 0x20, 
  0x20, 0x20, 0x20, 0x20, 0x20, 0x20, 0x20, 0x20, 0x20, 0x20, 0x20, 0x20, 0x20, 0x20, 0x3C, 0x6C, 
  0x65, 0x67, 0x65, 0x6E, 0x64, 0x3E, 0x43, 0x72, 0x69, 0x61, 0x72, 0x20, 0x75, 0x73, 0x75, 0x26, 
  0x23, 0x78, 0x45, 0x31, 0x3B, 0x72, 0x69, 0x6F, 0x3C, 0x2F, 0x6C, 0x65, 0x67, 0x65, 0x6E, 0x64, 
  0x3E, 0x0A, 0x20, 0x20, 0x20, 0x20, 0x20, 0x20, 0x20, 0x20, 0x20, 0x20, 0x20, 0x20, 0x20, 0x20, 
  0x20, 0x20, 0x20, 0x20, 0x3C, 0x64, 0x69, 0x76, 0x20, 0x63, 0x6C, 0x61, 0x73, 0x73, 0x3D, 0x22, 
  0x73, 0x74, 0x72, 0x65, 0x74, 0x63, 0x68, 0x22, 0x3E, 0x0A, 0x20, 0x20, 0x20, 0x20, 0x20, 0x20, 
  0x20, 0x20, 0x20, 0x20, 0x20, 0x20, 0x20, 0x20, 0x20, 0x20, 0x20, 0x20, 0x20, 0x20, 0x3C, 0x64, 
  0x69, 0x76, 0x20, 0x73, 0x74, 0x79, 0x6C, 0x65, 0x3D, 0x22, 0x66, 0x6C, 0x65, 0x78, 0x3A, 0x31, 
  0x22, 0x3E, 0x0A, 0x20, 0x20, 0x20, 0x20, 0x20, 0x20, 0x20, 0x20, 0x20, 0x20, 0x20, 0x20, 0x20, 
  0x20, 0x20, 0x20, 0x20, 0x20, 0x20, 0x20, 0x20, 0x20, 0x3C, 0x6C, 0x61, 0x62, 0x65, 0x6C, 0x3E, 
  0x55, 0x73, 0x75, 0x26, 0x23, 0x78, 0x45, 0x31, 0x3B, 0x72, 0x69, 0x6F, 0x3C, 0x2F, 0x6C, 0x61, 
  0x62, 0x65, 0x6C, 0x3E, 0x0A, 0x20, 0x20, 0x20, 0x20, 0x20, 0x20, 0x20, 0x20, 0x20, 0x20, 0x20, 
  0x20, 0x20, 0x20, 0x20, 0x20, 0x20, 0x20, 0x20, 0x20, 0x20, 0x20, 0x3C, 0x69, 0x6E, 0x70, 0x75, 
  0x74, 0x20, 0x69, 0x64, 0x3D, 0x22, 0x6E, 0x65, 0x77, 0x55, 0x73, 0x65, 0x72, 0x4E, 0x61, 0x6D, 
  0x65, 0x22, 0x20, 0x74, 0x79, 0x70, 0x65, 0x3D, 0x22, 0x74, 0x65, 0x78, 0x74, 0x22, 0x20, 0x2F, 
  0x3E, 0x0A, 0x20, 0x20, 0x20, 0x20, 0x20, 0x20, 0x20, 0x20, 0x20, 0x20, 0x20, 0x20, 0x20, 0x20, 
  0x20, 0x20, 0x20, 0x20, 0x20, 0x20, 0x3C, 0x2F, 0x64, 0x69, 0x76, 0x3E, 0x0A, 0x20, 0x20, 0x20, 
  0x20, 0x20, 0x20, 0x20, 0x20, 0x20, 0x20, 0x20, 0x20, 0x20, 0x20, 0x20, 0x20, 0x20, 0x20, 0x20, 
  0x20, 0x3C, 0x64, 0x69, 0x76, 0x20, 0x73, 0x74, 0x79, 0x6C, 0x65, 0x3D, 0x22, 0x66, 0x6C, 0x65, 
  0x78, 0x3A, 0x31, 0x22, 0x3E, 0x0A, 0x20, 0x20, 0x20, 0x20, 0x20, 0x20, 0x20, 0x20, 0x20, 0x20, 
  0x20, 0x20, 0x20, 0x20, 0x20, 0x20, 0x20, 0x20, 0x20, 0x20, 0x20, 0x20, 0x3C, 0x6C, 0x61, 0x62, 
  0x65, 0x6C, 0x3E, 0x53, 0x65, 0x6E, 0x68, 0x61, 0x3C, 0x2F, 0x6C, 0x61, 0x62, 0x65, 0x6C, 0x3E, 
  0x0A, 0x20, 0x20, 0x20, 0x20, 0x20, 0x20, 0x20, 0x20, 0x20, 0x20, 0x20, 0x20, 0x20, 0x20, 0x20, 
  0x20, 0x20, 0x20, 0x20, 0x20, 0x20, 0x20, 0x3C, 0x69, 0x6E, 0x70, 0x75, 0x74, 0x20, 0x69, 0x64, 
  0x3D, 0x22, 0x6E, 0x65, 0x77, 0x55, 0x73, 0x65, 0x72, 0x50, 0x61, 0x73, 0x73, 0x77, 0x6F, 0x72, 
  0x64, 0x22, 0x20, 0x74, 0x79, 0x70, 0x65, 0x3D, 0x22, 0x70, 0x61, 0x73, 0x73, 0x77, 0x6F, 0x72, 
  0x64, 0x22, 0x20, 0x2F, 0x3E, 0x0A, 0x20, 0x20, 0x20, 0x20, 0x20, 0x20, 0x20, 0x20, 0x20, 0x20, 
  0x20, 0x20, 0x20, 0x20, 0x20, 0x20, 0x20, 0x20, 0x20, 0x20, 0x3C, 0x2F, 0x64, 0x69, 0x76, 0x3E, 
  0x0A, 0x20, 0x20, 0x20, 0x20, 0x20, 0x20, 0x20, 0x20, 0x20, 0x20, 0x20, 0x20, 0x20, 0x20, 0x20, 
  0x20, 0x20, 0x20, 0x20, 0x20, 0x3C, 0x64, 0x69, 0x76, 0x20, 0x73, 0x74, 0x79, 0x6C, 0x65, 0x3D, 
  0x22, 0x66, 0x6C, 0x65, 0x78, 0x3A, 0x31, 0x22, 0x3E, 0x0A, 0x20, 0x20, 0x20, 0x20, 0x20, 0x20, 
  0x20, 0x20, 0x20, 0x20, 0x20, 0x20, 0x20, 0x20, 0x20, 0x20, 0x20, 0x20, 0x20, 0x20, 0x20, 0x20, 
  0x3C, 0x6C, 0x61, 0x62, 0x65, 0x6C, 0x3E, 0x43, 0x6F, 0x6E, 0x66, 0x69, 0x72, 0x6D, 0x61, 0x72, 
  0x20, 0x73, 0x65, 0x6E, 0x68, 0x61, 0x3C, 0x2F, 0x6C, 0x61, 0x62, 0x65, 0x6C, 0x3E, 0x0A, 0x20, 
  0x20, 0x20, 0x20, 0x20, 0x20, 0x20, 0x20, 0x20, 0x20, 0x20, 0x20, 0x20, 0x20, 0x20, 0x20, 0x20, 
  0x20, 0x20, 0x20, 0x20, 0x20, 0x3C, 0x69, 0x6E, 0x70, 0x75, 0x74, 0x20, 0x69, 0x64, 0x3D, 0x22, 
  0x6E, 0x65, 0x77, 0x55, 0x73, 0x65, 0x72, 0x50, 0x61, 0x73, 0x73, 0x77, 0x6F, 0x72, 0x64, 0x43, 
  0x6F, 0x6E, 0x66, 0x69, 0x72, 0x6D, 0x22, 0x20, 0x74, 0x79, 0x70, 0x65, 0x3D, 0x22, 0x70, 0x61, 
  0x73, 0x73, 0x77, 0x6F, 0x72, 0x64, 0x22, 0x20, 0x2F, 0x3E, 0x0A, 0x20, 0x20, 0x20, 0x20, 0x20, 
  0x20, 0x20, 0x20, 0x20, 0x20, 0x20, 0x20, 0x20, 0x20, 0x20, 0x20, 0x20, 0x20, 0x20, 0x20, 0x3C, 
  0x2F, 0x64, 0x69, 0x76, 0x3E, 0x0A, 0x20, 0x20, 0x20, 0x20, 0x20, 0x20, 0x20, 0x20, 0x20, 0x20, 
  0x20, 0x20, 0x20, 0x20, 0x20, 0x20, 0x20, 0x20, 0x3C, 0x2F, 0x64, 0x69, 0x76, 0x3E, 0x0A, 0x20, 
  0x20, 0x20, 0x20, 0x20, 0x20, 0x20, 0x20, 0x20, 0x20, 0x20, 0x20, 0x20, 0x20, 0x20, 0x20, 0x20, 
  0x20, 0x3C, 0x64, 0x69, 0x76, 0x3E, 0x0A, 0x20, 0x20, 0x20, 0x20, 0x20, 0x20, 0x20, 0x20, 0x20, 
  0x20, 0x20, 0x20, 0x20, 0x20, 0x20, 0x20, 0x20, 0x20, 0x20, 0x20, 0x3C, 0x6C, 0x61, 0x62, 0x65, 
  0x6C, 0x3E, 0x54, 0x69, 0x70, 0x6F, 0x3C, 0x2F, 0x6C, 0x61, 0x62, 0x65, 0x6C, 0x3E, 0x0A, 0x20, 
  0x20, 0x20, 0x20, 0x20, 0x20, 0x20, 0x20, 0x20, 0x20, 0x20, 0x20, 0x20, 0x20, 0x20, 0x20, 0x20, 
  0x20, 0x20, 0x20, 0x3C, 0x73, 0x65, 0x6C, 0x65, 0x63, 0x74, 0x20, 0x69, 0x64, 0x3D, 0x22, 0x6E, 
  0x65, 0x77, 0x55, 0x73, 0x65, 0x72, 0x52, 0x6F, 0x6C, 0x65, 0x22, 0x3E, 0x0A, 0x20, 0x20, 0x20, 
  0x20, 0x20, 0x20, 0x20, 0x20, 0x20, 0x20, 0x20, 0x20, 0x20, 0x20, 0x20, 0x20, 0x20, 0x20, 0x20, 
  0x20, 0x20, 0x20, 0x3C, 0x6F, 0x70, 0x74, 0x69, 0x6F, 0x6E, 0x20, 0x76, 0x61, 0x6C, 0x75, 0x65, 
  0x3D, 0x22, 0x75, 0x73, 0x65, 0x72, 0x22, 0x3E, 0x55, 0x73, 0x75, 0x26, 0x23, 0x78, 0x45, 0x31, 
  0x3B, 0x72, 0x69, 0x6F, 0x3C, 0x2F, 0x6F, 0x70, 0x74, 0x69, 0x6F, 0x6E, 0x3E, 0x0A, 0x20, 0x20, 
  0x20, 0x20, 0x20, 0x20, 0x20, 0x20, 0x20, 0x20, 0x20, 0x20, 0x20, 0x20, 0x20, 0x20, 0x20, 0x20, 
  0x20, 0x20, 0x20, 0x20, 0x3C, 0x6F, 0x70, 0x74, 0x69, 0x6F, 0x6E, 0x20, 0x76, 0x61, 0x6C, 0x75, 
  0x65, 0x3D, 0x22, 0x61, 0x64, 0x6D, 0x69, 0x6E, 0x22, 0x3E, 0x41, 0x64, 0x6D, 0x69, 0x6E, 0x69, 
  0x73, 0x74, 0x72, 0x61, 0x64, 0x6F, 0x72, 0x3C, 0x2F, 0x6F, 0x70, 0x74, 0x69, 0x6F, 0x6E, 0x3E, 
  0x0A, 0x20, 0x20, 0x20, 0x20, 0x20, 0x20, 0x20, 0x20, 0x20, 0x20, 0x20, 0x20, 0x20, 0x20, 0x20, 
  0x20, 0x20, 0x20, 0x20, 0x20, 0x3C, 0x2F, 0x73, 0x65, 0x6C, 0x65, 0x63, 0x74, 0x3E, 0x0A, 0x20, 
  0x20, 0x20, 0x20, 0x20, 0x20, 0x20, 0x20, 0x20, 0x20, 0x20, 0x20, 0x20, 0x20, 0x20, 0x20, 0x20, 
  0x20, 0x3C, 0x2F, 0x64, 0x69, 0x76, 0x3E, 0x0A, 0x20, 0x20, 0x20, 0x20, 0x20, 0x20, 0x20, 0x20, 
  0x20, 0x20, 0x20, 0x20, 0x20, 0x20, 0x20, 0x20, 0x20, 0x20, 0x20, 0x20, 0x3C, 0x62, 0x75, 0x74, 
  0x74, 0x6F, 0x6E, 0x20, 0x69, 0x64, 0x3D, 0x22, 0x63, 0x72, 0x65, 0x61, 0x74, 0x65, 0x55, 0x73, 
  0x65, 0x72, 0x42, 0x74, 0x6E, 0x22, 0x20, 0x63, 0x6C, 0x61, 0x73, 0x73, 0x3D, 0x22, 0x70, 0x72, 
  0x69, 0x6D, 0x61, 0x72, 0x79, 0x22, 0x20, 0x74, 0x79, 0x70, 0x65, 0x3D, 0x22, 0x62, 0x75, 0x74, 
  0x74, 0x6F, 0x6E, 0x22, 0x3E, 0x43, 0x72, 0x69, 0x61, 0x72, 0x20, 0x75, 0x73, 0x75, 0x26, 0x23, 
  0x78, 0x45, 0x31, 0x3B, 0x72, 0x69, 0x6F, 0x3C, 0x2F, 0x62, 0x75, 0x74, 0x74, 0x6F, 0x6E, 0x3E, 
  0x0A, 0x20, 0x20, 0x20, 0x20, 0x20, 0x20, 0x20, 0x20, 0x20, 0x20, 0x20, 0x20, 0x20, 0x20, 0x20, 
  0x20, 0x20, 0x20, 0x3C, 0x2F, 0x66, 0x69, 0x65, 0x6C, 0x64, 0x73, 0x65, 0x74, 0x3E, 0x0A, 0x20, 
  0x20, 0x20, 0x20, 0x20, 0x20, 0x20, 0x20, 0x20, 0x20, 0x20, 0x20, 0x20, 0x20, 0x20, 0x20, 0x20, 
  0x20, 0x3C, 0x66, 0x69, 0x65, 0x6C, 0x64, 0x73, 0x65, 0x74, 0x3E, 0x0A, 0x20, 0x20, 0x20, 0x20, 
  0x20, 0x20, 0x20, 0x20, 0x20, 0x20, 0x20, 0x20, 0x20, 0x20, 0x20, 0x20, 0x20, 0x20, 0x20, 0x20, 
  0x3C, 0x6C, 0x65, 0x67, 0x65, 0x6E, 0x64, 0x3E, 0x4D, 0x6F, 0x64, 0x69, 0x66, 0x69, 0x63, 0x61, 
  0x72, 0x20, 0x73, 0x65, 0x6E, 0x68, 0x61, 0x3C, 0x2F, 0x6C, 0x65, 0x67, 0x65, 0x6E, 0x64, 0x3E, 
  0x0A, 0x20, 0x20, 0x20, 0x20, 0x20, 0x20, 0x20, 0x20, 0x20, 0x20, 0x20, 0x20, 0x20, 0x20, 0x20, 
  0x20, 0x20, 0x20, 0x20, 0x20, 0x3C, 0x6C, 0x61, 0x62, 0x65, 0x6C, 0x3E, 0x55, 0x73, 0x75, 0x26, 
  0x23, 0x78, 0x45, 0x31, 0x3B, 0x72, 0x69, 0x6F, 0x3C, 0x2F, 0x6C, 0x61, 0x62, 0x65, 0x6C, 0x3E, 
  0x0A, 0x20, 0x20, 0x20, 0x20, 0x20, 0x20, 0x20, 0x20, 0x20, 0x20, 0x20, 0x20, 0x20, 0x20, 0x20, 
  0x20, 0x20, 0x20, 0x20, 0x20, 0x3C, 0x73, 0x65, 0x6C, 0x65, 0x63, 0x74, 0x20, 0x69, 0x64, 0x3D, 
  0x22, 0x63, 0x68, 0x61, 0x6E, 0x67, 0x65, 0x50, 0x61, 0x73, 0x73, 0x77, 0x6F, 0x72, 0x64, 0x55, 
  0x73, 0x65, 0x72, 0x22, 0x3E, 0x3C, 0x2F, 0x73, 0x65, 0x6C, 0x65, 0x63, 0x74, 0x3E, 0x0A, 0x20, 
  0x20, 0x20, 0x20, 0x20, 0x20, 0x20, 0x20, 0x20, 0x20, 0x20, 0x20, 0x20, 0x20, 0x20, 0x20, 0x20, 
  0x20, 0x20, 0x20, 0x3C, 0x6C, 0x61, 0x62, 0x65, 0x6C, 0x3E, 0x4E, 0x6F, 0x76, 0x61, 0x20, 0x73, 
  0x65, 0x6E, 0x68, 0x61, 0x3C, 0x2F, 0x6C, 0x61, 0x62, 0x65, 0x6C, 0x3E, 0x0A, 0x20, 0x20, 0x20, 
  0x20, 0x20, 0x20, 0x20, 0x20, 0x20, 0x20, 0x20, 0x20, 0x20, 0x20, 0x20, 0x20, 0x20, 0x20, 0x20, 
  0x20, 0x3C, 0x69, 0x6E, 0x70, 0x75, 0x74, 0x20, 0x69, 0x64, 0x3D, 0x22, 0x63, 0x68, 0x61, 0x6E, 
  0x67, 0x65, 0x50, 0x61, 0x73, 0x73, 0x77, 0x6F, 0x72, 0x64, 0x56, 0x61, 0x6C, 0x75, 0x65, 0x22, 
  0x20, 0x74, 0x79, 0x70, 0x65, 0x3D, 0x22, 0x70, 0x61, 0x73, 0x73, 0x77, 0x6F, 0x72, 0x64, 0x22, 
  0x20, 0x2F, 0x3E, 0x0A, 0x20, 0x20, 0x20, 0x20, 0x20, 0x20, 0x20, 0x20, 0x20, 0x20, 0x20, 0x20, 
  0x20, 0x20, 0x20, 0x20, 0x20, 0x20, 0x20, 0x20, 0x3C, 0x6C, 0x61, 0x62, 0x65, 0x6C, 0x3E, 0x43, 
  0x6F, 0x6E, 0x66, 0x69, 0x72, 0x6D, 0x61, 0x72, 0x20, 0x6E, 0x6F, 0x76, 0x61, 0x20, 0x73, 0x65, 
  0x6E, 0x68, 0x61, 0x3C, 0x2F, 0x6C, 0x61, 0x62, 0x65, 0x6C, 0x3E, 0x0A, 0x20, 0x20, 0x20, 0x20, 
  0x20, 0x20, 0x20, 0x20, 0x20, 0x20, 0x20, 0x20, 0x20, 0x20, 0x20, 0x20, 0x20, 0x20, 0x20, 0x20, 
  0x3C, 0x69, 0x6E, 0x70, 0x75, 0x74, 0x20, 0x69, 0x64, 0x3D, 0x22, 0x63, 0x68, 0x61, 0x6E, 0x67, 
  0x65, 0x50, 0x61, 0x73, 0x73, 0x77, 0x6F, 0x72, 0x64, 0x43, 0x6F, 0x6E, 0x66, 0x69, 0x72, 0x6D, 
  0x22, 0x20, 0x74, 0x79, 0x70, 0x65, 0x3D, 0x22, 0x70, 0x61, 0x73, 0x73, 0x77, 0x6F, 0x72, 0x64, 
  0x22, 0x20, 0x2F, 0x3E, 0x0A, 0x20, 0x20, 0x20, 0x20, 0x20, 0x20, 0x20, 0x20, 0x20, 0x20, 0x20, 
  0x20, 0x20, 0x20, 0x20, 0x20, 0x20, 0x20, 0x20, 0x20, 0x3C, 0x62, 0x75, 0x74, 0x74, 0x6F, 0x6E, 
  0x20, 0x69, 0x64, 0x3D, 0x22, 0x63, 0x68, 0x61, 0x6E, 0x67, 0x65, 0x50, 0x61, 0x73, 0x73, 0x77, 
  0x6F, 0x72, 0x64, 0x42, 0x74, 0x6E, 0x22, 0x20, 0x63, 0x6C, 0x61, 0x73, 0x73, 0x3D, 0x22, 0x73, 
  0x65, 0x63, 0x6F, 0x6E, 0x64, 0x61, 0x72, 0x79, 0x22, 0x20, 0x74, 0x79, 0x70, 0x65, 0x3D, 0x22, 
  0x62, 0x75, 0x74, 0x74, 0x6F, 0x6E, 0x22, 0x3E, 0x53, 0x61, 0x6C, 0x76, 0x61, 0x72, 0x20, 0x6E, 
  0x6F, 0x76, 0x61, 0x20, 0x73, 0x65, 0x6E, 0x68, 0x61, 0x3C, 0x2F, 0x62, 0x75, 0x74, 0x74, 0x6F, 
  0x6E, 0x3E, 0x0A, 0x20, 0x20, 0x20, 0x20, 0x20, 0x20, 0x20, 0x20, 0x20, 0x20, 0x20, 0x20, 0x20, 
  0x20, 0x20, 0x20, 0x20, 0x20, 0x20, 0x20, 0x3C, 0x64, 0x69, 0x76, 0x20, 0x69, 0x64, 0x3D, 0x22, 
  0x63, 0x68, 0x61, 0x6E, 0x67, 0x65, 0x50, 0x61, 0x73, 0x73, 0x77, 0x6F, 0x72, 0x64, 0x4D, 0x65, 
  0x73, 0x73, 0x61, 0x67, 0x65, 0x22, 0x20, 0x63, 0x6C, 0x61, 0x73, 0x73, 0x3D, 0x22, 0x6D, 0x75, 
  0x74, 0x65, 0x64, 0x22, 0x20, 0x61, 0x72, 0x69, 0x61, 0x2D, 0x6C, 0x69, 0x76, 0x65, 0x3D, 0x22, 
  0x70, 0x6F, 0x6C, 0x69, 0x74, 0x65, 0x22, 0x3E, 0x3C, 0x2F, 0x64, 0x69, 0x76, 0x3E, 0x0A, 0x20, 
  0x20, 0x20, 0x20, 0x20, 0x20, 0x20, 0x20, 0x20, 0x20, 0x20, 0x20, 0x20, 0x20, 0x20, 0x20, 0x20, 
  0x20, 0x3C, 0x2F, 0x66, 0x69, 0x65, 0x6C, 0x64, 0x73, 0x65, 0x74, 0x3E, 0x0A, 0x20, 0x20, 0x20, 
  0x20, 0x20, 0x20, 0x20, 0x20, 0x20, 0x20, 0x20, 0x20, 0x20, 0x20, 0x20, 0x20, 0x20, 0x20, 0x3C, 
  0x66, 0x69, 0x65, 0x6C, 0x64, 0x73, 0x65, 0x74, 0x3E, 0x0A, 0x20, 0x20, 0x20, 0x20, 0x20, 0x20, 
  0x20, 0x20, 0x20, 0x20, 0x20, 0x20, 0x20, 0x20, 0x20, 0x20, 0x20, 0x20, 0x20, 0x20, 0x3C, 0x6C, 
  0x65, 0x67, 0x65, 0x6E, 0x64, 0x3E, 0x41, 0x63, 0x65, 0x73, 0x73, 0x6F, 0x20, 0x64, 0x65, 0x20, 
  0x76, 0x69, 0x73, 0x69, 0x74, 0x61, 0x6E, 0x74, 0x65, 0x3C, 0x2F, 0x6C, 0x65, 0x67, 0x65, 0x6E, 
  0x64, 0x3E, 0x0A, 0x20, 0x20, 0x20, 0x20, 0x20, 0x20, 0x20, 0x20, 0x20, 0x20, 0x20, 0x20, 0x20, 
  0x20, 0x20, 0x20, 0x20, 0x20, 0x20, 0x20, 0x3C, 0x6C, 0x61, 0x62, 0x65, 0x6C, 0x3E, 0x3C, 0x69, 
  0x6E, 0x70, 0x75, 0x74, 0x20, 0x69, 0x64, 0x3D, 0x22, 0x70, 0x65, 0x72, 0x6D, 0x56, 0x69, 0x73, 
  0x69, 0x74, 0x61, 0x6E, 0x74, 0x65, 0x22, 0x20, 0x74, 0x79, 0x70, 0x65, 0x3D, 0x22, 0x63, 0x68, 
  0x65, 0x63, 0x6B, 0x62, 0x6F, 0x78, 0x22, 0x20, 0x2F, 0x3E, 0x20, 0x50, 0x65, 0x72, 0x6D, 0x69, 
  0x74, 0x69, 0x72, 0x20, 0x62, 0x6F, 0x74, 0x26, 0x23, 0x78, 0x45, 0x33, 0x3B, 0x6F, 0x20, 0x26, 
  0x23, 0x78, 0x32, 0x30, 0x31, 0x43, 0x3B, 0x45, 0x6E, 0x74, 0x72, 0x61, 0x72, 0x20, 0x63, 0x6F, 
  0x6D, 0x6F, 0x20, 0x76, 0x69, 0x73, 0x69, 0x74, 0x61, 0x6E, 0x74, 0x65, 0x26, 0x23, 0x78, 0x32, 
  0x30, 0x31, 0x44, 0x3B, 0x3C, 0x2F, 0x6C, 0x61, 0x62, 0x65, 0x6C, 0x3E, 0x0A, 0x20, 0x20, 0x20, 
  0x20, 0x20, 0x20, 0x20, 0x20, 0x20, 0x20, 0x20, 0x20, 0x20, 0x20, 0x20, 0x20, 0x20, 0x20, 0x20, 
  0x20, 0x3C, 0x70, 0x20, 0x63, 0x6C, 0x61, 0x73, 0x73, 0x3D, 0x22, 0x6D, 0x75, 0x74, 0x65, 0x64, 
  0x22, 0x3E, 0x51, 0x75, 0x61, 0x6E, 0x64, 0x6F, 0x20, 0x64, 0x65, 0x73, 0x61, 0x74, 0x69, 0x76, 
  0x61, 0x64, 0x6F, 0x2C, 0x20, 0x6F, 0x20, 0x62, 0x6F, 0x74, 0x26, 0x23, 0x78, 0x45, 0x33, 0x3B, 
  0x6F, 0x20, 0x6E, 0x26, 0x23, 0x78, 0x45, 0x33, 0x3B, 0x6F, 0x20, 0x61, 0x70, 0x61, 0x72, 0x65, 
  0x63, 0x65, 0x20, 0x6E, 0x6F, 0x20, 0x6C, 0x6F, 0x67, 0x69, 0x6E, 0x20, 0x65, 0x20, 0x61, 0x20, 
  0x65, 0x6E, 0x74, 0x72, 0x61, 0x64, 0x61, 0x20, 0x64, 0x65, 0x20, 0x76, 0x69, 0x73, 0x69, 0x74, 
  0x61, 0x6E, 0x74, 0x65, 0x20, 0x26, 0x23, 0x78, 0x45, 0x39, 0x3B, 0x20, 0x62, 0x6C, 0x6F, 0x71, 
  0x75, 0x65, 0x61, 0x64, 0x61, 0x2E, 0x3C, 0x2F, 0x70, 0x3E, 0x0A, 0x20, 0x20, 0x20, 0x20, 0x20, 
  0x20, 0x20, 0x20, 0x20, 0x20, 0x20, 0x20, 0x20, 0x20, 0x20, 0x20, 0x20, 0x20, 0x20, 0x20, 0x3C, 
  0x62, 0x75, 0x74, 0x74, 0x6F, 0x6E, 0x20, 0x69, 0x64, 0x3D, 0x22, 0x73, 0x61, 0x76, 0x65, 0x56, 
  0x69, 0x73, 0x69, 0x74, 0x6F, 0x72, 0x41, 0x63, 0x63, 0x65, 0x73, 0x73, 0x42, 0x74, 0x6E, 0x22, 
  0x20, 0x63, 0x6C, 0x61, 0x73, 0x73, 0x3D, 0x22, 0x73, 0x65, 0x63, 0x6F, 0x6E, 0x64, 0x61, 0x72, 
  0x79, 0x22, 0x20, 0x74, 0x79, 0x70, 0x65, 0x3D, 0x22, 0x62, 0x75, 0x74, 0x74, 0x6F, 0x6E, 0x22, 
  0x3E, 0x53, 0x61, 0x6C, 0x76, 0x61, 0x72, 0x3C, 0x2F, 0x62, 0x75, 0x74, 0x74, 0x6F, 0x6E, 0x3E, 
  0x0A, 0x20, 0x20, 0x20, 0x20, 0x20, 0x20, 0x20, 0x20, 0x20, 0x20, 0x20, 0x20, 0x20, 0x20, 0x20, 
  0x20, 0x20, 0x20, 0x20, 0x20, 0x3C, 0x64, 0x69, 0x76, 0x20, 0x69, 0x64, 0x3D, 0x22, 0x76, 0x69, 
  0x73, 0x69, 0x74, 0x6F, 0x72, 0x41, 0x63, 0x63, 0x65, 0x73, 0x73, 0x4D, 0x65, 0x73, 0x73, 0x61, 
  0x67, 0x65, 0x22, 0x20, 0x63, 0x6C, 0x61, 0x73, 0x73, 0x3D, 0x22, 0x6D, 0x75, 0x74, 0x65, 0x64, 
  0x22, 0x20, 0x61, 0x72, 0x69, 0x61, 0x2D, 0x6C, 0x69, 0x76, 0x65, 0x3D, 0x22, 0x70, 0x6F, 0x6C, 
  0x69, 0x74, 0x65, 0x22, 0x3E, 0x3C, 0x2F, 0x64, 0x69, 0x76, 0x3E, 0x0A, 0x20, 0x20, 0x20, 0x20, 
  0x20, 0x20, 0x20, 0x20, 0x20, 0x20, 0x20, 0x20, 0x20, 0x20, 0x20, 0x20, 0x20, 0x20, 0x3C, 0x2F, 
  0x66, 0x69, 0x65, 0x6C, 0x64, 0x73, 0x65, 0x74, 0x3E, 0x0A, 0x20, 0x20, 0x20, 0x20, 0x20, 0x20, 
  0x20, 0x20, 0x20, 0x20, 0x20, 0x20, 0x20, 0x20, 0x20, 0x20, 0x20, 0x20, 0x3C, 0x66, 0x69, 0x65, 
  0x6C, 0x64, 0x73, 0x65, 0x74, 0x3E, 0x0A, 0x20, 0x20, 0x20, 0x20, 0x20, 0x20, 0x20, 0x20, 0x20, 
  0x20, 0x20, 0x20, 0x20, 0x20, 0x20, 0x20, 0x20, 0x20, 0x20, 0x20, 0x3C, 0x6C, 0x65, 0x67, 0x65, 
  0x6E, 0x64, 0x3E, 0x50, 0x65, 0x72, 0x6D, 0x69, 0x73, 0x73, 0x26, 0x23, 0x78, 0x46, 0x35, 0x3B, 
  0x65, 0x73, 0x20, 0x70, 0x61, 0x72, 0x61, 0x20, 0x75, 0x73, 0x75, 0x26, 0x23, 0x78, 0x45, 0x31, 
  0x3B, 0x72, 0x69, 0x6F, 0x73, 0x20, 0x63, 0x6F, 0x6D, 0x75, 0x6E, 0x73, 0x3C, 0x2F, 0x6C, 0x65, 
  0x67, 0x65, 0x6E, 0x64, 0x3E, 0x0A, 0x20, 0x20, 0x20, 0x20, 0x20, 0x20, 0x20, 0x20, 0x20, 0x20, 
  0x20, 0x20, 0x20, 0x20, 0x20, 0x20, 0x20, 0x20, 0x20, 0x20, 0x3C, 0x6C, 0x61, 0x62, 0x65, 0x6C, 
  0x3E, 0x3C, 0x69, 0x6E, 0x70, 0x75, 0x74, 0x20, 0x69, 0x64, 0x3D, 0x22, 0x70, 0x65, 0x72, 0x6D, 
  0x56, 0x65, 0x54, 0x65, 0x6D, 0x70, 0x22, 0x20, 0x74, 0x79, 0x70, 0x65, 0x3D, 0x22, 0x63, 0x68, 
  0x65, 0x63, 0x6B, 0x62, 0x6F, 0x78, 0x22, 0x20, 0x2F, 0x3E, 0x20, 0x50, 0x6F, 0x64, 0x65, 0x20, 
  0x76, 0x69, 0x73, 0x75, 0x61, 0x6C, 0x69, 0x7A, 0x61, 0x72, 0x20, 0x74, 0x65, 0x6D, 0x70, 0x65, 
  0x72, 0x61, 0x74, 0x75, 0x72, 0x61, 0x3C, 0x2F, 0x6C, 0x61, 0x62, 0x65, 0x6C, 0x3E, 0x0A, 0x20, 
  0x20, 0x20, 0x20, 0x20, 0x20, 0x20, 0x20, 0x20, 0x20, 0x20, 0x20, 0x20, 0x20, 0x20, 0x20, 0x20, 
  0x20, 0x20, 0x20, 0x3C, 0x6C, 0x61, 0x62, 0x65, 0x6C, 0x3E, 0x3C, 0x69, 0x6E, 0x70, 0x75, 0x74, 
  0x20, 0x69, 0x64, 0x3D, 0x22, 0x70, 0x65, 0x72, 0x6D, 0x56, 0x65, 0x55, 0x6D, 0x69, 0x64, 0x22, 
  0x20, 0x74, 0x79, 0x70, 0x65, 0x3D, 0x22, 0x63, 0x68, 0x65, 0x63, 0x6B, 0x62, 0x6F, 0x78, 0x22, 
  0x20, 0x2F, 0x3E, 0x20, 0x50, 0x6F, 0x64, 0x65, 0x20, 0x76, 0x69, 0x73, 0x75, 0x61, 0x6C, 0x69, 
  0x7A, 0x61, 0x72, 0x20, 0x75, 0x6D, 0x69, 0x64, 0x61, 0x64, 0x65, 0x3C, 0x2F, 0x6C, 0x61, 0x62, 
  0x65, 0x6C, 0x3E, 0x0A, 0x20, 0x20, 0x20, 0x20, 0x20, 0x20, 0x20, 0x20, 0x20, 0x20, 0x20, 0x20, 
  0x20, 0x20, 0x20, 0x20, 0x20, 0x20, 0x20, 0x20, 0x3C, 0x6C, 0x61, 0x62, 0x65, 0x6C, 0x3E, 0x3C, 
  0x69, 0x6E, 0x70, 0x75, 0x74, 0x20, 0x69, 0x64, 0x3D, 0x22, 0x70, 0x65, 0x72, 0x6D, 0x56, 0x65, 
  0x47, 0x61, 0x73, 0x22, 0x20, 0x74, 0x79, 0x70, 0x65, 0x3D, 0x22, 0x63, 0x68, 0x65, 0x63, 0x6B, 
  0x62, 0x6F, 0x78, 0x22, 0x20, 0x2F, 0x3E, 0x20, 0x50, 0x6F, 0x64, 0x65, 0x20, 0x76, 0x69, 0x73, 
  0x75, 0x61, 0x6C, 0x69, 0x7A, 0x61, 0x72, 0x20, 0x6E, 0x26, 0x23, 0x78, 0x45, 0x44, 0x3B, 0x76, 
  0x65, 0x6C, 0x20, 0x64, 0x65, 0x20, 0x67, 0x26, 0x23, 0x78, 0x45, 0x31, 0x3B, 0x73, 0x3C, 0x2F, 
  0x6C, 0x61, 0x62, 0x65, 0x6C, 0x3E, 0x0A, 0x20, 0x20, 0x20, 0x20, 0x20, 0x20, 0x20, 0x20, 0x20, 
  0x20, 0x20, 0x20, 0x20, 0x20, 0x20, 0x20, 0x20, 0x20, 0x20, 0x20, 0x3C, 0x6C, 0x61, 0x62, 0x65, 
  0x6C, 0x3E, 0x3C, 0x69, 0x6E, 0x70, 0x75, 0x74, 0x20, 0x69, 0x64, 0x3D, 0x22, 0x70, 0x65, 0x72, 
  0x6D, 0x56, 0x65, 0x57, 0x69, 0x66, 0x69, 0x22, 0x20, 0x74, 0x79, 0x70, 0x65, 0x3D, 0x22, 0x63, 
  0x68, 0x65, 0x63, 0x6B, 0x62, 0x6F, 0x78, 0x22, 0x20, 0x2F, 0x3E, 0x20, 0x50, 0x6F, 0x64, 0x65, 
  0x20, 0x76, 0x69, 0x73, 0x75, 0x61, 0x6C, 0x69, 0x7A, 0x61, 0x72, 0x20, 0x57, 0x69, 0x26, 0x23, 
  0x78, 0x32, 0x30, 0x31, 0x31, 0x3B, 0x46, 0x69, 0x20, 0x63, 0x6F, 0x6E, 0x65, 0x63, 0x74, 0x61, 
  0x64, 0x6F, 0x3C, 0x2F, 0x6C, 0x61, 0x62, 0x65, 0x6C, 0x3E, 0x0A, 0x20, 0x20, 0x20, 0x20, 0x20, 
  0x20, 0x20, 0x20, 0x20, 0x20, 0x20, 0x20, 0x20, 0x20, 0x20, 0x20, 0x20, 0x20, 0x20, 0x20, 0x3C, 
  0x6C, 0x61, 0x62, 0x65, 0x6C, 0x3E, 0x3C, 0x69, 0x6E, 0x70, 0x75, 0x74, 0x20, 0x69, 0x64, 0x3D, 
  0x22, 0x70, 0x65, 0x72, 0x6D, 0x56, 0x65, 0x52, 0x65, 0x64, 0x65, 0x22, 0x20, 0x74, 0x79, 0x70, 
  0x65, 0x3D, 0x22, 0x63, 0x68, 0x65, 0x63, 0x6B, 0x62, 0x6F, 0x78, 0x22, 0x20, 0x2F, 0x3E, 0x20, 
  0x50, 0x6F, 0x64, 0x65, 0x20, 0x76, 0x69, 0x73, 0x75, 0x61, 0x6C, 0x69, 0x7A, 0x61, 0x72, 0x20, 
  0x6E, 0x6F, 0x6D, 0x65, 0x20, 0x64, 0x61, 0x20, 0x72, 0x65, 0x64, 0x65, 0x20, 0x65, 0x20, 0x73, 
  0x74, 0x61, 0x74, 0x75, 0x73, 0x20, 0x64, 0x61, 0x20, 0x69, 0x6E, 0x74, 0x65, 0x72, 0x6E, 0x65, 
  0x74, 0x3C, 0x2F, 0x6C, 0x61, 0x62, 0x65, 0x6C, 0x3E, 0x0A, 0x20, 0x20, 0x20, 0x20, 0x20, 0x20, 
  0x20, 0x20, 0x20, 0x20, 0x20, 0x20, 0x20, 0x20, 0x20, 0x20, 0x20, 0x20, 0x20, 0x20, 0x3C, 0x6C, 
  0x61, 0x62, 0x65, 0x6C, 0x3E, 0x3C, 0x69, 0x6E, 0x70, 0x75, 0x74, 0x20, 0x69, 0x64, 0x3D, 0x22, 
  0x70, 0x65, 0x72, 0x6D, 0x56, 0x65, 0x4C, 0x6F, 0x67, 0x73, 0x22, 0x20, 0x74, 0x79, 0x70, 0x65, 
  0x3D, 0x22, 0x63, 0x68, 0x65, 0x63, 0x6B, 0x62, 0x6F, 0x78, 0x22, 0x20, 0x2F, 0x3E, 0x20, 0x50, 
  0x6F, 0x64, 0x65, 0x20, 0x76, 0x69, 0x73, 0x75, 0x61, 0x6C, 0x69, 0x7A, 0x61, 0x72, 0x20, 0x65, 
  0x76, 0x65, 0x6E, 0x74, 0x6F, 0x73, 0x3C, 0x2F, 0x6C, 0x61, 0x62, 0x65, 0x6C, 0x3E, 0x0A, 0x20, 
  0x20, 0x20, 0x20, 0x20, 0x20, 0x20, 0x20, 0x20, 0x20, 0x20, 0x20, 0x20, 0x20, 0x20, 0x20, 0x20, 
  0x20, 0x20, 0x20, 0x3C, 0x6C, 0x61, 0x62, 0x65, 0x6C, 0x3E, 0x3C, 0x69, 0x6E, 0x70, 0x75, 0x74, 
  0x20, 0x69, 0x64, 0x3D, 0x22, 0x70, 0x65, 0x72, 0x6D, 0x53, 0x69, 0x6C, 0x65, 0x6E, 0x63, 0x69, 
  0x61, 0x72, 0x22, 0x20, 0x74, 0x79, 0x70, 0x65, 0x3D, 0x22, 0x63, 0x68, 0x65, 0x63, 0x6B, 0x62, 
  0x6F, 0x78, 0x22, 0x20, 0x2F, 0x3E, 0x20, 0x50, 0x6F, 0x64, 0x65, 0x20, 0x64, 0x65, 0x73, 0x61, 
  0x74, 0x69, 0x76, 0x61, 0x72, 0x20, 0x61, 0x6C, 0x61, 0x72, 0x6D, 0x65, 0x20, 0x73, 0x6F, 0x6E, 
  0x6F, 0x72, 0x6F, 0x3C, 0x2F, 0x6C, 0x61, 0x62, 0x65, 0x6C, 0x3E, 0x0A, 0x20, 0x20, 0x20, 0x20, 
  0x20, 0x20, 0x20, 0x20, 0x20, 0x20, 0x20, 0x20, 0x20, 0x20, 0x20, 0x20, 0x20, 0x20, 0x3C, 0x2F, 
  0x66, 0x69, 0x65, 0x6C, 0x64, 0x73, 0x65, 0x74, 0x3E, 0x0A, 0x20, 0x20, 0x20, 0x20, 0x20, 0x20, 
  0x20, 0x20, 0x20, 0x20, 0x20, 0x20, 0x20, 0x20, 0x20, 0x20, 0x20, 0x20, 0x3C, 0x66, 0x69, 0x65, 
  0x6C, 0x64, 0x73, 0x65, 0x74, 0x3E, 0x0A, 0x20, 0x20, 0x20, 0x20, 0x20, 0x20, 0x20, 0x20, 0x20, 
  0x20, 0x20, 0x20, 0x20, 0x20, 0x20, 0x20, 0x20, 0x20, 0x20, 0x20, 0x3C, 0x6C, 0x65, 0x67, 0x65, 
  0x6E, 0x64, 0x3E, 0x50, 0x65, 0x72, 0x6D, 0x69, 0x73, 0x73, 0x26, 0x23, 0x78, 0x46, 0x35, 0x3B, 
  0x65, 0x73, 0x20, 0x64, 0x65, 0x20, 0x76, 0x69, 0x73, 0x75, 0x61, 0x6C, 0x69, 0x7A, 0x61, 0x26, 
  0x23, 0x78, 0x45, 0x37, 0x3B, 0x26, 0x23, 0x78, 0x45, 0x33, 0x3B, 0x6F, 0x20, 0x70, 0x61, 0x72, 
  0x61, 0x20, 0x76, 0x69, 0x73, 0x69, 0x74, 0x61, 0x6E, 0x74, 0x65, 0x73, 0x3C, 0x2F, 0x6C, 0x65, 
  0x67, 0x65, 0x6E, 0x64, 0x3E, 0x0A, 0x20, 0x20, 0x20, 0x20, 0x20, 0x20, 0x20, 0x20, 0x20, 0x20, 
  0x20, 0x20, 0x20, 0x20, 0x20, 0x20, 0x20, 0x20, 0x20, 0x20, 0x3C, 0x6C, 0x61, 0x62, 0x65, 0x6C, 
  0x3E, 0x3C, 0x69, 0x6E, 0x70, 0x75, 0x74, 0x20, 0x69, 0x64, 0x3D, 0x22, 0x76, 0x69, 0x73, 0x69, 
  0x74, 0x61, 0x6E, 0x74, 0x65, 0x56, 0x65, 0x54, 0x65, 0x6D, 0x70, 0x22, 0x20, 0x74, 0x79, 0x70, 
  0x65, 0x3D, 0x22, 0x63, 0x68, 0x65, 0x63, 0x6B, 0x62, 0x6F, 0x78, 0x22, 0x20, 0x2F, 0x3E, 0x20, 
  0x50, 0x6F, 0x64, 0x65, 0x20, 0x76, 0x69, 0x73, 0x75, 0x61, 0x6C, 0x69, 0x7A, 0x61, 0x72, 0x20, 
  0x74, 0x65, 0x6D, 0x70, 0x65, 0x72, 0x61, 0x74, 0x75, 0x72, 0x61, 0x3C, 0x2F, 0x6C, 0x61, 0x62, 
  0x65, 0x6C, 0x3E, 0x0A, 0x20, 0x20, 0x20, 0x20, 0x20, 0x20, 0x20, 0x20, 0x20, 0x20, 0x20, 0x20, 
  0x20, 0x20, 0x20, 0x20, 0x20, 0x20, 0x20, 0x20, 0x3C, 0x6C, 0x61, 0x62, 0x65, 0x6C, 0x3E, 0x3C, 
  0x69, 0x6E, 0x70, 0x75, 0x74, 0x20, 0x69, 0x64, 0x3D, 0x22, 0x76, 0x69, 0x73, 0x69, 0x74, 0x61, 
  0x6E, 0x74, 0x65, 0x56, 0x65, 0x55, 0x6D, 0x69, 0x64, 0x22, 0x20, 0x74, 0x79, 0x70, 0x65, 0x3D, 
  0x22, 0x63, 0x68, 0x65, 0x63, 0x6B, 0x62, 0x6F, 0x78, 0x22, 0x20, 0x2F, 0x3E, 0x20, 0x50, 0x6F, 
  0x64, 0x65, 0x20, 0x76, 0x69, 0x73, 0x75, 0x61, 0x6C, 0x69, 0x7A, 0x61, 0x72, 0x20, 0x75, 0x6D, 
  0x69, 0x64, 0x61, 0x64, 0x65, 0x3C, 0x2F, 0x6C, 0x61, 0x62, 0x65, 0x6C, 0x3E, 0x0A, 0x20, 0x20, 
  0x20, 0x20, 0x20, 0x20, 0x20, 0x20, 0x20, 0x20, 0x20, 0x20, 0x20, 0x20, 0x20, 0x20, 0x20, 0x20, 
  0x20, 0x20, 0x3C, 0x6C, 0x61, 0x62, 0x65, 0x6C, 0x3E, 0x3C, 0x69, 0x6E, 0x70, 0x75, 0x74, 0x20, 
  0x69, 0x64, 0x3D, 0x22, 0x76, 0x69, 0x73, 0x69, 0x74, 0x61, 0x6E, 0x74, 0x65, 0x56, 0x65, 0x47, 
  0x61, 0x73, 0x22, 0x20, 0x74, 0x79, 0x70, 0x65, 0x3D, 0x22, 0x63, 0x68, 0x65, 0x63, 0x6B, 0x62, 
  0x6F, 0x78, 0x22, 0x20, 0x2F, 0x3E, 0x20, 0x50, 0x6F, 0x64, 0x65, 0x20, 0x76, 0x69, 0x73, 0x75, 
  0x61, 0x6C, 0x69, 0x7A, 0x61, 0x72, 0x20, 0x6E, 0x26, 0x23, 0x78, 0x45, 0x44, 0x3B, 0x76, 0x65, 
  0x6C, 0x20, 0x64, 0x65, 0x20, 0x67, 0x26, 0x23, 0x78, 0x45, 0x31, 0x3B, 0x73, 0x3C, 0x2F, 0x6C, 
  0x61, 0x62, 0x65, 0x6C, 0x3E, 0x0A, 0x20, 0x20, 0x20, 0x20, 0x20, 0x20, 0x20, 0x20, 0x20, 0x20, 
  0x20, 0x20, 0x20, 0x20, 0x20, 0x20, 0x20, 0x20, 0x20, 0x20, 0x3C, 0x6C, 0x61, 0x62, 0x65, 0x6C, 
  0x3E, 0x3C, 0x69, 0x6E, 0x70, 0x75, 0x74, 0x20, 0x69, 0x64, 0x3D, 0x22, 0x76, 0x69, 0x73, 0x69, 
  0x74, 0x61, 0x6E, 0x74, 0x65, 0x56, 0x65, 0x57, 0x69, 0x66, 0x69, 0x22, 0x20, 0x74, 0x79, 0x70, 
  0x65, 0x3D, 0x22, 0x63, 0x68, 0x65, 0x63, 0x6B, 0x62, 0x6F, 0x78, 0x22, 0x20, 0x2F, 0x3E, 0x20, 
  0x50, 0x6F, 0x64, 0x65, 0x20, 0x76, 0x69, 0x73, 0x75, 0x61, 0x6C, 0x69, 0x7A, 0x61, 0x72, 0x20, 
  0x57, 0x69, 0x26, 0x23, 0x78, 0x32, 0x30, 0x31, 0x31, 0x3B, 0x46, 0x69, 0x20, 0x63, 0x6F, 0x6E, 
  0x65, 0x63, 0x74, 0x61, 0x64, 0x6F, 0x3C, 0x2F, 0x6C, 0x61, 0x62, 0x65, 0x6C, 0x3E, 0x0A, 0x20, 
  0x20, 0x20, 0x20, 0x20, 0x20, 0x20, 0x20, 0x20, 0x20, 0x20, 0x20, 0x20, 0x20, 0x20, 0x20, 0x20, 
  0x20, 0x20, 0x20, 0x3C, 0x6C, 0x61, 0x62, 0x65, 0x6C, 0x3E, 0x3C, 0x69, 0x6E, 0x70, 0x75, 0x74, 
  0x20, 0x69, 0x64, 0x3D, 0x22, 0x76, 0x69, 0x73, 0x69, 0x74, 0x61, 0x6E, 0x74, 0x65, 0x56, 0x65, 
  0x52, 0x65, 0x64, 0x65, 0x22, 0x20, 0x74, 0x79, 0x70, 0x65, 0x3D, 0x22, 0x63, 0x68, 0x65, 0x63, 
  0x6B, 0x62, 0x6F, 0x78, 0x22, 0x20, 0x2F, 0x3E, 0x20, 0x50, 0x6F, 0x64, 0x65, 0x20, 0x76, 0x69, 
  0x73, 0x75, 0x61, 0x6C, 0x69, 0x7A, 0x61, 0x72, 0x20, 0x6E, 0x6F, 0x6D, 0x65, 0x20, 0x64, 0x61, 
  0x20, 0x72, 0x65, 0x64, 0x65, 0x20, 0x65, 0x20, 0x73, 0x74, 0x61, 0x74, 0x75, 0x73, 0x20, 0x64, 
  0x61, 0x20, 0x69, 0x6E, 0x74, 0x65, 0x72, 0x6E, 0x65, 0x74, 0x3C, 0x2F, 0x6C, 0x61, 0x62, 0x65, 
  0x6C, 0x3E, 0x0A, 0x20, 0x20, 0x20, 0x20, 0x20, 0x20, 0x20, 0x20, 0x20, 0x20, 0x20, 0x20, 0x20, 
  0x20, 0x20, 0x20, 0x20, 0x20, 0x20, 0x20, 0x3C, 0x6C, 0x61, 0x62, 0x65, 0x6C, 0x3E, 0x3C, 0x69, 
  0x6E, 0x70, 0x75, 0x74, 0x20, 0x69, 0x64, 0x3D, 0x22, 0x76, 0x69, 0x73, 0x69, 0x74, 0x61, 0x6E, 
  0x74, 0x65, 0x56, 0x65, 0x4C, 0x6F, 0x67, 0x73, 0x22, 0x20, 0x74, 0x79, 0x70, 0x65, 0x3D, 0x22, 
  0x63, 0x68, 0x65, 0x63, 0x6B, 0x62, 0x6F, 0x78, 0x22, 0x20, 0x2F, 0x3E, 0x20, 0x50, 0x6F, 0x64, 
  0x65, 0x20, 0x76, 0x69, 0x73, 0x75, 0x61, 0x6C, 0x69, 0x7A, 0x61, 0x72, 0x20, 0x65, 0x76, 0x65, 
  0x6E, 0x74, 0x6F, 0x73, 0x20, 0x72, 0x65, 0x63, 0x65, 0x6E, 0x74, 0x65, 0x73, 0x3C, 0x2F, 0x6C, 
  0x61, 0x62, 0x65, 0x6C, 0x3E, 0x0A, 0x20, 0x20, 0x20, 0x20, 0x20, 0x20, 0x20, 0x20, 0x20, 0x20, 
  0x20, 0x20, 0x20, 0x20, 0x20, 0x20, 0x20, 0x20, 0x20, 0x20, 0x3C, 0x6C, 0x61, 0x62, 0x65, 0x6C, 
  0x3E, 0x3C, 0x69, 0x6E, 0x70, 0x75, 0x74, 0x20, 0x69, 0x64, 0x3D, 0x22, 0x76, 0x69, 0x73, 0x69, 
  0x74, 0x61, 0x6E, 0x74, 0x65, 0x53, 0x69, 0x6C, 0x65, 0x6E, 0x63, 0x69, 0x61, 0x72, 0x22, 0x20, 
  0x74, 0x79, 0x70, 0x65, 0x3D, 0x22, 0x63, 0x68, 0x65, 0x63, 0x6B, 0x62, 0x6F, 0x78, 0x22, 0x20, 
  0x2F, 0x3E, 0x20, 0x50, 0x6F, 0x64, 0x65, 0x20, 0x64, 0x65, 0x73, 0x61, 0x74, 0x69, 0x76, 0x61, 
  0x72, 0x20, 0x61, 0x6C, 0x61, 0x72, 0x6D, 0x65, 0x20, 0x73, 0x6F, 0x6E, 0x6F, 0x72, 0x6F, 0x3C, 
  0x2F, 0x6C, 0x61, 0x62, 0x65, 0x6C, 0x3E, 0x0A, 0x20, 0x20, 0x20, 0x20, 0x20, 0x20, 0x20, 0x20, 
  0x20, 0x20, 0x20, 0x20, 0x20, 0x20, 0x20, 0x20, 0x20, 0x20, 0x3C, 0x2F, 0x66, 0x69, 0x65, 0x6C, 
  0x64, 0x73, 0x65, 0x74, 0x3E, 0x0A, 0x20, 0x20, 0x20, 0x20, 0x20, 0x20, 0x20, 0x20, 0x20, 0x20, 
  0x20, 0x20, 0x20, 0x20, 0x20, 0x20, 0x20, 0x20, 0x3C, 0x64, 0x69, 0x76, 0x20, 0x63, 0x6C, 0x61, 
  0x73, 0x73, 0x3D, 0x22, 0x73, 0x74, 0x72, 0x65, 0x74, 0x63, 0x68, 0x22, 0x3E, 0x0A, 0x20, 0x20, 
  0x20, 0x20, 0x20, 0x20, 0x20, 0x20, 0x20, 0x20, 0x20, 0x20, 0x20, 0x20, 0x20, 0x20, 0x20, 0x20, 
  0x20, 0x20, 0x3C, 0x62, 0x75, 0x74, 0x74, 0x6F, 0x6E, 0x20, 0x69, 0x64, 0x3D, 0x22, 0x73, 0x61, 
  0x76, 0x65, 0x55, 0x73, 0x65, 0x72, 0x50, 0x65, 0x72, 0x6D, 0x42, 0x74, 0x6E, 0x22, 0x20, 0x63, 
  0x6C, 0x61, 0x73, 0x73, 0x3D, 0x22, 0x73, 0x65, 0x63, 0x6F, 0x6E, 0x64, 0x61, 0x72, 0x79, 0x22, 
  0x20, 0x74, 0x79, 0x70, 0x65, 0x3D, 0x22, 0x62, 0x75, 0x74, 0x74, 0x6F, 0x6E, 0x22, 0x3E, 0x53, 
  0x61, 0x6C, 0x76, 0x61, 0x72, 0x20, 0x70, 0x65, 0x72, 0x6D, 0x69, 0x73, 0x73, 0x26, 0x23, 0x78, 
  0x46, 0x35, 0x3B, 0x65, 0x73, 0x3C, 0x2F, 0x62, 0x75, 0x74, 0x74, 0x6F, 0x6E, 0x3E, 0x0A, 0x20, 
  0x20, 0x20, 0x20, 0x20, 0x20, 0x20, 0x20, 0x20, 0x20, 0x20, 0x20, 0x20, 0x20, 0x20, 0x20, 0x20, 
  0x20, 0x3C, 0x2F, 0x64, 0x69, 0x76, 0x3E, 0x0A, 0x20, 0x20, 0x20, 0x20, 0x20, 0x20, 0x20, 0x20, 
  0x20, 0x20, 0x20, 0x20, 0x20, 0x20, 0x20, 0x20, 0x3C, 0x2F, 0x64, 0x69, 0x76, 0x3E, 0x0A, 0x20, 
  0x20, 0x20, 0x20, 0x20, 0x20, 0x20, 0x20, 0x20, 0x20, 0x20, 0x20, 0x20, 0x20, 0x20, 0x20, 0x3C, 
  0x64, 0x69, 0x76, 0x20, 0x73, 0x74, 0x79, 0x6C, 0x65, 0x3D, 0x22, 0x6D, 0x61, 0x72, 0x67, 0x69, 
  0x6E, 0x2D, 0x74, 0x6F, 0x70, 0x3A, 0x32, 0x32, 0x70, 0x78, 0x3B, 0x22, 0x3E, 0x0A, 0x20, 0x20, 
  0x20, 0x20, 0x20, 0x20, 0x20, 0x20, 0x20, 0x20, 0x20, 0x20, 0x20, 0x20, 0x20, 0x20, 0x20, 0x20, 
  0x3C, 0x74, 0x61, 0x62, 0x6C, 0x65, 0x3E, 0x0A, 0x20, 0x20, 0x20, 0x20, 0x20, 0x20, 0x20, 0x20, 
  0x20, 0x20, 0x20, 0x20, 0x20, 0x20, 0x20, 0x20, 0x20, 0x20, 0x20, 0x20, 0x3C, 0x74, 0x68, 0x65, 
  0x61, 0x64, 0x3E, 0x0A, 0x20, 0x20, 0x20, 0x20, 0x20, 0x20, 0x20, 0x20, 0x20, 0x20, 0x20, 0x20, 
  0x20, 0x20, 0x20, 0x20, 0x20, 0x20, 0x20, 0x20, 0x20, 0x20, 0x3C, 0x74, 0x72, 0x3E, 0x3C, 0x74, 
  0x68, 0x3E, 0x55, 0x73, 0x75, 0x26, 0x23, 0x78, 0x45, 0x31, 0x3B, 0x72, 0x69, 0x6F, 0x3C, 0x2F, 
  0x74, 0x68, 0x3E, 0x3C, 0x74, 0x68, 0x3E, 0x54, 0x69, 0x70, 0x6F, 0x3C, 0x2F, 0x74, 0x68, 0x3E, 
  0x3C, 0x74, 0x68, 0x3E, 0x41, 0x26, 0x23, 0x78, 0x45, 0x37, 0x3B, 0x26, 0x23, 0x78, 0x45, 0x33, 
  0x3B, 0x6F, 0x3C, 0x2F, 0x74, 0x68, 0x3E, 0x3C, 0x2F, 0x74, 0x72, 0x3E, 0x0A, 0x20, 0x20, 0x20, 
  0x20, 0x20, 0x20, 0x20, 0x20, 0x20, 0x20, 0x20, 0x20, 0x20, 0x20, 0x20, 0x20, 0x20, 0x20, 0x20, 
  0x20, 0x3C, 0x2F, 0x74, 0x68, 0x65, 0x61, 0x64, 0x3E, 0x0A, 0x20, 0x20, 0x20, 0x20, 0x20, 0x20, 
  0x20, 0x20, 0x20, 0x20, 0x20, 0x20, 0x20, 0x20, 0x20, 0x20, 0x20, 0x20, 0x20, 0x20, 0x3C, 0x74, 
  0x62, 0x6F, 0x64, 0x79, 0x20, 0x69, 0x64, 0x3D, 0x22, 0x75, 0x73, 0x65, 0x72, 0x73, 0x54, 0x61, 
  0x62, 0x6C, 0x65, 0x42, 0x6F, 0x64, 0x79, 0x22, 0x3E, 0x3C, 0x2F, 0x74, 0x62, 0x6F, 0x64, 0x79, 
  0x3E, 0x0A, 0x20, 0x20, 0x20, 0x20, 0x20, 0x20, 0x20, 0x20, 0x20, 0x20, 0x20, 0x20, 0x20, 0x20, 
  0x20, 0x20, 0x20, 0x20, 0x3C, 0x2F, 0x74, 0x61, 0x62, 0x6C, 0x65, 0x3E, 0x0A, 0x20, 0x20, 0x20, 
  0x20, 0x20, 0x20, 0x20, 0x20, 0x20, 0x20, 0x20, 0x20, 0x20, 0x20, 0x20, 0x20, 0x3C, 0x2F, 0x64, 
  0x69, 0x76, 0x3E, 0x0A, 0x20, 0x20, 0x20, 0x20, 0x20, 0x20, 0x20, 0x20, 0x20, 0x20, 0x20, 0x20, 
  0x20, 0x20, 0x3C, 0x2F, 0x73, 0x65, 0x63, 0x74, 0x69, 0x6F, 0x6E, 0x3E, 0x0A, 0x0A, 0x20, 0x20, 
  0x20, 0x20, 0x20, 0x20, 0x20, 0x20, 0x20, 0x20, 0x20, 0x20, 0x20, 0x20, 0x3C, 0x73, 0x65, 0x63, 
  0x74, 0x69, 0x6F, 0x6E, 0x20, 0x69, 0x64, 0x3D, 0x22, 0x74, 0x61, 0x62, 0x2D, 0x6D, 0x61, 0x69, 
  0x6E, 0x74, 0x65, 0x6E, 0x61, 0x6E, 0x63, 0x65, 0x22, 0x20, 0x63, 0x6C, 0x61, 0x73, 0x73, 0x3D, 
  0x22, 0x70, 0x61, 0x6E, 0x65, 0x6C, 0x20, 0x68, 0x69, 0x64, 0x64, 0x65, 0x6E, 0x22, 0x3E, 0x0A, 
  0x20, 0x20, 0x20, 0x20, 0x20, 0x20, 0x20, 0x20, 0x20, 0x20, 0x20, 0x20, 0x20, 0x20, 0x20, 0x20, 
  0x3C, 0x68, 0x32, 0x20, 0x63, 0x6C, 0x61, 0x73, 0x73, 0x3D, 0x22, 0x73, 0x65, 0x63, 0x74, 0x69, 
  0x6F, 0x6E, 0x2D, 0x74, 0x69, 0x74, 0x6C, 0x65, 0x22, 0x3E, 0x4D, 0x61, 0x6E, 0x75, 0x74, 0x65, 
  0x6E, 0x26, 0x23, 0x78, 0x45, 0x37, 0x3B, 0x26, 0x23, 0x78, 0x45, 0x33, 0x3B, 0x6F, 0x3C, 0x2F, 
  0x68, 0x32, 0x3E, 0x0A, 0x20, 0x20, 0x20, 0x20, 0x20, 0x20, 0x20, 0x20, 0x20, 0x20, 0x20, 0x20, 
  0x20, 0x20, 0x20, 0x20, 0x3C, 0x64, 0x69, 0x76, 0x20, 0x63, 0x6C, 0x61, 0x73, 0x73, 0x3D, 0x22, 
  0x69, 0x6E, 0x6C, 0x69, 0x6E, 0x65, 0x2D, 0x66, 0x6F, 0x72, 0x6D, 0x22, 0x20, 0x73, 0x74, 0x79, 
  0x6C, 0x65, 0x3D, 0x22, 0x6D, 0x61, 0x78, 0x2D, 0x77, 0x69, 0x64, 0x74, 0x68, 0x3A, 0x35, 0x32, 
  0x30, 0x70, 0x78, 0x3B, 0x22, 0x3E, 0x0A, 0x20, 0x20, 0x20, 0x20, 0x20, 0x20, 0x20, 0x20, 0x20, 
  0x20, 0x20, 0x20, 0x20, 0x20, 0x20, 0x20, 0x20, 0x20, 0x3C, 0x64, 0x69, 0x76, 0x20, 0x63, 0x6C, 
  0x61, 0x73, 0x73, 0x3D, 0x22, 0x73, 0x74, 0x72, 0x65, 0x74, 0x63, 0x68, 0x22, 0x3E, 0x0A, 0x20, 
  0x20, 0x20, 0x20, 0x20, 0x20, 0x20, 0x20, 0x20, 0x20, 0x20, 0x20, 0x20, 0x20, 0x20, 0x20, 0x20, 
  0x20, 0x20, 0x20, 0x3C, 0x6C, 0x61, 0x62, 0x65, 0x6C, 0x20, 0x69, 0x64, 0x3D, 0x22, 0x62, 0x61, 
  0x63, 0x6B, 0x75, 0x70, 0x43, 0x6F, 0x6E, 0x66, 0x69, 0x67, 0x42, 0x74, 0x6E, 0x22, 0x20, 0x63, 
  0x6C, 0x61, 0x73, 0x73, 0x3D, 0x22, 0x73, 0x65, 0x63, 0x6F, 0x6E, 0x64, 0x61, 0x72, 0x79, 0x22, 
  0x20, 0x74, 0x79, 0x70, 0x65, 0x3D, 0x22, 0x62, 0x75, 0x74, 0x74, 0x6F, 0x6E, 0x22, 0x3E, 0x42, 
  0x61, 0x63, 0x6B, 0x75, 0x70, 0x20, 0x64, 0x61, 0x73, 0x20, 0x63, 0x6F, 0x6E, 0x66, 0x69, 0x67, 
  0x75, 0x72, 0x61, 0x26, 0x23, 0x78, 0x45, 0x37, 0x3B, 0x26, 0x23, 0x78, 0x46, 0x35, 0x3B, 0x65, 
  0x73, 0x3C, 0x2F, 0x62, 0x75, 0x74, 0x74, 0x6F, 0x6E, 0x3E, 0x0A, 0x20, 0x20, 0x20, 0x20, 0x20, 
  0x20, 0x20, 0x20, 0x20, 0x20, 0x20, 0x20, 0x20, 0x20, 0x20, 0x20, 0x20, 0x20, 0x20, 0x20, 0x3C, 
  0x6C, 0x61, 0x62, 0x65, 0x6C, 0x20, 0x63, 0x6C, 0x61, 0x73, 0x73, 0x3D, 0x22, 0x73, 0x65, 0x63, 
  0x6F, 0x6E, 0x64, 0x61, 0x72, 0x79, 0x22, 0x20, 0x66, 0x6F, 0x72, 0x3D, 0x22, 0x72, 0x65, 0x73, 
  0x74, 0x6F, 0x72, 0x65, 0x43, 0x6F, 0x6E, 0x66, 0x69, 0x67, 0x49, 0x6E, 0x70, 0x75, 0x74, 0x22, 
  0x3E, 0x53, 0x65, 0x6C, 0x65, 0x63, 0x69, 0x6F, 0x6E, 0x61, 0x72, 0x20, 0x62, 0x61, 0x63, 0x6B, 
  0x75, 0x70, 0x3C, 0x2F, 0x6C, 0x61, 0x62, 0x65, 0x6C, 0x3E, 0x0A, 0x20, 0x20, 0x20, 0x20, 0x20, 
  0x20, 0x20, 0x20, 0x20, 0x20, 0x20, 0x20, 0x20, 0x20, 0x20, 0x20, 0x20, 0x20, 0x20, 0x20, 0x3C, 
  0x69, 0x6E, 0x70, 0x75, 0x74, 0x20, 0x69, 0x64, 0x3D, 0x22, 0x72, 0x65, 0x73, 0x74, 0x6F, 0x72, 
  0x65, 0x43, 0x6F, 0x6E, 0x66, 0x69, 0x67, 0x49, 0x6E, 0x70, 0x75, 0x74, 0x22, 0x20, 0x74, 0x79, 
  0x70, 0x65, 0x3D, 0x22, 0x66, 0x69, 0x6C, 0x65, 0x22, 0x20, 0x61, 0x63, 0x63, 0x65, 0x70, 0x74, 
  0x3D, 0x22, 0x61, 0x70, 0x70, 0x6C, 0x69, 0x63, 0x61, 0x74, 0x69, 0x6F, 0x6E, 0x2F, 0x6A, 0x73, 
  0x6F, 0x6E, 0x22, 0x20, 0x63, 0x6C, 0x61, 0x73, 0x73, 0x3D, 0x22, 0x68, 0x69, 0x64, 0x64, 0x65, 
  0x6E, 0x22, 0x20, 0x2F, 0x3E, 0x0A, 0x20, 0x20, 0x20, 0x20, 0x20, 0x20, 0x20, 0x20, 0x20, 0x20, 
  0x20, 0x20, 0x20, 0x20, 0x20, 0x20, 0x20, 0x20, 0x3C, 0x2F, 0x64, 0x69, 0x76, 0x3E, 0x0A, 0x20, 
  0x20, 0x20, 0x20, 0x20, 0x20, 0x20, 0x20, 0x20, 0x20, 0x20, 0x20, 0x20, 0x20, 0x20, 0x20, 0x20, 
  0x20, 0x3C, 0x62, 0x75, 0x74, 0x74, 0x6F, 0x6E, 0x20, 0x69, 0x64, 0x3D, 0x22, 0x72, 0x65, 0x73, 
  0x74, 0x6F, 0x72, 0x65, 0x43, 0x6F, 0x6E, 0x66, 0x69, 0x67, 0x42, 0x74, 0x6E, 0x22, 0x20, 0x63, 
  0x6C, 0x61, 0x73, 0x73, 0x3D, 0x22, 0x70, 0x72, 0x69, 0x6D, 0x61, 0x72, 0x79, 0x22, 0x20, 0x74, 
  0x79, 0x70, 0x65, 0x3D, 0x22, 0x62, 0x75, 0x74, 0x74, 0x6F, 0x6E, 0x22, 0x3E, 0x52, 0x65, 0x73, 
  0x74, 0x61, 0x75, 0x72, 0x61, 0x72, 0x20, 0x62, 0x61, 0x63, 0x6B, 0x75, 0x70, 0x20, 0x73, 0x65, 
  0x6C, 0x65, 0x63, 0x69, 0x6F, 0x6E, 0x61, 0x64, 0x6F, 0x3C, 0x2F, 0x62, 0x75, 0x74, 0x74, 0x6F, 
  0x6E, 0x3E, 0x0A, 0x20, 0x20, 0x20, 0x20, 0x20, 0x20, 0x20, 0x20, 0x20, 0x20, 0x20, 0x20, 0x20, 
  0x20, 0x20, 0x20, 0x20, 0x20, 0x3C, 0x62, 0x75, 0x74, 0x74, 0x6F, 0x6E, 0x20, 0x69, 0x64, 0x3D, 
  0x22, 0x66, 0x61, 0x63, 0x74, 0x6F, 0x72, 0x79, 0x52, 0x65, 0x73, 0x65, 0x74, 0x42, 0x74, 0x6E, 
  0x22, 0x20, 0x63, 0x6C, 0x61, 0x73, 0x73, 0x3D, 0x22, 0x64, 0x61, 0x6E, 0x67, 0x65, 0x72, 0x22, 
  0x20, 0x74, 0x79, 0x70, 0x65, 0x3D, 0x22, 0x62, 0x75, 0x74, 0x74, 0x6F, 0x6E, 0x22, 0x3E, 0x52, 
  0x65, 0x73, 0x65, 0x74, 0x20, 0x64, 0x65, 0x20, 0x66, 0x26, 0x23, 0x78, 0x45, 0x31, 0x3B, 0x62, 
  0x72, 0x69, 0x63, 0x61, 0x3C, 0x2F, 0x62, 0x75, 0x74, 0x74, 0x6F, 0x6E, 0x3E, 0x0A, 0x20, 0x20, 
  0x20, 0x20, 0x20, 0x20, 0x20, 0x20, 0x20, 0x20, 0x20, 0x20, 0x20, 0x20, 0x20, 0x20, 0x20, 0x20, 
  0x3C, 0x64, 0x69, 0x76, 0x20, 0x69, 0x64, 0x3D, 0x22, 0x6D, 0x61, 0x69, 0x6E, 0x74, 0x65, 0x6E, 
  0x61, 0x6E, 0x63, 0x65, 0x4D, 0x65, 0x73, 0x73, 0x61, 0x67, 0x65, 0x22, 0x20, 0x63, 0x6C, 0x61, 
  0x73, 0x73, 0x3D, 0x22, 0x6D, 0x75, 0x74, 0x65, 0x64, 0x22, 0x20, 0x61, 0x72, 0x69, 0x61, 0x2D, 
  0x6C, 0x69, 0x76, 0x65, 0x3D, 0x22, 0x70, 0x6F, 0x6C, 0x69, 0x74, 0x65, 0x22, 0x3E, 0x3C, 0x2F, 
  0x64, 0x69, 0x76, 0x3E, 0x0A, 0x20, 0x20, 0x20, 0x20, 0x20, 0x20, 0x20, 0x20, 0x20, 0x20, 0x20, 
  0x20, 0x20, 0x20, 0x20, 0x20, 0x20, 0x20, 0x3C, 0x66, 0x69, 0x65, 0x6C, 0x64, 0x73, 0x65, 0x74, 
  0x3E, 0x0A, 0x20, 0x20, 0x20, 0x20, 0x20, 0x20, 0x20, 0x20, 0x20, 0x20, 0x20, 0x20, 0x20, 0x20, 
  0x20, 0x20, 0x20, 0x20, 0x20, 0x20, 0x3C, 0x6C, 0x65, 0x67, 0x65, 0x6E, 0x64, 0x3E, 0x44, 0x61, 
  0x74, 0x61, 0x20, 0x65, 0x20, 0x68, 0x6F, 0x72, 0x61, 0x3C, 0x2F, 0x6C, 0x65, 0x67, 0x65, 0x6E, 
  0x64, 0x3E, 0x0A, 0x20, 0x20, 0x20, 0x20, 0x20, 0x20, 0x20, 0x20, 0x20, 0x20, 0x20, 0x20, 0x20, 
  0x20, 0x20, 0x20, 0x20, 0x20, 0x20, 0x20, 0x3C, 0x6C, 0x61, 0x62, 0x65, 0x6C, 0x3E, 0x43, 0x6F, 
  0x6E, 0x66, 0x69, 0x67, 0x75, 0x72, 0x61, 0x26, 0x23, 0x78, 0x45, 0x37, 0x3B, 0x26, 0x23, 0x78, 
  0x45, 0x33, 0x3B, 0x6F, 0x20, 0x6D, 0x61, 0x6E, 0x75, 0x61, 0x6C, 0x3C, 0x2F, 0x6C, 0x61, 0x62, 
  0x65, 0x6C, 0x3E, 0x0A, 0x20, 0x20, 0x20, 0x20, 0x20, 0x20, 0x20, 0x20, 0x20, 0x20, 0x20, 0x20, 
  0x20, 0x20, 0x20, 0x20, 0x20, 0x20, 0x20, 0x20, 0x3C, 0x69, 0x6E, 0x70, 0x75, 0x74, 0x20, 0x69, 
  0x64, 0x3D, 0x22, 0x6D, 0x61, 0x6E, 0x75, 0x61, 0x6C, 0x44, 0x61, 0x74, 0x65, 0x54, 0x69, 0x6D, 
  0x65, 0x22, 0x20, 0x74, 0x79, 0x70, 0x65, 0x3D, 0x22, 0x64, 0x61, 0x74, 0x65, 0x74, 0x69, 0x6D, 
  0x65, 0x2D, 0x6C, 0x6F, 0x63, 0x61, 0x6C, 0x22, 0x20, 0x2F, 0x3E, 0x0A, 0x20, 0x20, 0x20, 0x20, 
  0x20, 0x20, 0x20, 0x20, 0x20, 0x20, 0x20, 0x20, 0x20, 0x20, 0x20, 0x20, 0x20, 0x20, 0x20, 0x20, 
  0x3C, 0x64, 0x69, 0x76, 0x20, 0x63, 0x6C, 0x61, 0x73, 0x73, 0x3D, 0x22, 0x73, 0x74, 0x72, 0x65, 
  0x74, 0x63, 0x68, 0x22, 0x20, 0x73, 0x74, 0x79, 0x6C, 0x65, 0x3D, 0x22, 0x6D, 0x61, 0x72, 0x67, 
  0x69, 0x6E, 0x2D, 0x74, 0x6F, 0x70, 0x3A, 0x31, 0x32, 0x70, 0x78, 0x3B, 0x22, 0x3E, 0x0A, 0x20, 
  0x20, 0x20, 0x20, 0x20, 0x20, 0x20, 0x20, 0x20, 0x20, 0x20, 0x20, 0x20, 0x20, 0x20, 0x20, 0x20, 
  0x20, 0x20, 0x20, 0x20, 0x20, 0x3C, 0x62, 0x75, 0x74, 0x74, 0x6F, 0x6E, 0x20, 0x69, 0x64, 0x3D, 
  0x22, 0x73, 0x79, 0x6E, 0x63, 0x54, 0x69, 0x6D, 0x65, 0x42, 0x74, 0x6E, 0x22, 0x20, 0x63, 0x6C, 
  0x61, 0x73, 0x73, 0x3D, 0x22, 0x70, 0x72, 0x69, 0x6D, 0x61, 0x72, 0x79, 0x22, 0x20, 0x74, 0x79, 
  0x70, 0x65, 0x3D, 0x22, 0x62, 0x75, 0x74, 0x74, 0x6F, 0x6E, 0x22, 0x3E, 0x42, 0x75, 0x73, 0x63, 
  0x61, 0x72, 0x20, 0x68, 0x6F, 0x72, 0x61, 0x20, 0x61, 0x74, 0x75, 0x61, 0x6C, 0x20, 0x64, 0x61, 
  0x20, 0x77, 0x65, 0x62, 0x3C, 0x2F, 0x62, 0x75, 0x74, 0x74, 0x6F, 0x6E, 0x3E, 0x0A, 0x20, 0x20, 
  0x20, 0x20, 0x20, 0x20, 0x20, 0x20, 0x20, 0x20, 0x20, 0x20, 0x20, 0x20, 0x20, 0x20, 0x20, 0x20, 
  0x20, 0x20, 0x20, 0x20, 0x3C, 0x62, 0x75, 0x74, 0x74, 0x6F, 0x6E, 0x20, 0x69, 0x64, 0x3D, 0x22, 
  0x73, 0x61, 0x76, 0x65, 0x54, 0x69, 0x6D, 0x65, 0x42, 0x74, 0x6E, 0x22, 0x20, 0x63, 0x6C, 0x61, 
  0x73, 0x73, 0x3D, 0x22, 0x73, 0x65, 0x63, 0x6F, 0x6E, 0x64, 0x61, 0x72, 0x79, 0x22, 0x20, 0x74, 
  0x79, 0x70, 0x65, 0x3D, 0x22, 0x62, 0x75, 0x74, 0x74, 0x6F, 0x6E, 0x22, 0x3E, 0x53, 0x61, 0x6C, 
  0x76, 0x61, 0x72, 0x20, 0x64, 0x61, 0x74, 0x61, 0x20, 0x65, 0x20, 0x68, 0x6F, 0x72, 0x61, 0x3C, 
  0x2F, 0x62, 0x75, 0x74, 0x74, 0x6F, 0x6E, 0x3E, 0x0A, 0x20, 0x20, 0x20, 0x20, 0x20, 0x20, 0x20, 
  0x20, 0x20, 0x20, 0x20, 0x20, 0x20, 0x20, 0x20, 0x20, 0x20, 0x20, 0x20, 0x20, 0x3C, 0x2F, 0x64, 
  0x69, 0x76, 0x3E, 0x0A, 0x20, 0x20, 0x20, 0x20, 0x20, 0x20, 0x20, 0x20, 0x20, 0x20, 0x20, 0x20, 
  0x20, 0x20, 0x20, 0x20, 0x20, 0x20, 0x20, 0x20, 0x3C, 0x64, 0x69, 0x76, 0x20, 0x69, 0x64, 0x3D, 
  0x22, 0x74, 0x69, 0x6D, 0x65, 0x53, 0x6F, 0x75, 0x72, 0x63, 0x65, 0x4D, 0x65, 0x73, 0x73, 0x61, 
  0x67, 0x65, 0x22, 0x20, 0x63, 0x6C, 0x61, 0x73, 0x73, 0x3D, 0x22, 0x6D, 0x75, 0x74, 0x65, 0x64, 
  0x22, 0x20, 0x61, 0x72, 0x69, 0x61, 0x2D, 0x6C, 0x69, 0x76, 0x65, 0x3D, 0x22, 0x70, 0x6F, 0x6C, 
  0x69, 0x74, 0x65, 0x22, 0x3E, 0x46, 0x6F, 0x6E, 0x74, 0x65, 0x20, 0x61, 0x69, 0x6E, 0x64, 0x61, 
  0x20, 0x6E, 0x26, 0x23, 0x78, 0x45, 0x33, 0x3B, 0x6F, 0x20, 0x63, 0x6F, 0x6E, 0x73, 0x75, 0x6C, 
  0x74, 0x61, 0x64, 0x61, 0x2E, 0x3C, 0x2F, 0x64, 0x69, 0x76, 0x3E, 0x0A, 0x20, 0x20, 0x20, 0x20, 
  0x20, 0x20, 0x20, 0x20, 0x20, 0x20, 0x20, 0x20, 0x20, 0x20, 0x20, 0x20, 0x20, 0x20, 0x3C, 0x2F, 
  0x66, 0x69, 0x65, 0x6C, 0x64, 0x73, 0x65, 0x74, 0x3E, 0x0A, 0x20, 0x20, 0x20, 0x20, 0x20, 0x20, 
  0x20, 0x20, 0x20, 0x20, 0x20, 0x20, 0x20, 0x20, 0x20, 0x20, 0x3C, 0x2F, 0x64, 0x69, 0x76, 0x3E, 
  0x0A, 0x20, 0x20, 0x20, 0x20, 0x20, 0x20, 0x20, 0x20, 0x20, 0x20, 0x20, 0x20, 0x20, 0x20, 0x3C, 
  0x2F, 0x73, 0x65, 0x63, 0x74, 0x69, 0x6F, 0x6E, 0x3E, 0x0A, 0x0A, 0x20, 0x20, 0x20, 0x20, 0x20, 
  0x20, 0x20, 0x20, 0x20, 0x20, 0x20, 0x20, 0x20, 0x20, 0x3C, 0x73, 0x65, 0x63, 0x74, 0x69, 0x6F, 
  0x6E, 0x20, 0x69, 0x64, 0x3D, 0x22, 0x74, 0x61, 0x62, 0x2D, 0x6C, 0x6F, 0x67, 0x73, 0x22, 0x20, 
  0x63, 0x6C, 0x61, 0x73, 0x73, 0x3D, 0x22, 0x70, 0x61, 0x6E, 0x65, 0x6C, 0x20, 0x68, 0x69, 0x64, 
  0x64, 0x65, 0x6E, 0x22, 0x3E, 0x0A, 0x20, 0x20, 0x20, 0x20, 0x20, 0x20, 0x20, 0x20, 0x20, 0x20, 
  0x20, 0x20, 0x20, 0x20, 0x20, 0x20, 0x3C, 0x68, 0x32, 0x20, 0x63, 0x6C, 0x61, 0x73, 0x73, 0x3D, 
  0x22, 0x73, 0x65, 0x63, 0x74, 0x69, 0x6F, 0x6E, 0x2D, 0x74, 0x69, 0x74, 0x6C, 0x65, 0x22, 0x3E, 
  0x4C, 0x6F, 0x67, 0x73, 0x20, 0x64, 0x65, 0x20, 0x61, 0x6C, 0x65, 0x72, 0x74, 0x61, 0x73, 0x3C, 
  0x2F, 0x68, 0x32, 0x3E, 0x0A, 0x20, 0x20, 0x20, 0x20, 0x20, 0x20, 0x20, 0x20, 0x20, 0x20, 0x20, 
  0x20, 0x20, 0x20, 0x20, 0x20, 0x3C, 0x64, 0x69, 0x76, 0x20, 0x63, 0x6C, 0x61, 0x73, 0x73, 0x3D, 
  0x22, 0x73, 0x74, 0x72, 0x65, 0x74, 0x63, 0x68, 0x22, 0x20, 0x73, 0x74, 0x79, 0x6C, 0x65, 0x3D, 
  0x22, 0x6D, 0x61, 0x72, 0x67, 0x69, 0x6E, 0x2D, 0x62, 0x6F, 0x74, 0x74, 0x6F, 0x6D, 0x3A, 0x31, 
  0x38, 0x70, 0x78, 0x3B, 0x22, 0x3E, 0x0A, 0x20, 0x20, 0x20, 0x20, 0x20, 0x20, 0x20, 0x20, 0x20, 
  0x20, 0x20, 0x20, 0x20, 0x20, 0x20, 0x20, 0x20, 0x20, 0x3C, 0x62, 0x75, 0x74, 0x74, 0x6F, 0x6E, 
  0x20, 0x69, 0x64, 0x3D, 0x22, 0x63, 0x6C, 0x65, 0x61, 0x72, 0x4C, 0x6F, 0x67, 0x73, 0x42, 0x74, 
  0x6E, 0x22, 0x20, 0x63, 0x6C, 0x61, 0x73, 0x73, 0x3D, 0x22, 0x64, 0x61, 0x6E, 0x67, 0x65, 0x72, 
  0x22, 0x20, 0x74, 0x79, 0x70, 0x65, 0x3D, 0x22, 0x62, 0x75, 0x74, 0x74, 0x6F, 0x6E, 0x22, 0x3E, 
  0x41, 0x70, 0x61, 0x67, 0x61, 0x72, 0x20, 0x6C, 0x6F, 0x67, 0x73, 0x3C, 0x2F, 0x62, 0x75, 0x74, 
  0x74, 0x6F, 0x6E, 0x3E, 0x0A, 0x20, 0x20, 0x20, 0x20, 0x20, 0x20, 0x20, 0x20, 0x20, 0x20, 0x20, 
  0x20, 0x20, 0x20, 0x20, 0x20, 0x3C, 0x2F, 0x64, 0x69, 0x76, 0x3E, 0x0A, 0x20, 0x20, 0x20, 0x20, 
  0x20, 0x20, 0x20, 0x20, 0x20, 0x20, 0x20, 0x20, 0x20, 0x20, 0x20, 0x20, 0x3C, 0x64, 0x69, 0x76, 
  0x20, 0x69, 0x64, 0x3D, 0x22, 0x6C, 0x6F, 0x67, 0x73, 0x43, 0x6F, 0x6E, 0x74, 0x61, 0x69, 0x6E, 
  0x65, 0x72, 0x22, 0x3E, 0x4E, 0x65, 0x6E, 0x68, 0x75, 0x6D, 0x20, 0x65, 0x76, 0x65, 0x6E, 0x74, 
  0x6F, 0x20, 0x72, 0x65, 0x67, 0x69, 0x73, 0x74, 0x72, 0x61, 0x64, 0x6F, 0x2E, 0x3C, 0x2F, 0x64, 
  0x69, 0x76, 0x3E, 0x0A, 0x20, 0x20, 0x20, 0x20, 0x20, 0x20, 0x20, 0x20, 0x20, 0x20, 0x20, 0x20, 
  0x20, 0x20, 0x3C, 0x2F, 0x73, 0x65, 0x63, 0x74, 0x69, 0x6F, 0x6E, 0x3E, 0x0A, 0x0A, 0x20, 0x20, 
  0x20, 0x20, 0x20, 0x20, 0x20, 0x20, 0x20, 0x20, 0x20, 0x20, 0x20, 0x20, 0x3C, 0x73, 0x65, 0x63, 
  0x74, 0x69, 0x6F, 0x6E, 0x20, 0x69, 0x64, 0x3D, 0x22, 0x74, 0x61, 0x62, 0x2D, 0x61, 0x62, 0x6F, 
  0x75, 0x74, 0x22, 0x20, 0x63, 0x6C, 0x61, 0x73, 0x73, 0x3D, 0x22, 0x70, 0x61, 0x6E, 0x65, 0x6C, 
  0x20, 0x68, 0x69, 0x64, 0x64, 0x65, 0x6E, 0x22, 0x3E, 0x0A, 0x20, 0x20, 0x20, 0x20, 0x20, 0x20, 
  0x20, 0x20, 0x20, 0x20, 0x20, 0x20, 0x20, 0x20, 0x20, 0x20, 0x3C, 0x68, 0x32, 0x20, 0x63, 0x6C, 
  0x61, 0x73, 0x73, 0x3D, 0x22, 0x73, 0x65, 0x63, 0x74, 0x69, 0x6F, 0x6E, 0x2D, 0x74, 0x69, 0x74, 
  0x6C, 0x65, 0x22, 0x3E, 0x53, 0x6F, 0x62, 0x72, 0x65, 0x3C, 0x2F, 0x68, 0x32, 0x3E, 0x0A, 0x20, 
  0x20, 0x20, 0x20, 0x20, 0x20, 0x20, 0x20, 0x20, 0x20, 0x20, 0x20, 0x20, 0x20, 0x20, 0x20, 0x3C, 
  0x64, 0x69, 0x76, 0x20, 0x63, 0x6C, 0x61, 0x73, 0x73, 0x3D, 0x22, 0x61, 0x62, 0x6F, 0x75, 0x74, 
  0x2D, 0x68, 0x65, 0x72, 0x6F, 0x22, 0x3E, 0x0A, 0x20, 0x20, 0x20, 0x20, 0x20, 0x20, 0x20, 0x20, 
  0x20, 0x20, 0x20, 0x20, 0x20, 0x20, 0x20, 0x20, 0x20, 0x20, 0x3C, 0x69, 0x6D, 0x67, 0x20, 0x63, 
  0x6C, 0x61, 0x73, 0x73, 0x3D, 0x22, 0x61, 0x62, 0x6F, 0x75, 0x74, 0x2D, 0x6C, 0x6F, 0x67, 0x6F, 
  0x22, 0x20, 0x73, 0x72, 0x63, 0x3D, 0x22, 0x2F, 0x6C, 0x6F, 0x67, 0x6F, 0x2E, 0x6A, 0x70, 0x67, 
  0x22, 0x20, 0x61, 0x6C, 0x74, 0x3D, 0x22, 0x26, 0x23, 0x78, 0x43, 0x44, 0x3B, 0x63, 0x6F, 0x6E, 
  0x65, 0x20, 0x64, 0x61, 0x20, 0x55, 0x45, 0x52, 0x4A, 0x22, 0x20, 0x2F, 0x3E, 0x0A, 0x20, 0x20, 
  0x20, 0x20, 0x20, 0x20, 0x20, 0x20, 0x20, 0x20, 0x20, 0x20, 0x20, 0x20, 0x20, 0x20, 0x20, 0x20, 
  0x3C, 0x64, 0x69, 0x76, 0x3E, 0x0A, 0x20, 0x20, 0x20, 0x20, 0x20, 0x20, 0x20, 0x20, 0x20, 0x20, 
  0x20, 0x20, 0x20, 0x20, 0x20, 0x20, 0x20, 0x20, 0x20, 0x20, 0x3C, 0x73, 0x70, 0x61, 0x6E, 0x20, 
  0x63, 0x6C, 0x61, 0x73, 0x73, 0x3D, 0x22, 0x61, 0x62, 0x6F, 0x75, 0x74, 0x2D, 0x6B, 0x69, 0x63, 
  0x6B, 0x65, 0x72, 0x22, 0x3E, 0x50, 0x72, 0x6F, 0x6A, 0x65, 0x74, 0x6F, 0x20, 0x61, 0x63, 0x61, 
  0x64, 0x26, 0x23, 0x78, 0x45, 0x41, 0x3B, 0x6D, 0x69, 0x63, 0x6F, 0x20, 0x64, 0x65, 0x20, 0x6D, 
  0x6F, 0x6E, 0x69, 0x74, 0x6F, 0x72, 0x61, 0x6D, 0x65, 0x6E, 0x74, 0x6F, 0x3C, 0x2F, 0x73, 0x70, 
  0x61, 0x6E, 0x3E, 0x0A, 0x20, 0x20, 0x20, 0x20, 0x20, 0x20, 0x20, 0x20, 0x20, 0x20, 0x20, 0x20, 
  0x20, 0x20, 0x20, 0x20, 0x20, 0x20, 0x20, 0x20, 0x3C, 0x68, 0x33, 0x3E, 0x4D, 0x6F, 0x6E, 0x69, 
  0x74, 0x6F, 0x72, 0x61, 0x6D, 0x65, 0x6E, 0x74, 0x6F, 0x20, 0x64, 0x65, 0x20, 0x4C, 0x61, 0x62, 
  0x6F, 0x72, 0x61, 0x74, 0x26, 0x23, 0x78, 0x46, 0x33, 0x3B, 0x72, 0x69, 0x6F, 0x3C, 0x2F, 0x68, 
  0x33, 0x3E, 0x0A, 0x20, 0x20, 0x20, 0x20, 0x20, 0x20, 0x20, 0x20, 0x20, 0x20, 0x20, 0x20, 0x20, 
  0x20, 0x20, 0x20, 0x20, 0x20, 0x20, 0x20, 0x3C, 0x70, 0x3E, 0x44, 0x65, 0x73, 0x65, 0x6E, 0x76, 
  0x6F, 0x6C, 0x76, 0x69, 0x64, 0x6F, 0x20, 0x6E, 0x61, 0x20, 0x3C, 0x61, 0x20, 0x68, 0x72, 0x65, 
  0x66, 0x3D, 0x22, 0x68, 0x74, 0x74, 0x70, 0x73, 0x3A, 0x2F, 0x2F, 0x77, 0x77, 0x77, 0x2E, 0x75, 
  0x65, 0x72, 0x6A, 0x2E, 0x62, 0x72, 0x2F, 0x22, 0x20, 0x74, 0x61, 0x72, 0x67, 0x65, 0x74, 0x3D, 
  0x22, 0x5F, 0x62, 0x6C, 0x61, 0x6E, 0x6B, 0x22, 0x20, 0x72, 0x65, 0x6C, 0x3D, 0x22, 0x6E, 0x6F, 
  0x6F, 0x70, 0x65, 0x6E, 0x65, 0x72, 0x20, 0x6E, 0x6F, 0x72, 0x65, 0x66, 0x65, 0x72, 0x72, 0x65, 
  0x72, 0x22, 0x3E, 0x55, 0x45, 0x52, 0x4A, 0x20, 0x2D, 0x20, 0x55, 0x6E, 0x69, 0x76, 0x65, 0x72, 
  0x73, 0x69, 0x64, 0x61, 0x64, 0x65, 0x20, 0x64, 0x6F, 0x20, 0x45, 0x73, 0x74, 0x61, 0x64, 0x6F, 
  0x20, 0x64, 0x6F, 0x20, 0x52, 0x69, 0x6F, 0x20, 0x64, 0x65, 0x20, 0x4A, 0x61, 0x6E, 0x65, 0x69, 
  0x72, 0x6F, 0x3C, 0x2F, 0x61, 0x3E, 0x2E, 0x3C, 0x2F, 0x70, 0x3E, 0x0A, 0x20, 0x20, 0x20, 0x20, 
  0x20, 0x20, 0x20, 0x20, 0x20, 0x20, 0x20, 0x20, 0x20, 0x20, 0x20, 0x20, 0x20, 0x20, 0x3C, 0x2F, 
  0x64, 0x69, 0x76, 0x3E, 0x0A, 0x20, 0x20, 0x20, 0x20, 0x20, 0x20, 0x20, 0x20, 0x20, 0x20, 0x20, 
  0x20, 0x20, 0x20, 0x20, 0x20, 0x3C, 0x2F, 0x64, 0x69, 0x76, 0x3E, 0x0A, 0x0A, 0x20, 0x20, 0x20, 
  0x20, 0x20, 0x20, 0x20, 0x20, 0x20, 0x20, 0x20, 0x20, 0x20, 0x20, 0x20, 0x20, 0x3C, 0x64, 0x69, 
  0x76, 0x20, 0x63, 0x6C, 0x61, 0x73, 0x73, 0x3D, 0x22, 0x61, 0x62, 0x6F, 0x75, 0x74, 0x2D, 0x67, 
  0x72, 0x69, 0x64, 0x22, 0x3E, 0x0A, 0x20, 0x20, 0x20, 0x20, 0x20, 0x20, 0x20, 0x20, 0x20, 0x20, 
  0x20, 0x20, 0x20, 0x20, 0x20, 0x20, 0x20, 0x20, 0x3C, 0x61, 0x72, 0x74, 0x69, 0x63, 0x6C, 0x65, 
  0x20, 0x63, 0x6C, 0x61, 0x73, 0x73, 0x3D, 0x22, 0x61, 0x62, 0x6F, 0x75, 0x74, 0x2D, 0x63, 0x61, 
  0x72, 0x64, 0x22, 0x3E, 0x0A, 0x20, 0x20, 0x20, 0x20, 0x20, 0x20, 0x20, 0x20, 0x20, 0x20, 0x20, 
  0x20, 0x20, 0x20, 0x20, 0x20, 0x20, 0x20, 0x20, 0x20, 0x3C, 0x68, 0x33, 0x3E, 0x50, 0x72, 0x6F, 
  0x6A, 0x65, 0x74, 0x6F, 0x20, 0x65, 0x20, 0x6F, 0x72, 0x69, 0x65, 0x6E, 0x74, 0x61, 0x26, 0x23, 
  0x78, 0x45, 0x37, 0x3B, 0x26, 0x23, 0x78, 0x45, 0x33, 0x3B, 0x6F, 0x3C, 0x2F, 0x68, 0x33, 0x3E, 
  0x0A, 0x20, 0x20, 0x20, 0x20, 0x20, 0x20, 0x20, 0x20, 0x20, 0x20, 0x20, 0x20, 0x20, 0x20, 0x20, 
  0x20, 0x20, 0x20, 0x20, 0x20, 0x3C, 0x70, 0x3E, 0x3C, 0x73, 0x74, 0x72, 0x6F, 0x6E, 0x67, 0x3E, 
  0x50, 0x72, 0x6F, 0x66, 0x65, 0x73, 0x73, 0x6F, 0x72, 0x20, 0x65, 0x6E, 0x63, 0x61, 0x72, 0x72, 
  0x65, 0x67, 0x61, 0x64, 0x6F, 0x3C, 0x2F, 0x73, 0x74, 0x72, 0x6F, 0x6E, 0x67, 0x3E, 0x3C, 0x62, 
  0x72, 0x20, 0x2F, 0x3E, 0x43, 0x61, 0x72, 0x6C, 0x6F, 0x73, 0x20, 0x41, 0x75, 0x67, 0x75, 0x73, 
  0x74, 0x6F, 0x20, 0x53, 0x69, 0x63, 0x73, 0x26, 0x23, 0x78, 0x46, 0x41, 0x3B, 0x3C, 0x2F, 0x70, 
  0x3E, 0x0A, 0x20, 0x20, 0x20, 0x20, 0x20, 0x20, 0x20, 0x20, 0x20, 0x20, 0x20, 0x20, 0x20, 0x20, 
  0x20, 0x20, 0x20, 0x20, 0x20, 0x20, 0x3C, 0x70, 0x3E, 0x3C, 0x73, 0x74, 0x72, 0x6F, 0x6E, 0x67, 
  0x3E, 0x44, 0x65, 0x73, 0x65, 0x6E, 0x76, 0x6F, 0x6C, 0x76, 0x65, 0x64, 0x6F, 0x72, 0x65, 0x73, 
  0x3C, 0x2F, 0x73, 0x74, 0x72, 0x6F, 0x6E, 0x67, 0x3E, 0x3C, 0x62, 0x72, 0x20, 0x2F, 0x3E, 0x50, 
  0x65, 0x64, 0x72, 0x6F, 0x20, 0x41, 0x6E, 0x74, 0x61, 0x72, 0x69, 0x73, 0x20, 0x50, 0x69, 0x6E, 
  0x68, 0x65, 0x69, 0x72, 0x6F, 0x20, 0x65, 0x20, 0x4D, 0x61, 0x74, 0x68, 0x65, 0x75, 0x73, 0x20, 
  0x52, 0x65, 0x62, 0x65, 0x6C, 0x6C, 0x6F, 0x3C, 0x2F, 0x70, 0x3E, 0x0A, 0x20, 0x20, 0x20, 0x20, 
  0x20, 0x20, 0x20, 0x20, 0x20, 0x20, 0x20, 0x20, 0x20, 0x20, 0x20, 0x20, 0x20, 0x20, 0x20, 0x20, 
  0x3C, 0x70, 0x3E, 0x3C, 0x73, 0x74, 0x72, 0x6F, 0x6E, 0x67, 0x3E, 0x49, 0x6E, 0x73, 0x74, 0x69, 
  0x74, 0x75, 0x69, 0x26, 0x23, 0x78, 0x45, 0x37, 0x3B, 0x26, 0x23, 0x78, 0x45, 0x33, 0x3B, 0x6F, 
  0x3C, 0x2F, 0x73, 0x74, 0x72, 0x6F, 0x6E, 0x67, 0x3E, 0x3C, 0x62, 0x72, 0x20, 0x2F, 0x3E, 0x55, 
  0x45, 0x52, 0x4A, 0x20, 0x2D, 0x20, 0x55, 0x6E, 0x69, 0x76, 0x65, 0x72, 0x73, 0x69, 0x64, 0x61, 
  0x64, 0x65, 0x20, 0x64, 0x6F, 0x20, 0x45, 0x73, 0x74, 0x61, 0x64, 0x6F, 0x20, 0x64, 0x6F, 0x20, 
  0x52, 0x69, 0x6F, 0x20, 0x64, 0x65, 0x20, 0x4A, 0x61, 0x6E, 0x65, 0x69, 0x72, 0x6F, 0x3C, 0x2F, 
  0x70, 0x3E, 0x0A, 0x20, 0x20, 0x20, 0x20, 0x20, 0x20, 0x20, 0x20, 0x20, 0x20, 0x20, 0x20, 0x20, 
  0x20, 0x20, 0x20, 0x20, 0x20, 0x3C, 0x2F, 0x61, 0x72, 0x74, 0x69, 0x63, 0x6C, 0x65, 0x3E, 0x0A, 
  0x0A, 0x20, 0x20, 0x20, 0x20, 0x20, 0x20, 0x20, 0x20, 0x20, 0x20, 0x20, 0x20, 0x20, 0x20, 0x20, 
  0x20, 0x20, 0x20, 0x3C, 0x61, 0x72, 0x74, 0x69, 0x63, 0x6C, 0x65, 0x20, 0x63, 0x6C, 0x61, 0x73, 
  0x73, 0x3D, 0x22, 0x61, 0x62, 0x6F, 0x75, 0x74, 0x2D, 0x63, 0x61, 0x72, 0x64, 0x22, 0x3E, 0x0A, 
  0x20, 0x20, 0x20, 0x20, 0x20, 0x20, 0x20, 0x20, 0x20, 0x20, 0x20, 0x20, 0x20, 0x20, 0x20, 0x20, 
  0x20, 0x20, 0x20, 0x20, 0x3C, 0x68, 0x33, 0x3E, 0x43, 0x6F, 0x6D, 0x6F, 0x20, 0x75, 0x74, 0x69, 
  0x6C, 0x69, 0x7A, 0x61, 0x72, 0x3C, 0x2F, 0x68, 0x33, 0x3E, 0x0A, 0x20, 0x20, 0x20, 0x20, 0x20, 
  0x20, 0x20, 0x20, 0x20, 0x20, 0x20, 0x20, 0x20, 0x20, 0x20, 0x20, 0x20, 0x20, 0x20, 0x20, 0x3C, 
  0x6F, 0x6C, 0x20, 0x63, 0x6C, 0x61, 0x73, 0x73, 0x3D, 0x22, 0x61, 0x62, 0x6F, 0x75, 0x74, 0x2D, 
  0x73, 0x74, 0x65, 0x70, 0x73, 0x22, 0x3E, 0x0A, 0x20, 0x20, 0x20, 0x20, 0x20, 0x20, 0x20, 0x20, 
  0x20, 0x20, 0x20, 0x20, 0x20, 0x20, 0x20, 0x20, 0x20, 0x20, 0x20, 0x20, 0x20, 0x20, 0x3C, 0x6C, 
  0x69, 0x3E, 0x4C, 0x69, 0x67, 0x75, 0x65, 0x20, 0x6F, 0x20, 0x61, 0x70, 0x61, 0x72, 0x65, 0x6C, 
  0x68, 0x6F, 0x20, 0x65, 0x20, 0x61, 0x67, 0x75, 0x61, 0x72, 0x64, 0x65, 0x20, 0x61, 0x20, 0x69, 
  0x6E, 0x69, 0x63, 0x69, 0x61, 0x6C, 0x69, 0x7A, 0x61, 0x26, 0x23, 0x78, 0x45, 0x37, 0x3B, 0x26, 
  0x23, 0x78, 0x45, 0x33, 0x3B, 0x6F, 0x2E, 0x3C, 0x2F, 0x6C, 0x69, 0x3E, 0x0A, 0x20, 0x20, 0x20, 
  0x20, 0x20, 0x20, 0x20, 0x20, 0x20, 0x20, 0x20, 0x20, 0x20, 0x20, 0x20, 0x20, 0x20, 0x20, 0x20, 
  0x20, 0x20, 0x20, 0x3C, 0x6C, 0x69, 0x3E, 0x53, 0x65, 0x20, 0x6E, 0x65, 0x63, 0x65, 0x73, 0x73, 
  0x26, 0x23, 0x78, 0x45, 0x31, 0x3B, 0x72, 0x69, 0x6F, 0x2C, 0x20, 0x63, 0x6F, 0x6E, 0x65, 0x63, 
  0x74, 0x65, 0x2D, 0x73, 0x65, 0x20, 0x26, 0x23, 0x78, 0x45, 0x30, 0x3B, 0x20, 0x72, 0x65, 0x64, 
  0x65, 0x20, 0x3C, 0x73, 0x74, 0x72, 0x6F, 0x6E, 0x67, 0x3E, 0x4D, 0x4F, 0x4E, 0x49, 0x54, 0x4F, 
  0x52, 0x2D, 0x43, 0x4F, 0x4E, 0x46, 0x49, 0x47, 0x55, 0x52, 0x41, 0x52, 0x3C, 0x2F, 0x73, 0x74, 
  0x72, 0x6F, 0x6E, 0x67, 0x3E, 0x2E, 0x3C, 0x2F, 0x6C, 0x69, 0x3E, 0x0A, 0x20, 0x20, 0x20, 0x20, 
  0x20, 0x20, 0x20, 0x20, 0x20, 0x20, 0x20, 0x20, 0x20, 0x20, 0x20, 0x20, 0x20, 0x20, 0x20, 0x20, 
  0x20, 0x20, 0x3C, 0x6C, 0x69, 0x3E, 0x41, 0x62, 0x72, 0x61, 0x20, 0x3C, 0x73, 0x74, 0x72, 0x6F, 
  0x6E, 0x67, 0x3E, 0x68, 0x74, 0x74, 0x70, 0x3A, 0x2F, 0x2F, 0x6D, 0x6F, 0x6E, 0x69, 0x74, 0x6F, 
  0x72, 0x2D, 0x63, 0x6F, 0x6E, 0x66, 0x69, 0x67, 0x75, 0x72, 0x61, 0x72, 0x2E, 0x6C, 0x6F, 0x63, 
  0x61, 0x6C, 0x3C, 0x2F, 0x73, 0x74, 0x72, 0x6F, 0x6E, 0x67, 0x3E, 0x3C, 0x2F, 0x6C, 0x69, 0x3E, 
  0x0A, 0x20, 0x20, 0x20, 0x20, 0x20, 0x20, 0x20, 0x20, 0x20, 0x20, 0x20, 0x20, 0x20, 0x20, 0x20, 
  0x20, 0x20, 0x20, 0x20, 0x20, 0x20, 0x20, 0x3C, 0x6C, 0x69, 0x3E, 0x45, 0x6E, 0x74, 0x72, 0x65, 
  0x20, 0x63, 0x6F, 0x6D, 0x20, 0x73, 0x75, 0x61, 0x73, 0x20, 0x63, 0x72, 0x65, 0x64, 0x65, 0x6E, 
  0x63, 0x69, 0x61, 0x69, 0x73, 0x20, 0x6F, 0x75, 0x20, 0x75, 0x73, 0x65, 0x20, 0x6F, 0x20, 0x61, 
  0x63, 0x65, 0x73, 0x73, 0x6F, 0x20, 0x64, 0x65, 0x20, 0x76, 0x69, 0x73, 0x69, 0x74, 0x61, 0x6E, 
  0x74, 0x65, 0x2E, 0x3C, 0x2F, 0x6C, 0x69, 0x3E, 0x0A, 0x20, 0x20, 0x20, 0x20, 0x20, 0x20, 0x20, 
  0x20, 0x20, 0x20, 0x20, 0x20, 0x20, 0x20, 0x20, 0x20, 0x20, 0x20, 0x20, 0x20, 0x3C, 0x2F, 0x6F, 
  0x6C, 0x3E, 0x0A, 0x20, 0x20, 0x20, 0x20, 0x20, 0x20, 0x20, 0x20, 0x20, 0x20, 0x20, 0x20, 0x20, 
  0x20, 0x20, 0x20, 0x20, 0x20, 0x3C, 0x2F, 0x61, 0x72, 0x74, 0x69, 0x63, 0x6C, 0x65, 0x3E, 0x0A, 
  0x0A, 0x20, 0x20, 0x20, 0x20, 0x20, 0x20, 0x20, 0x20, 0x20, 0x20, 0x20, 0x20, 0x20, 0x20, 0x20, 
  0x20, 0x20, 0x20, 0x3C, 0x61, 0x72, 0x74, 0x69, 0x63, 0x6C, 0x65, 0x20, 0x63, 0x6C, 0x61, 0x73, 
  0x73, 0x3D, 0x22, 0x61, 0x62, 0x6F, 0x75, 0x74, 0x2D, 0x63, 0x61, 0x72, 0x64, 0x22, 0x3E, 0x0A, 
  0x20, 0x20, 0x20, 0x20, 0x20, 0x20, 0x20, 0x20, 0x20, 0x20, 0x20, 0x20, 0x20, 0x20, 0x20, 0x20, 
  0x20, 0x20, 0x20, 0x20, 0x3C, 0x68, 0x33, 0x3E, 0x4C, 0x45, 0x44, 0x20, 0x61, 0x7A, 0x75, 0x6C, 
  0x20, 0x65, 0x20, 0x57, 0x69, 0x2D, 0x46, 0x69, 0x3C, 0x2F, 0x68, 0x33, 0x3E, 0x0A, 0x20, 0x20, 
  0x20, 0x20, 0x20, 0x20, 0x20, 0x20, 0x20, 0x20, 0x20, 0x20, 0x20, 0x20, 0x20, 0x20, 0x20, 0x20, 
  0x20, 0x20, 0x3C, 0x75, 0x6C, 0x20, 0x63, 0x6C, 0x61, 0x73, 0x73, 0x3D, 0x22, 0x61, 0x62, 0x6F, 
  0x75, 0x74, 0x2D, 0x6C, 0x69, 0x73, 0x74, 0x22, 0x3E, 0x0A, 0x20, 0x20, 0x20, 0x20, 0x20, 0x20, 
  0x20, 0x20, 0x20, 0x20, 0x20, 0x20, 0x20, 0x20, 0x20, 0x20, 0x20, 0x20, 0x20, 0x20, 0x20, 0x20, 
  0x3C, 0x6C, 0x69, 0x3E, 0x3C, 0x73, 0x74, 0x72, 0x6F, 0x6E, 0x67, 0x3E, 0x41, 0x7A, 0x75, 0x6C, 
  0x20, 0x66, 0x69, 0x78, 0x6F, 0x3A, 0x3C, 0x2F, 0x73, 0x74, 0x72, 0x6F, 0x6E, 0x67, 0x3E, 0x20, 
  0x61, 0x70, 0x61, 0x72, 0x65, 0x6C, 0x68, 0x6F, 0x20, 0x63, 0x6F, 0x6E, 0x65, 0x63, 0x74, 0x61, 
  0x64, 0x6F, 0x20, 0x61, 0x6F, 0x20, 0x57, 0x69, 0x2D, 0x46, 0x69, 0x2E, 0x3C, 0x2F, 0x6C, 0x69, 
  0x3E, 0x0A, 0x20, 0x20, 0x20, 0x20, 0x20, 0x20, 0x20, 0x20, 0x20, 0x20, 0x20, 0x20, 0x20, 0x20, 
  0x20, 0x20, 0x20, 0x20, 0x20, 0x20, 0x20, 0x20, 0x3C, 0x6C, 0x69, 0x3E, 0x3C, 0x73, 0x74, 0x72, 
  0x6F, 0x6E, 0x67, 0x3E, 0x41, 0x7A, 0x75, 0x6C, 0x20, 0x70, 0x69, 0x73, 0x63, 0x61, 0x6E, 0x64, 
  0x6F, 0x3A, 0x3C, 0x2F, 0x73, 0x74, 0x72, 0x6F, 0x6E, 0x67, 0x3E, 0x20, 0x6D, 0x6F, 0x64, 0x6F, 
  0x20, 0x64, 0x65, 0x20, 0x63, 0x6F, 0x6E, 0x66, 0x69, 0x67, 0x75, 0x72, 0x61, 0x26, 0x23, 0x78, 
  0x45, 0x37, 0x3B, 0x26, 0x23, 0x78, 0x45, 0x33, 0x3B, 0x6F, 0x20, 0x61, 0x74, 0x69, 0x76, 0x6F, 
  0x2E, 0x3C, 0x2F, 0x6C, 0x69, 0x3E, 0x0A, 0x20, 0x20, 0x20, 0x20, 0x20, 0x20, 0x20, 0x20, 0x20, 
  0x20, 0x20, 0x20, 0x20, 0x20, 0x20, 0x20, 0x20, 0x20, 0x20, 0x20, 0x20, 0x20, 0x3C, 0x6C, 0x69, 
  0x3E, 0x3C, 0x73, 0x74, 0x72, 0x6F, 0x6E, 0x67, 0x3E, 0x50, 0x61, 0x64, 0x72, 0x26, 0x23, 0x78, 
  0x45, 0x33, 0x3B, 0x6F, 0x20, 0x64, 0x65, 0x20, 0x63, 0x6F, 0x6E, 0x66, 0x69, 0x67, 0x75, 0x72, 
  0x61, 0x26, 0x23, 0x78, 0x45, 0x37, 0x3B, 0x26, 0x23, 0x78, 0x45, 0x33, 0x3B, 0x6F, 0x3A, 0x3C, 
  0x2F, 0x73, 0x74, 0x72, 0x6F, 0x6E, 0x67, 0x3E, 0x20, 0x74, 0x72, 0x26, 0x23, 0x78, 0x45, 0x41, 
  0x3B, 0x73, 0x20, 0x70, 0x69, 0x73, 0x63, 0x61, 0x64, 0x61, 0x73, 0x20, 0x72, 0x26, 0x23, 0x78, 
  0x45, 0x31, 0x3B, 0x70, 0x69, 0x64, 0x61, 0x73, 0x2C, 0x20, 0x66, 0x69, 0x63, 0x61, 0x20, 0x61, 
  0x63, 0x65, 0x73, 0x6F, 0x20, 0x70, 0x6F, 0x72, 0x20, 0x61, 0x70, 0x72, 0x6F, 0x78, 0x69, 0x6D, 
  0x61, 0x64, 0x61, 0x6D, 0x65, 0x6E, 0x74, 0x65, 0x20, 0x35, 0x30, 0x30, 0x20, 0x6D, 0x73, 0x2C, 
  0x20, 0x61, 0x70, 0x61, 0x67, 0x61, 0x20, 0x70, 0x6F, 0x72, 0x20, 0x61, 0x70, 0x72, 0x6F, 0x78, 
  0x69, 0x6D, 0x61, 0x64, 0x61, 0x6D, 0x65, 0x6E, 0x74, 0x65, 0x20, 0x31, 0x20, 0x73, 0x65, 0x67, 
  0x75, 0x6E, 0x64, 0x6F, 0x20, 0x65, 0x20, 0x72, 0x65, 0x70, 0x65, 0x74, 0x65, 0x20, 0x6F, 0x20, 
  0x63, 0x69, 0x63, 0x6C, 0x6F, 0x2E, 0x3C, 0x2F, 0x6C, 0x69, 0x3E, 0x0A, 0x20, 0x20, 0x20, 0x20, 
  0x20, 0x20, 0x20, 0x20, 0x20, 0x20, 0x20, 0x20, 0x20, 0x20, 0x20, 0x20, 0x20, 0x20, 0x20, 0x20, 
  0x20, 0x20, 0x3C, 0x6C, 0x69, 0x3E, 0x44, 0x65, 0x70, 0x6F, 0x69, 0x73, 0x20, 0x71, 0x75, 0x65, 
  0x20, 0x61, 0x20, 0x72, 0x65, 0x64, 0x65, 0x20, 0x26, 0x23, 0x78, 0x45, 0x39, 0x3B, 0x20, 0x63, 
  0x6F, 0x6E, 0x66, 0x69, 0x67, 0x75, 0x72, 0x61, 0x64, 0x61, 0x2C, 0x20, 0x6F, 0x20, 0x70, 0x6F, 
  0x6E, 0x74, 0x6F, 0x20, 0x64, 0x65, 0x20, 0x61, 0x63, 0x65, 0x73, 0x73, 0x6F, 0x20, 0x26, 0x23, 
  0x78, 0x45, 0x39, 0x3B, 0x20, 0x64, 0x65, 0x73, 0x6C, 0x69, 0x67, 0x61, 0x64, 0x6F, 0x20, 0x65, 
  0x20, 0x6F, 0x20, 0x4C, 0x45, 0x44, 0x20, 0x70, 0x65, 0x72, 0x6D, 0x61, 0x6E, 0x65, 0x63, 0x65, 
  0x20, 0x61, 0x63, 0x65, 0x73, 0x6F, 0x2E, 0x3C, 0x2F, 0x6C, 0x69, 0x3E, 0x0A, 0x20, 0x20, 0x20, 
  0x20, 0x20, 0x20, 0x20, 0x20, 0x20, 0x20, 0x20, 0x20, 0x20, 0x20, 0x20, 0x20, 0x20, 0x20, 0x20, 
  0x20, 0x3C, 0x2F, 0x75, 0x6C, 0x3E, 0x0A, 0x20, 0x20, 0x20, 0x20, 0x20, 0x20, 0x20, 0x20, 0x20, 
  0x20, 0x20, 0x20, 0x20, 0x20, 0x20, 0x20, 0x20, 0x20, 0x3C, 0x2F, 0x61, 0x72, 0x74, 0x69, 0x63, 
  0x6C, 0x65, 0x3E, 0x0A, 0x0A, 0x20, 0x20, 0x20, 0x20, 0x20, 0x20, 0x20, 0x20, 0x20, 0x20, 0x20, 
  0x20, 0x20, 0x20, 0x20, 0x20, 0x20, 0x20, 0x3C, 0x61, 0x72, 0x74, 0x69, 0x63, 0x6C, 0x65, 0x20, 
  0x63, 0x6C, 0x61, 0x73, 0x73, 0x3D, 0x22, 0x61, 0x62, 0x6F, 0x75, 0x74, 0x2D, 0x63, 0x61, 0x72, 
  0x64, 0x22, 0x3E, 0x0A, 0x20, 0x20, 0x20, 0x20, 0x20, 0x20, 0x20, 0x20, 0x20, 0x20, 0x20, 0x20, 
  0x20, 0x20, 0x20, 0x20, 0x20, 0x20, 0x20, 0x20, 0x3C, 0x68, 0x33, 0x3E, 0x53, 0x65, 0x6E, 0x73, 
  0x6F, 0x72, 0x65, 0x73, 0x20, 0x65, 0x20, 0x6C, 0x65, 0x69, 0x74, 0x75, 0x72, 0x61, 0x73, 0x3C, 
  0x2F, 0x68, 0x33, 0x3E, 0x0A, 0x20, 0x20, 0x20, 0x20, 0x20, 0x20, 0x20, 0x20, 0x20, 0x20, 0x20, 
  0x20, 0x20, 0x20, 0x20, 0x20, 0x20, 0x20, 0x20, 0x20, 0x3C, 0x75, 0x6C, 0x20, 0x63, 0x6C, 0x61, 
  0x73, 0x73, 0x3D, 0x22, 0x61, 0x62, 0x6F, 0x75, 0x74, 0x2D, 0x6C, 0x69, 0x73, 0x74, 0x22, 0x3E, 
  0x0A, 0x20, 0x20, 0x20, 0x20, 0x20, 0x20, 0x20, 0x20, 0x20, 0x20, 0x20, 0x20, 0x20, 0x20, 0x20, 
  0x20, 0x20, 0x20, 0x20, 0x20, 0x20, 0x20, 0x3C, 0x6C, 0x69, 0x3E, 0x3C, 0x73, 0x74, 0x72, 0x6F, 
  0x6E, 0x67, 0x3E, 0x54, 0x65, 0x6D, 0x70, 0x65, 0x72, 0x61, 0x74, 0x75, 0x72, 0x61, 0x3A, 0x3C, 
  0x2F, 0x73, 0x74, 0x72, 0x6F, 0x6E, 0x67, 0x3E, 0x20, 0x6D, 0x65, 0x64, 0x69, 0x64, 0x61, 0x20, 
  0x65, 0x6D, 0x20, 0x67, 0x72, 0x61, 0x75, 0x73, 0x20, 0x43, 0x65, 0x6C, 0x73, 0x69, 0x75, 0x73, 
  0x20, 0x70, 0x65, 0x6C, 0x6F, 0x20, 0x73, 0x65, 0x6E, 0x73, 0x6F, 0x72, 0x20, 0x44, 0x48, 0x54, 
  0x2E, 0x3C, 0x2F, 0x6C, 0x69, 0x3E, 0x0A, 0x20, 0x20, 0x20, 0x20, 0x20, 0x20, 0x20, 0x20, 0x20, 
  0x20, 0x20, 0x20, 0x20, 0x20, 0x20, 0x20, 0x20, 0x20, 0x20, 0x20, 0x20, 0x20, 0x3C, 0x6C, 0x69, 
  0x3E, 0x3C, 0x73, 0x74, 0x72, 0x6F, 0x6E, 0x67, 0x3E, 0x55, 0x6D, 0x69, 0x64, 0x61, 0x64, 0x65, 
  0x3A, 0x3C, 0x2F, 0x73, 0x74, 0x72, 0x6F, 0x6E, 0x67, 0x3E, 0x20, 0x61, 0x70, 0x72, 0x65, 0x73, 
  0x65, 0x6E, 0x74, 0x61, 0x64, 0x61, 0x20, 0x65, 0x6D, 0x20, 0x70, 0x6F, 0x72, 0x63, 0x65, 0x6E, 
  0x74, 0x61, 0x67, 0x65, 0x6D, 0x20, 0x70, 0x65, 0x6C, 0x6F, 0x20, 0x73, 0x65, 0x6E, 0x73, 0x6F, 
  0x72, 0x20, 0x44, 0x48, 0x54, 0x2E, 0x3C, 0x2F, 0x6C, 0x69, 0x3E, 0x0A, 0x20, 0x20, 0x20, 0x20, 
  0x20, 0x20, 0x20, 0x20, 0x20, 0x20, 0x20, 0x20, 0x20, 0x20, 0x20, 0x20, 0x20, 0x20, 0x20, 0x20, 
  0x20, 0x20, 0x3C, 0x6C, 0x69, 0x3E, 0x3C, 0x73, 0x74, 0x72, 0x6F, 0x6E, 0x67, 0x3E, 0x47, 0x26, 
  0x23, 0x78, 0x45, 0x31, 0x3B, 0x73, 0x3A, 0x3C, 0x2F, 0x73, 0x74, 0x72, 0x6F, 0x6E, 0x67, 0x3E, 
  0x20, 0x61, 0x70, 0x72, 0x65, 0x73, 0x65, 0x6E, 0x74, 0x61, 0x64, 0x6F, 0x20, 0x65, 0x6D, 0x20, 
  0x41, 0x44, 0x43, 0x3B, 0x20, 0x76, 0x61, 0x6C, 0x6F, 0x72, 0x65, 0x73, 0x20, 0x6D, 0x61, 0x69, 
  0x6F, 0x72, 0x65, 0x73, 0x20, 0x69, 0x6E, 0x64, 0x69, 0x63, 0x61, 0x6D, 0x20, 0x6D, 0x61, 0x69, 
  0x6F, 0x72, 0x20, 0x73, 0x69, 0x6E, 0x61, 0x6C, 0x20, 0x6E, 0x61, 0x20, 0x73, 0x61, 0x26, 0x23, 
  0x78, 0x45, 0x44, 0x3B, 0x64, 0x61, 0x20, 0x61, 0x6E, 0x61, 0x6C, 0x26, 0x23, 0x78, 0x46, 0x33, 
  0x3B, 0x67, 0x69, 0x63, 0x61, 0x2E, 0x3C, 0x2F, 0x6C, 0x69, 0x3E, 0x0A, 0x20, 0x20, 0x20, 0x20, 
  0x20, 0x20, 0x20, 0x20, 0x20, 0x20, 0x20, 0x20, 0x20, 0x20, 0x20, 0x20, 0x20, 0x20, 0x20, 0x20, 
  0x20, 0x20, 0x3C, 0x6C, 0x69, 0x3E, 0x41, 0x73, 0x20, 0x6C, 0x65, 0x69, 0x74, 0x75, 0x72, 0x61, 
  0x73, 0x20, 0x73, 0x26, 0x23, 0x78, 0x45, 0x33, 0x3B, 0x6F, 0x20, 0x61, 0x74, 0x75, 0x61, 0x6C, 
  0x69, 0x7A, 0x61, 0x64, 0x61, 0x73, 0x20, 0x61, 0x75, 0x74, 0x6F, 0x6D, 0x61, 0x74, 0x69, 0x63, 
  0x61, 0x6D, 0x65, 0x6E, 0x74, 0x65, 0x20, 0x6E, 0x61, 0x20, 0x56, 0x69, 0x73, 0x26, 0x23, 0x78, 
  0x45, 0x33, 0x3B, 0x6F, 0x20, 0x67, 0x65, 0x72, 0x61, 0x6C, 0x2E, 0x3C, 0x2F, 0x6C, 0x69, 0x3E, 
  0x0A, 0x20, 0x20, 0x20, 0x20, 0x20, 0x20, 0x20, 0x20, 0x20, 0x20, 0x20, 0x20, 0x20, 0x20, 0x20, 
  0x20, 0x20, 0x20, 0x20, 0x20, 0x3C, 0x2F, 0x75, 0x6C, 0x3E, 0x0A, 0x20, 0x20, 0x20, 0x20, 0x20, 
  0x20, 0x20, 0x20, 0x20, 0x20, 0x20, 0x20, 0x20, 0x20, 0x20, 0x20, 0x20, 0x20, 0x3C, 0x2F, 0x61, 
  0x72, 0x74, 0x69, 0x63, 0x6C, 0x65, 0x3E, 0x0A, 0x0A, 0x20, 0x20, 0x20, 0x20, 0x20, 0x20, 0x20, 
  0x20, 0x20, 0x20, 0x20, 0x20, 0x20, 0x20, 0x20, 0x20, 0x20, 0x20, 0x3C, 0x61, 0x72, 0x74, 0x69, 
  0x63, 0x6C, 0x65, 0x20, 0x63, 0x6C, 0x61, 0x73, 0x73, 0x3D, 0x22, 0x61, 0x62, 0x6F, 0x75, 0x74, 
  0x2D, 0x63, 0x61, 0x72, 0x64, 0x22, 0x3E, 0x0A, 0x20, 0x20, 0x20, 0x20, 0x20, 0x20, 0x20, 0x20, 
  0x20, 0x20, 0x20, 0x20, 0x20, 0x20, 0x20, 0x20, 0x20, 0x20, 0x20, 0x20, 0x3C, 0x68, 0x33, 0x3E, 
  0x41, 0x6C, 0x65, 0x72, 0x74, 0x61, 0x73, 0x3C, 0x2F, 0x68, 0x33, 0x3E, 0x0A, 0x20, 0x20, 0x20, 
  0x20, 0x20, 0x20, 0x20, 0x20, 0x20, 0x20, 0x20, 0x20, 0x20, 0x20, 0x20, 0x20, 0x20, 0x20, 0x20, 
  0x20, 0x3C, 0x75, 0x6C, 0x20, 0x63, 0x6C, 0x61, 0x73, 0x73, 0x3D, 0x22, 0x61, 0x62, 0x6F, 0x75, 
  0x74, 0x2D, 0x6C, 0x69, 0x73, 0x74, 0x22, 0x3E, 0x0A, 0x20, 0x20, 0x20, 0x20, 0x20, 0x20, 0x20, 
  0x20, 0x20, 0x20, 0x20, 0x20, 0x20, 0x20, 0x20, 0x20, 0x20, 0x20, 0x20, 0x20, 0x20, 0x20, 0x3C, 
  0x6C, 0x69, 0x3E, 0x55, 0x6D, 0x20, 0x61, 0x6C, 0x65, 0x72, 0x74, 0x61, 0x20, 0x26, 0x23, 0x78, 
  0x45, 0x39, 0x3B, 0x20, 0x63, 0x72, 0x69, 0x61, 0x64, 0x6F, 0x20, 0x71, 0x75, 0x61, 0x6E, 0x64, 
  0x6F, 0x20, 0x74, 0x65, 0x6D, 0x70, 0x65, 0x72, 0x61, 0x74, 0x75, 0x72, 0x61, 0x2C, 0x20, 0x75, 
  0x6D, 0x69, 0x64, 0x61, 0x64, 0x65, 0x20, 0x6F, 0x75, 0x20, 0x67, 0x26, 0x23, 0x78, 0x45, 0x31, 
  0x3B, 0x73, 0x20, 0x75, 0x6C, 0x74, 0x72, 0x61, 0x70, 0x61, 0x73, 0x73, 0x61, 0x20, 0x6F, 0x20, 
  0x6C, 0x69, 0x6D, 0x69, 0x74, 0x65, 0x20, 0x63, 0x6F, 0x6E, 0x66, 0x69, 0x67, 0x75, 0x72, 0x61, 
  0x64, 0x6F, 0x2E, 0x3C, 0x2F, 0x6C, 0x69, 0x3E, 0x0A, 0x20, 0x20, 0x20, 0x20, 0x20, 0x20, 0x20, 
  0x20, 0x20, 0x20, 0x20, 0x20, 0x20, 0x20, 0x20, 0x20, 0x20, 0x20, 0x20, 0x20, 0x20, 0x20, 0x3C, 
  0x6C, 0x69, 0x3E, 0x4F, 0x20, 0x4C, 0x45, 0x44, 0x20, 0x76, 0x65, 0x72, 0x6D, 0x65, 0x6C, 0x68, 
  0x6F, 0x20, 0x70, 0x69, 0x73, 0x63, 0x61, 0x20, 0x65, 0x6E, 0x71, 0x75, 0x61, 0x6E, 0x74, 0x6F, 
  0x20, 0x68, 0x6F, 0x75, 0x76, 0x65, 0x72, 0x20, 0x75, 0x6D, 0x61, 0x20, 0x63, 0x6F, 0x6E, 0x64, 
  0x69, 0x26, 0x23, 0x78, 0x45, 0x37, 0x3B, 0x26, 0x23, 0x78, 0x45, 0x33, 0x3B, 0x6F, 0x20, 0x63, 
  0x72, 0x26, 0x23, 0x78, 0x45, 0x44, 0x3B, 0x74, 0x69, 0x63, 0x61, 0x2E, 0x3C, 0x2F, 0x6C, 0x69, 
  0x3E, 0x0A, 0x20, 0x20, 0x20, 0x20, 0x20, 0x20, 0x20, 0x20, 0x20, 0x20, 0x20, 0x20, 0x20, 0x20, 
  0x20, 0x20, 0x20, 0x20, 0x20, 0x20, 0x20, 0x20, 0x3C, 0x6C, 0x69, 0x3E, 0x50, 0x72, 0x65, 0x73, 
  0x73, 0x69, 0x6F, 0x6E, 0x65, 0x20, 0x6F, 0x20, 0x62, 0x6F, 0x74, 0x26, 0x23, 0x78, 0x45, 0x33, 
  0x3B, 0x6F, 0x20, 0x66, 0x26, 0x23, 0x78, 0x45, 0x44, 0x3B, 0x73, 0x69, 0x63, 0x6F, 0x20, 0x70, 
  0x61, 0x72, 0x61, 0x20, 0x73, 0x69, 0x6C, 0x65, 0x6E, 0x63, 0x69, 0x61, 0x72, 0x20, 0x6F, 0x20, 
  0x61, 0x6C, 0x65, 0x72, 0x74, 0x61, 0x20, 0x73, 0x6F, 0x6E, 0x6F, 0x72, 0x6F, 0x20, 0x65, 0x6E, 
  0x71, 0x75, 0x61, 0x6E, 0x74, 0x6F, 0x20, 0x6F, 0x20, 0x61, 0x6C, 0x65, 0x72, 0x74, 0x61, 0x20, 
  0x65, 0x73, 0x74, 0x69, 0x76, 0x65, 0x72, 0x20, 0x61, 0x74, 0x69, 0x76, 0x6F, 0x2E, 0x3C, 0x2F, 
  0x6C, 0x69, 0x3E, 0x0A, 0x20, 0x20, 0x20, 0x20, 0x20, 0x20, 0x20, 0x20, 0x20, 0x20, 0x20, 0x20, 
  0x20, 0x20, 0x20, 0x20, 0x20, 0x20, 0x20, 0x20, 0x20, 0x20, 0x3C, 0x6C, 0x69, 0x3E, 0x51, 0x75, 
  0x61, 0x6E, 0x64, 0x6F, 0x20, 0x61, 0x20, 0x63, 0x6F, 0x6E, 0x64, 0x69, 0x26, 0x23, 0x78, 0x45, 
  0x37, 0x3B, 0x26, 0x23, 0x78, 0x45, 0x33, 0x3B, 0x6F, 0x20, 0x76, 0x6F, 0x6C, 0x74, 0x61, 0x20, 
  0x61, 0x6F, 0x20, 0x6E, 0x6F, 0x72, 0x6D, 0x61, 0x6C, 0x2C, 0x20, 0x6F, 0x20, 0x73, 0x69, 0x73, 
  0x74, 0x65, 0x6D, 0x61, 0x20, 0x6C, 0x69, 0x62, 0x65, 0x72, 0x61, 0x20, 0x6E, 0x6F, 0x76, 0x6F, 
  0x73, 0x20, 0x61, 0x6C, 0x65, 0x72, 0x74, 0x61, 0x73, 0x20, 0x73, 0x6F, 0x6E, 0x6F, 0x72, 0x6F, 
  0x73, 0x2E, 0x3C, 0x2F, 0x6C, 0x69, 0x3E, 0x0A, 0x20, 0x20, 0x20, 0x20, 0x20, 0x20, 0x20, 0x20, 
  0x20, 0x20, 0x20, 0x20, 0x20, 0x20, 0x20, 0x20, 0x20, 0x20, 0x20, 0x20, 0x3C, 0x2F, 0x75, 0x6C, 
  0x3E, 0x0A, 0x20, 0x20, 0x20, 0x20, 0x20, 0x20, 0x20, 0x20, 0x20, 0x20, 0x20, 0x20, 0x20, 0x20, 
  0x20, 0x20, 0x20, 0x20, 0x3C, 0x2F, 0x61, 0x72, 0x74, 0x69, 0x63, 0x6C, 0x65, 0x3E, 0x0A, 0x0A, 
  0x20, 0x20, 0x20, 0x20, 0x20, 0x20, 0x20, 0x20, 0x20, 0x20, 0x20, 0x20, 0x20, 0x20, 0x20, 0x20, 
  0x20, 0x20, 0x3C, 0x61, 0x72, 0x74, 0x69, 0x63, 0x6C, 0x65, 0x20, 0x63, 0x6C, 0x61, 0x73, 0x73, 
  0x3D, 0x22, 0x61, 0x62, 0x6F, 0x75, 0x74, 0x2D, 0x63, 0x61, 0x72, 0x64, 0x22, 0x3E, 0x0A, 0x20, 
  0x20, 0x20, 0x20, 0x20, 0x20, 0x20, 0x20, 0x20, 0x20, 0x20, 0x20, 0x20, 0x20, 0x20, 0x20, 0x20, 
  0x20, 0x20, 0x20, 0x3C, 0x68, 0x33, 0x3E, 0x43, 0x6F, 0x6E, 0x66, 0x69, 0x67, 0x75, 0x72, 0x61, 
  0x26, 0x23, 0x78, 0x45, 0x37, 0x3B, 0x26, 0x23, 0x78, 0x45, 0x33, 0x3B, 0x6F, 0x20, 0x65, 0x20, 
  0x6D, 0x61, 0x6E, 0x75, 0x74, 0x65, 0x6E, 0x26, 0x23, 0x78, 0x45, 0x37, 0x3B, 0x26, 0x23, 0x78, 
  0x45, 0x33, 0x3B, 0x6F, 0x3C, 0x2F, 0x68, 0x33, 0x3E, 0x0A, 0x20, 0x20, 0x20, 0x20, 0x20, 0x20, 
  0x20, 0x20, 0x20, 0x20, 0x20, 0x20, 0x20, 0x20, 0x20, 0x20, 0x20, 0x20, 0x20, 0x20, 0x3C, 0x75, 
  0x6C, 0x20, 0x63, 0x6C, 0x61, 0x73, 0x73, 0x3D, 0x22, 0x61, 0x62, 0x6F, 0x75, 0x74, 0x2D, 0x6C, 
  0x69, 0x73, 0x74, 0x22, 0x3E, 0x0A, 0x20, 0x20, 0x20, 0x20, 0x20, 0x20, 0x20, 0x20, 0x20, 0x20, 
  0x20, 0x20, 0x20, 0x20, 0x20, 0x20, 0x20, 0x20, 0x20, 0x20, 0x20, 0x20, 0x3C, 0x6C, 0x69, 0x3E, 
  0x41, 0x64, 0x6D, 0x69, 0x6E, 0x69, 0x73, 0x74, 0x72, 0x61, 0x64, 0x6F, 0x72, 0x65, 0x73, 0x20, 
  0x70, 0x6F, 0x64, 0x65, 0x6D, 0x20, 0x63, 0x6F, 0x6E, 0x66, 0x69, 0x67, 0x75, 0x72, 0x61, 0x72, 
  0x20, 0x73, 0x65, 0x6E, 0x73, 0x6F, 0x72, 0x65, 0x73, 0x2C, 0x20, 0x72, 0x65, 0x64, 0x65, 0x2C, 
  0x20, 0x75, 0x73, 0x75, 0x26, 0x23, 0x78, 0x45, 0x31, 0x3B, 0x72, 0x69, 0x6F, 0x73, 0x20, 0x65, 
  0x20, 0x70, 0x65, 0x72, 0x6D, 0x69, 0x73, 0x73, 0x26, 0x23, 0x78, 0x46, 0x35, 0x3B, 0x65, 0x73, 
  0x2E, 0x3C, 0x2F, 0x6C, 0x69, 0x3E, 0x0A, 0x20, 0x20, 0x20, 0x20, 0x20, 0x20, 0x20, 0x20, 0x20, 
  0x20, 0x20, 0x20, 0x20, 0x20, 0x20, 0x20, 0x20, 0x20, 0x20, 0x20, 0x20, 0x20, 0x3C, 0x6C, 0x69, 
  0x3E, 0x4C, 0x6F, 0x67, 0x73, 0x20, 0x72, 0x65, 0x67, 0x69, 0x73, 0x74, 0x72, 0x61, 0x6D, 0x20, 
  0x65, 0x6E, 0x74, 0x72, 0x61, 0x64, 0x61, 0x73, 0x20, 0x65, 0x6D, 0x20, 0x65, 0x73, 0x74, 0x61, 
  0x64, 0x6F, 0x20, 0x63, 0x72, 0x26, 0x23, 0x78, 0x45, 0x44, 0x3B, 0x74, 0x69, 0x63, 0x6F, 0x20, 
  0x65, 0x20, 0x72, 0x65, 0x74, 0x6F, 0x72, 0x6E, 0x6F, 0x73, 0x20, 0x61, 0x6F, 0x20, 0x6E, 0x6F, 
  0x72, 0x6D, 0x61, 0x6C, 0x2E, 0x3C, 0x2F, 0x6C, 0x69, 0x3E, 0x0A, 0x20, 0x20, 0x20, 0x20, 0x20, 
  0x20, 0x20, 0x20, 0x20, 0x20, 0x20, 0x20, 0x20, 0x20, 0x20, 0x20, 0x20, 0x20, 0x20, 0x20, 0x20, 
  0x20, 0x3C, 0x6C, 0x69, 0x3E, 0x4F, 0x20, 0x62, 0x61, 0x63, 0x6B, 0x75, 0x70, 0x20, 0x73, 0x61, 
  0x6C, 0x76, 0x61, 0x20, 0x61, 0x73, 0x20, 0x63, 0x6F, 0x6E, 0x66, 0x69, 0x67, 0x75, 0x72, 0x61, 
  0x26, 0x23, 0x78, 0x45, 0x37, 0x3B, 0x26, 0x23, 0x78, 0x46, 0x35, 0x3B, 0x65, 0x73, 0x20, 0x70, 
  0x61, 0x72, 0x61, 0x20, 0x72, 0x65, 0x73, 0x74, 0x61, 0x75, 0x72, 0x61, 0x26, 0x23, 0x78, 0x45, 
  0x37, 0x3B, 0x26, 0x23, 0x78, 0x45, 0x33, 0x3B, 0x6F, 0x20, 0x70, 0x6F, 0x73, 0x74, 0x65, 0x72, 
  0x69, 0x6F, 0x72, 0x2E, 0x3C, 0x2F, 0x6C, 0x69, 0x3E, 0x0A, 0x20, 0x20, 0x20, 0x20, 0x20, 0x20, 
  0x20, 0x20, 0x20, 0x20, 0x20, 0x20, 0x20, 0x20, 0x20, 0x20, 0x20, 0x20, 0x20, 0x20, 0x20, 0x20, 
  0x3C, 0x6C, 0x69, 0x3E, 0x4F, 0x20, 0x72, 0x65, 0x73, 0x65, 0x74, 0x20, 0x64, 0x65, 0x20, 0x66, 
  0x26, 0x23, 0x78, 0x45, 0x31, 0x3B, 0x62, 0x72, 0x69, 0x63, 0x61, 0x20, 0x61, 0x70, 0x61, 0x67, 
  0x61, 0x20, 0x63, 0x6F, 0x6E, 0x66, 0x69, 0x67, 0x75, 0x72, 0x61, 0x26, 0x23, 0x78, 0x45, 0x37, 
  0x3B, 0x26, 0x23, 0x78, 0x46, 0x35, 0x3B, 0x65, 0x73, 0x2C, 0x20, 0x63, 0x72, 0x65, 0x64, 0x65, 
  0x6E, 0x63, 0x69, 0x61, 0x69, 0x73, 0x20, 0x65, 0x20, 0x6C, 0x6F, 0x67, 0x73, 0x2E, 0x20, 0x55, 
  0x73, 0x65, 0x20, 0x73, 0x6F, 0x6D, 0x65, 0x6E, 0x74, 0x65, 0x20, 0x71, 0x75, 0x61, 0x6E, 0x64, 
  0x6F, 0x20, 0x6E, 0x65, 0x63, 0x65, 0x73, 0x73, 0x26, 0x23, 0x78, 0x45, 0x31, 0x3B, 0x72, 0x69, 
  0x6F, 0x2E, 0x3C, 0x2F, 0x6C, 0x69, 0x3E, 0x0A, 0x20, 0x20, 0x20, 0x20, 0x20, 0x20, 0x20, 0x20, 
  0x20, 0x20, 0x20, 0x20, 0x20, 0x20, 0x20, 0x20, 0x20, 0x20, 0x20, 0x20, 0x3C, 0x2F, 0x75, 0x6C, 
  0x3E, 0x0A, 0x20, 0x20, 0x20, 0x20, 0x20, 0x20, 0x20, 0x20, 0x20, 0x20, 0x20, 0x20, 0x20, 0x20, 
  0x20, 0x20, 0x20, 0x20, 0x3C, 0x2F, 0x61, 0x72, 0x74, 0x69, 0x63, 0x6C, 0x65, 0x3E, 0x0A, 0x20, 
  0x20, 0x20, 0x20, 0x20, 0x20, 0x20, 0x20, 0x20, 0x20, 0x20, 0x20, 0x20, 0x20, 0x20, 0x20, 0x3C, 
  0x2F, 0x64, 0x69, 0x76, 0x3E, 0x0A, 0x20, 0x20, 0x20, 0x20, 0x20, 0x20, 0x20, 0x20, 0x20, 0x20, 
  0x20, 0x20, 0x20, 0x20, 0x20, 0x20, 0x3C, 0x64, 0x69, 0x76, 0x20, 0x63, 0x6C, 0x61, 0x73, 0x73, 
  0x3D, 0x22, 0x61, 0x62, 0x6F, 0x75, 0x74, 0x2D, 0x77, 0x61, 0x72, 0x6E, 0x69, 0x6E, 0x67, 0x22, 
  0x3E, 0x3C, 0x73, 0x74, 0x72, 0x6F, 0x6E, 0x67, 0x3E, 0x41, 0x74, 0x65, 0x6E, 0x26, 0x23, 0x78, 
  0x45, 0x37, 0x3B, 0x26, 0x23, 0x78, 0x45, 0x33, 0x3B, 0x6F, 0x3A, 0x3C, 0x2F, 0x73, 0x74, 0x72, 
  0x6F, 0x6E, 0x67, 0x3E, 0x20, 0x65, 0x73, 0x74, 0x65, 0x20, 0x26, 0x23, 0x78, 0x45, 0x39, 0x3B, 
  0x20, 0x75, 0x6D, 0x20, 0x70, 0x72, 0x6F, 0x6A, 0x65, 0x74, 0x6F, 0x20, 0x61, 0x63, 0x61, 0x64, 
  0x26, 0x23, 0x78, 0x45, 0x41, 0x3B, 0x6D, 0x69, 0x63, 0x6F, 0x20, 0x64, 0x65, 0x73, 0x65, 0x6E, 
  0x76, 0x6F, 0x6C, 0x76, 0x69, 0x64, 0x6F, 0x20, 0x6E, 0x61, 0x20, 0x55, 0x45, 0x52, 0x4A, 0x2E, 
  0x20, 0x45, 0x6C, 0x65, 0x20, 0x6E, 0x26, 0x23, 0x78, 0x45, 0x33, 0x3B, 0x6F, 0x20, 0x73, 0x75, 
  0x62, 0x73, 0x74, 0x69, 0x74, 0x75, 0x69, 0x20, 0x64, 0x65, 0x74, 0x65, 0x63, 0x74, 0x6F, 0x72, 
  0x65, 0x73, 0x20, 0x64, 0x65, 0x20, 0x66, 0x75, 0x6D, 0x61, 0x26, 0x23, 0x78, 0x45, 0x37, 0x3B, 
  0x61, 0x20, 0x6F, 0x75, 0x20, 0x65, 0x71, 0x75, 0x69, 0x70, 0x61, 0x6D, 0x65, 0x6E, 0x74, 0x6F, 
  0x73, 0x20, 0x64, 0x65, 0x20, 0x73, 0x65, 0x67, 0x75, 0x72, 0x61, 0x6E, 0x26, 0x23, 0x78, 0x45, 
  0x37, 0x3B, 0x61, 0x20, 0x63, 0x65, 0x72, 0x74, 0x69, 0x66, 0x69, 0x63, 0x61, 0x64, 0x6F, 0x73, 
  0x2E, 0x3C, 0x2F, 0x64, 0x69, 0x76, 0x3E, 0x0A, 0x20, 0x20, 0x20, 0x20, 0x20, 0x20, 0x20, 0x20, 
  0x20, 0x20, 0x20, 0x20, 0x20, 0x20, 0x3C, 0x2F, 0x73, 0x65, 0x63, 0x74, 0x69, 0x6F, 0x6E, 0x3E, 
  0x0A, 0x20, 0x20, 0x20, 0x20, 0x20, 0x20, 0x20, 0x20, 0x20, 0x20, 0x20, 0x20, 0x3C, 0x2F, 0x6D, 
  0x61, 0x69, 0x6E, 0x3E, 0x0A, 0x20, 0x20, 0x20, 0x20, 0x20, 0x20, 0x20, 0x20, 0x20, 0x20, 0x3C, 
  0x2F, 0x64, 0x69, 0x76, 0x3E, 0x0A, 0x20, 0x20, 0x20, 0x20, 0x20, 0x20, 0x20, 0x20, 0x3C, 0x2F, 
  0x64, 0x69, 0x76, 0x3E, 0x0A, 0x0A, 0x20, 0x20, 0x20, 0x20, 0x20, 0x20, 0x20, 0x20, 0x3C, 0x64, 
  0x69, 0x76, 0x20, 0x69, 0x64, 0x3D, 0x22, 0x6E, 0x65, 0x74, 0x77, 0x6F, 0x72, 0x6B, 0x52, 0x65, 
  0x73, 0x74, 0x61, 0x72, 0x74, 0x4F, 0x76, 0x65, 0x72, 0x6C, 0x61, 0x79, 0x22, 0x20, 0x63, 0x6C, 
  0x61, 0x73, 0x73, 0x3D, 0x22, 0x6E, 0x65, 0x74, 0x77, 0x6F, 0x72, 0x6B, 0x2D, 0x72, 0x65, 0x73, 
  0x74, 0x61, 0x72, 0x74, 0x2D, 0x6F, 0x76, 0x65, 0x72, 0x6C, 0x61, 0x79, 0x20, 0x68, 0x69, 0x64, 
  0x64, 0x65, 0x6E, 0x22, 0x20, 0x72, 0x6F, 0x6C, 0x65, 0x3D, 0x22, 0x64, 0x69, 0x61, 0x6C, 0x6F, 
  0x67, 0x22, 0x20, 0x61, 0x72, 0x69, 0x61, 0x2D, 0x6D, 0x6F, 0x64, 0x61, 0x6C, 0x3D, 0x22, 0x74, 
  0x72, 0x75, 0x65, 0x22, 0x20, 0x61, 0x72, 0x69, 0x61, 0x2D, 0x6C, 0x69, 0x76, 0x65, 0x3D, 0x22, 
  0x70, 0x6F, 0x6C, 0x69, 0x74, 0x65, 0x22, 0x3E, 0x0A, 0x20, 0x20, 0x20, 0x20, 0x20, 0x20, 0x20, 
  0x20, 0x20, 0x20, 0x3C, 0x64, 0x69, 0x76, 0x20, 0x63, 0x6C, 0x61, 0x73, 0x73, 0x3D, 0x22, 0x6E, 
  0x65, 0x74, 0x77, 0x6F, 0x72, 0x6B, 0x2D, 0x72, 0x65, 0x73, 0x74, 0x61, 0x72, 0x74, 0x2D, 0x63, 
  0x61, 0x72, 0x64, 0x22, 0x3E, 0x0A, 0x20, 0x20, 0x20, 0x20, 0x20, 0x20, 0x20, 0x20, 0x20, 0x20, 
  0x20, 0x20, 0x3C, 0x64, 0x69, 0x76, 0x20, 0x63, 0x6C, 0x61, 0x73, 0x73, 0x3D, 0x22, 0x65, 0x79, 
  0x65, 0x62, 0x72, 0x6F, 0x77, 0x22, 0x3E, 0x52, 0x45, 0x43, 0x4F, 0x4E, 0x46, 0x49, 0x47, 0x55, 
  0x52, 0x41, 0x26, 0x23, 0x78, 0x43, 0x37, 0x3B, 0x26, 0x23, 0x78, 0x43, 0x33, 0x3B, 0x4F, 0x20, 
  0x44, 0x45, 0x20, 0x52, 0x45, 0x44, 0x45, 0x3C, 0x2F, 0x64, 0x69, 0x76, 0x3E, 0x0A, 0x20, 0x20, 
  0x20, 0x20, 0x20, 0x20, 0x20, 0x20, 0x20, 0x20, 0x20, 0x20, 0x3C, 0x68, 0x32, 0x3E, 0x52, 0x65, 
  0x69, 0x6E, 0x69, 0x63, 0x69, 0x61, 0x6E, 0x64, 0x6F, 0x20, 0x72, 0x65, 0x64, 0x65, 0x3C, 0x2F, 
  0x68, 0x32, 0x3E, 0x0A, 0x20, 0x20, 0x20, 0x20, 0x20, 0x20, 0x20, 0x20, 0x20, 0x20, 0x20, 0x20, 
  0x3C, 0x70, 0x20, 0x69, 0x64, 0x3D, 0x22, 0x6E, 0x65, 0x74, 0x77, 0x6F, 0x72, 0x6B, 0x52, 0x65, 
  0x73, 0x74, 0x61, 0x72, 0x74, 0x4D, 0x65, 0x73, 0x73, 0x61, 0x67, 0x65, 0x22, 0x3E, 0x52, 0x65, 
  0x69, 0x6E, 0x69, 0x63, 0x69, 0x61, 0x6E, 0x64, 0x6F, 0x2C, 0x20, 0x76, 0x6F, 0x63, 0x26, 0x23, 
  0x78, 0x45, 0x41, 0x3B, 0x20, 0x73, 0x65, 0x72, 0x26, 0x23, 0x78, 0x45, 0x31, 0x3B, 0x20, 0x64, 
  0x69, 0x72, 0x65, 0x63, 0x69, 0x6F, 0x6E, 0x61, 0x64, 0x6F, 0x20, 0x61, 0x75, 0x74, 0x6F, 0x6D, 
  0x61, 0x74, 0x69, 0x63, 0x61, 0x6D, 0x65, 0x6E, 0x74, 0x65, 0x20, 0x70, 0x61, 0x72, 0x61, 0x20, 
  0x6D, 0x6F, 0x6E, 0x69, 0x74, 0x6F, 0x72, 0x2D, 0x63, 0x6F, 0x6E, 0x66, 0x69, 0x67, 0x75, 0x72, 
  0x61, 0x72, 0x2E, 0x6C, 0x6F, 0x63, 0x61, 0x6C, 0x3C, 0x2F, 0x70, 0x3E, 0x0A, 0x20, 0x20, 0x20, 
  0x20, 0x20, 0x20, 0x20, 0x20, 0x20, 0x20, 0x20, 0x20, 0x3C, 0x64, 0x69, 0x76, 0x20, 0x63, 0x6C, 
  0x61, 0x73, 0x73, 0x3D, 0x22, 0x6E, 0x65, 0x74, 0x77, 0x6F, 0x72, 0x6B, 0x2D, 0x72, 0x65, 0x73, 
  0x74, 0x61, 0x72, 0x74, 0x2D, 0x63, 0x6F, 0x75, 0x6E, 0x74, 0x64, 0x6F, 0x77, 0x6E, 0x22, 0x3E, 
  0x3C, 0x73, 0x70, 0x61, 0x6E, 0x20, 0x69, 0x64, 0x3D, 0x22, 0x6E, 0x65, 0x74, 0x77, 0x6F, 0x72, 
  0x6B, 0x52, 0x65, 0x73, 0x74, 0x61, 0x72, 0x74, 0x53, 0x65, 0x63, 0x6F, 0x6E, 0x64, 0x73, 0x22, 
  0x3E, 0x31, 0x35, 0x3C, 0x2F, 0x73, 0x70, 0x61, 0x6E, 0x3E, 0x73, 0x3C, 0x2F, 0x64, 0x69, 0x76, 
  0x3E, 0x0A, 0x20, 0x20, 0x20, 0x20, 0x20, 0x20, 0x20, 0x20, 0x20, 0x20, 0x20, 0x20, 0x3C, 0x70, 
  0x3E, 0x52, 0x65, 0x64, 0x69, 0x72, 0x65, 0x63, 0x69, 0x6F, 0x6E, 0x61, 0x6E, 0x64, 0x6F, 0x20, 
  0x70, 0x61, 0x72, 0x61, 0x3A, 0x3C, 0x62, 0x72, 0x20, 0x2F, 0x3E, 0x3C, 0x73, 0x74, 0x72, 0x6F, 
  0x6E, 0x67, 0x20, 0x69, 0x64, 0x3D, 0x22, 0x6E, 0x65, 0x74, 0x77, 0x6F, 0x72, 0x6B, 0x52, 0x65, 
  0x73, 0x74, 0x61, 0x72, 0x74, 0x55, 0x72, 0x6C, 0x22, 0x3E, 0x68, 0x74, 0x74, 0x70, 0x3A, 0x2F, 
  0x2F, 0x6D, 0x6F, 0x6E, 0x69, 0x74, 0x6F, 0x72, 0x2D, 0x63, 0x6F, 0x6E, 0x66, 0x69, 0x67, 0x75, 
  0x72, 0x61, 0x72, 0x2E, 0x6C, 0x6F, 0x63, 0x61, 0x6C, 0x2F, 0x3C, 0x2F, 0x73, 0x74, 0x72, 0x6F, 
  0x6E, 0x67, 0x3E, 0x3C, 0x2F, 0x70, 0x3E, 0x0A, 0x20, 0x20, 0x20, 0x20, 0x20, 0x20, 0x20, 0x20, 
  0x20, 0x20, 0x3C, 0x2F, 0x64, 0x69, 0x76, 0x3E, 0x0A, 0x20, 0x20, 0x20, 0x20, 0x20, 0x20, 0x20, 
  0x20, 0x3C, 0x2F, 0x64, 0x69, 0x76, 0x3E, 0x0A, 0x0A, 0x20, 0x20, 0x20, 0x20, 0x20, 0x20, 0x20, 
  0x20, 0x3C, 0x73, 0x63, 0x72, 0x69, 0x70, 0x74, 0x20, 0x73, 0x72, 0x63, 0x3D, 0x22, 0x2F, 0x73, 
  0x63, 0x72, 0x69, 0x70, 0x74, 0x2E, 0x6A, 0x73, 0x22, 0x3E, 0x3C, 0x2F, 0x73, 0x63, 0x72, 0x69, 
  0x70, 0x74, 0x3E, 0x0A, 0x20, 0x20, 0x20, 0x20, 0x20, 0x20, 0x3C, 0x2F, 0x62, 0x6F, 0x64, 0x79, 
  0x3E, 0x0A, 0x20, 0x20, 0x20, 0x20, 0x20, 0x20, 0x3C, 0x2F, 0x68, 0x74, 0x6D, 0x6C, 0x3E, 0x0A, 
  0x00
};
constexpr size_t WEB_INDEX_LEN = 28000;

const uint8_t WEB_STYLE[] PROGMEM = {
  0x3A, 0x72, 0x6F, 0x6F, 0x74, 0x20, 0x7B, 0x0A, 0x20, 0x20, 0x20, 0x20, 0x20, 0x20, 0x20, 0x20, 
  0x20, 0x20, 0x20, 0x20, 0x2D, 0x2D, 0x69, 0x6E, 0x6B, 0x3A, 0x23, 0x31, 0x37, 0x32, 0x30, 0x33, 
  0x33, 0x3B, 0x20, 0x2D, 0x2D, 0x6D, 0x75, 0x74, 0x65, 0x64, 0x3A, 0x23, 0x36, 0x62, 0x37, 0x32, 
  0x38, 0x30, 0x3B, 0x20, 0x2D, 0x2D, 0x6C, 0x69, 0x6E, 0x65, 0x3A, 0x23, 0x64, 0x39, 0x64, 0x65, 
  0x65, 0x37, 0x3B, 0x20, 0x2D, 0x2D, 0x70, 0x61, 0x70, 0x65, 0x72, 0x3A, 0x23, 0x66, 0x66, 0x66, 
  0x66, 0x66, 0x66, 0x3B, 0x20, 0x2D, 0x2D, 0x63, 0x61, 0x6E, 0x76, 0x61, 0x73, 0x3A, 0x23, 0x65, 
  0x64, 0x66, 0x31, 0x66, 0x35, 0x3B, 0x0A, 0x20, 0x20, 0x20, 0x20, 0x20, 0x20, 0x20, 0x20, 0x20, 
  0x20, 0x20, 0x20, 0x2D, 0x2D, 0x62, 0x6C, 0x75, 0x65, 0x3A, 0x23, 0x31, 0x37, 0x36, 0x39, 0x61, 
  0x61, 0x3B, 0x20, 0x2D, 0x2D, 0x6E, 0x61, 0x76, 0x79, 0x3A, 0x23, 0x30, 0x65, 0x34, 0x32, 0x36, 
  0x64, 0x3B, 0x20, 0x2D, 0x2D, 0x67, 0x72, 0x65, 0x65, 0x6E, 0x3A, 0x23, 0x31, 0x36, 0x37, 0x38, 
  0x34, 0x62, 0x3B, 0x20, 0x2D, 0x2D, 0x72, 0x65, 0x64, 0x3A, 0x23, 0x62, 0x34, 0x32, 0x33, 0x31, 
  0x38, 0x3B, 0x20, 0x2D, 0x2D, 0x73, 0x68, 0x61, 0x64, 0x6F, 0x77, 0x3A, 0x30, 0x20, 0x31, 0x32, 
  0x70, 0x78, 0x20, 0x33, 0x35, 0x70, 0x78, 0x20, 0x72, 0x67, 0x62, 0x61, 0x28, 0x32, 0x33, 0x2C, 
  0x33, 0x32, 0x2C, 0x35, 0x31, 0x2C, 0x2E, 0x30, 0x38, 0x29, 0x3B, 0x0A, 0x20, 0x20, 0x20, 0x20, 
  0x20, 0x20, 0x20, 0x20, 0x20, 0x20, 0x7D, 0x0A, 0x20, 0x20, 0x20, 0x20, 0x20, 0x20, 0x20, 0x20, 
  0x20, 0x20, 0x2A, 0x20, 0x7B, 0x20, 0x62, 0x6F, 0x78, 0x2D, 0x73, 0x69, 0x7A, 0x69, 0x6E, 0x67, 
  0x3A, 0x62, 0x6F, 0x72, 0x64, 0x65, 0x72, 0x2D, 0x62, 0x6F, 0x78, 0x3B, 0x20, 0x7D, 0x0A, 0x20, 
  0x20, 0x20, 0x20, 0x20, 0x20, 0x20, 0x20, 0x20, 0x20, 0x62, 0x6F, 0x64, 0x79, 0x20, 0x7B, 0x20, 
  0x6D, 0x61, 0x72, 0x67, 0x69, 0x6E, 0x3A, 0x30, 0x3B, 0x20, 0x6D, 0x69, 0x6E, 0x2D, 0x77, 0x69, 
  0x64, 0x74, 0x68, 0x3A, 0x30, 0x3B, 0x20, 0x6F, 0x76, 0x65, 0x72, 0x66, 0x6C, 0x6F, 0x77, 0x2D, 
  0x78, 0x3A, 0x68, 0x69, 0x64, 0x64, 0x65, 0x6E, 0x3B, 0x20, 0x62, 0x61, 0x63, 0x6B, 0x67, 0x72, 
  0x6F, 0x75, 0x6E, 0x64, 0x3A, 0x76, 0x61, 0x72, 0x28, 0x2D, 0x2D, 0x63, 0x61, 0x6E, 0x76, 0x61, 
  0x73, 0x29, 0x3B, 0x20, 0x63, 0x6F, 0x6C, 0x6F, 0x72, 0x3A, 0x76, 0x61, 0x72, 0x28, 0x2D, 0x2D, 
  0x69, 0x6E, 0x6B, 0x29, 0x3B, 0x20, 0x66, 0x6F, 0x6E, 0x74, 0x2D, 0x66, 0x61, 0x6D, 0x69, 0x6C, 
  0x79, 0x3A, 0x41, 0x72, 0x69, 0x61, 0x6C, 0x2C, 0x20, 0x48, 0x65, 0x6C, 0x76, 0x65, 0x74, 0x69, 
  0x63, 0x61, 0x2C, 0x20, 0x73, 0x61, 0x6E, 0x73, 0x2D, 0x73, 0x65, 0x72, 0x69, 0x66, 0x3B, 0x20, 
  0x7D, 0x0A, 0x20, 0x20, 0x20, 0x20, 0x20, 0x20, 0x20, 0x20, 0x20, 0x20, 0x62, 0x75, 0x74, 0x74, 
  0x6F, 0x6E, 0x2C, 0x69, 0x6E, 0x70, 0x75, 0x74, 0x2C, 0x73, 0x65, 0x6C, 0x65, 0x63, 0x74, 0x20, 
  0x7B, 0x20, 0x66, 0x6F, 0x6E, 0x74, 0x3A, 0x69, 0x6E, 0x68, 0x65, 0x72, 0x69, 0x74, 0x3B, 0x20, 
  0x7D, 0x0A, 0x20, 0x20, 0x20, 0x20, 0x20, 0x20, 0x20, 0x20, 0x20, 0x20, 0x62, 0x75, 0x74, 0x74, 
  0x6F, 0x6E, 0x20, 0x7B, 0x20, 0x6D, 0x61, 0x78, 0x2D, 0x77, 0x69, 0x64, 0x74, 0x68, 0x3A, 0x31, 
  0x30, 0x30, 0x25, 0x3B, 0x20, 0x7D, 0x0A, 0x20, 0x20, 0x20, 0x20, 0x20, 0x20, 0x20, 0x20, 0x20, 
  0x20, 0x2E, 0x68, 0x69, 0x64, 0x64, 0x65, 0x6E, 0x20, 0x7B, 0x20, 0x64, 0x69, 0x73, 0x70, 0x6C, 
  0x61, 0x79, 0x3A, 0x6E, 0x6F, 0x6E, 0x65, 0x20, 0x21, 0x69, 0x6D, 0x70, 0x6F, 0x72, 0x74, 0x61, 
  0x6E, 0x74, 0x3B, 0x20, 0x7D, 0x0A, 0x20, 0x20, 0x20, 0x20, 0x20, 0x20, 0x20, 0x20, 0x20, 0x20, 
  0x2E, 0x6D, 0x75, 0x74, 0x65, 0x64, 0x20, 0x7B, 0x20, 0x63, 0x6F, 0x6C, 0x6F, 0x72, 0x3A, 0x76, 
  0x61, 0x72, 0x28, 0x2D, 0x2D, 0x6D, 0x75, 0x74, 0x65, 0x64, 0x29, 0x3B, 0x20, 0x66, 0x6F, 0x6E, 
  0x74, 0x3A, 0x31, 0x33, 0x70, 0x78, 0x20, 0x41, 0x72, 0x69, 0x61, 0x6C, 0x2C, 0x20, 0x73, 0x61, 
  0x6E, 0x73, 0x2D, 0x73, 0x65, 0x72, 0x69, 0x66, 0x3B, 0x20, 0x7D, 0x0A, 0x20, 0x20, 0x20, 0x20, 
  0x20, 0x20, 0x20, 0x20, 0x20, 0x20, 0x2E, 0x65, 0x79, 0x65, 0x62, 0x72, 0x6F, 0x77, 0x20, 0x7B, 
  0x20, 0x63, 0x6F, 0x6C, 0x6F, 0x72, 0x3A, 0x23, 0x32, 0x38, 0x37, 0x38, 0x61, 0x64, 0x3B, 0x20, 
  0x66, 0x6F, 0x6E, 0x74, 0x3A, 0x37, 0x30, 0x30, 0x20, 0x31, 0x31, 0x70, 0x78, 0x20, 0x41, 0x72, 
  0x69, 0x61, 0x6C, 0x2C, 0x73, 0x61, 0x6E, 0x73, 0x2D, 0x73, 0x65, 0x72, 0x69, 0x66, 0x3B, 0x20, 
  0x6C, 0x65, 0x74, 0x74, 0x65, 0x72, 0x2D, 0x73, 0x70, 0x61, 0x63, 0x69, 0x6E, 0x67, 0x3A, 0x31, 
  0x2E, 0x35, 0x70, 0x78, 0x3B, 0x20, 0x7D, 0x0A, 0x20, 0x20, 0x20, 0x20, 0x20, 0x20, 0x20, 0x20, 
  0x20, 0x20, 0x2E, 0x6C, 0x6F, 0x67, 0x69, 0x6E, 0x2D, 0x76, 0x69, 0x65, 0x77, 0x20, 0x7B, 0x20, 
  0x6D, 0x69, 0x6E, 0x2D, 0x68, 0x65, 0x69, 0x67, 0x68, 0x74, 0x3A, 0x31, 0x30, 0x30, 0x76, 0x68, 
  0x3B, 0x20, 0x64, 0x69, 0x73, 0x70, 0x6C, 0x61, 0x79, 0x3A, 0x67, 0x72, 0x69, 0x64, 0x3B, 0x20, 
  0x70, 0x6C, 0x61, 0x63, 0x65, 0x2D, 0x69, 0x74, 0x65, 0x6D, 0x73, 0x3A, 0x63, 0x65, 0x6E, 0x74, 
  0x65, 0x72, 0x3B, 0x20, 0x70, 0x61, 0x64, 0x64, 0x69, 0x6E, 0x67, 0x3A, 0x32, 0x34, 0x70, 0x78, 
  0x3B, 0x20, 0x62, 0x61, 0x63, 0x6B, 0x67, 0x72, 0x6F, 0x75, 0x6E, 0x64, 0x3A, 0x72, 0x61, 0x64, 
  0x69, 0x61, 0x6C, 0x2D, 0x67, 0x72, 0x61, 0x64, 0x69, 0x65, 0x6E, 0x74, 0x28, 0x63, 0x69, 0x72, 
  0x63, 0x6C, 0x65, 0x20, 0x61, 0x74, 0x20, 0x32, 0x30, 0x25, 0x20, 0x31, 0x30, 0x25, 0x2C, 0x23, 
  0x64, 0x37, 0x65, 0x38, 0x66, 0x35, 0x2C, 0x74, 0x72, 0x61, 0x6E, 0x73, 0x70, 0x61, 0x72, 0x65, 
  0x6E, 0x74, 0x20, 0x33, 0x35, 0x25, 0x29, 0x2C, 0x20, 0x76, 0x61, 0x72, 0x28, 0x2D, 0x2D, 0x63, 
  0x61, 0x6E, 0x76, 0x61, 0x73, 0x29, 0x3B, 0x20, 0x7D, 0x0A, 0x20, 0x20, 0x20, 0x20, 0x20, 0x20, 
  0x20, 0x20, 0x20, 0x20, 0x2E, 0x6C, 0x6F, 0x67, 0x69, 0x6E, 0x2D, 0x63, 0x61, 0x72, 0x64, 0x20, 
  0x7B, 0x20, 0x77, 0x69, 0x64, 0x74, 0x68, 0x3A, 0x6D, 0x69, 0x6E, 0x28, 0x34, 0x33, 0x30, 0x70, 
  0x78, 0x2C, 0x31, 0x30, 0x30, 0x25, 0x29, 0x3B, 0x20, 0x70, 0x61, 0x64, 0x64, 0x69, 0x6E, 0x67, 
  0x3A, 0x34, 0x32, 0x70, 0x78, 0x3B, 0x20, 0x62, 0x61, 0x63, 0x6B, 0x67, 0x72, 0x6F, 0x75, 0x6E, 
  0x64, 0x3A, 0x76, 0x61, 0x72, 0x28, 0x2D, 0x2D, 0x70, 0x61, 0x70, 0x65, 0x72, 0x29, 0x3B, 0x20, 
  0x62, 0x6F, 0x72, 0x64, 0x65, 0x72, 0x3A, 0x31, 0x70, 0x78, 0x20, 0x73, 0x6F, 0x6C, 0x69, 0x64, 
  0x20, 0x76, 0x61, 0x72, 0x28, 0x2D, 0x2D, 0x6C, 0x69, 0x6E, 0x65, 0x29, 0x3B, 0x20, 0x62, 0x6F, 
  0x78, 0x2D, 0x73, 0x68, 0x61, 0x64, 0x6F, 0x77, 0x3A, 0x76, 0x61, 0x72, 0x28, 0x2D, 0x2D, 0x73, 
  0x68, 0x61, 0x64, 0x6F, 0x77, 0x29, 0x3B, 0x20, 0x7D, 0x0A, 0x20, 0x20, 0x20, 0x20, 0x20, 0x20, 
  0x20, 0x20, 0x20, 0x20, 0x68, 0x31, 0x2C, 0x68, 0x32, 0x2C, 0x68, 0x33, 0x2C, 0x70, 0x20, 0x7B, 
  0x20, 0x6D, 0x61, 0x72, 0x67, 0x69, 0x6E, 0x2D, 0x74, 0x6F, 0x70, 0x3A, 0x30, 0x3B, 0x20, 0x7D, 
  0x0A, 0x20, 0x20, 0x20, 0x20, 0x20, 0x20, 0x20, 0x20, 0x20, 0x20, 0x2E, 0x6C, 0x6F, 0x67, 0x69, 
  0x6E, 0x2D, 0x63, 0x61, 0x72, 0x64, 0x20, 0x68, 0x31, 0x20, 0x7B, 0x20, 0x66, 0x6F, 0x6E, 0x74, 
  0x2D, 0x73, 0x69, 0x7A, 0x65, 0x3A, 0x34, 0x32, 0x70, 0x78, 0x3B, 0x20, 0x6D, 0x61, 0x72, 0x67, 
  0x69, 0x6E, 0x3A, 0x31, 0x38, 0x70, 0x78, 0x20, 0x30, 0x20, 0x38, 0x70, 0x78, 0x3B, 0x20, 0x7D, 
  0x0A, 0x20, 0x20, 0x20, 0x20, 0x20, 0x20, 0x20, 0x20, 0x20, 0x20, 0x2E, 0x6C, 0x6F, 0x67, 0x69, 
  0x6E, 0x2D, 0x63, 0x61, 0x72, 0x64, 0x20, 0x6C, 0x61, 0x62, 0x65, 0x6C, 0x2C, 0x20, 0x2E, 0x70, 
  0x61, 0x6E, 0x65, 0x6C, 0x20, 0x6C, 0x61, 0x62, 0x65, 0x6C, 0x20, 0x7B, 0x20, 0x64, 0x69, 0x73, 
  0x70, 0x6C, 0x61, 0x79, 0x3A, 0x62, 0x6C, 0x6F, 0x63, 0x6B, 0x3B, 0x20, 0x66, 0x6F, 0x6E, 0x74, 
  0x3A, 0x37, 0x30, 0x30, 0x20, 0x31, 0x33, 0x70, 0x78, 0x20, 0x41, 0x72, 0x69, 0x61, 0x6C, 0x2C, 
  0x20, 0x73, 0x61, 0x6E, 0x73, 0x2D, 0x73, 0x65, 0x72, 0x69, 0x66, 0x3B, 0x20, 0x6D, 0x61, 0x72, 
  0x67, 0x69, 0x6E, 0x3A, 0x31, 0x38, 0x70, 0x78, 0x20, 0x30, 0x20, 0x37, 0x70, 0x78, 0x3B, 0x20, 
  0x7D, 0x0A, 0x20, 0x20, 0x20, 0x20, 0x20, 0x20, 0x20, 0x20, 0x20, 0x20, 0x2E, 0x6C, 0x6F, 0x67, 
  0x69, 0x6E, 0x2D, 0x63, 0x61, 0x72, 0x64, 0x20, 0x69, 0x6E, 0x70, 0x75, 0x74, 0x2C, 0x20, 0x2E, 
  0x70, 0x61, 0x6E, 0x65, 0x6C, 0x20, 0x69, 0x6E, 0x70, 0x75, 0x74, 0x5B, 0x74, 0x79, 0x70, 0x65, 
  0x3D, 0x6E, 0x75, 0x6D, 0x62, 0x65, 0x72, 0x5D, 0x2C, 0x20, 0x2E, 0x70, 0x61, 0x6E, 0x65, 0x6C, 
  0x20, 0x69, 0x6E, 0x70, 0x75, 0x74, 0x5B, 0x74, 0x79, 0x70, 0x65, 0x3D, 0x74, 0x65, 0x78, 0x74, 
  0x5D, 0x2C, 0x20, 0x2E, 0x70, 0x61, 0x6E, 0x65, 0x6C, 0x20, 0x69, 0x6E, 0x70, 0x75, 0x74, 0x5B, 
  0x74, 0x79, 0x70, 0x65, 0x3D, 0x70, 0x61, 0x73, 0x73, 0x77, 0x6F, 0x72, 0x64, 0x5D, 0x2C, 0x20, 
  0x2E, 0x69, 0x6E, 0x6C, 0x69, 0x6E, 0x65, 0x2D, 0x66, 0x6F, 0x72, 0x6D, 0x20, 0x69, 0x6E, 0x70, 
  0x75, 0x74, 0x2C, 0x20, 0x2E, 0x69, 0x6E, 0x6C, 0x69, 0x6E, 0x65, 0x2D, 0x66, 0x6F, 0x72, 0x6D, 
  0x20, 0x73, 0x65, 0x6C, 0x65, 0x63, 0x74, 0x20, 0x7B, 0x0A, 0x20, 0x20, 0x20, 0x20, 0x20, 0x20, 
  0x20, 0x20, 0x20, 0x20, 0x20, 0x20, 0x77, 0x69, 0x64, 0x74, 0x68, 0x3A, 0x31, 0x30, 0x30, 0x25, 
  0x3B, 0x20, 0x62, 0x6F, 0x72, 0x64, 0x65, 0x72, 0x3A, 0x31, 0x70, 0x78, 0x20, 0x73, 0x6F, 0x6C, 
  0x69, 0x64, 0x20, 0x76, 0x61, 0x72, 0x28, 0x2D, 0x2D, 0x6C, 0x69, 0x6E, 0x65, 0x29, 0x3B, 0x20, 
  0x70, 0x61, 0x64, 0x64, 0x69, 0x6E, 0x67, 0x3A, 0x31, 0x31, 0x70, 0x78, 0x3B, 0x20, 0x62, 0x61, 
  0x63, 0x6B, 0x67, 0x72, 0x6F, 0x75, 0x6E, 0x64, 0x3A, 0x23, 0x66, 0x62, 0x66, 0x63, 0x66, 0x64, 
  0x3B, 0x20, 0x63, 0x6F, 0x6C, 0x6F, 0x72, 0x3A, 0x76, 0x61, 0x72, 0x28, 0x2D, 0x2D, 0x69, 0x6E, 
  0x6B, 0x29, 0x3B, 0x0A, 0x20, 0x20, 0x20, 0x20, 0x20, 0x20, 0x20, 0x20, 0x20, 0x20, 0x7D, 0x0A, 
  0x20, 0x20, 0x20, 0x20, 0x20, 0x20, 0x20, 0x20, 0x20, 0x20, 0x2E, 0x70, 0x72, 0x69, 0x6D, 0x61, 
  0x72, 0x79, 0x2C, 0x20, 0x2E, 0x73, 0x65, 0x63, 0x6F, 0x6E, 0x64, 0x61, 0x72, 0x79, 0x2C, 0x20, 
  0x2E, 0x64, 0x61, 0x6E, 0x67, 0x65, 0x72, 0x2C, 0x20, 0x2E, 0x67, 0x68, 0x6F, 0x73, 0x74, 0x20, 
  0x7B, 0x20, 0x62, 0x6F, 0x72, 0x64, 0x65, 0x72, 0x3A, 0x30, 0x3B, 0x20, 0x70, 0x61, 0x64, 0x64, 
  0x69, 0x6E, 0x67, 0x3A, 0x31, 0x31, 0x70, 0x78, 0x20, 0x31, 0x35, 0x70, 0x78, 0x3B, 0x20, 0x63, 
  0x75, 0x72, 0x73, 0x6F, 0x72, 0x3A, 0x70, 0x6F, 0x69, 0x6E, 0x74, 0x65, 0x72, 0x3B, 0x20, 0x7D, 
  0x0A, 0x20, 0x20, 0x20, 0x20, 0x20, 0x20, 0x20, 0x20, 0x20, 0x20, 0x2E, 0x70, 0x72, 0x69, 0x6D, 
  0x61, 0x72, 0x79, 0x20, 0x7B, 0x20, 0x62, 0x61, 0x63, 0x6B, 0x67, 0x72, 0x6F, 0x75, 0x6E, 0x64, 
  0x3A, 0x76, 0x61, 0x72, 0x28, 0x2D, 0x2D, 0x62, 0x6C, 0x75, 0x65, 0x29, 0x3B, 0x20, 0x63, 0x6F, 
  0x6C, 0x6F, 0x72, 0x3A, 0x23, 0x66, 0x66, 0x66, 0x3B, 0x20, 0x66, 0x6F, 0x6E, 0x74, 0x2D, 0x77, 
  0x65, 0x69, 0x67, 0x68, 0x74, 0x3A, 0x37, 0x30, 0x30, 0x3B, 0x20, 0x7D, 0x0A, 0x20, 0x20, 0x20, 
  0x20, 0x20, 0x20, 0x20, 0x20, 0x20, 0x20, 0x2E, 0x70, 0x72, 0x69, 0x6D, 0x61, 0x72, 0x79, 0x3A, 
  0x68, 0x6F, 0x76, 0x65, 0x72, 0x20, 0x7B, 0x20, 0x62, 0x61, 0x63, 0x6B, 0x67, 0x72, 0x6F, 0x75, 
  0x6E, 0x64, 0x3A, 0x76, 0x61, 0x72, 0x28, 0x2D, 0x2D, 0x6E, 0x61, 0x76, 0x79, 0x29, 0x3B, 0x20, 
  0x7D, 0x0A, 0x20, 0x20, 0x20, 0x20, 0x20, 0x20, 0x20, 0x20, 0x20, 0x20, 0x2E, 0x73, 0x65, 0x63, 
  0x6F, 0x6E, 0x64, 0x61, 0x72, 0x79, 0x20, 0x7B, 0x20, 0x62, 0x61, 0x63, 0x6B, 0x67, 0x72, 0x6F, 
  0x75, 0x6E, 0x64, 0x3A, 0x23, 0x65, 0x64, 0x66, 0x31, 0x66, 0x35, 0x3B, 0x20, 0x63, 0x6F, 0x6C, 
  0x6F, 0x72, 0x3A, 0x76, 0x61, 0x72, 0x28, 0x2D, 0x2D, 0x69, 0x6E, 0x6B, 0x29, 0x3B, 0x20, 0x7D, 
  0x0A, 0x20, 0x20, 0x20, 0x20, 0x20, 0x20, 0x20, 0x20, 0x20, 0x20, 0x2E, 0x64, 0x61, 0x6E, 0x67, 
  0x65, 0x72, 0x20, 0x7B, 0x20, 0x62, 0x61, 0x63, 0x6B, 0x67, 0x72, 0x6F, 0x75, 0x6E, 0x64, 0x3A, 
  0x23, 0x66, 0x66, 0x66, 0x31, 0x65, 0x66, 0x3B, 0x20, 0x63, 0x6F, 0x6C, 0x6F, 0x72, 0x3A, 0x76, 
  0x61, 0x72, 0x28, 0x2D, 0x2D, 0x72, 0x65, 0x64, 0x29, 0x3B, 0x20, 0x62, 0x6F, 0x72, 0x64, 0x65, 
  0x72, 0x3A, 0x31, 0x70, 0x78, 0x20, 0x73, 0x6F, 0x6C, 0x69, 0x64, 0x20, 0x23, 0x65, 0x66, 0x62, 
  0x31, 0x61, 0x63, 0x3B, 0x20, 0x7D, 0x0A, 0x20, 0x20, 0x20, 0x20, 0x20, 0x20, 0x20, 0x20, 0x20, 
  0x20, 0x2E, 0x67, 0x68, 0x6F, 0x73, 0x74, 0x20, 0x7B, 0x20, 0x62, 0x61, 0x63, 0x6B, 0x67, 0x72, 
  0x6F, 0x75, 0x6E, 0x64, 0x3A, 0x74, 0x72, 0x61, 0x6E, 0x73, 0x70, 0x61, 0x72, 0x65, 0x6E, 0x74, 
  0x3B, 0x20, 0x62, 0x6F, 0x72, 0x64, 0x65, 0x72, 0x3A, 0x31, 0x70, 0x78, 0x20, 0x73, 0x6F, 0x6C, 
  0x69, 0x64, 0x20, 0x23, 0x39, 0x66, 0x63, 0x31, 0x64, 0x38, 0x3B, 0x20, 0x63, 0x6F, 0x6C, 0x6F, 
  0x72, 0x3A, 0x23, 0x66, 0x66, 0x66, 0x3B, 0x20, 0x7D, 0x0A, 0x20, 0x20, 0x20, 0x20, 0x20, 0x20, 
  0x20, 0x20, 0x20, 0x20, 0x2E, 0x6D, 0x65, 0x73, 0x73, 0x61, 0x67, 0x65, 0x20, 0x7B, 0x20, 0x63, 
  0x6F, 0x6C, 0x6F, 0x72, 0x3A, 0x76, 0x61, 0x72, 0x28, 0x2D, 0x2D, 0x72, 0x65, 0x64, 0x29, 0x3B, 
  0x20, 0x66, 0x6F, 0x6E, 0x74, 0x3A, 0x31, 0x33, 0x70, 0x78, 0x20, 0x41, 0x72, 0x69, 0x61, 0x6C, 
  0x2C, 0x73, 0x61, 0x6E, 0x73, 0x2D, 0x73, 0x65, 0x72, 0x69, 0x66, 0x3B, 0x20, 0x6D, 0x69, 0x6E, 
  0x2D, 0x68, 0x65, 0x69, 0x67, 0x68, 0x74, 0x3A, 0x31, 0x38, 0x70, 0x78, 0x3B, 0x20, 0x7D, 0x0A, 
  0x20, 0x20, 0x20, 0x20, 0x20, 0x20, 0x20, 0x20, 0x20, 0x20, 0x2E, 0x6E, 0x65, 0x74, 0x77, 0x6F, 
  0x72, 0x6B, 0x2D, 0x72, 0x65, 0x73, 0x74, 0x61, 0x72, 0x74, 0x2D, 0x6F, 0x76, 0x65, 0x72, 0x6C, 
  0x61, 0x79, 0x20, 0x7B, 0x20, 0x70, 0x6F, 0x73, 0x69, 0x74, 0x69, 0x6F, 0x6E, 0x3A, 0x66, 0x69, 
  0x78, 0x65, 0x64, 0x3B, 0x20, 0x69, 0x6E, 0x73, 0x65, 0x74, 0x3A, 0x30, 0x3B, 0x20, 0x7A, 0x2D, 
  0x69, 0x6E, 0x64, 0x65, 0x78, 0x3A, 0x31, 0x30, 0x30, 0x30, 0x3B, 0x20, 0x64, 0x69, 0x73, 0x70, 
  0x6C, 0x61, 0x79, 0x3A, 0x67, 0x72, 0x69, 0x64, 0x3B, 0x20, 0x70, 0x6C, 0x61, 0x63, 0x65, 0x2D, 
  0x69, 0x74, 0x65, 0x6D, 0x73, 0x3A, 0x63, 0x65, 0x6E, 0x74, 0x65, 0x72, 0x3B, 0x20, 0x70, 0x61, 
  0x64, 0x64, 0x69, 0x6E, 0x67, 0x3A, 0x32, 0x34, 0x70, 0x78, 0x3B, 0x20, 0x62, 0x61, 0x63, 0x6B, 
  0x67, 0x72, 0x6F, 0x75, 0x6E, 0x64, 0x3A, 0x72, 0x67, 0x62, 0x61, 0x28, 0x31, 0x34, 0x2C, 0x36, 
  0x36, 0x2C, 0x31, 0x30, 0x39, 0x2C, 0x2E, 0x38, 0x36, 0x29, 0x3B, 0x20, 0x7D, 0x0A, 0x20, 0x20, 
  0x20, 0x20, 0x20, 0x20, 0x20, 0x20, 0x20, 0x20, 0x2E, 0x6E, 0x65, 0x74, 0x77, 0x6F, 0x72, 0x6B, 
  0x2D, 0x72, 0x65, 0x73, 0x74, 0x61, 0x72, 0x74, 0x2D, 0x63, 0x61, 0x72, 0x64, 0x20, 0x7B, 0x20, 
  0x77, 0x69, 0x64, 0x74, 0x68, 0x3A, 0x6D, 0x69, 0x6E, 0x28, 0x34, 0x36, 0x30, 0x70, 0x78, 0x2C, 
  0x31, 0x30, 0x30, 0x25, 0x29, 0x3B, 0x20, 0x70, 0x61, 0x64, 0x64, 0x69, 0x6E, 0x67, 0x3A, 0x33, 
  0x32, 0x70, 0x78, 0x3B, 0x20, 0x62, 0x61, 0x63, 0x6B, 0x67, 0x72, 0x6F, 0x75, 0x6E, 0x64, 0x3A, 
  0x23, 0x66, 0x66, 0x66, 0x3B, 0x20, 0x62, 0x6F, 0x72, 0x64, 0x65, 0x72, 0x3A, 0x31, 0x70, 0x78, 
  0x20, 0x73, 0x6F, 0x6C, 0x69, 0x64, 0x20, 0x76, 0x61, 0x72, 0x28, 0x2D, 0x2D, 0x6C, 0x69, 0x6E, 
  0x65, 0x29, 0x3B, 0x20, 0x62, 0x6F, 0x78, 0x2D, 0x73, 0x68, 0x61, 0x64, 0x6F, 0x77, 0x3A, 0x30, 
  0x20, 0x31, 0x38, 0x70, 0x78, 0x20, 0x35, 0x30, 0x70, 0x78, 0x20, 0x72, 0x67, 0x62, 0x61, 0x28, 
  0x30, 0x2C, 0x30, 0x2C, 0x30, 0x2C, 0x2E, 0x32, 0x35, 0x29, 0x3B, 0x20, 0x74, 0x65, 0x78, 0x74, 
  0x2D, 0x61, 0x6C, 0x69, 0x67, 0x6E, 0x3A, 0x63, 0x65, 0x6E, 0x74, 0x65, 0x72, 0x3B, 0x20, 0x7D, 
  0x0A, 0x20, 0x20, 0x20, 0x20, 0x20, 0x20, 0x20, 0x20, 0x20, 0x20, 0x2E, 0x6E, 0x65, 0x74, 0x77, 
  0x6F, 0x72, 0x6B, 0x2D, 0x72, 0x65, 0x73, 0x74, 0x61, 0x72, 0x74, 0x2D, 0x63, 0x61, 0x72, 0x64, 
  0x20, 0x68, 0x32, 0x20, 0x7B, 0x20, 0x6D, 0x61, 0x72, 0x67, 0x69, 0x6E, 0x3A, 0x31, 0x32, 0x70, 
  0x78, 0x20, 0x30, 0x20, 0x38, 0x70, 0x78, 0x3B, 0x20, 0x63, 0x6F, 0x6C, 0x6F, 0x72, 0x3A, 0x76, 
  0x61, 0x72, 0x28, 0x2D, 0x2D, 0x6E, 0x61, 0x76, 0x79, 0x29, 0x3B, 0x20, 0x7D, 0x0A, 0x20, 0x20, 
  0x20, 0x20, 0x20, 0x20, 0x20, 0x20, 0x20, 0x20, 0x2E, 0x6E, 0x65, 0x74, 0x77, 0x6F, 0x72, 0x6B, 
  0x2D, 0x72, 0x65, 0x73, 0x74, 0x61, 0x72, 0x74, 0x2D, 0x63, 0x61, 0x72, 0x64, 0x20, 0x70, 0x20, 
  0x7B, 0x20, 0x6C, 0x69, 0x6E, 0x65, 0x2D, 0x68, 0x65, 0x69, 0x67, 0x68, 0x74, 0x3A, 0x31, 0x2E, 
  0x35, 0x3B, 0x20, 0x63, 0x6F, 0x6C, 0x6F, 0x72, 0x3A, 0x76, 0x61, 0x72, 0x28, 0x2D, 0x2D, 0x6D, 
  0x75, 0x74, 0x65, 0x64, 0x29, 0x3B, 0x20, 0x7D, 0x0A, 0x20, 0x20, 0x20, 0x20, 0x20, 0x20, 0x20, 
  0x20, 0x20, 0x20, 0x2E, 0x6E, 0x65, 0x74, 0x77, 0x6F, 0x72, 0x6B, 0x2D, 0x72, 0x65, 0x73, 0x74, 
  0x61, 0x72, 0x74, 0x2D, 0x63, 0x61, 0x72, 0x64, 0x20, 0x73, 0x74, 0x72, 0x6F, 0x6E, 0x67, 0x20, 
  0x7B, 0x20, 0x63, 0x6F, 0x6C, 0x6F, 0x72, 0x3A, 0x76, 0x61, 0x72, 0x28, 0x2D, 0x2D, 0x62, 0x6C, 
  0x75, 0x65, 0x29, 0x3B, 0x20, 0x6F, 0x76, 0x65, 0x72, 0x66, 0x6C, 0x6F, 0x77, 0x2D, 0x77, 0x72, 
  0x61, 0x70, 0x3A, 0x61, 0x6E, 0x79, 0x77, 0x68, 0x65, 0x72, 0x65, 0x3B, 0x20, 0x7D, 0x0A, 0x20, 
  0x20, 0x20, 0x20, 0x20, 0x20, 0x20, 0x20, 0x20, 0x20, 0x2E, 0x6E, 0x65, 0x74, 0x77, 0x6F, 0x72, 
  0x6B, 0x2D, 0x72, 0x65, 0x73, 0x74, 0x61, 0x72, 0x74, 0x2D, 0x63, 0x6F, 0x75, 0x6E, 0x74, 0x64, 
  0x6F, 0x77, 0x6E, 0x20, 0x7B, 0x20, 0x6D, 0x61, 0x72, 0x67, 0x69, 0x6E, 0x3A, 0x32, 0x30, 0x70, 
  0x78, 0x20, 0x61, 0x75, 0x74, 0x6F, 0x3B, 0x20, 0x63, 0x6F, 0x6C, 0x6F, 0x72, 0x3A, 0x76, 0x61, 
  0x72, 0x28, 0x2D, 0x2D, 0x62, 0x6C, 0x75, 0x65, 0x29, 0x3B, 0x20, 0x66, 0x6F, 0x6E, 0x74, 0x2D, 
  0x73, 0x69, 0x7A, 0x65, 0x3A, 0x34, 0x38, 0x70, 0x78, 0x3B, 0x20, 0x66, 0x6F, 0x6E, 0x74, 0x2D, 
  0x77, 0x65, 0x69, 0x67, 0x68, 0x74, 0x3A, 0x37, 0x30, 0x30, 0x3B, 0x20, 0x7D, 0x0A, 0x20, 0x20, 
  0x20, 0x20, 0x20, 0x20, 0x20, 0x20, 0x20, 0x20, 0x2E, 0x74, 0x6F, 0x70, 0x62, 0x61, 0x72, 0x20, 
  0x7B, 0x20, 0x6D, 0x69, 0x6E, 0x2D, 0x68, 0x65, 0x69, 0x67, 0x68, 0x74, 0x3A, 0x38, 0x36, 0x70, 
  0x78, 0x3B, 0x20, 0x62, 0x61, 0x63, 0x6B, 0x67, 0x72, 0x6F, 0x75, 0x6E, 0x64, 0x3A, 0x76, 0x61, 
  0x72, 0x28, 0x2D, 0x2D, 0x6E, 0x61, 0x76, 0x79, 0x29, 0x3B, 0x20, 0x63, 0x6F, 0x6C, 0x6F, 0x72, 
  0x3A, 0x23, 0x66, 0x66, 0x66, 0x3B, 0x20, 0x70, 0x61, 0x64, 0x64, 0x69, 0x6E, 0x67, 0x3A, 0x31, 
  0x36, 0x70, 0x78, 0x20, 0x6D, 0x61, 0x78, 0x28, 0x32, 0x32, 0x70, 0x78, 0x2C, 0x63, 0x61, 0x6C, 
  0x63, 0x28, 0x28, 0x31, 0x30, 0x30, 0x25, 0x20, 0x2D, 0x20, 0x31, 0x32, 0x38, 0x30, 0x70, 0x78, 
  0x29, 0x2F, 0x32, 0x29, 0x29, 0x3B, 0x20, 0x64, 0x69, 0x73, 0x70, 0x6C, 0x61, 0x79, 0x3A, 0x66, 
  0x6C, 0x65, 0x78, 0x3B, 0x20, 0x61, 0x6C, 0x69, 0x67, 0x6E, 0x2D, 0x69, 0x74, 0x65, 0x6D, 0x73, 
  0x3A, 0x63, 0x65, 0x6E, 0x74, 0x65, 0x72, 0x3B, 0x20, 0x6A, 0x75, 0x73, 0x74, 0x69, 0x66, 0x79, 
  0x2D, 0x63, 0x6F, 0x6E, 0x74, 0x65, 0x6E, 0x74, 0x3A, 0x73, 0x70, 0x61, 0x63, 0x65, 0x2D, 0x62, 
  0x65, 0x74, 0x77, 0x65, 0x65, 0x6E, 0x3B, 0x20, 0x67, 0x61, 0x70, 0x3A, 0x31, 0x38, 0x70, 0x78, 
  0x3B, 0x20, 0x66, 0x6C, 0x65, 0x78, 0x2D, 0x77, 0x72, 0x61, 0x70, 0x3A, 0x77, 0x72, 0x61, 0x70, 
  0x3B, 0x20, 0x7D, 0x0A, 0x20, 0x20, 0x20, 0x20, 0x20, 0x20, 0x20, 0x20, 0x20, 0x20, 0x2E, 0x62, 
  0x72, 0x61, 0x6E, 0x64, 0x2D, 0x6C, 0x6F, 0x63, 0x6B, 0x75, 0x70, 0x20, 0x7B, 0x20, 0x64, 0x69, 
  0x73, 0x70, 0x6C, 0x61, 0x79, 0x3A, 0x66, 0x6C, 0x65, 0x78, 0x3B, 0x20, 0x61, 0x6C, 0x69, 0x67, 
  0x6E, 0x2D, 0x69, 0x74, 0x65, 0x6D, 0x73, 0x3A, 0x63, 0x65, 0x6E, 0x74, 0x65, 0x72, 0x3B, 0x20, 
  0x67, 0x61, 0x70, 0x3A, 0x31, 0x34, 0x70, 0x78, 0x3B, 0x20, 0x6D, 0x69, 0x6E, 0x2D, 0x77, 0x69, 
  0x64, 0x74, 0x68, 0x3A, 0x30, 0x3B, 0x20, 0x7D, 0x0A, 0x20, 0x20, 0x20, 0x20, 0x20, 0x20, 0x20, 
  0x20, 0x20, 0x20, 0x2E, 0x62, 0x72, 0x61, 0x6E, 0x64, 0x2D, 0x6C, 0x6F, 0x67, 0x6F, 0x20, 0x7B, 
  0x20, 0x77, 0x69, 0x64, 0x74, 0x68, 0x3A, 0x35, 0x34, 0x70, 0x78, 0x3B, 0x20, 0x68, 0x65, 0x69, 
  0x67, 0x68, 0x74, 0x3A, 0x35, 0x34, 0x70, 0x78, 0x3B, 0x20, 0x6F, 0x62, 0x6A, 0x65, 0x63, 0x74, 
  0x2D, 0x66, 0x69, 0x74, 0x3A, 0x63, 0x6F, 0x6E, 0x74, 0x61, 0x69, 0x6E, 0x3B, 0x20, 0x66, 0x6C, 
  0x65, 0x78, 0x3A, 0x30, 0x20, 0x30, 0x20, 0x61, 0x75, 0x74, 0x6F, 0x3B, 0x20, 0x62, 0x61, 0x63, 
  0x6B, 0x67, 0x72, 0x6F, 0x75, 0x6E, 0x64, 0x3A, 0x23, 0x66, 0x66, 0x66, 0x3B, 0x20, 0x62, 0x6F, 
  0x72, 0x64, 0x65, 0x72, 0x2D, 0x72, 0x61, 0x64, 0x69, 0x75, 0x73, 0x3A, 0x36, 0x70, 0x78, 0x3B, 
  0x20, 0x7D, 0x0A, 0x20, 0x20, 0x20, 0x20, 0x20, 0x20, 0x20, 0x20, 0x20, 0x20, 0x2E, 0x73, 0x79, 
  0x73, 0x74, 0x65, 0x6D, 0x2D, 0x6C, 0x69, 0x6E, 0x6B, 0x20, 0x7B, 0x20, 0x6F, 0x76, 0x65, 0x72, 
  0x66, 0x6C, 0x6F, 0x77, 0x2D, 0x77, 0x72, 0x61, 0x70, 0x3A, 0x61, 0x6E, 0x79, 0x77, 0x68, 0x65, 
  0x72, 0x65, 0x3B, 0x20, 0x7D, 0x0A, 0x20, 0x20, 0x20, 0x20, 0x20, 0x20, 0x20, 0x20, 0x20, 0x20, 
  0x2E, 0x74, 0x6F, 0x70, 0x62, 0x61, 0x72, 0x20, 0x68, 0x31, 0x20, 0x7B, 0x20, 0x66, 0x6F, 0x6E, 
  0x74, 0x2D, 0x73, 0x69, 0x7A, 0x65, 0x3A, 0x32, 0x34, 0x70, 0x78, 0x3B, 0x20, 0x6D, 0x61, 0x72, 
  0x67, 0x69, 0x6E, 0x3A, 0x35, 0x70, 0x78, 0x20, 0x30, 0x20, 0x30, 0x3B, 0x20, 0x7D, 0x0A, 0x20, 
  0x20, 0x20, 0x20, 0x20, 0x20, 0x20, 0x20, 0x20, 0x20, 0x2E, 0x74, 0x6F, 0x70, 0x62, 0x61, 0x72, 
  0x20, 0x2E, 0x65, 0x79, 0x65, 0x62, 0x72, 0x6F, 0x77, 0x20, 0x7B, 0x20, 0x63, 0x6F, 0x6C, 0x6F, 
  0x72, 0x3A, 0x23, 0x61, 0x39, 0x64, 0x33, 0x65, 0x66, 0x3B, 0x20, 0x7D, 0x0A, 0x20, 0x20, 0x20, 
  0x20, 0x20, 0x20, 0x20, 0x20, 0x20, 0x20, 0x2E, 0x74, 0x6F, 0x70, 0x2D, 0x61, 0x63, 0x74, 0x69, 
  0x6F, 0x6E, 0x73, 0x20, 0x7B, 0x20, 0x64, 0x69, 0x73, 0x70, 0x6C, 0x61, 0x79, 0x3A, 0x66, 0x6C, 
  0x65, 0x78, 0x3B, 0x20, 0x61, 0x6C, 0x69, 0x67, 0x6E, 0x2D, 0x69, 0x74, 0x65, 0x6D, 0x73, 0x3A, 
  0x63, 0x65, 0x6E, 0x74, 0x65, 0x72, 0x3B, 0x20, 0x6A, 0x75, 0x73, 0x74, 0x69, 0x66, 0x79, 0x2D, 
  0x63, 0x6F, 0x6E, 0x74, 0x65, 0x6E, 0x74, 0x3A, 0x66, 0x6C, 0x65, 0x78, 0x2D, 0x65, 0x6E, 0x64, 
  0x3B, 0x20, 0x67, 0x61, 0x70, 0x3A, 0x31, 0x32, 0x70, 0x78, 0x3B, 0x20, 0x66, 0x6C, 0x65, 0x78, 
  0x2D, 0x77, 0x72, 0x61, 0x70, 0x3A, 0x77, 0x72, 0x61, 0x70, 0x3B, 0x20, 0x7D, 0x0A, 0x20, 0x20, 
  0x20, 0x20, 0x20, 0x20, 0x20, 0x20, 0x20, 0x20, 0x2E, 0x74, 0x6F, 0x70, 0x2D, 0x61, 0x63, 0x74, 
  0x69, 0x6F, 0x6E, 0x73, 0x20, 0x2E, 0x6D, 0x75, 0x74, 0x65, 0x64, 0x20, 0x7B, 0x20, 0x63, 0x6F, 
  0x6C, 0x6F, 0x72, 0x3A, 0x23, 0x64, 0x32, 0x65, 0x34, 0x65, 0x66, 0x3B, 0x20, 0x7D, 0x0A, 0x20, 
  0x20, 0x20, 0x20, 0x20, 0x20, 0x20, 0x20, 0x20, 0x20, 0x2E, 0x77, 0x6F, 0x72, 0x6B, 0x73, 0x70, 
  0x61, 0x63, 0x65, 0x20, 0x7B, 0x20, 0x77, 0x69, 0x64, 0x74, 0x68, 0x3A, 0x31, 0x30, 0x30, 0x25, 
  0x3B, 0x20, 0x6D, 0x61, 0x78, 0x2D, 0x77, 0x69, 0x64, 0x74, 0x68, 0x3A, 0x31, 0x32, 0x38, 0x30, 
  0x70, 0x78, 0x3B, 0x20, 0x6D, 0x61, 0x72, 0x67, 0x69, 0x6E, 0x3A, 0x30, 0x20, 0x61, 0x75, 0x74, 
  0x6F, 0x3B, 0x20, 0x64, 0x69, 0x73, 0x70, 0x6C, 0x61, 0x79, 0x3A, 0x66, 0x6C, 0x65, 0x78, 0x3B, 
  0x20, 0x6D, 0x69, 0x6E, 0x2D, 0x68, 0x65, 0x69, 0x67, 0x68, 0x74, 0x3A, 0x63, 0x61, 0x6C, 0x63, 
  0x28, 0x31, 0x30, 0x30, 0x76, 0x68, 0x20, 0x2D, 0x20, 0x38, 0x36, 0x70, 0x78, 0x29, 0x3B, 0x20, 
  0x7D, 0x0A, 0x20, 0x20, 0x20, 0x20, 0x20, 0x20, 0x20, 0x20, 0x20, 0x20, 0x2E, 0x73, 0x69, 0x64, 
  0x65, 0x62, 0x61, 0x72, 0x20, 0x7B, 0x20, 0x77, 0x69, 0x64, 0x74, 0x68, 0x3A, 0x32, 0x34, 0x30, 
  0x70, 0x78, 0x3B, 0x20, 0x62, 0x61, 0x63, 0x6B, 0x67, 0x72, 0x6F, 0x75, 0x6E, 0x64, 0x3A, 0x23, 
  0x66, 0x36, 0x66, 0x39, 0x66, 0x62, 0x3B, 0x20, 0x62, 0x6F, 0x72, 0x64, 0x65, 0x72, 0x2D, 0x72, 
  0x69, 0x67, 0x68, 0x74, 0x3A, 0x31, 0x70, 0x78, 0x20, 0x73, 0x6F, 0x6C, 0x69, 0x64, 0x20, 0x76, 
  0x61, 0x72, 0x28, 0x2D, 0x2D, 0x6C, 0x69, 0x6E, 0x65, 0x29, 0x3B, 0x20, 0x70, 0x61, 0x64, 0x64, 
  0x69, 0x6E, 0x67, 0x3A, 0x32, 0x32, 0x70, 0x78, 0x20, 0x31, 0x38, 0x70, 0x78, 0x3B, 0x20, 0x7D, 
  0x0A, 0x20, 0x20, 0x20, 0x20, 0x20, 0x20, 0x20, 0x20, 0x20, 0x20, 0x2E, 0x6E, 0x61, 0x76, 0x2D, 
  0x67, 0x72, 0x6F, 0x75, 0x70, 0x20, 0x7B, 0x20, 0x64, 0x69, 0x73, 0x70, 0x6C, 0x61, 0x79, 0x3A, 
  0x67, 0x72, 0x69, 0x64, 0x3B, 0x20, 0x67, 0x61, 0x70, 0x3A, 0x38, 0x70, 0x78, 0x3B, 0x20, 0x7D, 
  0x0A, 0x20, 0x20, 0x20, 0x20, 0x20, 0x20, 0x20, 0x20, 0x20, 0x20, 0x2E, 0x6E, 0x61, 0x76, 0x2D, 
  0x62, 0x74, 0x6E, 0x20, 0x7B, 0x20, 0x62, 0x6F, 0x72, 0x64, 0x65, 0x72, 0x3A, 0x31, 0x70, 0x78, 
  0x20, 0x73, 0x6F, 0x6C, 0x69, 0x64, 0x20, 0x76, 0x61, 0x72, 0x28, 0x2D, 0x2D, 0x6C, 0x69, 0x6E, 
  0x65, 0x29, 0x3B, 0x20, 0x62, 0x61, 0x63, 0x6B, 0x67, 0x72, 0x6F, 0x75, 0x6E, 0x64, 0x3A, 0x23, 
  0x66, 0x66, 0x66, 0x3B, 0x20, 0x70, 0x61, 0x64, 0x64, 0x69, 0x6E, 0x67, 0x3A, 0x31, 0x32, 0x70, 
  0x78, 0x20, 0x31, 0x34, 0x70, 0x78, 0x3B, 0x20, 0x63, 0x75, 0x72, 0x73, 0x6F, 0x72, 0x3A, 0x70, 
  0x6F, 0x69, 0x6E, 0x74, 0x65, 0x72, 0x3B, 0x20, 0x74, 0x65, 0x78, 0x74, 0x2D, 0x61, 0x6C, 0x69, 
  0x67, 0x6E, 0x3A, 0x6C, 0x65, 0x66, 0x74, 0x3B, 0x20, 0x63, 0x6F, 0x6C, 0x6F, 0x72, 0x3A, 0x76, 
  0x61, 0x72, 0x28, 0x2D, 0x2D, 0x69, 0x6E, 0x6B, 0x29, 0x3B, 0x20, 0x7D, 0x0A, 0x20, 0x20, 0x20, 
  0x20, 0x20, 0x20, 0x20, 0x20, 0x20, 0x20, 0x2E, 0x6E, 0x61, 0x76, 0x2D, 0x62, 0x74, 0x6E, 0x2E, 
  0x61, 0x63, 0x74, 0x69, 0x76, 0x65, 0x20, 0x7B, 0x20, 0x62, 0x61, 0x63, 0x6B, 0x67, 0x72, 0x6F, 
  0x75, 0x6E, 0x64, 0x3A, 0x76, 0x61, 0x72, 0x28, 0x2D, 0x2D, 0x6E, 0x61, 0x76, 0x79, 0x29, 0x3B, 
  0x20, 0x63, 0x6F, 0x6C, 0x6F, 0x72, 0x3A, 0x23, 0x66, 0x66, 0x66, 0x3B, 0x20, 0x62, 0x6F, 0x72, 
  0x64, 0x65, 0x72, 0x2D, 0x63, 0x6F, 0x6C, 0x6F, 0x72, 0x3A, 0x76, 0x61, 0x72, 0x28, 0x2D, 0x2D, 
  0x6E, 0x61, 0x76, 0x79, 0x29, 0x3B, 0x20, 0x7D, 0x0A, 0x20, 0x20, 0x20, 0x20, 0x20, 0x20, 0x20, 
  0x20, 0x20, 0x20, 0x2E, 0x63, 0x6F, 0x6E, 0x74, 0x65, 0x6E, 0x74, 0x20, 0x7B, 0x20, 0x66, 0x6C, 
  0x65, 0x78, 0x3A, 0x31, 0x3B, 0x20, 0x6D, 0x69, 0x6E, 0x2D, 0x77, 0x69, 0x64, 0x74, 0x68, 0x3A, 
  0x30, 0x3B, 0x20, 0x70, 0x61, 0x64, 0x64, 0x69, 0x6E, 0x67, 0x3A, 0x32, 0x36, 0x70, 0x78, 0x20, 
  0x32, 0x34, 0x70, 0x78, 0x20, 0x34, 0x30, 0x70, 0x78, 0x3B, 0x20, 0x7D, 0x0A, 0x20, 0x20, 0x20, 
  0x20, 0x20, 0x20, 0x20, 0x20, 0x20, 0x20, 0x2E, 0x70, 0x61, 0x6E, 0x65, 0x6C, 0x20, 0x7B, 0x20, 
  0x6D, 0x69, 0x6E, 0x2D, 0x77, 0x69, 0x64, 0x74, 0x68, 0x3A, 0x30, 0x3B, 0x20, 0x6F, 0x76, 0x65, 
  0x72, 0x66, 0x6C, 0x6F, 0x77, 0x3A, 0x68, 0x69, 0x64, 0x64, 0x65, 0x6E, 0x3B, 0x20, 0x62, 0x61, 
  0x63, 0x6B, 0x67, 0x72, 0x6F, 0x75, 0x6E, 0x64, 0x3A, 0x76, 0x61, 0x72, 0x28, 0x2D, 0x2D, 0x70, 
  0x61, 0x70, 0x65, 0x72, 0x29, 0x3B, 0x20, 0x62, 0x6F, 0x72, 0x64, 0x65, 0x72, 0x3A, 0x31, 0x70, 
  0x78, 0x20, 0x73, 0x6F, 0x6C, 0x69, 0x64, 0x20, 0x76, 0x61, 0x72, 0x28, 0x2D, 0x2D, 0x6C, 0x69, 
  0x6E, 0x65, 0x29, 0x3B, 0x20, 0x6D, 0x69, 0x6E, 0x2D, 0x68, 0x65, 0x69, 0x67, 0x68, 0x74, 0x3A, 
  0x31, 0x38, 0x30, 0x70, 0x78, 0x3B, 0x20, 0x70, 0x61, 0x64, 0x64, 0x69, 0x6E, 0x67, 0x3A, 0x31, 
  0x38, 0x70, 0x78, 0x20, 0x32, 0x30, 0x70, 0x78, 0x3B, 0x20, 0x62, 0x6F, 0x78, 0x2D, 0x73, 0x68, 
  0x61, 0x64, 0x6F, 0x77, 0x3A, 0x76, 0x61, 0x72, 0x28, 0x2D, 0x2D, 0x73, 0x68, 0x61, 0x64, 0x6F, 
  0x77, 0x29, 0x3B, 0x20, 0x7D, 0x0A, 0x20, 0x20, 0x20, 0x20, 0x20, 0x20, 0x20, 0x20, 0x20, 0x20, 
  0x2E, 0x61, 0x62, 0x6F, 0x75, 0x74, 0x2D, 0x68, 0x65, 0x72, 0x6F, 0x20, 0x7B, 0x20, 0x64, 0x69, 
  0x73, 0x70, 0x6C, 0x61, 0x79, 0x3A, 0x66, 0x6C, 0x65, 0x78, 0x3B, 0x20, 0x61, 0x6C, 0x69, 0x67, 
  0x6E, 0x2D, 0x69, 0x74, 0x65, 0x6D, 0x73, 0x3A, 0x63, 0x65, 0x6E, 0x74, 0x65, 0x72, 0x3B, 0x20, 
  0x67, 0x61, 0x70, 0x3A, 0x31, 0x38, 0x70, 0x78, 0x3B, 0x20, 0x70, 0x61, 0x64, 0x64, 0x69, 0x6E, 
  0x67, 0x3A, 0x32, 0x32, 0x70, 0x78, 0x3B, 0x20, 0x62, 0x61, 0x63, 0x6B, 0x67, 0x72, 0x6F, 0x75, 
  0x6E, 0x64, 0x3A, 0x23, 0x66, 0x34, 0x66, 0x38, 0x66, 0x62, 0x3B, 0x20, 0x62, 0x6F, 0x72, 0x64, 
  0x65, 0x72, 0x3A, 0x31, 0x70, 0x78, 0x20, 0x73, 0x6F, 0x6C, 0x69, 0x64, 0x20, 0x76, 0x61, 0x72, 
  0x28, 0x2D, 0x2D, 0x6C, 0x69, 0x6E, 0x65, 0x29, 0x3B, 0x20, 0x62, 0x6F, 0x72, 0x64, 0x65, 0x72, 
  0x2D, 0x6C, 0x65, 0x66, 0x74, 0x3A, 0x34, 0x70, 0x78, 0x20, 0x73, 0x6F, 0x6C, 0x69, 0x64, 0x20, 
  0x76, 0x61, 0x72, 0x28, 0x2D, 0x2D, 0x62, 0x6C, 0x75, 0x65, 0x29, 0x3B, 0x20, 0x7D, 0x0A, 0x20, 
  0x20, 0x20, 0x20, 0x20, 0x20, 0x20, 0x20, 0x20, 0x20, 0x2E, 0x61, 0x62, 0x6F, 0x75, 0x74, 0x2D, 
  0x6C, 0x6F, 0x67, 0x6F, 0x20, 0x7B, 0x20, 0x77, 0x69, 0x64, 0x74, 0x68, 0x3A, 0x37, 0x36, 0x70, 
  0x78, 0x3B, 0x20, 0x68, 0x65, 0x69, 0x67, 0x68, 0x74, 0x3A, 0x37, 0x36, 0x70, 0x78, 0x3B, 0x20, 
  0x6F, 0x62, 0x6A, 0x65, 0x63, 0x74, 0x2D, 0x66, 0x69, 0x74, 0x3A, 0x63, 0x6F, 0x6E, 0x74, 0x61, 
  0x69, 0x6E, 0x3B, 0x20, 0x66, 0x6C, 0x65, 0x78, 0x3A, 0x30, 0x20, 0x30, 0x20, 0x61, 0x75, 0x74, 
  0x6F, 0x3B, 0x20, 0x62, 0x61, 0x63, 0x6B, 0x67, 0x72, 0x6F, 0x75, 0x6E, 0x64, 0x3A, 0x23, 0x66, 
  0x66, 0x66, 0x3B, 0x20, 0x62, 0x6F, 0x72, 0x64, 0x65, 0x72, 0x2D, 0x72, 0x61, 0x64, 0x69, 0x75, 
  0x73, 0x3A, 0x38, 0x70, 0x78, 0x3B, 0x20, 0x7D, 0x0A, 0x20, 0x20, 0x20, 0x20, 0x20, 0x20, 0x20, 
  0x20, 0x20, 0x20, 0x2E, 0x61, 0x62, 0x6F, 0x75, 0x74, 0x2D, 0x6B, 0x69, 0x63, 0x6B, 0x65, 0x72, 
  0x20, 0x7B, 0x20, 0x63, 0x6F, 0x6C, 0x6F, 0x72, 0x3A, 0x23, 0x32, 0x38, 0x37, 0x38, 0x61, 0x64, 
  0x3B, 0x20, 0x66, 0x6F, 0x6E, 0x74, 0x3A, 0x37, 0x30, 0x30, 0x20, 0x31, 0x31, 0x70, 0x78, 0x20, 
  0x41, 0x72, 0x69, 0x61, 0x6C, 0x2C, 0x73, 0x61, 0x6E, 0x73, 0x2D, 0x73, 0x65, 0x72, 0x69, 0x66, 
  0x3B, 0x20, 0x6C, 0x65, 0x74, 0x74, 0x65, 0x72, 0x2D, 0x73, 0x70, 0x61, 0x63, 0x69, 0x6E, 0x67, 
  0x3A, 0x31, 0x2E, 0x33, 0x70, 0x78, 0x3B, 0x20, 0x74, 0x65, 0x78, 0x74, 0x2D, 0x74, 0x72, 0x61, 
  0x6E, 0x73, 0x66, 0x6F, 0x72, 0x6D, 0x3A, 0x75, 0x70, 0x70, 0x65, 0x72, 0x63, 0x61, 0x73, 0x65, 
  0x3B, 0x20, 0x7D, 0x0A, 0x20, 0x20, 0x20, 0x20, 0x20, 0x20, 0x20, 0x20, 0x20, 0x20, 0x2E, 0x61, 
  0x62, 0x6F, 0x75, 0x74, 0x2D, 0x68, 0x65, 0x72, 0x6F, 0x20, 0x68, 0x33, 0x20, 0x7B, 0x20, 0x6D, 
  0x61, 0x72, 0x67, 0x69, 0x6E, 0x3A, 0x36, 0x70, 0x78, 0x20, 0x30, 0x3B, 0x20, 0x66, 0x6F, 0x6E, 
  0x74, 0x2D, 0x73, 0x69, 0x7A, 0x65, 0x3A, 0x32, 0x34, 0x70, 0x78, 0x3B, 0x20, 0x7D, 0x0A, 0x20, 
  0x20, 0x20, 0x20, 0x20, 0x20, 0x20, 0x20, 0x20, 0x20, 0x2E, 0x61, 0x62, 0x6F, 0x75, 0x74, 0x2D, 
  0x68, 0x65, 0x72, 0x6F, 0x20, 0x70, 0x20, 0x7B, 0x20, 0x6D, 0x61, 0x72, 0x67, 0x69, 0x6E, 0x3A, 
  0x30, 0x3B, 0x20, 0x63, 0x6F, 0x6C, 0x6F, 0x72, 0x3A, 0x76, 0x61, 0x72, 0x28, 0x2D, 0x2D, 0x6D, 
  0x75, 0x74, 0x65, 0x64, 0x29, 0x3B, 0x20, 0x6C, 0x69, 0x6E, 0x65, 0x2D, 0x68, 0x65, 0x69, 0x67, 
  0x68, 0x74, 0x3A, 0x31, 0x2E, 0x35, 0x3B, 0x20, 0x7D, 0x0A, 0x20, 0x20, 0x20, 0x20, 0x20, 0x20, 
  0x20, 0x20, 0x20, 0x20, 0x2E, 0x61, 0x62, 0x6F, 0x75, 0x74, 0x2D, 0x67, 0x72, 0x69, 0x64, 0x20, 
  0x7B, 0x20, 0x64, 0x69, 0x73, 0x70, 0x6C, 0x61, 0x79, 0x3A, 0x67, 0x72, 0x69, 0x64, 0x3B, 0x20, 
  0x67, 0x72, 0x69, 0x64, 0x2D, 0x74, 0x65, 0x6D, 0x70, 0x6C, 0x61, 0x74, 0x65, 0x2D, 0x63, 0x6F, 
  0x6C, 0x75, 0x6D, 0x6E, 0x73, 0x3A, 0x72, 0x65, 0x70, 0x65, 0x61, 0x74, 0x28, 0x32, 0x2C, 0x6D, 
  0x69, 0x6E, 0x6D, 0x61, 0x78, 0x28, 0x30, 0x2C, 0x31, 0x66, 0x72, 0x29, 0x29, 0x3B, 0x20, 0x67, 
  0x61, 0x70, 0x3A, 0x31, 0x36, 0x70, 0x78, 0x3B, 0x20, 0x6D, 0x61, 0x72, 0x67, 0x69, 0x6E, 0x2D, 
  0x74, 0x6F, 0x70, 0x3A, 0x31, 0x36, 0x70, 0x78, 0x3B, 0x20, 0x7D, 0x0A, 0x20, 0x20, 0x20, 0x20, 
  0x20, 0x20, 0x20, 0x20, 0x20, 0x20, 0x2E, 0x61, 0x62, 0x6F, 0x75, 0x74, 0x2D, 0x63, 0x61, 0x72, 
  0x64, 0x20, 0x7B, 0x20, 0x6D, 0x69, 0x6E, 0x2D, 0x77, 0x69, 0x64, 0x74, 0x68, 0x3A, 0x30, 0x3B, 
  0x20, 0x70, 0x61, 0x64, 0x64, 0x69, 0x6E, 0x67, 0x3A, 0x31, 0x38, 0x70, 0x78, 0x3B, 0x20, 0x62, 
  0x61, 0x63, 0x6B, 0x67, 0x72, 0x6F, 0x75, 0x6E, 0x64, 0x3A, 0x23, 0x66, 0x66, 0x66, 0x3B, 0x20, 
  0x62, 0x6F, 0x72, 0x64, 0x65, 0x72, 0x3A, 0x31, 0x70, 0x78, 0x20, 0x73, 0x6F, 0x6C, 0x69, 0x64, 
  0x20, 0x76, 0x61, 0x72, 0x28, 0x2D, 0x2D, 0x6C, 0x69, 0x6E, 0x65, 0x29, 0x3B, 0x20, 0x62, 0x6F, 
  0x72, 0x64, 0x65, 0x72, 0x2D, 0x74, 0x6F, 0x70, 0x3A, 0x33, 0x70, 0x78, 0x20, 0x73, 0x6F, 0x6C, 
  0x69, 0x64, 0x20, 0x23, 0x39, 0x66, 0x63, 0x31, 0x64, 0x38, 0x3B, 0x20, 0x7D, 0x0A, 0x20, 0x20, 
  0x20, 0x20, 0x20, 0x20, 0x20, 0x20, 0x20, 0x20, 0x2E, 0x61, 0x62, 0x6F, 0x75, 0x74, 0x2D, 0x63, 
  0x61, 0x72, 0x64, 0x20, 0x68, 0x33, 0x20, 0x7B, 0x20, 0x6D, 0x61, 0x72, 0x67, 0x69, 0x6E, 0x3A, 
  0x30, 0x20, 0x30, 0x20, 0x31, 0x34, 0x70, 0x78, 0x3B, 0x20, 0x63, 0x6F, 0x6C, 0x6F, 0x72, 0x3A, 
  0x76, 0x61, 0x72, 0x28, 0x2D, 0x2D, 0x6E, 0x61, 0x76, 0x79, 0x29, 0x3B, 0x20, 0x66, 0x6F, 0x6E, 
  0x74, 0x2D, 0x73, 0x69, 0x7A, 0x65, 0x3A, 0x31, 0x37, 0x70, 0x78, 0x3B, 0x20, 0x7D, 0x0A, 0x20, 
  0x20, 0x20, 0x20, 0x20, 0x20, 0x20, 0x20, 0x20, 0x20, 0x2E, 0x61, 0x62, 0x6F, 0x75, 0x74, 0x2D, 
  0x63, 0x61, 0x72, 0x64, 0x20, 0x70, 0x20, 0x7B, 0x20, 0x6D, 0x61, 0x72, 0x67, 0x69, 0x6E, 0x3A, 
  0x30, 0x20, 0x30, 0x20, 0x31, 0x32, 0x70, 0x78, 0x3B, 0x20, 0x6C, 0x69, 0x6E, 0x65, 0x2D, 0x68, 
  0x65, 0x69, 0x67, 0x68, 0x74, 0x3A, 0x31, 0x2E, 0x35, 0x3B, 0x20, 0x7D, 0x0A, 0x20, 0x20, 0x20, 
  0x20, 0x20, 0x20, 0x20, 0x20, 0x20, 0x20, 0x2E, 0x61, 0x62, 0x6F, 0x75, 0x74, 0x2D, 0x63, 0x61, 
  0x72, 0x64, 0x20, 0x70, 0x3A, 0x6C, 0x61, 0x73, 0x74, 0x2D, 0x63, 0x68, 0x69, 0x6C, 0x64, 0x20, 
  0x7B, 0x20, 0x6D, 0x61, 0x72, 0x67, 0x69, 0x6E, 0x2D, 0x62, 0x6F, 0x74, 0x74, 0x6F, 0x6D, 0x3A, 
  0x30, 0x3B, 0x20, 0x7D, 0x0A, 0x20, 0x20, 0x20, 0x20, 0x20, 0x20, 0x20, 0x20, 0x20, 0x20, 0x2E, 
  0x61, 0x62, 0x6F, 0x75, 0x74, 0x2D, 0x63, 0x61, 0x72, 0x64, 0x20, 0x73, 0x74, 0x72, 0x6F, 0x6E, 
  0x67, 0x20, 0x7B, 0x20, 0x63, 0x6F, 0x6C, 0x6F, 0x72, 0x3A, 0x76, 0x61, 0x72, 0x28, 0x2D, 0x2D, 
  0x6E, 0x61, 0x76, 0x79, 0x29, 0x3B, 0x20, 0x7D, 0x0A, 0x20, 0x20, 0x20, 0x20, 0x20, 0x20, 0x20, 
  0x20, 0x20, 0x20, 0x2E, 0x61, 0x62, 0x6F, 0x75, 0x74, 0x2D, 0x73, 0x74, 0x65, 0x70, 0x73, 0x2C, 
  0x20, 0x2E, 0x61, 0x62, 0x6F, 0x75, 0x74, 0x2D, 0x6C, 0x69, 0x73, 0x74, 0x20, 0x7B, 0x20, 0x6D, 
  0x61, 0x72, 0x67, 0x69, 0x6E, 0x3A, 0x30, 0x3B, 0x20, 0x70, 0x61, 0x64, 0x64, 0x69, 0x6E, 0x67, 
  0x2D, 0x6C, 0x65, 0x66, 0x74, 0x3A, 0x32, 0x30, 0x70, 0x78, 0x3B, 0x20, 0x7D, 0x0A, 0x20, 0x20, 
  0x20, 0x20, 0x20, 0x20, 0x20, 0x20, 0x20, 0x20, 0x2E, 0x61, 0x62, 0x6F, 0x75, 0x74, 0x2D, 0x73, 
  0x74, 0x65, 0x70, 0x73, 0x20, 0x6C, 0x69, 0x2C, 0x20, 0x2E, 0x61, 0x62, 0x6F, 0x75, 0x74, 0x2D, 
  0x6C, 0x69, 0x73, 0x74, 0x20, 0x6C, 0x69, 0x20, 0x7B, 0x20, 0x6D, 0x61, 0x72, 0x67, 0x69, 0x6E, 
  0x2D, 0x62, 0x6F, 0x74, 0x74, 0x6F, 0x6D, 0x3A, 0x31, 0x30, 0x70, 0x78, 0x3B, 0x20, 0x6C, 0x69, 
  0x6E, 0x65, 0x2D, 0x68, 0x65, 0x69, 0x67, 0x68, 0x74, 0x3A, 0x31, 0x2E, 0x35, 0x3B, 0x20, 0x7D, 
  0x0A, 0x20, 0x20, 0x20, 0x20, 0x20, 0x20, 0x20, 0x20, 0x20, 0x20, 0x2E, 0x61, 0x62, 0x6F, 0x75, 
  0x74, 0x2D, 0x73, 0x74, 0x65, 0x70, 0x73, 0x20, 0x6C, 0x69, 0x3A, 0x6C, 0x61, 0x73, 0x74, 0x2D, 
  0x63, 0x68, 0x69, 0x6C, 0x64, 0x2C, 0x20, 0x2E, 0x61, 0x62, 0x6F, 0x75, 0x74, 0x2D, 0x6C, 0x69, 
  0x73, 0x74, 0x20, 0x6C, 0x69, 0x3A, 0x6C, 0x61, 0x73, 0x74, 0x2D, 0x63, 0x68, 0x69, 0x6C, 0x64, 
  0x20, 0x7B, 0x20, 0x6D, 0x61, 0x72, 0x67, 0x69, 0x6E, 0x2D, 0x62, 0x6F, 0x74, 0x74, 0x6F, 0x6D, 
  0x3A, 0x30, 0x3B, 0x20, 0x7D, 0x0A, 0x20, 0x20, 0x20, 0x20, 0x20, 0x20, 0x20, 0x20, 0x20, 0x20, 
  0x2E, 0x61, 0x62, 0x6F, 0x75, 0x74, 0x2D, 0x6C, 0x69, 0x73, 0x74, 0x20, 0x6C, 0x69, 0x3A, 0x3A, 
  0x6D, 0x61, 0x72, 0x6B, 0x65, 0x72, 0x20, 0x7B, 0x20, 0x63, 0x6F, 0x6C, 0x6F, 0x72, 0x3A, 0x76, 
  0x61, 0x72, 0x28, 0x2D, 0x2D, 0x62, 0x6C, 0x75, 0x65, 0x29, 0x3B, 0x20, 0x7D, 0x0A, 0x20, 0x20, 
  0x20, 0x20, 0x20, 0x20, 0x20, 0x20, 0x20, 0x20, 0x2E, 0x61, 0x62, 0x6F, 0x75, 0x74, 0x2D, 0x77, 
  0x61, 0x72, 0x6E, 0x69, 0x6E, 0x67, 0x20, 0x7B, 0x20, 0x6D, 0x61, 0x72, 0x67, 0x69, 0x6E, 0x2D, 
  0x74, 0x6F, 0x70, 0x3A, 0x31, 0x36, 0x70, 0x78, 0x3B, 0x20, 0x70, 0x61, 0x64, 0x64, 0x69, 0x6E, 
  0x67, 0x3A, 0x31, 0x34, 0x70, 0x78, 0x20, 0x31, 0x36, 0x70, 0x78, 0x3B, 0x20, 0x62, 0x61, 0x63, 
  0x6B, 0x67, 0x72, 0x6F, 0x75, 0x6E, 0x64, 0x3A, 0x23, 0x66, 0x66, 0x66, 0x37, 0x65, 0x64, 0x3B, 
  0x20, 0x62, 0x6F, 0x72, 0x64, 0x65, 0x72, 0x3A, 0x31, 0x70, 0x78, 0x20, 0x73, 0x6F, 0x6C, 0x69, 
  0x64, 0x20, 0x23, 0x66, 0x33, 0x64, 0x32, 0x61, 0x32, 0x3B, 0x20, 0x63, 0x6F, 0x6C, 0x6F, 0x72, 
  0x3A, 0x23, 0x37, 0x61, 0x34, 0x64, 0x31, 0x32, 0x3B, 0x20, 0x6C, 0x69, 0x6E, 0x65, 0x2D, 0x68, 
  0x65, 0x69, 0x67, 0x68, 0x74, 0x3A, 0x31, 0x2E, 0x35, 0x3B, 0x20, 0x7D, 0x0A, 0x20, 0x20, 0x20, 
  0x20, 0x20, 0x20, 0x20, 0x20, 0x20, 0x20, 0x2E, 0x67, 0x72, 0x69, 0x64, 0x2D, 0x33, 0x20, 0x7B, 
  0x20, 0x64, 0x69, 0x73, 0x70, 0x6C, 0x61, 0x79, 0x3A, 0x67, 0x72, 0x69, 0x64, 0x3B, 0x20, 0x67, 
  0x72, 0x69, 0x64, 0x2D, 0x74, 0x65, 0x6D, 0x70, 0x6C, 0x61, 0x74, 0x65, 0x2D, 0x63, 0x6F, 0x6C, 
  0x75, 0x6D, 0x6E, 0x73, 0x3A, 0x72, 0x65, 0x70, 0x65, 0x61, 0x74, 0x28, 0x33, 0x2C, 0x6D, 0x69, 
  0x6E, 0x6D, 0x61, 0x78, 0x28, 0x30, 0x2C, 0x31, 0x66, 0x72, 0x29, 0x29, 0x3B, 0x20, 0x67, 0x61, 
  0x70, 0x3A, 0x31, 0x38, 0x70, 0x78, 0x3B, 0x20, 0x7D, 0x0A, 0x20, 0x20, 0x20, 0x20, 0x20, 0x20, 
  0x20, 0x20, 0x20, 0x20, 0x2E, 0x6D, 0x65, 0x74, 0x72, 0x69, 0x63, 0x20, 0x7B, 0x20, 0x62, 0x61, 
  0x63, 0x6B, 0x67, 0x72, 0x6F, 0x75, 0x6E, 0x64, 0x3A, 0x23, 0x66, 0x37, 0x66, 0x61, 0x66, 0x64, 
  0x3B, 0x20, 0x62, 0x6F, 0x72, 0x64, 0x65, 0x72, 0x3A, 0x31, 0x70, 0x78, 0x20, 0x73, 0x6F, 0x6C, 
  0x69, 0x64, 0x20, 0x76, 0x61, 0x72, 0x28, 0x2D, 0x2D, 0x6C, 0x69, 0x6E, 0x65, 0x29, 0x3B, 0x20, 
  0x70, 0x61, 0x64, 0x64, 0x69, 0x6E, 0x67, 0x3A, 0x31, 0x38, 0x70, 0x78, 0x3B, 0x20, 0x62, 0x6F, 
  0x72, 0x64, 0x65, 0x72, 0x2D, 0x72, 0x61, 0x64, 0x69, 0x75, 0x73, 0x3A, 0x31, 0x30, 0x70, 0x78, 
  0x3B, 0x20, 0x7D, 0x0A, 0x20, 0x20, 0x20, 0x20, 0x20, 0x20, 0x20, 0x20, 0x20, 0x20, 0x2E, 0x6D, 
  0x65, 0x74, 0x72, 0x69, 0x63, 0x20, 0x2E, 0x6C, 0x61, 0x62, 0x65, 0x6C, 0x20, 0x7B, 0x20, 0x63, 
  0x6F, 0x6C, 0x6F, 0x72, 0x3A, 0x76, 0x61, 0x72, 0x28, 0x2D, 0x2D, 0x6D, 0x75, 0x74, 0x65, 0x64, 
  0x29, 0x3B, 0x20, 0x66, 0x6F, 0x6E, 0x74, 0x3A, 0x37, 0x30, 0x30, 0x20, 0x31, 0x32, 0x70, 0x78, 
  0x20, 0x41, 0x72, 0x69, 0x61, 0x6C, 0x2C, 0x73, 0x61, 0x6E, 0x73, 0x2D, 0x73, 0x65, 0x72, 0x69, 
  0x66, 0x3B, 0x20, 0x6C, 0x65, 0x74, 0x74, 0x65, 0x72, 0x2D, 0x73, 0x70, 0x61, 0x63, 0x69, 0x6E, 
  0x67, 0x3A, 0x2E, 0x31, 0x65, 0x6D, 0x3B, 0x20, 0x74, 0x65, 0x78, 0x74, 0x2D, 0x74, 0x72, 0x61, 
  0x6E, 0x73, 0x66, 0x6F, 0x72, 0x6D, 0x3A, 0x75, 0x70, 0x70, 0x65, 0x72, 0x63, 0x61, 0x73, 0x65, 
  0x3B, 0x20, 0x7D, 0x0A, 0x20, 0x20, 0x20, 0x20, 0x20, 0x20, 0x20, 0x20, 0x20, 0x20, 0x2E, 0x6D, 
  0x65, 0x74, 0x72, 0x69, 0x63, 0x20, 0x2E, 0x76, 0x61, 0x6C, 0x75, 0x65, 0x20, 0x7B, 0x20, 0x66, 
  0x6F, 0x6E, 0x74, 0x2D, 0x73, 0x69, 0x7A, 0x65, 0x3A, 0x33, 0x30, 0x70, 0x78, 0x3B, 0x20, 0x66, 
  0x6F, 0x6E, 0x74, 0x2D, 0x77, 0x65, 0x69, 0x67, 0x68, 0x74, 0x3A, 0x37, 0x30, 0x30, 0x3B, 0x20, 
  0x6D, 0x61, 0x72, 0x67, 0x69, 0x6E, 0x2D, 0x74, 0x6F, 0x70, 0x3A, 0x31, 0x32, 0x70, 0x78, 0x3B, 
  0x20, 0x7D, 0x0A, 0x20, 0x20, 0x20, 0x20, 0x20, 0x20, 0x20, 0x20, 0x20, 0x20, 0x2E, 0x6F, 0x6B, 
  0x20, 0x7B, 0x20, 0x63, 0x6F, 0x6C, 0x6F, 0x72, 0x3A, 0x76, 0x61, 0x72, 0x28, 0x2D, 0x2D, 0x67, 
  0x72, 0x65, 0x65, 0x6E, 0x29, 0x3B, 0x20, 0x7D, 0x0A, 0x20, 0x20, 0x20, 0x20, 0x20, 0x20, 0x20, 
  0x20, 0x20, 0x20, 0x2E, 0x61, 0x6C, 0x65, 0x72, 0x74, 0x20, 0x7B, 0x20, 0x63, 0x6F, 0x6C, 0x6F, 
  0x72, 0x3A, 0x76, 0x61, 0x72, 0x28, 0x2D, 0x2D, 0x72, 0x65, 0x64, 0x29, 0x3B, 0x20, 0x7D, 0x0A, 
  0x20, 0x20, 0x20, 0x20, 0x20, 0x20, 0x20, 0x20, 0x20, 0x20, 0x2E, 0x77, 0x61, 0x72, 0x6E, 0x69, 
  0x6E, 0x67, 0x20, 0x7B, 0x20, 0x63, 0x6F, 0x6C, 0x6F, 0x72, 0x3A, 0x23, 0x62, 0x37, 0x37, 0x39, 
  0x31, 0x66, 0x3B, 0x20, 0x7D, 0x0A, 0x20, 0x20, 0x20, 0x20, 0x20, 0x20, 0x20, 0x20, 0x20, 0x20, 
  0x2E, 0x73, 0x74, 0x72, 0x65, 0x74, 0x63, 0x68, 0x20, 0x7B, 0x20, 0x64, 0x69, 0x73, 0x70, 0x6C, 
  0x61, 0x79, 0x3A, 0x66, 0x6C, 0x65, 0x78, 0x3B, 0x20, 0x67, 0x61, 0x70, 0x3A, 0x31, 0x32, 0x70, 
  0x78, 0x3B, 0x20, 0x66, 0x6C, 0x65, 0x78, 0x2D, 0x77, 0x72, 0x61, 0x70, 0x3A, 0x77, 0x72, 0x61, 
  0x70, 0x3B, 0x20, 0x7D, 0x0A, 0x20, 0x20, 0x20, 0x20, 0x20, 0x20, 0x20, 0x20, 0x20, 0x20, 0x2E, 
  0x73, 0x74, 0x72, 0x65, 0x74, 0x63, 0x68, 0x20, 0x3E, 0x20, 0x2A, 0x20, 0x7B, 0x20, 0x6D, 0x69, 
  0x6E, 0x2D, 0x77, 0x69, 0x64, 0x74, 0x68, 0x3A, 0x30, 0x3B, 0x20, 0x7D, 0x0A, 0x20, 0x20, 0x20, 
  0x20, 0x20, 0x20, 0x20, 0x20, 0x20, 0x20, 0x2E, 0x69, 0x6E, 0x6C, 0x69, 0x6E, 0x65, 0x2D, 0x66, 
  0x6F, 0x72, 0x6D, 0x20, 0x7B, 0x20, 0x64, 0x69, 0x73, 0x70, 0x6C, 0x61, 0x79, 0x3A, 0x67, 0x72, 
  0x69, 0x64, 0x3B, 0x20, 0x67, 0x61, 0x70, 0x3A, 0x31, 0x32, 0x70, 0x78, 0x3B, 0x20, 0x6D, 0x69, 
  0x6E, 0x2D, 0x77, 0x69, 0x64, 0x74, 0x68, 0x3A, 0x30, 0x3B, 0x20, 0x7D, 0x0A, 0x20, 0x20, 0x20, 
  0x20, 0x20, 0x20, 0x20, 0x20, 0x20, 0x20, 0x2E, 0x73, 0x65, 0x63, 0x74, 0x69, 0x6F, 0x6E, 0x2D, 
  0x74, 0x69, 0x74, 0x6C, 0x65, 0x20, 0x7B, 0x20, 0x6D, 0x61, 0x72, 0x67, 0x69, 0x6E, 0x3A, 0x30, 
  0x20, 0x30, 0x20, 0x31, 0x36, 0x70, 0x78, 0x3B, 0x20, 0x7D, 0x0A, 0x20, 0x20, 0x20, 0x20, 0x20, 
  0x20, 0x20, 0x20, 0x20, 0x20, 0x74, 0x61, 0x62, 0x6C, 0x65, 0x20, 0x7B, 0x20, 0x64, 0x69, 0x73, 
  0x70, 0x6C, 0x61, 0x79, 0x3A, 0x62, 0x6C, 0x6F, 0x63, 0x6B, 0x3B, 0x20, 0x77, 0x69, 0x64, 0x74, 
  0x68, 0x3A, 0x31, 0x30, 0x30, 0x25, 0x3B, 0x20, 0x6F, 0x76, 0x65, 0x72, 0x66, 0x6C, 0x6F, 0x77, 
  0x2D, 0x78, 0x3A, 0x61, 0x75, 0x74, 0x6F, 0x3B, 0x20, 0x62, 0x6F, 0x72, 0x64, 0x65, 0x72, 0x2D, 
  0x63, 0x6F, 0x6C, 0x6C, 0x61, 0x70, 0x73, 0x65, 0x3A, 0x63, 0x6F, 0x6C, 0x6C, 0x61, 0x70, 0x73, 
  0x65, 0x3B, 0x20, 0x7D, 0x0A, 0x20, 0x20, 0x20, 0x20, 0x20, 0x20, 0x20, 0x20, 0x20, 0x20, 0x74, 
  0x68, 0x2C, 0x20, 0x74, 0x64, 0x20, 0x7B, 0x20, 0x70, 0x61, 0x64, 0x64, 0x69, 0x6E, 0x67, 0x3A, 
  0x31, 0x32, 0x70, 0x78, 0x20, 0x31, 0x30, 0x70, 0x78, 0x3B, 0x20, 0x62, 0x6F, 0x72, 0x64, 0x65, 
  0x72, 0x2D, 0x62, 0x6F, 0x74, 0x74, 0x6F, 0x6D, 0x3A, 0x31, 0x70, 0x78, 0x20, 0x73, 0x6F, 0x6C, 
  0x69, 0x64, 0x20, 0x76, 0x61, 0x72, 0x28, 0x2D, 0x2D, 0x6C, 0x69, 0x6E, 0x65, 0x29, 0x3B, 0x20, 
  0x74, 0x65, 0x78, 0x74, 0x2D, 0x61, 0x6C, 0x69, 0x67, 0x6E, 0x3A, 0x6C, 0x65, 0x66, 0x74, 0x3B, 
  0x20, 0x66, 0x6F, 0x6E, 0x74, 0x3A, 0x31, 0x33, 0x70, 0x78, 0x20, 0x41, 0x72, 0x69, 0x61, 0x6C, 
  0x2C, 0x73, 0x61, 0x6E, 0x73, 0x2D, 0x73, 0x65, 0x72, 0x69, 0x66, 0x3B, 0x20, 0x7D, 0x0A, 0x20, 
  0x20, 0x20, 0x20, 0x20, 0x20, 0x20, 0x20, 0x20, 0x20, 0x74, 0x68, 0x20, 0x7B, 0x20, 0x63, 0x6F, 
  0x6C, 0x6F, 0x72, 0x3A, 0x76, 0x61, 0x72, 0x28, 0x2D, 0x2D, 0x6D, 0x75, 0x74, 0x65, 0x64, 0x29, 
  0x3B, 0x20, 0x66, 0x6F, 0x6E, 0x74, 0x2D, 0x77, 0x65, 0x69, 0x67, 0x68, 0x74, 0x3A, 0x37, 0x30, 
  0x30, 0x3B, 0x20, 0x74, 0x65, 0x78, 0x74, 0x2D, 0x74, 0x72, 0x61, 0x6E, 0x73, 0x66, 0x6F, 0x72, 
  0x6D, 0x3A, 0x75, 0x70, 0x70, 0x65, 0x72, 0x63, 0x61, 0x73, 0x65, 0x3B, 0x20, 0x6C, 0x65, 0x74, 
  0x74, 0x65, 0x72, 0x2D, 0x73, 0x70, 0x61, 0x63, 0x69, 0x6E, 0x67, 0x3A, 0x2E, 0x30, 0x38, 0x65, 
  0x6D, 0x3B, 0x20, 0x7D, 0x0A, 0x20, 0x20, 0x20, 0x20, 0x20, 0x20, 0x20, 0x20, 0x20, 0x20, 0x2E, 
  0x70, 0x69, 0x6C, 0x6C, 0x20, 0x7B, 0x20, 0x64, 0x69, 0x73, 0x70, 0x6C, 0x61, 0x79, 0x3A, 0x69, 
  0x6E, 0x6C, 0x69, 0x6E, 0x65, 0x2D, 0x66, 0x6C, 0x65, 0x78, 0x3B, 0x20, 0x61, 0x6C, 0x69, 0x67, 
  0x6E, 0x2D, 0x69, 0x74, 0x65, 0x6D, 0x73, 0x3A, 0x63, 0x65, 0x6E, 0x74, 0x65, 0x72, 0x3B, 0x20, 
  0x67, 0x61, 0x70, 0x3A, 0x38, 0x70, 0x78, 0x3B, 0x20, 0x62, 0x61, 0x63, 0x6B, 0x67, 0x72, 0x6F, 
  0x75, 0x6E, 0x64, 0x3A, 0x23, 0x65, 0x63, 0x66, 0x64, 0x66, 0x35, 0x3B, 0x20, 0x63, 0x6F, 0x6C, 
  0x6F, 0x72, 0x3A, 0x76, 0x61, 0x72, 0x28, 0x2D, 0x2D, 0x67, 0x72, 0x65, 0x65, 0x6E, 0x29, 0x3B, 
  0x20, 0x70, 0x61, 0x64, 0x64, 0x69, 0x6E, 0x67, 0x3A, 0x36, 0x70, 0x78, 0x20, 0x31, 0x30, 0x70, 
  0x78, 0x3B, 0x20, 0x62, 0x6F, 0x72, 0x64, 0x65, 0x72, 0x2D, 0x72, 0x61, 0x64, 0x69, 0x75, 0x73, 
  0x3A, 0x39, 0x39, 0x39, 0x70, 0x78, 0x3B, 0x20, 0x66, 0x6F, 0x6E, 0x74, 0x3A, 0x37, 0x30, 0x30, 
  0x20, 0x31, 0x32, 0x70, 0x78, 0x20, 0x41, 0x72, 0x69, 0x61, 0x6C, 0x2C, 0x73, 0x61, 0x6E, 0x73, 
  0x2D, 0x73, 0x65, 0x72, 0x69, 0x66, 0x3B, 0x20, 0x7D, 0x0A, 0x20, 0x20, 0x20, 0x20, 0x20, 0x20, 
  0x20, 0x20, 0x20, 0x20, 0x2E, 0x70, 0x69, 0x6C, 0x6C, 0x2E, 0x77, 0x61, 0x72, 0x6E, 0x20, 0x7B, 
  0x20, 0x62, 0x61, 0x63, 0x6B, 0x67, 0x72, 0x6F, 0x75, 0x6E, 0x64, 0x3A, 0x23, 0x66, 0x66, 0x66, 
  0x37, 0x65, 0x64, 0x3B, 0x20, 0x63, 0x6F, 0x6C, 0x6F, 0x72, 0x3A, 0x23, 0x62, 0x37, 0x37, 0x39, 
  0x31, 0x66, 0x3B, 0x20, 0x7D, 0x0A, 0x20, 0x20, 0x20, 0x20, 0x20, 0x20, 0x20, 0x20, 0x20, 0x20, 
  0x2E, 0x70, 0x69, 0x6C, 0x6C, 0x2E, 0x61, 0x6C, 0x65, 0x72, 0x74, 0x20, 0x7B, 0x20, 0x62, 0x61, 
  0x63, 0x6B, 0x67, 0x72, 0x6F, 0x75, 0x6E, 0x64, 0x3A, 0x23, 0x66, 0x66, 0x66, 0x31, 0x65, 0x66, 
  0x3B, 0x20, 0x63, 0x6F, 0x6C, 0x6F, 0x72, 0x3A, 0x76, 0x61, 0x72, 0x28, 0x2D, 0x2D, 0x72, 0x65, 
  0x64, 0x29, 0x3B, 0x20, 0x7D, 0x0A, 0x20, 0x20, 0x20, 0x20, 0x20, 0x20, 0x20, 0x20, 0x20, 0x20, 
  0x2E, 0x61, 0x6C, 0x61, 0x72, 0x6D, 0x2D, 0x61, 0x63, 0x74, 0x69, 0x6F, 0x6E, 0x20, 0x7B, 0x20, 
  0x77, 0x68, 0x69, 0x74, 0x65, 0x2D, 0x73, 0x70, 0x61, 0x63, 0x65, 0x3A, 0x6E, 0x6F, 0x72, 0x6D, 
  0x61, 0x6C, 0x3B, 0x20, 0x7D, 0x0A, 0x20, 0x20, 0x20, 0x20, 0x20, 0x20, 0x20, 0x20, 0x20, 0x20, 
  0x2E, 0x64, 0x65, 0x6C, 0x65, 0x74, 0x65, 0x2D, 0x75, 0x73, 0x65, 0x72, 0x5B, 0x64, 0x61, 0x74, 
  0x61, 0x2D, 0x75, 0x73, 0x65, 0x72, 0x3D, 0x22, 0x61, 0x64, 0x6D, 0x69, 0x6E, 0x22, 0x5D, 0x20, 
  0x7B, 0x20, 0x64, 0x69, 0x73, 0x70, 0x6C, 0x61, 0x79, 0x3A, 0x6E, 0x6F, 0x6E, 0x65, 0x3B, 0x20, 
  0x7D, 0x0A, 0x20, 0x20, 0x20, 0x20, 0x20, 0x20, 0x20, 0x20, 0x20, 0x20, 0x2E, 0x62, 0x6C, 0x69, 
  0x6E, 0x6B, 0x69, 0x6E, 0x67, 0x20, 0x7B, 0x20, 0x61, 0x6E, 0x69, 0x6D, 0x61, 0x74, 0x69, 0x6F, 
  0x6E, 0x3A, 0x61, 0x6C, 0x65, 0x72, 0x74, 0x42, 0x6C, 0x69, 0x6E, 0x6B, 0x20, 0x31, 0x73, 0x20, 
  0x73, 0x74, 0x65, 0x70, 0x73, 0x28, 0x32, 0x2C, 0x73, 0x74, 0x61, 0x72, 0x74, 0x29, 0x20, 0x69, 
  0x6E, 0x66, 0x69, 0x6E, 0x69, 0x74, 0x65, 0x3B, 0x20, 0x7D, 0x0A, 0x20, 0x20, 0x20, 0x20, 0x20, 
  0x20, 0x20, 0x20, 0x20, 0x20, 0x40, 0x6B, 0x65, 0x79, 0x66, 0x72, 0x61, 0x6D, 0x65, 0x73, 0x20, 
  0x61, 0x6C, 0x65, 0x72, 0x74, 0x42, 0x6C, 0x69, 0x6E, 0x6B, 0x20, 0x7B, 0x20, 0x35, 0x30, 0x25, 
  0x20, 0x7B, 0x20, 0x6F, 0x70, 0x61, 0x63, 0x69, 0x74, 0x79, 0x3A, 0x2E, 0x33, 0x35, 0x3B, 0x20, 
  0x7D, 0x20, 0x7D, 0x0A, 0x20, 0x20, 0x20, 0x20, 0x20, 0x20, 0x20, 0x20, 0x20, 0x20, 0x2E, 0x6F, 
  0x76, 0x65, 0x72, 0x76, 0x69, 0x65, 0x77, 0x2D, 0x6C, 0x6F, 0x67, 0x20, 0x7B, 0x20, 0x6D, 0x61, 
  0x72, 0x67, 0x69, 0x6E, 0x2D, 0x74, 0x6F, 0x70, 0x3A, 0x31, 0x36, 0x70, 0x78, 0x3B, 0x20, 0x7D, 
  0x0A, 0x20, 0x20, 0x20, 0x20, 0x20, 0x20, 0x20, 0x20, 0x20, 0x20, 0x2E, 0x70, 0x61, 0x6E, 0x65, 
  0x6C, 0x20, 0x66, 0x69, 0x65, 0x6C, 0x64, 0x73, 0x65, 0x74, 0x20, 0x7B, 0x20, 0x6D, 0x61, 0x72, 
  0x67, 0x69, 0x6E, 0x3A, 0x31, 0x36, 0x70, 0x78, 0x20, 0x30, 0x3B, 0x20, 0x62, 0x6F, 0x72, 0x64, 
  0x65, 0x72, 0x3A, 0x31, 0x70, 0x78, 0x20, 0x73, 0x6F, 0x6C, 0x69, 0x64, 0x20, 0x76, 0x61, 0x72, 
  0x28, 0x2D, 0x2D, 0x6C, 0x69, 0x6E, 0x65, 0x29, 0x3B, 0x20, 0x70, 0x61, 0x64, 0x64, 0x69, 0x6E, 
  0x67, 0x3A, 0x31, 0x32, 0x70, 0x78, 0x3B, 0x20, 0x7D, 0x0A, 0x20, 0x20, 0x20, 0x20, 0x20, 0x20, 
  0x20, 0x20, 0x20, 0x20, 0x2E, 0x70, 0x61, 0x6E, 0x65, 0x6C, 0x20, 0x66, 0x69, 0x65, 0x6C, 0x64, 
  0x73, 0x65, 0x74, 0x20, 0x6C, 0x61, 0x62, 0x65, 0x6C, 0x20, 0x7B, 0x20, 0x64, 0x69, 0x73, 0x70, 
  0x6C, 0x61, 0x79, 0x3A, 0x69, 0x6E, 0x6C, 0x69, 0x6E, 0x65, 0x2D, 0x62, 0x6C, 0x6F, 0x63, 0x6B, 
  0x3B, 0x20, 0x6D, 0x61, 0x72, 0x67, 0x69, 0x6E, 0x2D, 0x72, 0x69, 0x67, 0x68, 0x74, 0x3A, 0x32, 
  0x30, 0x70, 0x78, 0x3B, 0x20, 0x7D, 0x0A, 0x20, 0x20, 0x20, 0x20, 0x20, 0x20, 0x20, 0x20, 0x20, 
  0x20, 0x2E, 0x64, 0x61, 0x73, 0x68, 0x62, 0x6F, 0x61, 0x72, 0x64, 0x2D, 0x6C, 0x69, 0x6E, 0x6B, 
  0x2D, 0x63, 0x61, 0x72, 0x64, 0x20, 0x7B, 0x20, 0x64, 0x69, 0x73, 0x70, 0x6C, 0x61, 0x79, 0x3A, 
  0x67, 0x72, 0x69, 0x64, 0x3B, 0x20, 0x67, 0x61, 0x70, 0x3A, 0x31, 0x32, 0x70, 0x78, 0x3B, 0x20, 
  0x6D, 0x61, 0x72, 0x67, 0x69, 0x6E, 0x2D, 0x74, 0x6F, 0x70, 0x3A, 0x31, 0x38, 0x70, 0x78, 0x3B, 
  0x20, 0x70, 0x61, 0x64, 0x64, 0x69, 0x6E, 0x67, 0x3A, 0x31, 0x36, 0x70, 0x78, 0x3B, 0x20, 0x62, 
  0x6F, 0x72, 0x64, 0x65, 0x72, 0x3A, 0x31, 0x70, 0x78, 0x20, 0x73, 0x6F, 0x6C, 0x69, 0x64, 0x20, 
  0x76, 0x61, 0x72, 0x28, 0x2D, 0x2D, 0x6C, 0x69, 0x6E, 0x65, 0x29, 0x3B, 0x20, 0x62, 0x6F, 0x72, 
  0x64, 0x65, 0x72, 0x2D, 0x6C, 0x65, 0x66, 0x74, 0x3A, 0x34, 0x70, 0x78, 0x20, 0x73, 0x6F, 0x6C, 
  0x69, 0x64, 0x20, 0x76, 0x61, 0x72, 0x28, 0x2D, 0x2D, 0x62, 0x6C, 0x75, 0x65, 0x29, 0x3B, 0x20, 
  0x62, 0x61, 0x63, 0x6B, 0x67, 0x72, 0x6F, 0x75, 0x6E, 0x64, 0x3A, 0x23, 0x66, 0x37, 0x66, 0x61, 
  0x66, 0x64, 0x3B, 0x20, 0x7D, 0x0A, 0x20, 0x20, 0x20, 0x20, 0x20, 0x20, 0x20, 0x20, 0x20, 0x20, 
  0x2E, 0x64, 0x61, 0x73, 0x68, 0x62, 0x6F, 0x61, 0x72, 0x64, 0x2D, 0x6C, 0x69, 0x6E, 0x6B, 0x2D, 
  0x63, 0x61, 0x72, 0x64, 0x20, 0x68, 0x33, 0x2C, 0x20, 0x2E, 0x64, 0x61, 0x73, 0x68, 0x62, 0x6F, 
  0x61, 0x72, 0x64, 0x2D, 0x6C, 0x69, 0x6E, 0x6B, 0x2D, 0x63, 0x61, 0x72, 0x64, 0x20, 0x70, 0x20, 
  0x7B, 0x20, 0x6D, 0x61, 0x72, 0x67, 0x69, 0x6E, 0x3A, 0x30, 0x3B, 0x20, 0x7D, 0x0A, 0x20, 0x20, 
  0x20, 0x20, 0x20, 0x20, 0x20, 0x20, 0x20, 0x20, 0x2E, 0x64, 0x61, 0x73, 0x68, 0x62, 0x6F, 0x61, 
  0x72, 0x64, 0x2D, 0x6C, 0x69, 0x6E, 0x6B, 0x2D, 0x63, 0x61, 0x72, 0x64, 0x20, 0x2E, 0x6D, 0x75, 
  0x74, 0x65, 0x64, 0x20, 0x7B, 0x20, 0x6C, 0x69, 0x6E, 0x65, 0x2D, 0x68, 0x65, 0x69, 0x67, 0x68, 
  0x74, 0x3A, 0x31, 0x2E, 0x35, 0x3B, 0x20, 0x7D, 0x0A, 0x20, 0x20, 0x20, 0x20, 0x20, 0x20, 0x20, 
  0x20, 0x20, 0x20, 0x2E, 0x64, 0x61, 0x73, 0x68, 0x62, 0x6F, 0x61, 0x72, 0x64, 0x2D, 0x6C, 0x69, 
  0x6E, 0x6B, 0x2D, 0x63, 0x61, 0x72, 0x64, 0x20, 0x69, 0x6E, 0x70, 0x75, 0x74, 0x3A, 0x6E, 0x6F, 
  0x74, 0x28, 0x5B, 0x74, 0x79, 0x70, 0x65, 0x3D, 0x63, 0x68, 0x65, 0x63, 0x6B, 0x62, 0x6F, 0x78, 
  0x5D, 0x29, 0x20, 0x7B, 0x20, 0x77, 0x69, 0x64, 0x74, 0x68, 0x3A, 0x31, 0x30, 0x30, 0x25, 0x3B, 
  0x20, 0x62, 0x6F, 0x72, 0x64, 0x65, 0x72, 0x3A, 0x31, 0x70, 0x78, 0x20, 0x73, 0x6F, 0x6C, 0x69, 
  0x64, 0x20, 0x76, 0x61, 0x72, 0x28, 0x2D, 0x2D, 0x6C, 0x69, 0x6E, 0x65, 0x29, 0x3B, 0x20, 0x70, 
  0x61, 0x64, 0x64, 0x69, 0x6E, 0x67, 0x3A, 0x31, 0x31, 0x70, 0x78, 0x3B, 0x20, 0x62, 0x61, 0x63, 
  0x6B, 0x67, 0x72, 0x6F, 0x75, 0x6E, 0x64, 0x3A, 0x23, 0x66, 0x66, 0x66, 0x3B, 0x20, 0x63, 0x6F, 
  0x6C, 0x6F, 0x72, 0x3A, 0x76, 0x61, 0x72, 0x28, 0x2D, 0x2D, 0x69, 0x6E, 0x6B, 0x29, 0x3B, 0x20, 
  0x7D, 0x0A, 0x20, 0x20, 0x20, 0x20, 0x20, 0x20, 0x20, 0x20, 0x20, 0x20, 0x2E, 0x6C, 0x69, 0x6E, 
  0x6B, 0x2D, 0x68, 0x74, 0x74, 0x70, 0x2D, 0x77, 0x61, 0x72, 0x6E, 0x69, 0x6E, 0x67, 0x20, 0x7B, 
  0x20, 0x70, 0x61, 0x64, 0x64, 0x69, 0x6E, 0x67, 0x3A, 0x31, 0x31, 0x70, 0x78, 0x20, 0x31, 0x32, 
  0x70, 0x78, 0x3B, 0x20, 0x62, 0x6F, 0x72, 0x64, 0x65, 0x72, 0x3A, 0x31, 0x70, 0x78, 0x20, 0x73, 
  0x6F, 0x6C, 0x69, 0x64, 0x20, 0x23, 0x65, 0x66, 0x62, 0x31, 0x61, 0x63, 0x3B, 0x20, 0x62, 0x61, 
  0x63, 0x6B, 0x67, 0x72, 0x6F, 0x75, 0x6E, 0x64, 0x3A, 0x23, 0x66, 0x66, 0x66, 0x31, 0x65, 0x66, 
  0x3B, 0x20, 0x63, 0x6F, 0x6C, 0x6F, 0x72, 0x3A, 0x23, 0x38, 0x66, 0x32, 0x34, 0x31, 0x64, 0x3B, 
  0x20, 0x7D, 0x0A, 0x20, 0x20, 0x20, 0x20, 0x20, 0x20, 0x20, 0x20, 0x20, 0x20, 0x2E, 0x6C, 0x69, 
  0x6E, 0x6B, 0x2D, 0x68, 0x74, 0x74, 0x70, 0x2D, 0x77, 0x61, 0x72, 0x6E, 0x69, 0x6E, 0x67, 0x20, 
  0x6C, 0x61, 0x62, 0x65, 0x6C, 0x20, 0x7B, 0x20, 0x64, 0x69, 0x73, 0x70, 0x6C, 0x61, 0x79, 0x3A, 
  0x66, 0x6C, 0x65, 0x78, 0x20, 0x21, 0x69, 0x6D, 0x70, 0x6F, 0x72, 0x74, 0x61, 0x6E, 0x74, 0x3B, 
  0x20, 0x61, 0x6C, 0x69, 0x67, 0x6E, 0x2D, 0x69, 0x74, 0x65, 0x6D, 0x73, 0x3A, 0x66, 0x6C, 0x65, 
  0x78, 0x2D, 0x73, 0x74, 0x61, 0x72, 0x74, 0x3B, 0x20, 0x67, 0x61, 0x70, 0x3A, 0x39, 0x70, 0x78, 
  0x3B, 0x20, 0x6D, 0x61, 0x72, 0x67, 0x69, 0x6E, 0x3A, 0x30, 0x20, 0x21, 0x69, 0x6D, 0x70, 0x6F, 
  0x72, 0x74, 0x61, 0x6E, 0x74, 0x3B, 0x20, 0x6C, 0x69, 0x6E, 0x65, 0x2D, 0x68, 0x65, 0x69, 0x67, 
  0x68, 0x74, 0x3A, 0x31, 0x2E, 0x34, 0x35, 0x3B, 0x20, 0x7D, 0x0A, 0x20, 0x20, 0x20, 0x20, 0x20, 
  0x20, 0x20, 0x20, 0x20, 0x20, 0x2E, 0x6C, 0x69, 0x6E, 0x6B, 0x2D, 0x68, 0x74, 0x74, 0x70, 0x2D, 
  0x77, 0x61, 0x72, 0x6E, 0x69, 0x6E, 0x67, 0x20, 0x69, 0x6E, 0x70, 0x75, 0x74, 0x5B, 0x74, 0x79, 
  0x70, 0x65, 0x3D, 0x63, 0x68, 0x65, 0x63, 0x6B, 0x62, 0x6F, 0x78, 0x5D, 0x20, 0x7B, 0x20, 0x77, 
  0x69, 0x64, 0x74, 0x68, 0x3A, 0x31, 0x36, 0x70, 0x78, 0x3B, 0x20, 0x68, 0x65, 0x69, 0x67, 0x68, 
  0x74, 0x3A, 0x31, 0x36, 0x70, 0x78, 0x3B, 0x20, 0x66, 0x6C, 0x65, 0x78, 0x3A, 0x30, 0x20, 0x30, 
  0x20, 0x31, 0x36, 0x70, 0x78, 0x3B, 0x20, 0x6D, 0x61, 0x72, 0x67, 0x69, 0x6E, 0x3A, 0x31, 0x70, 
  0x78, 0x20, 0x30, 0x20, 0x30, 0x3B, 0x20, 0x7D, 0x0A, 0x20, 0x20, 0x20, 0x20, 0x20, 0x20, 0x20, 
  0x20, 0x20, 0x20, 0x2E, 0x64, 0x61, 0x73, 0x68, 0x62, 0x6F, 0x61, 0x72, 0x64, 0x2D, 0x6C, 0x69, 
  0x6E, 0x6B, 0x65, 0x64, 0x20, 0x7B, 0x20, 0x64, 0x69, 0x73, 0x70, 0x6C, 0x61, 0x79, 0x3A, 0x67, 
  0x72, 0x69, 0x64, 0x3B, 0x20, 0x6A, 0x75, 0x73, 0x74, 0x69, 0x66, 0x79, 0x2D, 0x69, 0x74, 0x65, 
  0x6D, 0x73, 0x3A, 0x73, 0x74, 0x61, 0x72, 0x74, 0x3B, 0x20, 0x67, 0x61, 0x70, 0x3A, 0x31, 0x32, 
  0x70, 0x78, 0x3B, 0x20, 0x7D, 0x0A, 0x20, 0x20, 0x20, 0x20, 0x20, 0x20, 0x20, 0x20, 0x20, 0x20, 
  0x2E, 0x6C, 0x69, 0x6E, 0x6B, 0x2D, 0x73, 0x65, 0x6E, 0x64, 0x2D, 0x6F, 0x6B, 0x20, 0x7B, 0x20, 
  0x63, 0x6F, 0x6C, 0x6F, 0x72, 0x3A, 0x76, 0x61, 0x72, 0x28, 0x2D, 0x2D, 0x67, 0x72, 0x65, 0x65, 
  0x6E, 0x29, 0x3B, 0x20, 0x7D, 0x0A, 0x20, 0x20, 0x20, 0x20, 0x20, 0x20, 0x20, 0x20, 0x20, 0x20, 
  0x2E, 0x6C, 0x69, 0x6E, 0x6B, 0x2D, 0x73, 0x65, 0x6E, 0x64, 0x2D, 0x65, 0x72, 0x72, 0x6F, 0x72, 
  0x20, 0x7B, 0x20, 0x63, 0x6F, 0x6C, 0x6F, 0x72, 0x3A, 0x76, 0x61, 0x72, 0x28, 0x2D, 0x2D, 0x72, 
  0x65, 0x64, 0x29, 0x3B, 0x20, 0x7D, 0x0A, 0x20, 0x20, 0x20, 0x20, 0x20, 0x20, 0x20, 0x20, 0x20, 
  0x20, 0x2E, 0x6C, 0x69, 0x6E, 0x6B, 0x2D, 0x73, 0x65, 0x63, 0x75, 0x72, 0x69, 0x74, 0x79, 0x2D, 
  0x6E, 0x6F, 0x74, 0x65, 0x20, 0x7B, 0x20, 0x70, 0x61, 0x64, 0x64, 0x69, 0x6E, 0x67, 0x3A, 0x31, 
  0x30, 0x70, 0x78, 0x20, 0x31, 0x32, 0x70, 0x78, 0x3B, 0x20, 0x62, 0x6F, 0x72, 0x64, 0x65, 0x72, 
  0x3A, 0x31, 0x70, 0x78, 0x20, 0x73, 0x6F, 0x6C, 0x69, 0x64, 0x20, 0x23, 0x66, 0x33, 0x64, 0x32, 
  0x61, 0x32, 0x3B, 0x20, 0x62, 0x61, 0x63, 0x6B, 0x67, 0x72, 0x6F, 0x75, 0x6E, 0x64, 0x3A, 0x23, 
  0x66, 0x66, 0x66, 0x37, 0x65, 0x64, 0x3B, 0x20, 0x63, 0x6F, 0x6C, 0x6F, 0x72, 0x3A, 0x23, 0x37, 
  0x61, 0x34, 0x64, 0x31, 0x32, 0x3B, 0x20, 0x66, 0x6F, 0x6E, 0x74, 0x3A, 0x31, 0x32, 0x70, 0x78, 
  0x20, 0x41, 0x72, 0x69, 0x61, 0x6C, 0x2C, 0x73, 0x61, 0x6E, 0x73, 0x2D, 0x73, 0x65, 0x72, 0x69, 
  0x66, 0x3B, 0x20, 0x6C, 0x69, 0x6E, 0x65, 0x2D, 0x68, 0x65, 0x69, 0x67, 0x68, 0x74, 0x3A, 0x31, 
  0x2E, 0x35, 0x3B, 0x20, 0x7D, 0x0A, 0x20, 0x20, 0x20, 0x20, 0x20, 0x20, 0x20, 0x20, 0x20, 0x20, 
  0x2E, 0x6C, 0x69, 0x76, 0x65, 0x2D, 0x73, 0x74, 0x61, 0x74, 0x65, 0x20, 0x7B, 0x20, 0x64, 0x69, 
  0x73, 0x70, 0x6C, 0x61, 0x79, 0x3A, 0x69, 0x6E, 0x6C, 0x69, 0x6E, 0x65, 0x2D, 0x66, 0x6C, 0x65, 
  0x78, 0x3B, 0x20, 0x61, 0x6C, 0x69, 0x67, 0x6E, 0x2D, 0x69, 0x74, 0x65, 0x6D, 0x73, 0x3A, 0x63, 
  0x65, 0x6E, 0x74, 0x65, 0x72, 0x3B, 0x20, 0x67, 0x61, 0x70, 0x3A, 0x36, 0x70, 0x78, 0x3B, 0x20, 
  0x63, 0x6F, 0x6C, 0x6F, 0x72, 0x3A, 0x76, 0x61, 0x72, 0x28, 0x2D, 0x2D, 0x67, 0x72, 0x65, 0x65, 
  0x6E, 0x29, 0x3B, 0x20, 0x66, 0x6F, 0x6E, 0x74, 0x3A, 0x37, 0x30, 0x30, 0x20, 0x31, 0x31, 0x70, 
  0x78, 0x20, 0x41, 0x72, 0x69, 0x61, 0x6C, 0x2C, 0x73, 0x61, 0x6E, 0x73, 0x2D, 0x73, 0x65, 0x72, 
  0x69, 0x66, 0x3B, 0x20, 0x7D, 0x0A, 0x20, 0x20, 0x20, 0x20, 0x20, 0x20, 0x20, 0x20, 0x20, 0x20, 
  0x2E, 0x6C, 0x69, 0x76, 0x65, 0x2D, 0x73, 0x74, 0x61, 0x74, 0x65, 0x3A, 0x62, 0x65, 0x66, 0x6F, 
  0x72, 0x65, 0x20, 0x7B, 0x20, 0x63, 0x6F, 0x6E, 0x74, 0x65, 0x6E, 0x74, 0x3A, 0x22, 0x22, 0x3B, 
  0x20, 0x77, 0x69, 0x64, 0x74, 0x68, 0x3A, 0x37, 0x70, 0x78, 0x3B, 0x20, 0x68, 0x65, 0x69, 0x67, 
  0x68, 0x74, 0x3A, 0x37, 0x70, 0x78, 0x3B, 0x20, 0x62, 0x6F, 0x72, 0x64, 0x65, 0x72, 0x2D, 0x72, 
  0x61, 0x64, 0x69, 0x75, 0x73, 0x3A, 0x35, 0x30, 0x25, 0x3B, 0x20, 0x62, 0x61, 0x63, 0x6B, 0x67, 
  0x72, 0x6F, 0x75, 0x6E, 0x64, 0x3A, 0x63, 0x75, 0x72, 0x72, 0x65, 0x6E, 0x74, 0x43, 0x6F, 0x6C, 
  0x6F, 0x72, 0x3B, 0x20, 0x62, 0x6F, 0x78, 0x2D, 0x73, 0x68, 0x61, 0x64, 0x6F, 0x77, 0x3A, 0x30, 
  0x20, 0x30, 0x20, 0x30, 0x20, 0x34, 0x70, 0x78, 0x20, 0x72, 0x67, 0x62, 0x61, 0x28, 0x32, 0x32, 
  0x2C, 0x31, 0x32, 0x30, 0x2C, 0x37, 0x35, 0x2C, 0x2E, 0x31, 0x32, 0x29, 0x3B, 0x20, 0x7D, 0x0A, 
  0x20, 0x20, 0x20, 0x20, 0x20, 0x20, 0x20, 0x20, 0x20, 0x20, 0x40, 0x6D, 0x65, 0x64, 0x69, 0x61, 
  0x20, 0x28, 0x6D, 0x61, 0x78, 0x2D, 0x77, 0x69, 0x64, 0x74, 0x68, 0x3A, 0x20, 0x39, 0x30, 0x30, 
  0x70, 0x78, 0x29, 0x20, 0x7B, 0x0A, 0x20, 0x20, 0x20, 0x20, 0x20, 0x20, 0x20, 0x20, 0x20, 0x20, 
  0x20, 0x20, 0x2E, 0x77, 0x6F, 0x72, 0x6B, 0x73, 0x70, 0x61, 0x63, 0x65, 0x20, 0x7B, 0x20, 0x64, 
  0x69, 0x73, 0x70, 0x6C, 0x61, 0x79, 0x3A, 0x62, 0x6C, 0x6F, 0x63, 0x6B, 0x3B, 0x20, 0x7D, 0x0A, 
  0x20, 0x20, 0x20, 0x20, 0x20, 0x20, 0x20, 0x20, 0x20, 0x20, 0x20, 0x20, 0x2E, 0x73, 0x69, 0x64, 
  0x65, 0x62, 0x61, 0x72, 0x20, 0x7B, 0x20, 0x77, 0x69, 0x64, 0x74, 0x68, 0x3A, 0x31, 0x30, 0x30, 
  0x25, 0x3B, 0x20, 0x62, 0x6F, 0x72, 0x64, 0x65, 0x72, 0x2D, 0x72, 0x69, 0x67, 0x68, 0x74, 0x3A, 
  0x30, 0x3B, 0x20, 0x62, 0x6F, 0x72, 0x64, 0x65, 0x72, 0x2D, 0x62, 0x6F, 0x74, 0x74, 0x6F, 0x6D, 
  0x3A, 0x31, 0x70, 0x78, 0x20, 0x73, 0x6F, 0x6C, 0x69, 0x64, 0x20, 0x76, 0x61, 0x72, 0x28, 0x2D, 
  0x2D, 0x6C, 0x69, 0x6E, 0x65, 0x29, 0x3B, 0x20, 0x7D, 0x0A, 0x20, 0x20, 0x20, 0x20, 0x20, 0x20, 
  0x20, 0x20, 0x20, 0x20, 0x20, 0x20, 0x2E, 0x6E, 0x61, 0x76, 0x2D, 0x67, 0x72, 0x6F, 0x75, 0x70, 
  0x20, 0x7B, 0x20, 0x67, 0x72, 0x69, 0x64, 0x2D, 0x74, 0x65, 0x6D, 0x70, 0x6C, 0x61, 0x74, 0x65, 
  0x2D, 0x63, 0x6F, 0x6C, 0x75, 0x6D, 0x6E, 0x73, 0x3A, 0x72, 0x65, 0x70, 0x65, 0x61, 0x74, 0x28, 
  0x61, 0x75, 0x74, 0x6F, 0x2D, 0x66, 0x69, 0x74, 0x2C, 0x6D, 0x69, 0x6E, 0x6D, 0x61, 0x78, 0x28, 
  0x31, 0x33, 0x35, 0x70, 0x78, 0x2C, 0x31, 0x66, 0x72, 0x29, 0x29, 0x3B, 0x20, 0x7D, 0x0A, 0x20, 
  0x20, 0x20, 0x20, 0x20, 0x20, 0x20, 0x20, 0x20, 0x20, 0x20, 0x20, 0x2E, 0x67, 0x72, 0x69, 0x64, 
  0x2D, 0x33, 0x20, 0x7B, 0x20, 0x67, 0x72, 0x69, 0x64, 0x2D, 0x74, 0x65, 0x6D, 0x70, 0x6C, 0x61, 
  0x74, 0x65, 0x2D, 0x63, 0x6F, 0x6C, 0x75, 0x6D, 0x6E, 0x73, 0x3A, 0x31, 0x66, 0x72, 0x3B, 0x20, 
  0x7D, 0x0A, 0x20, 0x20, 0x20, 0x20, 0x20, 0x20, 0x20, 0x20, 0x20, 0x20, 0x20, 0x20, 0x2E, 0x63, 
  0x6F, 0x6E, 0x74, 0x65, 0x6E, 0x74, 0x20, 0x7B, 0x20, 0x70, 0x61, 0x64, 0x64, 0x69, 0x6E, 0x67, 
  0x3A, 0x32, 0x30, 0x70, 0x78, 0x20, 0x31, 0x36, 0x70, 0x78, 0x20, 0x33, 0x32, 0x70, 0x78, 0x3B, 
  0x20, 0x7D, 0x0A, 0x20, 0x20, 0x20, 0x20, 0x20, 0x20, 0x20, 0x20, 0x20, 0x20, 0x20, 0x20, 0x2E, 
  0x74, 0x6F, 0x70, 0x62, 0x61, 0x72, 0x20, 0x7B, 0x20, 0x70, 0x61, 0x64, 0x64, 0x69, 0x6E, 0x67, 
  0x2D, 0x6C, 0x65, 0x66, 0x74, 0x3A, 0x31, 0x36, 0x70, 0x78, 0x3B, 0x20, 0x70, 0x61, 0x64, 0x64, 
  0x69, 0x6E, 0x67, 0x2D, 0x72, 0x69, 0x67, 0x68, 0x74, 0x3A, 0x31, 0x36, 0x70, 0x78, 0x3B, 0x20, 
  0x7D, 0x0A, 0x20, 0x20, 0x20, 0x20, 0x20, 0x20, 0x20, 0x20, 0x20, 0x20, 0x7D, 0x0A, 0x20, 0x20, 
  0x20, 0x20, 0x20, 0x20, 0x20, 0x20, 0x20, 0x20, 0x40, 0x6D, 0x65, 0x64, 0x69, 0x61, 0x20, 0x28, 
  0x6D, 0x61, 0x78, 0x2D, 0x77, 0x69, 0x64, 0x74, 0x68, 0x3A, 0x20, 0x36, 0x30, 0x30, 0x70, 0x78, 
  0x29, 0x20, 0x7B, 0x0A, 0x20, 0x20, 0x20, 0x20, 0x20, 0x20, 0x20, 0x20, 0x20, 0x20, 0x20, 0x20, 
  0x2E, 0x74, 0x6F, 0x70, 0x62, 0x61, 0x72, 0x20, 0x7B, 0x20, 0x61, 0x6C, 0x69, 0x67, 0x6E, 0x2D, 
  0x69, 0x74, 0x65, 0x6D, 0x73, 0x3A, 0x66, 0x6C, 0x65, 0x78, 0x2D, 0x73, 0x74, 0x61, 0x72, 0x74, 
  0x3B, 0x20, 0x67, 0x61, 0x70, 0x3A, 0x31, 0x34, 0x70, 0x78, 0x3B, 0x20, 0x7D, 0x0A, 0x20, 0x20, 
  0x20, 0x20, 0x20, 0x20, 0x20, 0x20, 0x20, 0x20, 0x20, 0x20, 0x2E, 0x62, 0x72, 0x61, 0x6E, 0x64, 
  0x2D, 0x6C, 0x6F, 0x63, 0x6B, 0x75, 0x70, 0x20, 0x7B, 0x20, 0x67, 0x61, 0x70, 0x3A, 0x31, 0x30, 
  0x70, 0x78, 0x3B, 0x20, 0x7D, 0x0A, 0x20, 0x20, 0x20, 0x20, 0x20, 0x20, 0x20, 0x20, 0x20, 0x20, 
  0x20, 0x20, 0x2E, 0x62, 0x72, 0x61, 0x6E, 0x64, 0x2D, 0x6C, 0x6F, 0x67, 0x6F, 0x20, 0x7B, 0x20, 
  0x77, 0x69, 0x64, 0x74, 0x68, 0x3A, 0x34, 0x32, 0x70, 0x78, 0x3B, 0x20, 0x68, 0x65, 0x69, 0x67, 
  0x68, 0x74, 0x3A, 0x34, 0x32, 0x70, 0x78, 0x3B, 0x20, 0x7D, 0x0A, 0x20, 0x20, 0x20, 0x20, 0x20, 
  0x20, 0x20, 0x20, 0x20, 0x20, 0x20, 0x20, 0x2E, 0x74, 0x6F, 0x70, 0x62, 0x61, 0x72, 0x20, 0x68, 
  0x31, 0x20, 0x7B, 0x20, 0x66, 0x6F, 0x6E, 0x74, 0x2D, 0x73, 0x69, 0x7A, 0x65, 0x3A, 0x32, 0x30, 
  0x70, 0x78, 0x3B, 0x20, 0x7D, 0x0A, 0x20, 0x20, 0x20, 0x20, 0x20, 0x20, 0x20, 0x20, 0x20, 0x20, 
  0x20, 0x20, 0x2E, 0x74, 0x6F, 0x70, 0x2D, 0x61, 0x63, 0x74, 0x69, 0x6F, 0x6E, 0x73, 0x20, 0x7B, 
  0x20, 0x77, 0x69, 0x64, 0x74, 0x68, 0x3A, 0x31, 0x30, 0x30, 0x25, 0x3B, 0x20, 0x6A, 0x75, 0x73, 
  0x74, 0x69, 0x66, 0x79, 0x2D, 0x63, 0x6F, 0x6E, 0x74, 0x65, 0x6E, 0x74, 0x3A, 0x66, 0x6C, 0x65, 
  0x78, 0x2D, 0x73, 0x74, 0x61, 0x72, 0x74, 0x3B, 0x20, 0x67, 0x61, 0x70, 0x3A, 0x38, 0x70, 0x78, 
  0x3B, 0x20, 0x7D, 0x0A, 0x20, 0x20, 0x20, 0x20, 0x20, 0x20, 0x20, 0x20, 0x20, 0x20, 0x20, 0x20, 
  0x2E, 0x74, 0x6F, 0x70, 0x2D, 0x61, 0x63, 0x74, 0x69, 0x6F, 0x6E, 0x73, 0x20, 0x73, 0x65, 0x6C, 
  0x65, 0x63, 0x74, 0x20, 0x7B, 0x20, 0x66, 0x6C, 0x65, 0x78, 0x3A, 0x31, 0x20, 0x31, 0x20, 0x31, 
  0x33, 0x30, 0x70, 0x78, 0x3B, 0x20, 0x7D, 0x0A, 0x20, 0x20, 0x20, 0x20, 0x20, 0x20, 0x20, 0x20, 
  0x20, 0x20, 0x20, 0x20, 0x2E, 0x74, 0x6F, 0x70, 0x2D, 0x61, 0x63, 0x74, 0x69, 0x6F, 0x6E, 0x73, 
  0x20, 0x2E, 0x6D, 0x75, 0x74, 0x65, 0x64, 0x20, 0x7B, 0x20, 0x6D, 0x61, 0x78, 0x2D, 0x77, 0x69, 
  0x64, 0x74, 0x68, 0x3A, 0x31, 0x30, 0x30, 0x25, 0x3B, 0x20, 0x6F, 0x76, 0x65, 0x72, 0x66, 0x6C, 
  0x6F, 0x77, 0x2D, 0x77, 0x72, 0x61, 0x70, 0x3A, 0x61, 0x6E, 0x79, 0x77, 0x68, 0x65, 0x72, 0x65, 
  0x3B, 0x20, 0x7D, 0x0A, 0x20, 0x20, 0x20, 0x20, 0x20, 0x20, 0x20, 0x20, 0x20, 0x20, 0x20, 0x20, 
  0x2E, 0x63, 0x6F, 0x6E, 0x74, 0x65, 0x6E, 0x74, 0x20, 0x7B, 0x20, 0x70, 0x61, 0x64, 0x64, 0x69, 
  0x6E, 0x67, 0x3A, 0x31, 0x34, 0x70, 0x78, 0x20, 0x31, 0x30, 0x70, 0x78, 0x20, 0x32, 0x34, 0x70, 
  0x78, 0x3B, 0x20, 0x7D, 0x0A, 0x20, 0x20, 0x20, 0x20, 0x20, 0x20, 0x20, 0x20, 0x20, 0x20, 0x20, 
  0x20, 0x2E, 0x70, 0x61, 0x6E, 0x65, 0x6C, 0x20, 0x7B, 0x20, 0x70, 0x61, 0x64, 0x64, 0x69, 0x6E, 
  0x67, 0x3A, 0x31, 0x36, 0x70, 0x78, 0x20, 0x31, 0x34, 0x70, 0x78, 0x3B, 0x20, 0x7D, 0x0A, 0x20, 
  0x20, 0x20, 0x20, 0x20, 0x20, 0x20, 0x20, 0x20, 0x20, 0x20, 0x20, 0x2E, 0x61, 0x62, 0x6F, 0x75, 
  0x74, 0x2D, 0x68, 0x65, 0x72, 0x6F, 0x20, 0x7B, 0x20, 0x61, 0x6C, 0x69, 0x67, 0x6E, 0x2D, 0x69, 
  0x74, 0x65, 0x6D, 0x73, 0x3A, 0x66, 0x6C, 0x65, 0x78, 0x2D, 0x73, 0x74, 0x61, 0x72, 0x74, 0x3B, 
  0x20, 0x70, 0x61, 0x64, 0x64, 0x69, 0x6E, 0x67, 0x3A, 0x31, 0x36, 0x70, 0x78, 0x3B, 0x20, 0x7D, 
  0x0A, 0x20, 0x20, 0x20, 0x20, 0x20, 0x20, 0x20, 0x20, 0x20, 0x20, 0x20, 0x20, 0x2E, 0x61, 0x62, 
  0x6F, 0x75, 0x74, 0x2D, 0x6C, 0x6F, 0x67, 0x6F, 0x20, 0x7B, 0x20, 0x77, 0x69, 0x64, 0x74, 0x68, 
  0x3A, 0x35, 0x34, 0x70, 0x78, 0x3B, 0x20, 0x68, 0x65, 0x69, 0x67, 0x68, 0x74, 0x3A, 0x35, 0x34, 
  0x70, 0x78, 0x3B, 0x20, 0x7D, 0x0A, 0x20, 0x20, 0x20, 0x20, 0x20, 0x20, 0x20, 0x20, 0x20, 0x20, 
  0x20, 0x20, 0x2E, 0x61, 0x62, 0x6F, 0x75, 0x74, 0x2D, 0x68, 0x65, 0x72, 0x6F, 0x20, 0x68, 0x33, 
  0x20, 0x7B, 0x20, 0x66, 0x6F, 0x6E, 0x74, 0x2D, 0x73, 0x69, 0x7A, 0x65, 0x3A, 0x31, 0x39, 0x70, 
  0x78, 0x3B, 0x20, 0x7D, 0x0A, 0x20, 0x20, 0x20, 0x20, 0x20, 0x20, 0x20, 0x20, 0x20, 0x20, 0x20, 
  0x20, 0x2E, 0x61, 0x62, 0x6F, 0x75, 0x74, 0x2D, 0x67, 0x72, 0x69, 0x64, 0x20, 0x7B, 0x20, 0x67, 
  0x72, 0x69, 0x64, 0x2D, 0x74, 0x65, 0x6D, 0x70, 0x6C, 0x61, 0x74, 0x65, 0x2D, 0x63, 0x6F, 0x6C, 
  0x75, 0x6D, 0x6E, 0x73, 0x3A, 0x31, 0x66, 0x72, 0x3B, 0x20, 0x7D, 0x0A, 0x20, 0x20, 0x20, 0x20, 
  0x20, 0x20, 0x20, 0x20, 0x20, 0x20, 0x20, 0x20, 0x2E, 0x6E, 0x61, 0x76, 0x2D, 0x67, 0x72, 0x6F, 
  0x75, 0x70, 0x20, 0x7B, 0x20, 0x67, 0x72, 0x69, 0x64, 0x2D, 0x74, 0x65, 0x6D, 0x70, 0x6C, 0x61, 
  0x74, 0x65, 0x2D, 0x63, 0x6F, 0x6C, 0x75, 0x6D, 0x6E, 0x73, 0x3A, 0x72, 0x65, 0x70, 0x65, 0x61, 
  0x74, 0x28, 0x32, 0x2C, 0x6D, 0x69, 0x6E, 0x6D, 0x61, 0x78, 0x28, 0x30, 0x2C, 0x31, 0x66, 0x72, 
  0x29, 0x29, 0x3B, 0x20, 0x67, 0x61, 0x70, 0x3A, 0x36, 0x70, 0x78, 0x3B, 0x20, 0x7D, 0x0A, 0x20, 
  0x20, 0x20, 0x20, 0x20, 0x20, 0x20, 0x20, 0x20, 0x20, 0x20, 0x20, 0x2E, 0x6E, 0x61, 0x76, 0x2D, 
  0x62, 0x74, 0x6E, 0x20, 0x7B, 0x20, 0x70, 0x61, 0x64, 0x64, 0x69, 0x6E, 0x67, 0x3A, 0x31, 0x30, 
  0x70, 0x78, 0x3B, 0x20, 0x66, 0x6F, 0x6E, 0x74, 0x2D, 0x73, 0x69, 0x7A, 0x65, 0x3A, 0x31, 0x33, 
  0x70, 0x78, 0x3B, 0x20, 0x7D, 0x0A, 0x20, 0x20, 0x20, 0x20, 0x20, 0x20, 0x20, 0x20, 0x20, 0x20, 
  0x20, 0x20, 0x2E, 0x6C, 0x6F, 0x67, 0x69, 0x6E, 0x2D, 0x63, 0x61, 0x72, 0x64, 0x20, 0x7B, 0x20, 
  0x70, 0x61, 0x64, 0x64, 0x69, 0x6E, 0x67, 0x3A, 0x32, 0x38, 0x70, 0x78, 0x20, 0x32, 0x30, 0x70, 
  0x78, 0x3B, 0x20, 0x7D, 0x0A, 0x20, 0x20, 0x20, 0x20, 0x20, 0x20, 0x20, 0x20, 0x20, 0x20, 0x20, 
  0x20, 0x2E, 0x6C, 0x6F, 0x67, 0x69, 0x6E, 0x2D, 0x63, 0x61, 0x72, 0x64, 0x20, 0x68, 0x31, 0x20, 
  0x7B, 0x20, 0x66, 0x6F, 0x6E, 0x74, 0x2D, 0x73, 0x69, 0x7A, 0x65, 0x3A, 0x33, 0x32, 0x70, 0x78, 
  0x3B, 0x20, 0x7D, 0x0A, 0x20, 0x20, 0x20, 0x20, 0x20, 0x20, 0x20, 0x20, 0x20, 0x20, 0x20, 0x20, 
  0x2E, 0x73, 0x74, 0x72, 0x65, 0x74, 0x63, 0x68, 0x20, 0x3E, 0x20, 0x62, 0x75, 0x74, 0x74, 0x6F, 
  0x6E, 0x2C, 0x20, 0x2E, 0x73, 0x74, 0x72, 0x65, 0x74, 0x63, 0x68, 0x20, 0x3E, 0x20, 0x2E, 0x70, 
  0x72, 0x69, 0x6D, 0x61, 0x72, 0x79, 0x2C, 0x20, 0x2E, 0x73, 0x74, 0x72, 0x65, 0x74, 0x63, 0x68, 
  0x20, 0x3E, 0x20, 0x2E, 0x73, 0x65, 0x63, 0x6F, 0x6E, 0x64, 0x61, 0x72, 0x79, 0x2C, 0x20, 0x2E, 
  0x73, 0x74, 0x72, 0x65, 0x74, 0x63, 0x68, 0x20, 0x3E, 0x20, 0x2E, 0x64, 0x61, 0x6E, 0x67, 0x65, 
  0x72, 0x20, 0x7B, 0x20, 0x66, 0x6C, 0x65, 0x78, 0x3A, 0x31, 0x20, 0x31, 0x20, 0x31, 0x30, 0x30, 
  0x25, 0x3B, 0x20, 0x7D, 0x0A, 0x20, 0x20, 0x20, 0x20, 0x20, 0x20, 0x20, 0x20, 0x20, 0x20, 0x20, 
  0x20, 0x2E, 0x70, 0x61, 0x6E, 0x65, 0x6C, 0x20, 0x66, 0x69, 0x65, 0x6C, 0x64, 0x73, 0x65, 0x74, 
  0x20, 0x6C, 0x61, 0x62, 0x65, 0x6C, 0x20, 0x7B, 0x20, 0x64, 0x69, 0x73, 0x70, 0x6C, 0x61, 0x79, 
  0x3A, 0x62, 0x6C, 0x6F, 0x63, 0x6B, 0x3B, 0x20, 0x6D, 0x61, 0x72, 0x67, 0x69, 0x6E, 0x3A, 0x31, 
  0x30, 0x70, 0x78, 0x20, 0x30, 0x3B, 0x20, 0x7D, 0x0A, 0x20, 0x20, 0x20, 0x20, 0x20, 0x20, 0x20, 
  0x20, 0x20, 0x20, 0x20, 0x20, 0x74, 0x68, 0x2C, 0x20, 0x74, 0x64, 0x20, 0x7B, 0x20, 0x77, 0x68, 
  0x69, 0x74, 0x65, 0x2D, 0x73, 0x70, 0x61, 0x63, 0x65, 0x3A, 0x6E, 0x6F, 0x77, 0x72, 0x61, 0x70, 
  0x3B, 0x20, 0x7D, 0x0A, 0x20, 0x20, 0x20, 0x20, 0x20, 0x20, 0x20, 0x20, 0x20, 0x20, 0x7D, 0x0A, 
  0x00
};
constexpr size_t WEB_STYLE_LEN = 10592;

const uint8_t WEB_SCRIPT[] PROGMEM = {
  0x63, 0x6F, 0x6E, 0x73, 0x74, 0x20, 0x73, 0x74, 0x61, 0x74, 0x65, 0x20, 0x3D, 0x20, 0x7B, 0x0A, 
  0x20, 0x20, 0x20, 0x20, 0x20, 0x20, 0x20, 0x20, 0x20, 0x20, 0x20, 0x20, 0x74, 0x6F, 0x6B, 0x65, 
  0x6E, 0x3A, 0x20, 0x6C, 0x6F, 0x63, 0x61, 0x6C, 0x53, 0x74, 0x6F, 0x72, 0x61, 0x67, 0x65, 0x2E, 
  0x67, 0x65, 0x74, 0x49, 0x74, 0x65, 0x6D, 0x28, 0x27, 0x6C, 0x61, 0x62, 0x54, 0x6F, 0x6B, 0x65, 
  0x6E, 0x27, 0x29, 0x20, 0x7C, 0x7C, 0x20, 0x27, 0x27, 0x2C, 0x0A, 0x20, 0x20, 0x20, 0x20, 0x20, 
  0x20, 0x20, 0x20, 0x20, 0x20, 0x20, 0x20, 0x6C, 0x61, 0x6E, 0x67, 0x75, 0x61, 0x67, 0x65, 0x3A, 
  0x20, 0x6C, 0x6F, 0x63, 0x61, 0x6C, 0x53, 0x74, 0x6F, 0x72, 0x61, 0x67, 0x65, 0x2E, 0x67, 0x65, 
  0x74, 0x49, 0x74, 0x65, 0x6D, 0x28, 0x27, 0x6C, 0x61, 0x62, 0x4C, 0x61, 0x6E, 0x67, 0x75, 0x61, 
  0x67, 0x65, 0x27, 0x29, 0x20, 0x7C, 0x7C, 0x20, 0x27, 0x70, 0x74, 0x2D, 0x42, 0x52, 0x27, 0x2C, 
  0x0A, 0x20, 0x20, 0x20, 0x20, 0x20, 0x20, 0x20, 0x20, 0x20, 0x20, 0x20, 0x20, 0x75, 0x73, 0x65, 
  0x72, 0x3A, 0x20, 0x6E, 0x75, 0x6C, 0x6C, 0x2C, 0x0A, 0x20, 0x20, 0x20, 0x20, 0x20, 0x20, 0x20, 
  0x20, 0x20, 0x20, 0x20, 0x20, 0x72, 0x6F, 0x6C, 0x65, 0x3A, 0x20, 0x27, 0x76, 0x69, 0x73, 0x69, 
  0x74, 0x6F, 0x72, 0x27, 0x2C, 0x0A, 0x20, 0x20, 0x20, 0x20, 0x20, 0x20, 0x20, 0x20, 0x20, 0x20, 
  0x20, 0x20, 0x73, 0x74, 0x61, 0x74, 0x75, 0x73, 0x3A, 0x20, 0x7B, 0x7D, 0x2C, 0x0A, 0x20, 0x20, 
  0x20, 0x20, 0x20, 0x20, 0x20, 0x20, 0x20, 0x20, 0x20, 0x20, 0x63, 0x6F, 0x6E, 0x66, 0x69, 0x67, 
  0x3A, 0x20, 0x7B, 0x7D, 0x2C, 0x0A, 0x20, 0x20, 0x20, 0x20, 0x20, 0x20, 0x20, 0x20, 0x20, 0x20, 
  0x20, 0x20, 0x75, 0x73, 0x65, 0x72, 0x73, 0x3A, 0x20, 0x5B, 0x5D, 0x2C, 0x0A, 0x20, 0x20, 0x20, 
  0x20, 0x20, 0x20, 0x20, 0x20, 0x20, 0x20, 0x20, 0x20, 0x6C, 0x6F, 0x67, 0x73, 0x3A, 0x20, 0x5B, 
  0x5D, 0x0A, 0x20, 0x20, 0x20, 0x20, 0x20, 0x20, 0x20, 0x20, 0x20, 0x20, 0x7D, 0x3B, 0x0A, 0x0A, 
  0x20, 0x20, 0x20, 0x20, 0x20, 0x20, 0x20, 0x20, 0x20, 0x20, 0x63, 0x6F, 0x6E, 0x73, 0x74, 0x20, 
  0x74, 0x72, 0x61, 0x6E, 0x73, 0x6C, 0x61, 0x74, 0x69, 0x6F, 0x6E, 0x73, 0x20, 0x3D, 0x20, 0x7B, 
  0x0A, 0x20, 0x20, 0x20, 0x20, 0x20, 0x20, 0x20, 0x20, 0x20, 0x20, 0x20, 0x20, 0x27, 0x56, 0x69, 
  0x73, 0x5C, 0x75, 0x30, 0x30, 0x45, 0x33, 0x6F, 0x20, 0x67, 0x65, 0x72, 0x61, 0x6C, 0x27, 0x3A, 
  0x20, 0x27, 0x4F, 0x76, 0x65, 0x72, 0x76, 0x69, 0x65, 0x77, 0x27, 0x2C, 0x20, 0x27, 0x52, 0x65, 
  0x64, 0x65, 0x27, 0x3A, 0x20, 0x27, 0x4E, 0x65, 0x74, 0x77, 0x6F, 0x72, 0x6B, 0x27, 0x2C, 0x20, 
  0x27, 0x53, 0x65, 0x6E, 0x73, 0x6F, 0x72, 0x65, 0x73, 0x27, 0x3A, 0x20, 0x27, 0x53, 0x65, 0x6E, 
  0x73, 0x6F, 0x72, 0x73, 0x27, 0x2C, 0x20, 0x27, 0x55, 0x73, 0x75, 0x5C, 0x75, 0x30, 0x30, 0x45, 
  0x31, 0x72, 0x69, 0x6F, 0x73, 0x27, 0x3A, 0x20, 0x27, 0x55, 0x73, 0x65, 0x72, 0x73, 0x27, 0x2C, 
  0x0A, 0x20, 0x20, 0x20, 0x20, 0x20, 0x20, 0x20, 0x20, 0x20, 0x20, 0x20, 0x20, 0x27, 0x4D, 0x61, 
  0x6E, 0x75, 0x74, 0x65, 0x6E, 0x5C, 0x75, 0x30, 0x30, 0x45, 0x37, 0x5C, 0x75, 0x30, 0x30, 0x45, 
  0x33, 0x6F, 0x27, 0x3A, 0x20, 0x27, 0x4D, 0x61, 0x69, 0x6E, 0x74, 0x65, 0x6E, 0x61, 0x6E, 0x63, 
  0x65, 0x27, 0x2C, 0x20, 0x27, 0x4C, 0x6F, 0x67, 0x73, 0x20, 0x64, 0x65, 0x20, 0x61, 0x6C, 0x65, 
  0x72, 0x74, 0x61, 0x73, 0x27, 0x3A, 0x20, 0x27, 0x41, 0x6C, 0x65, 0x72, 0x74, 0x20, 0x6C, 0x6F, 
  0x67, 0x73, 0x27, 0x2C, 0x20, 0x27, 0x44, 0x61, 0x73, 0x68, 0x62, 0x6F, 0x61, 0x72, 0x64, 0x20, 
  0x64, 0x65, 0x20, 0x53, 0x75, 0x70, 0x65, 0x72, 0x76, 0x69, 0x73, 0x5C, 0x75, 0x30, 0x30, 0x45, 
  0x33, 0x6F, 0x27, 0x3A, 0x20, 0x27, 0x4D, 0x6F, 0x6E, 0x69, 0x74, 0x6F, 0x72, 0x69, 0x6E, 0x67, 
  0x20, 0x44, 0x61, 0x73, 0x68, 0x62, 0x6F, 0x61, 0x72, 0x64, 0x27, 0x2C, 0x0A, 0x20, 0x20, 0x20, 
  0x20, 0x20, 0x20, 0x20, 0x20, 0x20, 0x20, 0x20, 0x20, 0x27, 0x53, 0x6F, 0x62, 0x72, 0x65, 0x27, 
  0x3A, 0x20, 0x27, 0x41, 0x62, 0x6F, 0x75, 0x74, 0x27, 0x2C, 0x20, 0x27, 0x45, 0x73, 0x74, 0x65, 
  0x20, 0x70, 0x72, 0x6F, 0x6A, 0x65, 0x74, 0x6F, 0x20, 0x66, 0x6F, 0x69, 0x20, 0x64, 0x65, 0x73, 
  0x65, 0x6E, 0x76, 0x6F, 0x6C, 0x76, 0x69, 0x64, 0x6F, 0x20, 0x65, 0x6D, 0x20, 0x75, 0x6D, 0x20, 
  0x70, 0x72, 0x6F, 0x6A, 0x65, 0x74, 0x6F, 0x20, 0x67, 0x65, 0x72, 0x65, 0x6E, 0x63, 0x69, 0x61, 
  0x64, 0x6F, 0x20, 0x70, 0x65, 0x6C, 0x6F, 0x20, 0x70, 0x72, 0x6F, 0x66, 0x65, 0x73, 0x73, 0x6F, 
  0x72, 0x20, 0x43, 0x61, 0x72, 0x6C, 0x6F, 0x73, 0x20, 0x41, 0x75, 0x67, 0x75, 0x73, 0x74, 0x6F, 
  0x20, 0x53, 0x69, 0x63, 0x73, 0x5C, 0x75, 0x30, 0x30, 0x46, 0x41, 0x2C, 0x20, 0x6E, 0x61, 0x20, 
  0x55, 0x45, 0x52, 0x4A, 0x20, 0x2D, 0x20, 0x55, 0x6E, 0x69, 0x76, 0x65, 0x72, 0x73, 0x69, 0x64, 
  0x61, 0x64, 0x65, 0x20, 0x64, 0x6F, 0x20, 0x45, 0x73, 0x74, 0x61, 0x64, 0x6F, 0x20, 0x64, 0x6F, 
  0x20, 0x52, 0x69, 0x6F, 0x20, 0x64, 0x65, 0x20, 0x4A, 0x61, 0x6E, 0x65, 0x69, 0x72, 0x6F, 0x2E, 
  0x27, 0x3A, 0x20, 0x27, 0x54, 0x68, 0x69, 0x73, 0x20, 0x70, 0x72, 0x6F, 0x6A, 0x65, 0x63, 0x74, 
  0x20, 0x77, 0x61, 0x73, 0x20, 0x64, 0x65, 0x76, 0x65, 0x6C, 0x6F, 0x70, 0x65, 0x64, 0x20, 0x75, 
  0x6E, 0x64, 0x65, 0x72, 0x20, 0x74, 0x68, 0x65, 0x20, 0x6D, 0x61, 0x6E, 0x61, 0x67, 0x65, 0x6D, 
  0x65, 0x6E, 0x74, 0x20, 0x6F, 0x66, 0x20, 0x50, 0x72, 0x6F, 0x66, 0x65, 0x73, 0x73, 0x6F, 0x72, 
  0x20, 0x43, 0x61, 0x72, 0x6C, 0x6F, 0x73, 0x20, 0x41, 0x75, 0x67, 0x75, 0x73, 0x74, 0x6F, 0x20, 
  0x53, 0x69, 0x63, 0x73, 0x5C, 0x75, 0x30, 0x30, 0x46, 0x41, 0x20, 0x61, 0x74, 0x20, 0x55, 0x45, 
  0x52, 0x4A, 0x20, 0x2D, 0x20, 0x52, 0x69, 0x6F, 0x20, 0x64, 0x65, 0x20, 0x4A, 0x61, 0x6E, 0x65, 
  0x69, 0x72, 0x6F, 0x20, 0x53, 0x74, 0x61, 0x74, 0x65, 0x20, 0x55, 0x6E, 0x69, 0x76, 0x65, 0x72, 
  0x73, 0x69, 0x74, 0x79, 0x2E, 0x27, 0x2C, 0x0A, 0x20, 0x20, 0x20, 0x20, 0x20, 0x20, 0x20, 0x20, 
  0x20, 0x20, 0x20, 0x20, 0x27, 0x4D, 0x4F, 0x4E, 0x49, 0x54, 0x4F, 0x52, 0x41, 0x4D, 0x45, 0x4E, 
  0x54, 0x4F, 0x20, 0x44, 0x45, 0x20, 0x4C, 0x41, 0x42, 0x4F, 0x52, 0x41, 0x54, 0x5C, 0x75, 0x30, 
  0x30, 0x44, 0x33, 0x52, 0x49, 0x4F, 0x27, 0x3A, 0x20, 0x27, 0x4C, 0x41, 0x42, 0x4F, 0x52, 0x41, 
  0x54, 0x4F, 0x52, 0x59, 0x20, 0x4D, 0x4F, 0x4E, 0x49, 0x54, 0x4F, 0x52, 0x49, 0x4E, 0x47, 0x27, 
  0x2C, 0x20, 0x27, 0x53, 0x69, 0x73, 0x74, 0x65, 0x6D, 0x61, 0x20, 0x61, 0x74, 0x69, 0x76, 0x6F, 
  0x27, 0x3A, 0x20, 0x27, 0x53, 0x79, 0x73, 0x74, 0x65, 0x6D, 0x20, 0x61, 0x63, 0x74, 0x69, 0x76, 
  0x65, 0x27, 0x2C, 0x0A, 0x20, 0x20, 0x20, 0x20, 0x20, 0x20, 0x20, 0x20, 0x20, 0x20, 0x20, 0x20, 
  0x27, 0x53, 0x61, 0x69, 0x72, 0x27, 0x3A, 0x20, 0x27, 0x4C, 0x6F, 0x67, 0x6F, 0x75, 0x74, 0x27, 
  0x2C, 0x20, 0x27, 0x55, 0x73, 0x75, 0x5C, 0x75, 0x30, 0x30, 0x45, 0x31, 0x72, 0x69, 0x6F, 0x27, 
  0x3A, 0x20, 0x27, 0x55, 0x73, 0x65, 0x72, 0x27, 0x2C, 0x20, 0x27, 0x45, 0x6E, 0x74, 0x72, 0x61, 
  0x72, 0x27, 0x3A, 0x20, 0x27, 0x4C, 0x6F, 0x67, 0x69, 0x6E, 0x27, 0x2C, 0x20, 0x27, 0x45, 0x6E, 
  0x74, 0x72, 0x61, 0x72, 0x20, 0x63, 0x6F, 0x6D, 0x6F, 0x20, 0x76, 0x69, 0x73, 0x69, 0x74, 0x61, 
  0x6E, 0x74, 0x65, 0x27, 0x3A, 0x20, 0x27, 0x45, 0x6E, 0x74, 0x65, 0x72, 0x20, 0x61, 0x73, 0x20, 
  0x76, 0x69, 0x73, 0x69, 0x74, 0x6F, 0x72, 0x27, 0x2C, 0x0A, 0x20, 0x20, 0x20, 0x20, 0x20, 0x20, 
  0x20, 0x20, 0x20, 0x20, 0x20, 0x20, 0x27, 0x41, 0x43, 0x45, 0x53, 0x53, 0x4F, 0x20, 0x41, 0x4F, 
  0x20, 0x53, 0x49, 0x53, 0x54, 0x45, 0x4D, 0x41, 0x27, 0x3A, 0x20, 0x27, 0x53, 0x59, 0x53, 0x54, 
  0x45, 0x4D, 0x20, 0x41, 0x43, 0x43, 0x45, 0x53, 0x53, 0x27, 0x2C, 0x20, 0x27, 0x45, 0x6E, 0x74, 
  0x72, 0x65, 0x20, 0x63, 0x6F, 0x6D, 0x20, 0x73, 0x75, 0x61, 0x73, 0x20, 0x63, 0x72, 0x65, 0x64, 
  0x65, 0x6E, 0x63, 0x69, 0x61, 0x69, 0x73, 0x20, 0x70, 0x61, 0x72, 0x61, 0x20, 0x61, 0x63, 0x65, 
  0x73, 0x73, 0x61, 0x72, 0x20, 0x6F, 0x20, 0x70, 0x61, 0x69, 0x6E, 0x65, 0x6C, 0x2E, 0x27, 0x3A, 
  0x20, 0x27, 0x45, 0x6E, 0x74, 0x65, 0x72, 0x20, 0x79, 0x6F, 0x75, 0x72, 0x20, 0x63, 0x72, 0x65, 
  0x64, 0x65, 0x6E, 0x74, 0x69, 0x61, 0x6C, 0x73, 0x20, 0x74, 0x6F, 0x20, 0x61, 0x63, 0x63, 0x65, 
  0x73, 0x73, 0x20, 0x74, 0x68, 0x65, 0x20, 0x64, 0x61, 0x73, 0x68, 0x62, 0x6F, 0x61, 0x72, 0x64, 
  0x2E, 0x27, 0x2C, 0x0A, 0x20, 0x20, 0x20, 0x20, 0x20, 0x20, 0x20, 0x20, 0x20, 0x20, 0x20, 0x20, 
  0x27, 0x53, 0x65, 0x6E, 0x68, 0x61, 0x27, 0x3A, 0x20, 0x27, 0x50, 0x61, 0x73, 0x73, 0x77, 0x6F, 
  0x72, 0x64, 0x27, 0x2C, 0x20, 0x27, 0x4E, 0x6F, 0x6D, 0x65, 0x20, 0x64, 0x61, 0x20, 0x72, 0x65, 
  0x64, 0x65, 0x20, 0x28, 0x53, 0x53, 0x49, 0x44, 0x29, 0x27, 0x3A, 0x20, 0x27, 0x4E, 0x65, 0x74, 
  0x77, 0x6F, 0x72, 0x6B, 0x20, 0x6E, 0x61, 0x6D, 0x65, 0x20, 0x28, 0x53, 0x53, 0x49, 0x44, 0x29, 
  0x27, 0x2C, 0x20, 0x27, 0x54, 0x69, 0x70, 0x6F, 0x20, 0x64, 0x65, 0x20, 0x73, 0x65, 0x67, 0x75, 
  0x72, 0x61, 0x6E, 0x5C, 0x75, 0x30, 0x30, 0x45, 0x37, 0x61, 0x27, 0x3A, 0x20, 0x27, 0x53, 0x65, 
  0x63, 0x75, 0x72, 0x69, 0x74, 0x79, 0x20, 0x74, 0x79, 0x70, 0x65, 0x27, 0x2C, 0x0A, 0x20, 0x20, 
  0x20, 0x20, 0x20, 0x20, 0x20, 0x20, 0x20, 0x20, 0x20, 0x20, 0x27, 0x41, 0x62, 0x65, 0x72, 0x74, 
  0x61, 0x27, 0x3A, 0x20, 0x27, 0x4F, 0x70, 0x65, 0x6E, 0x27, 0x2C, 0x20, 0x27, 0x57, 0x50, 0x41, 
  0x2F, 0x57, 0x50, 0x41, 0x32, 0x20, 0x70, 0x65, 0x73, 0x73, 0x6F, 0x61, 0x6C, 0x27, 0x3A, 0x20, 
  0x27, 0x57, 0x50, 0x41, 0x2F, 0x57, 0x50, 0x41, 0x32, 0x20, 0x70, 0x65, 0x72, 0x73, 0x6F, 0x6E, 
  0x61, 0x6C, 0x27, 0x2C, 0x20, 0x27, 0x57, 0x50, 0x41, 0x32, 0x20, 0x45, 0x6E, 0x74, 0x65, 0x72, 
  0x70, 0x72, 0x69, 0x73, 0x65, 0x27, 0x3A, 0x20, 0x27, 0x57, 0x50, 0x41, 0x32, 0x20, 0x45, 0x6E, 
  0x74, 0x65, 0x72, 0x70, 0x72, 0x69, 0x73, 0x65, 0x27, 0x2C, 0x0A, 0x20, 0x20, 0x20, 0x20, 0x20, 
  0x20, 0x20, 0x20, 0x20, 0x20, 0x20, 0x20, 0x27, 0x57, 0x50, 0x41, 0x20, 0x45, 0x6E, 0x74, 0x65, 
  0x72, 0x70, 0x72, 0x69, 0x73, 0x65, 0x27, 0x3A, 0x20, 0x27, 0x57, 0x50, 0x41, 0x20, 0x45, 0x6E, 
  0x74, 0x65, 0x72, 0x70, 0x72, 0x69, 0x73, 0x65, 0x27, 0x2C, 0x20, 0x27, 0x53, 0x65, 0x6E, 0x68, 
  0x61, 0x20, 0x64, 0x61, 0x20, 0x72, 0x65, 0x64, 0x65, 0x27, 0x3A, 0x20, 0x27, 0x4E, 0x65, 0x74, 
  0x77, 0x6F, 0x72, 0x6B, 0x20, 0x70, 0x61, 0x73, 0x73, 0x77, 0x6F, 0x72, 0x64, 0x27, 0x2C, 0x20, 
  0x27, 0x43, 0x72, 0x65, 0x64, 0x65, 0x6E, 0x63, 0x69, 0x61, 0x69, 0x73, 0x20, 0x45, 0x6E, 0x74, 
  0x65, 0x72, 0x70, 0x72, 0x69, 0x73, 0x65, 0x27, 0x3A, 0x20, 0x27, 0x45, 0x6E, 0x74, 0x65, 0x72, 
  0x70, 0x72, 0x69, 0x73, 0x65, 0x20, 0x63, 0x72, 0x65, 0x64, 0x65, 0x6E, 0x74, 0x69, 0x61, 0x6C, 
  0x73, 0x27, 0x2C, 0x0A, 0x20, 0x20, 0x20, 0x20, 0x20, 0x20, 0x20, 0x20, 0x20, 0x20, 0x20, 0x20, 
  0x27, 0x49, 0x64, 0x65, 0x6E, 0x74, 0x69, 0x64, 0x61, 0x64, 0x65, 0x27, 0x3A, 0x20, 0x27, 0x49, 
  0x64, 0x65, 0x6E, 0x74, 0x69, 0x74, 0x79, 0x27, 0x2C, 0x20, 0x27, 0x55, 0x73, 0x75, 0x5C, 0x75, 
  0x30, 0x30, 0x45, 0x31, 0x72, 0x69, 0x6F, 0x27, 0x3A, 0x20, 0x27, 0x55, 0x73, 0x65, 0x72, 0x6E, 
  0x61, 0x6D, 0x65, 0x27, 0x2C, 0x20, 0x27, 0x53, 0x61, 0x6C, 0x76, 0x61, 0x72, 0x20, 0x65, 0x20, 
  0x63, 0x6F, 0x6E, 0x65, 0x63, 0x74, 0x61, 0x72, 0x27, 0x3A, 0x20, 0x27, 0x53, 0x61, 0x76, 0x65, 
  0x20, 0x61, 0x6E, 0x64, 0x20, 0x63, 0x6F, 0x6E, 0x6E, 0x65, 0x63, 0x74, 0x27, 0x2C, 0x0A, 0x20, 
  0x20, 0x20, 0x20, 0x20, 0x20, 0x20, 0x20, 0x20, 0x20, 0x20, 0x20, 0x27, 0x45, 0x78, 0x63, 0x6C, 
  0x75, 0x69, 0x72, 0x20, 0x63, 0x6F, 0x6E, 0x65, 0x78, 0x5C, 0x75, 0x30, 0x30, 0x45, 0x33, 0x6F, 
  0x20, 0x73, 0x61, 0x6C, 0x76, 0x61, 0x20, 0x65, 0x20, 0x76, 0x6F, 0x6C, 0x74, 0x61, 0x72, 0x20, 
  0x61, 0x6F, 0x20, 0x41, 0x50, 0x27, 0x3A, 0x20, 0x27, 0x44, 0x65, 0x6C, 0x65, 0x74, 0x65, 0x20, 
  0x73, 0x61, 0x76, 0x65, 0x64, 0x20, 0x63, 0x6F, 0x6E, 0x6E, 0x65, 0x63, 0x74, 0x69, 0x6F, 0x6E, 
  0x20, 0x61, 0x6E, 0x64, 0x20, 0x72, 0x65, 0x74, 0x75, 0x72, 0x6E, 0x20, 0x74, 0x6F, 0x20, 0x41, 
  0x50, 0x27, 0x2C, 0x0A, 0x20, 0x20, 0x20, 0x20, 0x20, 0x20, 0x20, 0x20, 0x20, 0x20, 0x20, 0x20, 
  0x27, 0x43, 0x6F, 0x6E, 0x66, 0x69, 0x67, 0x75, 0x72, 0x61, 0x5C, 0x75, 0x30, 0x30, 0x45, 0x37, 
  0x5C, 0x75, 0x30, 0x30, 0x45, 0x33, 0x6F, 0x20, 0x64, 0x65, 0x20, 0x72, 0x65, 0x64, 0x65, 0x27, 
  0x3A, 0x20, 0x27, 0x4E, 0x65, 0x74, 0x77, 0x6F, 0x72, 0x6B, 0x20, 0x63, 0x6F, 0x6E, 0x66, 0x69, 
  0x67, 0x75, 0x72, 0x61, 0x74, 0x69, 0x6F, 0x6E, 0x27, 0x2C, 0x20, 0x27, 0x45, 0x73, 0x63, 0x61, 
  0x6E, 0x65, 0x61, 0x72, 0x20, 0x72, 0x65, 0x64, 0x65, 0x73, 0x20, 0x64, 0x69, 0x73, 0x70, 0x6F, 
  0x6E, 0x5C, 0x75, 0x30, 0x30, 0x45, 0x44, 0x76, 0x65, 0x69, 0x73, 0x27, 0x3A, 0x20, 0x27, 0x53, 
  0x63, 0x61, 0x6E, 0x20, 0x61, 0x76, 0x61, 0x69, 0x6C, 0x61, 0x62, 0x6C, 0x65, 0x20, 0x6E, 0x65, 
  0x74, 0x77, 0x6F, 0x72, 0x6B, 0x73, 0x27, 0x2C, 0x0A, 0x20, 0x20, 0x20, 0x20, 0x20, 0x20, 0x20, 
  0x20, 0x20, 0x20, 0x20, 0x20, 0x27, 0x41, 0x20, 0x63, 0x6F, 0x6E, 0x65, 0x78, 0x5C, 0x75, 0x30, 
  0x30, 0x45, 0x33, 0x6F, 0x20, 0x61, 0x74, 0x75, 0x61, 0x6C, 0x20, 0x73, 0x65, 0x72, 0x5C, 0x75, 
  0x30, 0x30, 0x45, 0x31, 0x20, 0x70, 0x72, 0x65, 0x73, 0x65, 0x72, 0x76, 0x61, 0x64, 0x61, 0x20, 
  0x64, 0x75, 0x72, 0x61, 0x6E, 0x74, 0x65, 0x20, 0x6F, 0x20, 0x73, 0x63, 0x61, 0x6E, 0x2E, 0x27, 
  0x3A, 0x20, 0x27, 0x54, 0x68, 0x65, 0x20, 0x63, 0x75, 0x72, 0x72, 0x65, 0x6E, 0x74, 0x20, 0x63, 
  0x6F, 0x6E, 0x6E, 0x65, 0x63, 0x74, 0x69, 0x6F, 0x6E, 0x20, 0x77, 0x69, 0x6C, 0x6C, 0x20, 0x62, 
  0x65, 0x20, 0x70, 0x72, 0x65, 0x73, 0x65, 0x72, 0x76, 0x65, 0x64, 0x20, 0x64, 0x75, 0x72, 0x69, 
  0x6E, 0x67, 0x20, 0x74, 0x68, 0x65, 0x20, 0x73, 0x63, 0x61, 0x6E, 0x2E, 0x27, 0x2C, 0x0A, 0x20, 
  0x20, 0x20, 0x20, 0x20, 0x20, 0x20, 0x20, 0x20, 0x20, 0x20, 0x20, 0x27, 0x4E, 0x65, 0x6E, 0x68, 
  0x75, 0x6D, 0x61, 0x20, 0x72, 0x65, 0x64, 0x65, 0x20, 0x65, 0x73, 0x63, 0x61, 0x6E, 0x65, 0x61, 
  0x64, 0x61, 0x2E, 0x27, 0x3A, 0x20, 0x27, 0x4E, 0x6F, 0x20, 0x6E, 0x65, 0x74, 0x77, 0x6F, 0x72, 
  0x6B, 0x73, 0x20, 0x73, 0x63, 0x61, 0x6E, 0x6E, 0x65, 0x64, 0x2E, 0x27, 0x2C, 0x20, 0x27, 0x56, 
  0x69, 0x73, 0x5C, 0x75, 0x30, 0x30, 0x45, 0x33, 0x6F, 0x20, 0x67, 0x65, 0x72, 0x61, 0x6C, 0x27, 
  0x3A, 0x20, 0x27, 0x4F, 0x76, 0x65, 0x72, 0x76, 0x69, 0x65, 0x77, 0x27, 0x2C, 0x0A, 0x20, 0x20, 
  0x20, 0x20, 0x20, 0x20, 0x20, 0x20, 0x20, 0x20, 0x20, 0x20, 0x27, 0x27, 0x3A, 0x20, 0x27, 0x4C, 
  0x61, 0x62, 0x6F, 0x72, 0x61, 0x74, 0x6F, 0x72, 0x79, 0x20, 0x64, 0x65, 0x76, 0x69, 0x63, 0x65, 
  0x20, 0x58, 0x59, 0x5A, 0x27, 0x2C, 0x20, 0x27, 0x44, 0x61, 0x74, 0x61, 0x20, 0x65, 0x20, 0x68, 
  0x6F, 0x72, 0x61, 0x3A, 0x20, 0x2D, 0x2D, 0x27, 0x3A, 0x20, 0x27, 0x44, 0x61, 0x74, 0x65, 0x20, 
  0x61, 0x6E, 0x64, 0x20, 0x74, 0x69, 0x6D, 0x65, 0x3A, 0x20, 0x2D, 0x2D, 0x27, 0x2C, 0x0A, 0x20, 
  0x20, 0x20, 0x20, 0x20, 0x20, 0x20, 0x20, 0x20, 0x20, 0x20, 0x20, 0x27, 0x54, 0x65, 0x6D, 0x70, 
  0x65, 0x72, 0x61, 0x74, 0x75, 0x72, 0x61, 0x27, 0x3A, 0x20, 0x27, 0x54, 0x65, 0x6D, 0x70, 0x65, 
  0x72, 0x61, 0x74, 0x75, 0x72, 0x65, 0x27, 0x2C, 0x20, 0x27, 0x55, 0x6D, 0x69, 0x64, 0x61, 0x64, 
  0x65, 0x27, 0x3A, 0x20, 0x27, 0x48, 0x75, 0x6D, 0x69, 0x64, 0x69, 0x74, 0x79, 0x27, 0x2C, 0x20, 
  0x27, 0x47, 0x5C, 0x75, 0x30, 0x30, 0x45, 0x31, 0x73, 0x27, 0x3A, 0x20, 0x27, 0x47, 0x61, 0x73, 
  0x27, 0x2C, 0x20, 0x27, 0x52, 0x65, 0x64, 0x65, 0x20, 0x65, 0x20, 0x69, 0x6E, 0x74, 0x65, 0x72, 
  0x6E, 0x65, 0x74, 0x27, 0x3A, 0x20, 0x27, 0x4E, 0x65, 0x74, 0x77, 0x6F, 0x72, 0x6B, 0x20, 0x61, 
  0x6E, 0x64, 0x20, 0x69, 0x6E, 0x74, 0x65, 0x72, 0x6E, 0x65, 0x74, 0x27, 0x2C, 0x0A, 0x20, 0x20, 
  0x20, 0x20, 0x20, 0x20, 0x20, 0x20, 0x20, 0x20, 0x20, 0x20, 0x27, 0x49, 0x6E, 0x74, 0x65, 0x72, 
  0x6E, 0x65, 0x74, 0x3A, 0x20, 0x76, 0x65, 0x72, 0x69, 0x66, 0x69, 0x63, 0x61, 0x6E, 0x64, 0x6F, 
  0x2E, 0x2E, 0x2E, 0x27, 0x3A, 0x20, 0x27, 0x49, 0x6E, 0x74, 0x65, 0x72, 0x6E, 0x65, 0x74, 0x3A, 
  0x20, 0x63, 0x68, 0x65, 0x63, 0x6B, 0x69, 0x6E, 0x67, 0x2E, 0x2E, 0x2E, 0x27, 0x2C, 0x20, 0x27, 
  0x57, 0x69, 0x5C, 0x75, 0x32, 0x30, 0x31, 0x31, 0x46, 0x69, 0x3A, 0x20, 0x61, 0x67, 0x75, 0x61, 
  0x72, 0x64, 0x61, 0x6E, 0x64, 0x6F, 0x27, 0x3A, 0x20, 0x27, 0x57, 0x69, 0x2D, 0x46, 0x69, 0x3A, 
  0x20, 0x77, 0x61, 0x69, 0x74, 0x69, 0x6E, 0x67, 0x27, 0x2C, 0x0A, 0x20, 0x20, 0x20, 0x20, 0x20, 
  0x20, 0x20, 0x20, 0x20, 0x20, 0x20, 0x20, 0x27, 0x53, 0x65, 0x6D, 0x20, 0x61, 0x6C, 0x61, 0x72, 
  0x6D, 0x65, 0x73, 0x27, 0x3A, 0x20, 0x27, 0x4E, 0x6F, 0x20, 0x61, 0x6C, 0x61, 0x72, 0x6D, 0x73, 
  0x27, 0x2C, 0x20, 0x27, 0x44, 0x65, 0x73, 0x61, 0x74, 0x69, 0x76, 0x61, 0x72, 0x20, 0x61, 0x6C, 
  0x61, 0x72, 0x6D, 0x65, 0x20, 0x73, 0x6F, 0x6E, 0x6F, 0x72, 0x6F, 0x27, 0x3A, 0x20, 0x27, 0x4D, 
  0x75, 0x74, 0x65, 0x20, 0x61, 0x6C, 0x61, 0x72, 0x6D, 0x20, 0x73, 0x6F, 0x75, 0x6E, 0x64, 0x27, 
  0x2C, 0x20, 0x27, 0x5C, 0x75, 0x30, 0x30, 0x44, 0x41, 0x6C, 0x74, 0x69, 0x6D, 0x6F, 0x73, 0x20, 
  0x65, 0x76, 0x65, 0x6E, 0x74, 0x6F, 0x73, 0x27, 0x3A, 0x20, 0x27, 0x4C, 0x61, 0x74, 0x65, 0x73, 
  0x74, 0x20, 0x65, 0x76, 0x65, 0x6E, 0x74, 0x73, 0x27, 0x2C, 0x0A, 0x20, 0x20, 0x20, 0x20, 0x20, 
  0x20, 0x20, 0x20, 0x20, 0x20, 0x20, 0x20, 0x27, 0x43, 0x6F, 0x6E, 0x66, 0x69, 0x67, 0x75, 0x72, 
  0x61, 0x5C, 0x75, 0x30, 0x30, 0x45, 0x37, 0x5C, 0x75, 0x30, 0x30, 0x45, 0x33, 0x6F, 0x20, 0x64, 
  0x6F, 0x73, 0x20, 0x73, 0x65, 0x6E, 0x73, 0x6F, 0x72, 0x65, 0x73, 0x27, 0x3A, 0x20, 0x27, 0x53, 
  0x65, 0x6E, 0x73, 0x6F, 0x72, 0x20, 0x63, 0x6F, 0x6E, 0x66, 0x69, 0x67, 0x75, 0x72, 0x61, 0x74, 
  0x69, 0x6F, 0x6E, 0x27, 0x2C, 0x20, 0x27, 0x4E, 0x6F, 0x6D, 0x65, 0x20, 0x64, 0x6F, 0x20, 0x61, 
  0x70, 0x61, 0x72, 0x65, 0x6C, 0x68, 0x6F, 0x27, 0x3A, 0x20, 0x27, 0x44, 0x65, 0x76, 0x69, 0x63, 
  0x65, 0x20, 0x6E, 0x61, 0x6D, 0x65, 0x27, 0x2C, 0x0A, 0x20, 0x20, 0x20, 0x20, 0x20, 0x20, 0x20, 
  0x20, 0x20, 0x20, 0x20, 0x20, 0x27, 0x54, 0x65, 0x6D, 0x70, 0x65, 0x72, 0x61, 0x74, 0x75, 0x72, 
  0x61, 0x20, 0x6D, 0x5C, 0x75, 0x30, 0x30, 0x45, 0x44, 0x6E, 0x69, 0x6D, 0x61, 0x27, 0x3A, 0x20, 
  0x27, 0x4D, 0x69, 0x6E, 0x69, 0x6D, 0x75, 0x6D, 0x20, 0x74, 0x65, 0x6D, 0x70, 0x65, 0x72, 0x61, 
  0x74, 0x75, 0x72, 0x65, 0x27, 0x2C, 0x20, 0x27, 0x54, 0x65, 0x6D, 0x70, 0x65, 0x72, 0x61, 0x74, 
  0x75, 0x72, 0x61, 0x20, 0x6D, 0x5C, 0x75, 0x30, 0x30, 0x45, 0x31, 0x78, 0x69, 0x6D, 0x61, 0x27, 
  0x3A, 0x20, 0x27, 0x4D, 0x61, 0x78, 0x69, 0x6D, 0x75, 0x6D, 0x20, 0x74, 0x65, 0x6D, 0x70, 0x65, 
  0x72, 0x61, 0x74, 0x75, 0x72, 0x65, 0x27, 0x2C, 0x0A, 0x20, 0x20, 0x20, 0x20, 0x20, 0x20, 0x20, 
  0x20, 0x20, 0x20, 0x20, 0x20, 0x27, 0x55, 0x6D, 0x69, 0x64, 0x61, 0x64, 0x65, 0x20, 0x6D, 0x5C, 
  0x75, 0x30, 0x30, 0x45, 0x44, 0x6E, 0x69, 0x6D, 0x61, 0x27, 0x3A, 0x20, 0x27, 0x4D, 0x69, 0x6E, 
  0x69, 0x6D, 0x75, 0x6D, 0x20, 0x68, 0x75, 0x6D, 0x69, 0x64, 0x69, 0x74, 0x79, 0x27, 0x2C, 0x20, 
  0x27, 0x55, 0x6D, 0x69, 0x64, 0x61, 0x64, 0x65, 0x20, 0x6D, 0x5C, 0x75, 0x30, 0x30, 0x45, 0x31, 
  0x78, 0x69, 0x6D, 0x61, 0x27, 0x3A, 0x20, 0x27, 0x4D, 0x61, 0x78, 0x69, 0x6D, 0x75, 0x6D, 0x20, 
  0x68, 0x75, 0x6D, 0x69, 0x64, 0x69, 0x74, 0x79, 0x27, 0x2C, 0x20, 0x27, 0x47, 0x5C, 0x75, 0x30, 
  0x30, 0x45, 0x31, 0x73, 0x20, 0x63, 0x72, 0x5C, 0x75, 0x30, 0x30, 0x45, 0x44, 0x74, 0x69, 0x63, 
  0x6F, 0x20, 0x28, 0x41, 0x44, 0x43, 0x29, 0x27, 0x3A, 0x20, 0x27, 0x43, 0x72, 0x69, 0x74, 0x69, 
  0x63, 0x61, 0x6C, 0x20, 0x67, 0x61, 0x73, 0x20, 0x28, 0x41, 0x44, 0x43, 0x29, 0x27, 0x2C, 0x0A, 
  0x20, 0x20, 0x20, 0x20, 0x20, 0x20, 0x20, 0x20, 0x20, 0x20, 0x20, 0x20, 0x27, 0x41, 0x6C, 0x65, 
  0x72, 0x74, 0x61, 0x73, 0x27, 0x3A, 0x20, 0x27, 0x41, 0x6C, 0x65, 0x72, 0x74, 0x73, 0x27, 0x2C, 
  0x20, 0x27, 0x49, 0x6E, 0x74, 0x65, 0x72, 0x76, 0x61, 0x6C, 0x6F, 0x20, 0x64, 0x65, 0x20, 0x6C, 
  0x65, 0x69, 0x74, 0x75, 0x72, 0x61, 0x20, 0x28, 0x73, 0x65, 0x67, 0x75, 0x6E, 0x64, 0x6F, 0x73, 
  0x29, 0x27, 0x3A, 0x20, 0x27, 0x52, 0x65, 0x61, 0x64, 0x69, 0x6E, 0x67, 0x20, 0x69, 0x6E, 0x74, 
  0x65, 0x72, 0x76, 0x61, 0x6C, 0x20, 0x28, 0x73, 0x65, 0x63, 0x6F, 0x6E, 0x64, 0x73, 0x29, 0x27, 
  0x2C, 0x0A, 0x20, 0x20, 0x20, 0x20, 0x20, 0x20, 0x20, 0x20, 0x20, 0x20, 0x20, 0x20, 0x27, 0x53, 
  0x61, 0x6C, 0x76, 0x61, 0x72, 0x20, 0x63, 0x6F, 0x6E, 0x66, 0x69, 0x67, 0x75, 0x72, 0x61, 0x5C, 
  0x75, 0x30, 0x30, 0x45, 0x37, 0x5C, 0x75, 0x30, 0x30, 0x46, 0x35, 0x65, 0x73, 0x27, 0x3A, 0x20, 
  0x27, 0x53, 0x61, 0x76, 0x65, 0x20, 0x73, 0x65, 0x74, 0x74, 0x69, 0x6E, 0x67, 0x73, 0x27, 0x2C, 
  0x20, 0x27, 0x43, 0x6F, 0x6E, 0x66, 0x69, 0x67, 0x75, 0x72, 0x61, 0x72, 0x20, 0x57, 0x69, 0x5C, 
  0x75, 0x32, 0x30, 0x31, 0x31, 0x46, 0x69, 0x27, 0x3A, 0x20, 0x27, 0x43, 0x6F, 0x6E, 0x66, 0x69, 
  0x67, 0x75, 0x72, 0x65, 0x20, 0x57, 0x69, 0x2D, 0x46, 0x69, 0x27, 0x2C, 0x0A, 0x20, 0x20, 0x20, 
  0x20, 0x20, 0x20, 0x20, 0x20, 0x20, 0x20, 0x20, 0x20, 0x27, 0x47, 0x65, 0x72, 0x65, 0x6E, 0x63, 
  0x69, 0x61, 0x6D, 0x65, 0x6E, 0x74, 0x6F, 0x20, 0x64, 0x65, 0x20, 0x75, 0x73, 0x75, 0x5C, 0x75, 
  0x30, 0x30, 0x45, 0x31, 0x72, 0x69, 0x6F, 0x73, 0x27, 0x3A, 0x20, 0x27, 0x55, 0x73, 0x65, 0x72, 
  0x20, 0x6D, 0x61, 0x6E, 0x61, 0x67, 0x65, 0x6D, 0x65, 0x6E, 0x74, 0x27, 0x2C, 0x20, 0x27, 0x43, 
  0x72, 0x69, 0x61, 0x72, 0x20, 0x75, 0x73, 0x75, 0x5C, 0x75, 0x30, 0x30, 0x45, 0x31, 0x72, 0x69, 
  0x6F, 0x27, 0x3A, 0x20, 0x27, 0x43, 0x72, 0x65, 0x61, 0x74, 0x65, 0x20, 0x75, 0x73, 0x65, 0x72, 
  0x27, 0x2C, 0x20, 0x27, 0x43, 0x6F, 0x6E, 0x66, 0x69, 0x72, 0x6D, 0x61, 0x72, 0x20, 0x73, 0x65, 
  0x6E, 0x68, 0x61, 0x27, 0x3A, 0x20, 0x27, 0x43, 0x6F, 0x6E, 0x66, 0x69, 0x72, 0x6D, 0x20, 0x70, 
  0x61, 0x73, 0x73, 0x77, 0x6F, 0x72, 0x64, 0x27, 0x2C, 0x0A, 0x20, 0x20, 0x20, 0x20, 0x20, 0x20, 
  0x20, 0x20, 0x20, 0x20, 0x20, 0x20, 0x27, 0x41, 0x64, 0x6D, 0x69, 0x6E, 0x69, 0x73, 0x74, 0x72, 
  0x61, 0x64, 0x6F, 0x72, 0x27, 0x3A, 0x20, 0x27, 0x41, 0x64, 0x6D, 0x69, 0x6E, 0x69, 0x73, 0x74, 
  0x72, 0x61, 0x74, 0x6F, 0x72, 0x27, 0x2C, 0x20, 0x27, 0x4D, 0x6F, 0x64, 0x69, 0x66, 0x69, 0x63, 
  0x61, 0x72, 0x20, 0x73, 0x65, 0x6E, 0x68, 0x61, 0x27, 0x3A, 0x20, 0x27, 0x43, 0x68, 0x61, 0x6E, 
  0x67, 0x65, 0x20, 0x70, 0x61, 0x73, 0x73, 0x77, 0x6F, 0x72, 0x64, 0x27, 0x2C, 0x20, 0x27, 0x4E, 
  0x6F, 0x76, 0x61, 0x20, 0x73, 0x65, 0x6E, 0x68, 0x61, 0x27, 0x3A, 0x20, 0x27, 0x4E, 0x65, 0x77, 
  0x20, 0x70, 0x61, 0x73, 0x73, 0x77, 0x6F, 0x72, 0x64, 0x27, 0x2C, 0x0A, 0x20, 0x20, 0x20, 0x20, 
  0x20, 0x20, 0x20, 0x20, 0x20, 0x20, 0x20, 0x20, 0x27, 0x43, 0x6F, 0x6E, 0x66, 0x69, 0x72, 0x6D, 
  0x61, 0x72, 0x20, 0x6E, 0x6F, 0x76, 0x61, 0x20, 0x73, 0x65, 0x6E, 0x68, 0x61, 0x27, 0x3A, 0x20, 
  0x27, 0x43, 0x6F, 0x6E, 0x66, 0x69, 0x72, 0x6D, 0x20, 0x6E, 0x65, 0x77, 0x20, 0x70, 0x61, 0x73, 
  0x73, 0x77, 0x6F, 0x72, 0x64, 0x27, 0x2C, 0x20, 0x27, 0x53, 0x61, 0x6C, 0x76, 0x61, 0x72, 0x20, 
  0x6E, 0x6F, 0x76, 0x61, 0x20, 0x73, 0x65, 0x6E, 0x68, 0x61, 0x27, 0x3A, 0x20, 0x27, 0x53, 0x61, 
  0x76, 0x65, 0x20, 0x6E, 0x65, 0x77, 0x20, 0x70, 0x61, 0x73, 0x73, 0x77, 0x6F, 0x72, 0x64, 0x27, 
  0x2C, 0x0A, 0x20, 0x20, 0x20, 0x20, 0x20, 0x20, 0x20, 0x20, 0x20, 0x20, 0x20, 0x20, 0x27, 0x41, 
  0x63, 0x65, 0x73, 0x73, 0x6F, 0x20, 0x64, 0x65, 0x20, 0x76, 0x69, 0x73, 0x69, 0x74, 0x61, 0x6E, 
  0x74, 0x65, 0x27, 0x3A, 0x20, 0x27, 0x56, 0x69, 0x73, 0x69, 0x74, 0x6F, 0x72, 0x20, 0x61, 0x63, 
  0x63, 0x65, 0x73, 0x73, 0x27, 0x2C, 0x20, 0x27, 0x50, 0x65, 0x72, 0x6D, 0x69, 0x74, 0x69, 0x72, 
  0x20, 0x62, 0x6F, 0x74, 0x5C, 0x75, 0x30, 0x30, 0x45, 0x33, 0x6F, 0x20, 0x5C, 0x75, 0x32, 0x30, 
  0x31, 0x43, 0x45, 0x6E, 0x74, 0x72, 0x61, 0x72, 0x20, 0x63, 0x6F, 0x6D, 0x6F, 0x20, 0x76, 0x69, 
  0x73, 0x69, 0x74, 0x61, 0x6E, 0x74, 0x65, 0x5C, 0x75, 0x32, 0x30, 0x31, 0x44, 0x27, 0x3A, 0x20, 
  0x27, 0x41, 0x6C, 0x6C, 0x6F, 0x77, 0x20, 0x5C, 0x75, 0x32, 0x30, 0x31, 0x43, 0x45, 0x6E, 0x74, 
  0x65, 0x72, 0x20, 0x61, 0x73, 0x20, 0x76, 0x69, 0x73, 0x69, 0x74, 0x6F, 0x72, 0x5C, 0x75, 0x32, 
  0x30, 0x31, 0x44, 0x20, 0x62, 0x75, 0x74, 0x74, 0x6F, 0x6E, 0x27, 0x2C, 0x0A, 0x20, 0x20, 0x20, 
  0x20, 0x20, 0x20, 0x20, 0x20, 0x20, 0x20, 0x20, 0x20, 0x27, 0x50, 0x65, 0x72, 0x6D, 0x69, 0x73, 
  0x73, 0x5C, 0x75, 0x30, 0x30, 0x46, 0x35, 0x65, 0x73, 0x20, 0x70, 0x61, 0x72, 0x61, 0x20, 0x75, 
  0x73, 0x75, 0x5C, 0x75, 0x30, 0x30, 0x45, 0x31, 0x72, 0x69, 0x6F, 0x73, 0x20, 0x63, 0x6F, 0x6D, 
  0x75, 0x6E, 0x73, 0x27, 0x3A, 0x20, 0x27, 0x50, 0x65, 0x72, 0x6D, 0x69, 0x73, 0x73, 0x69, 0x6F, 
  0x6E, 0x73, 0x20, 0x66, 0x6F, 0x72, 0x20, 0x72, 0x65, 0x67, 0x75, 0x6C, 0x61, 0x72, 0x20, 0x75, 
  0x73, 0x65, 0x72, 0x73, 0x27, 0x2C, 0x0A, 0x20, 0x20, 0x20, 0x20, 0x20, 0x20, 0x20, 0x20, 0x20, 
  0x20, 0x20, 0x20, 0x27, 0x50, 0x65, 0x72, 0x6D, 0x69, 0x73, 0x73, 0x5C, 0x75, 0x30, 0x30, 0x46, 
  0x35, 0x65, 0x73, 0x20, 0x64, 0x65, 0x20, 0x76, 0x69, 0x73, 0x75, 0x61, 0x6C, 0x69, 0x7A, 0x61, 
  0x5C, 0x75, 0x30, 0x30, 0x45, 0x37, 0x5C, 0x75, 0x30, 0x30, 0x45, 0x33, 0x6F, 0x20, 0x70, 0x61, 
  0x72, 0x61, 0x20, 0x76, 0x69, 0x73, 0x69, 0x74, 0x61, 0x6E, 0x74, 0x65, 0x73, 0x27, 0x3A, 0x20, 
  0x27, 0x56, 0x69, 0x73, 0x69, 0x74, 0x6F, 0x72, 0x20, 0x76, 0x69, 0x65, 0x77, 0x69, 0x6E, 0x67, 
  0x20, 0x70, 0x65, 0x72, 0x6D, 0x69, 0x73, 0x73, 0x69, 0x6F, 0x6E, 0x73, 0x27, 0x2C, 0x0A, 0x20, 
  0x20, 0x20, 0x20, 0x20, 0x20, 0x20, 0x20, 0x20, 0x20, 0x20, 0x20, 0x27, 0x50, 0x6F, 0x64, 0x65, 
  0x20, 0x76, 0x69, 0x73, 0x75, 0x61, 0x6C, 0x69, 0x7A, 0x61, 0x72, 0x20, 0x74, 0x65, 0x6D, 0x70, 
  0x65, 0x72, 0x61, 0x74, 0x75, 0x72, 0x61, 0x27, 0x3A, 0x20, 0x27, 0x43, 0x61, 0x6E, 0x20, 0x76, 
  0x69, 0x65, 0x77, 0x20, 0x74, 0x65, 0x6D, 0x70, 0x65, 0x72, 0x61, 0x74, 0x75, 0x72, 0x65, 0x27, 
  0x2C, 0x20, 0x27, 0x50, 0x6F, 0x64, 0x65, 0x20, 0x76, 0x69, 0x73, 0x75, 0x61, 0x6C, 0x69, 0x7A, 
  0x61, 0x72, 0x20, 0x75, 0x6D, 0x69, 0x64, 0x61, 0x64, 0x65, 0x27, 0x3A, 0x20, 0x27, 0x43, 0x61, 
  0x6E, 0x20, 0x76, 0x69, 0x65, 0x77, 0x20, 0x68, 0x75, 0x6D, 0x69, 0x64, 0x69, 0x74, 0x79, 0x27, 
  0x2C, 0x0A, 0x20, 0x20, 0x20, 0x20, 0x20, 0x20, 0x20, 0x20, 0x20, 0x20, 0x20, 0x20, 0x27, 0x50, 
  0x6F, 0x64, 0x65, 0x20, 0x76, 0x69, 0x73, 0x75, 0x61, 0x6C, 0x69, 0x7A, 0x61, 0x72, 0x20, 0x6E, 
  0x5C, 0x75, 0x30, 0x30, 0x45, 0x44, 0x76, 0x65, 0x6C, 0x20, 0x64, 0x65, 0x20, 0x67, 0x5C, 0x75, 
  0x30, 0x30, 0x45, 0x31, 0x73, 0x27, 0x3A, 0x20, 0x27, 0x43, 0x61, 0x6E, 0x20, 0x76, 0x69, 0x65, 
  0x77, 0x20, 0x67, 0x61, 0x73, 0x20, 0x6C, 0x65, 0x76, 0x65, 0x6C, 0x27, 0x2C, 0x20, 0x27, 0x50, 
  0x6F, 0x64, 0x65, 0x20, 0x76, 0x69, 0x73, 0x75, 0x61, 0x6C, 0x69, 0x7A, 0x61, 0x72, 0x20, 0x57, 
  0x69, 0x5C, 0x75, 0x32, 0x30, 0x31, 0x31, 0x46, 0x69, 0x20, 0x63, 0x6F, 0x6E, 0x65, 0x63, 0x74, 
  0x61, 0x64, 0x6F, 0x27, 0x3A, 0x20, 0x27, 0x43, 0x61, 0x6E, 0x20, 0x76, 0x69, 0x65, 0x77, 0x20, 
  0x63, 0x6F, 0x6E, 0x6E, 0x65, 0x63, 0x74, 0x65, 0x64, 0x20, 0x57, 0x69, 0x2D, 0x46, 0x69, 0x27, 
  0x2C, 0x0A, 0x20, 0x20, 0x20, 0x20, 0x20, 0x20, 0x20, 0x20, 0x20, 0x20, 0x20, 0x20, 0x27, 0x50, 
  0x6F, 0x64, 0x65, 0x20, 0x76, 0x69, 0x73, 0x75, 0x61, 0x6C, 0x69, 0x7A, 0x61, 0x72, 0x20, 0x6E, 
  0x6F, 0x6D, 0x65, 0x20, 0x64, 0x61, 0x20, 0x72, 0x65, 0x64, 0x65, 0x20, 0x65, 0x20, 0x73, 0x74, 
  0x61, 0x74, 0x75, 0x73, 0x20, 0x64, 0x61, 0x20, 0x69, 0x6E, 0x74, 0x65, 0x72, 0x6E, 0x65, 0x74, 
  0x27, 0x3A, 0x20, 0x27, 0x43, 0x61, 0x6E, 0x20, 0x76, 0x69, 0x65, 0x77, 0x20, 0x6E, 0x65, 0x74, 
  0x77, 0x6F, 0x72, 0x6B, 0x20, 0x6E, 0x61, 0x6D, 0x65, 0x20, 0x61, 0x6E, 0x64, 0x20, 0x69, 0x6E, 
  0x74, 0x65, 0x72, 0x6E, 0x65, 0x74, 0x20, 0x73, 0x74, 0x61, 0x74, 0x75, 0x73, 0x27, 0x2C, 0x0A, 
  0x20, 0x20, 0x20, 0x20, 0x20, 0x20, 0x20, 0x20, 0x20, 0x20, 0x20, 0x20, 0x27, 0x50, 0x6F, 0x64, 
  0x65, 0x20, 0x76, 0x69, 0x73, 0x75, 0x61, 0x6C, 0x69, 0x7A, 0x61, 0x72, 0x20, 0x65, 0x76, 0x65, 
  0x6E, 0x74, 0x6F, 0x73, 0x27, 0x3A, 0x20, 0x27, 0x43, 0x61, 0x6E, 0x20, 0x76, 0x69, 0x65, 0x77, 
  0x20, 0x65, 0x76, 0x65, 0x6E, 0x74, 0x73, 0x27, 0x2C, 0x20, 0x27, 0x50, 0x6F, 0x64, 0x65, 0x20, 
  0x76, 0x69, 0x73, 0x75, 0x61, 0x6C, 0x69, 0x7A, 0x61, 0x72, 0x20, 0x65, 0x76, 0x65, 0x6E, 0x74, 
  0x6F, 0x73, 0x20, 0x72, 0x65, 0x63, 0x65, 0x6E, 0x74, 0x65, 0x73, 0x27, 0x3A, 0x20, 0x27, 0x43, 
  0x61, 0x6E, 0x20, 0x76, 0x69, 0x65, 0x77, 0x20, 0x72, 0x65, 0x63, 0x65, 0x6E, 0x74, 0x20, 0x65, 
  0x76, 0x65, 0x6E, 0x74, 0x73, 0x27, 0x2C, 0x0A, 0x20, 0x20, 0x20, 0x20, 0x20, 0x20, 0x20, 0x20, 
  0x20, 0x20, 0x20, 0x20, 0x27, 0x50, 0x6F, 0x64, 0x65, 0x20, 0x64, 0x65, 0x73, 0x61, 0x74, 0x69, 
  0x76, 0x61, 0x72, 0x20, 0x61, 0x6C, 0x61, 0x72, 0x6D, 0x65, 0x20, 0x73, 0x6F, 0x6E, 0x6F, 0x72, 
  0x6F, 0x27, 0x3A, 0x20, 0x27, 0x43, 0x61, 0x6E, 0x20, 0x6D, 0x75, 0x74, 0x65, 0x20, 0x61, 0x6C, 
  0x61, 0x72, 0x6D, 0x20, 0x73, 0x6F, 0x75, 0x6E, 0x64, 0x27, 0x2C, 0x20, 0x27, 0x53, 0x61, 0x6C, 
  0x76, 0x61, 0x72, 0x20, 0x70, 0x65, 0x72, 0x6D, 0x69, 0x73, 0x73, 0x5C, 0x75, 0x30, 0x30, 0x46, 
  0x35, 0x65, 0x73, 0x27, 0x3A, 0x20, 0x27, 0x53, 0x61, 0x76, 0x65, 0x20, 0x70, 0x65, 0x72, 0x6D, 
  0x69, 0x73, 0x73, 0x69, 0x6F, 0x6E, 0x73, 0x27, 0x2C, 0x0A, 0x20, 0x20, 0x20, 0x20, 0x20, 0x20, 
  0x20, 0x20, 0x20, 0x20, 0x20, 0x20, 0x27, 0x4D, 0x61, 0x6E, 0x75, 0x74, 0x65, 0x6E, 0x5C, 0x75, 
  0x30, 0x30, 0x45, 0x37, 0x5C, 0x75, 0x30, 0x30, 0x45, 0x33, 0x6F, 0x27, 0x3A, 0x20, 0x27, 0x4D, 
  0x61, 0x69, 0x6E, 0x74, 0x65, 0x6E, 0x61, 0x6E, 0x63, 0x65, 0x27, 0x2C, 0x20, 0x27, 0x42, 0x61, 
  0x63, 0x6B, 0x75, 0x70, 0x20, 0x64, 0x61, 0x73, 0x20, 0x63, 0x6F, 0x6E, 0x66, 0x69, 0x67, 0x75, 
  0x72, 0x61, 0x5C, 0x75, 0x30, 0x30, 0x45, 0x37, 0x5C, 0x75, 0x30, 0x30, 0x46, 0x35, 0x65, 0x73, 
  0x27, 0x3A, 0x20, 0x27, 0x42, 0x61, 0x63, 0x6B, 0x20, 0x75, 0x70, 0x20, 0x73, 0x65, 0x74, 0x74, 
  0x69, 0x6E, 0x67, 0x73, 0x27, 0x2C, 0x20, 0x27, 0x53, 0x65, 0x6C, 0x65, 0x63, 0x69, 0x6F, 0x6E, 
  0x61, 0x72, 0x20, 0x62, 0x61, 0x63, 0x6B, 0x75, 0x70, 0x27, 0x3A, 0x20, 0x27, 0x53, 0x65, 0x6C, 
  0x65, 0x63, 0x74, 0x20, 0x62, 0x61, 0x63, 0x6B, 0x75, 0x70, 0x27, 0x2C, 0x0A, 0x20, 0x20, 0x20, 
  0x20, 0x20, 0x20, 0x20, 0x20, 0x20, 0x20, 0x20, 0x20, 0x27, 0x52, 0x65, 0x73, 0x74, 0x61, 0x75, 
  0x72, 0x61, 0x72, 0x20, 0x62, 0x61, 0x63, 0x6B, 0x75, 0x70, 0x20, 0x73, 0x65, 0x6C, 0x65, 0x63, 
  0x69, 0x6F, 0x6E, 0x61, 0x64, 0x6F, 0x27, 0x3A, 0x20, 0x27, 0x52, 0x65, 0x73, 0x74, 0x6F, 0x72, 
  0x65, 0x20, 0x73, 0x65, 0x6C, 0x65, 0x63, 0x74, 0x65, 0x64, 0x20, 0x62, 0x61, 0x63, 0x6B, 0x75, 
  0x70, 0x27, 0x2C, 0x20, 0x27, 0x52, 0x65, 0x73, 0x65, 0x74, 0x20, 0x64, 0x65, 0x20, 0x66, 0x5C, 
  0x75, 0x30, 0x30, 0x45, 0x31, 0x62, 0x72, 0x69, 0x63, 0x61, 0x27, 0x3A, 0x20, 0x27, 0x46, 0x61, 
  0x63, 0x74, 0x6F, 0x72, 0x79, 0x20, 0x72, 0x65, 0x73, 0x65, 0x74, 0x27, 0x2C, 0x0A, 0x20, 0x20, 
  0x20, 0x20, 0x20, 0x20, 0x20, 0x20, 0x20, 0x20, 0x20, 0x20, 0x27, 0x44, 0x61, 0x74, 0x61, 0x20, 
  0x65, 0x20, 0x68, 0x6F, 0x72, 0x61, 0x27, 0x3A, 0x20, 0x27, 0x44, 0x61, 0x74, 0x65, 0x20, 0x61, 
  0x6E, 0x64, 0x20, 0x74, 0x69, 0x6D, 0x65, 0x27, 0x2C, 0x20, 0x27, 0x43, 0x6F, 0x6E, 0x66, 0x69, 
  0x67, 0x75, 0x72, 0x61, 0x5C, 0x75, 0x30, 0x30, 0x45, 0x37, 0x5C, 0x75, 0x30, 0x30, 0x45, 0x33, 
  0x6F, 0x20, 0x6D, 0x61, 0x6E, 0x75, 0x61, 0x6C, 0x27, 0x3A, 0x20, 0x27, 0x4D, 0x61, 0x6E, 0x75, 
  0x61, 0x6C, 0x20, 0x63, 0x6F, 0x6E, 0x66, 0x69, 0x67, 0x75, 0x72, 0x61, 0x74, 0x69, 0x6F, 0x6E, 
  0x27, 0x2C, 0x0A, 0x20, 0x20, 0x20, 0x20, 0x20, 0x20, 0x20, 0x20, 0x20, 0x20, 0x20, 0x20, 0x27, 
  0x42, 0x75, 0x73, 0x63, 0x61, 0x72, 0x20, 0x68, 0x6F, 0x72, 0x61, 0x20, 0x61, 0x74, 0x75, 0x61, 
  0x6C, 0x20, 0x64, 0x61, 0x20, 0x77, 0x65, 0x62, 0x27, 0x3A, 0x20, 0x27, 0x47, 0x65, 0x74, 0x20, 
  0x63, 0x75, 0x72, 0x72, 0x65, 0x6E, 0x74, 0x20, 0x77, 0x65, 0x62, 0x20, 0x74, 0x69, 0x6D, 0x65, 
  0x27, 0x2C, 0x20, 0x27, 0x53, 0x61, 0x6C, 0x76, 0x61, 0x72, 0x20, 0x64, 0x61, 0x74, 0x61, 0x20, 
  0x65, 0x20, 0x68, 0x6F, 0x72, 0x61, 0x27, 0x3A, 0x20, 0x27, 0x53, 0x61, 0x76, 0x65, 0x20, 0x64, 
  0x61, 0x74, 0x65, 0x20, 0x61, 0x6E, 0x64, 0x20, 0x74, 0x69, 0x6D, 0x65, 0x27, 0x2C, 0x0A, 0x20, 
  0x20, 0x20, 0x20, 0x20, 0x20, 0x20, 0x20, 0x20, 0x20, 0x20, 0x20, 0x27, 0x4C, 0x6F, 0x67, 0x73, 
  0x20, 0x64, 0x65, 0x20, 0x61, 0x6C, 0x65, 0x72, 0x74, 0x61, 0x73, 0x27, 0x3A, 0x20, 0x27, 0x41, 
  0x6C, 0x65, 0x72, 0x74, 0x20, 0x6C, 0x6F, 0x67, 0x73, 0x27, 0x2C, 0x20, 0x27, 0x41, 0x70, 0x61, 
  0x67, 0x61, 0x72, 0x20, 0x6C, 0x6F, 0x67, 0x73, 0x27, 0x3A, 0x20, 0x27, 0x44, 0x65, 0x6C, 0x65, 
  0x74, 0x65, 0x20, 0x6C, 0x6F, 0x67, 0x73, 0x27, 0x2C, 0x20, 0x27, 0x4E, 0x65, 0x6E, 0x68, 0x75, 
  0x6D, 0x20, 0x65, 0x76, 0x65, 0x6E, 0x74, 0x6F, 0x20, 0x72, 0x65, 0x67, 0x69, 0x73, 0x74, 0x72, 
  0x61, 0x64, 0x6F, 0x2E, 0x27, 0x3A, 0x20, 0x27, 0x4E, 0x6F, 0x20, 0x65, 0x76, 0x65, 0x6E, 0x74, 
  0x73, 0x20, 0x72, 0x65, 0x63, 0x6F, 0x72, 0x64, 0x65, 0x64, 0x2E, 0x27, 0x2C, 0x0A, 0x20, 0x20, 
  0x20, 0x20, 0x20, 0x20, 0x20, 0x20, 0x20, 0x20, 0x20, 0x20, 0x27, 0x45, 0x78, 0x63, 0x6C, 0x75, 
  0x69, 0x72, 0x27, 0x3A, 0x20, 0x27, 0x44, 0x65, 0x6C, 0x65, 0x74, 0x65, 0x27, 0x2C, 0x20, 0x27, 
  0x54, 0x69, 0x70, 0x6F, 0x27, 0x3A, 0x20, 0x27, 0x54, 0x79, 0x70, 0x65, 0x27, 0x2C, 0x20, 0x27, 
  0x41, 0x5C, 0x75, 0x30, 0x30, 0x45, 0x37, 0x5C, 0x75, 0x30, 0x30, 0x45, 0x33, 0x6F, 0x27, 0x3A, 
  0x20, 0x27, 0x41, 0x63, 0x74, 0x69, 0x6F, 0x6E, 0x27, 0x2C, 0x20, 0x27, 0x49, 0x64, 0x69, 0x6F, 
  0x6D, 0x61, 0x27, 0x3A, 0x20, 0x27, 0x4C, 0x61, 0x6E, 0x67, 0x75, 0x61, 0x67, 0x65, 0x27, 0x2C, 
  0x0A, 0x20, 0x20, 0x20, 0x20, 0x20, 0x20, 0x20, 0x20, 0x20, 0x20, 0x20, 0x20, 0x27, 0x46, 0x6F, 
  0x6E, 0x74, 0x65, 0x20, 0x61, 0x69, 0x6E, 0x64, 0x61, 0x20, 0x6E, 0x5C, 0x75, 0x30, 0x30, 0x45, 
  0x33, 0x6F, 0x20, 0x63, 0x6F, 0x6E, 0x73, 0x75, 0x6C, 0x74, 0x61, 0x64, 0x61, 0x2E, 0x27, 0x3A, 
  0x20, 0x27, 0x53, 0x6F, 0x75, 0x72, 0x63, 0x65, 0x20, 0x6E, 0x6F, 0x74, 0x20, 0x71, 0x75, 0x65, 
  0x72, 0x69, 0x65, 0x64, 0x20, 0x79, 0x65, 0x74, 0x2E, 0x27, 0x2C, 0x0A, 0x20, 0x20, 0x20, 0x20, 
  0x20, 0x20, 0x20, 0x20, 0x20, 0x20, 0x20, 0x20, 0x27, 0x56, 0x69, 0x6E, 0x63, 0x75, 0x6C, 0x61, 
  0x72, 0x20, 0x61, 0x6F, 0x20, 0x4C, 0x41, 0x42, 0x2F, 0x4D, 0x4F, 0x4E, 0x49, 0x54, 0x4F, 0x52, 
  0x27, 0x3A, 0x20, 0x27, 0x4C, 0x69, 0x6E, 0x6B, 0x20, 0x74, 0x6F, 0x20, 0x4C, 0x41, 0x42, 0x2F, 
  0x4D, 0x4F, 0x4E, 0x49, 0x54, 0x4F, 0x52, 0x27, 0x2C, 0x0A, 0x20, 0x20, 0x20, 0x20, 0x20, 0x20, 
  0x20, 0x20, 0x20, 0x20, 0x20, 0x20, 0x27, 0x55, 0x73, 0x65, 0x20, 0x61, 0x20, 0x63, 0x6F, 0x6E, 
  0x74, 0x61, 0x20, 0x64, 0x6F, 0x20, 0x73, 0x65, 0x72, 0x76, 0x69, 0x64, 0x6F, 0x72, 0x20, 0x4C, 
  0x41, 0x42, 0x2F, 0x4D, 0x4F, 0x4E, 0x49, 0x54, 0x4F, 0x52, 0x2E, 0x20, 0x4F, 0x20, 0x45, 0x53, 
  0x50, 0x33, 0x32, 0x20, 0x65, 0x6E, 0x76, 0x69, 0x61, 0x20, 0x6C, 0x65, 0x69, 0x74, 0x75, 0x72, 
  0x61, 0x73, 0x20, 0x61, 0x75, 0x74, 0x6F, 0x6D, 0x61, 0x74, 0x69, 0x63, 0x61, 0x6D, 0x65, 0x6E, 
  0x74, 0x65, 0x20, 0x65, 0x6E, 0x71, 0x75, 0x61, 0x6E, 0x74, 0x6F, 0x20, 0x65, 0x73, 0x74, 0x69, 
  0x76, 0x65, 0x72, 0x20, 0x63, 0x6F, 0x6E, 0x65, 0x63, 0x74, 0x61, 0x64, 0x6F, 0x20, 0x61, 0x6F, 
  0x20, 0x57, 0x69, 0x2D, 0x46, 0x69, 0x2E, 0x27, 0x3A, 0x20, 0x27, 0x55, 0x73, 0x65, 0x20, 0x79, 
  0x6F, 0x75, 0x72, 0x20, 0x4C, 0x41, 0x42, 0x2F, 0x4D, 0x4F, 0x4E, 0x49, 0x54, 0x4F, 0x52, 0x20, 
  0x73, 0x65, 0x72, 0x76, 0x65, 0x72, 0x20, 0x61, 0x63, 0x63, 0x6F, 0x75, 0x6E, 0x74, 0x2E, 0x20, 
  0x54, 0x68, 0x65, 0x20, 0x45, 0x53, 0x50, 0x33, 0x32, 0x20, 0x73, 0x65, 0x6E, 0x64, 0x73, 0x20, 
  0x72, 0x65, 0x61, 0x64, 0x69, 0x6E, 0x67, 0x73, 0x20, 0x61, 0x75, 0x74, 0x6F, 0x6D, 0x61, 0x74, 
  0x69, 0x63, 0x61, 0x6C, 0x6C, 0x79, 0x20, 0x77, 0x68, 0x69, 0x6C, 0x65, 0x20, 0x63, 0x6F, 0x6E, 
  0x6E, 0x65, 0x63, 0x74, 0x65, 0x64, 0x20, 0x74, 0x6F, 0x20, 0x57, 0x69, 0x2D, 0x46, 0x69, 0x2E, 
  0x27, 0x2C, 0x0A, 0x20, 0x20, 0x20, 0x20, 0x20, 0x20, 0x20, 0x20, 0x20, 0x20, 0x20, 0x20, 0x27, 
  0x45, 0x6E, 0x64, 0x65, 0x72, 0x65, 0x5C, 0x75, 0x30, 0x30, 0x45, 0x37, 0x6F, 0x20, 0x64, 0x6F, 
  0x20, 0x4C, 0x41, 0x42, 0x2F, 0x4D, 0x4F, 0x4E, 0x49, 0x54, 0x4F, 0x52, 0x27, 0x3A, 0x20, 0x27, 
  0x4C, 0x41, 0x42, 0x2F, 0x4D, 0x4F, 0x4E, 0x49, 0x54, 0x4F, 0x52, 0x20, 0x61, 0x64, 0x64, 0x72, 
  0x65, 0x73, 0x73, 0x27, 0x2C, 0x0A, 0x20, 0x20, 0x20, 0x20, 0x20, 0x20, 0x20, 0x20, 0x20, 0x20, 
  0x20, 0x20, 0x27, 0x48, 0x54, 0x54, 0x50, 0x53, 0x20, 0x5C, 0x75, 0x30, 0x30, 0x45, 0x39, 0x20, 
  0x72, 0x65, 0x63, 0x6F, 0x6D, 0x65, 0x6E, 0x64, 0x61, 0x64, 0x6F, 0x2E, 0x20, 0x48, 0x54, 0x54, 
  0x50, 0x20, 0x65, 0x73, 0x74, 0x5C, 0x75, 0x30, 0x30, 0x45, 0x31, 0x20, 0x64, 0x69, 0x73, 0x70, 
  0x6F, 0x6E, 0x5C, 0x75, 0x30, 0x30, 0x45, 0x44, 0x76, 0x65, 0x6C, 0x20, 0x70, 0x61, 0x72, 0x61, 
  0x20, 0x72, 0x65, 0x64, 0x65, 0x73, 0x20, 0x63, 0x6F, 0x6E, 0x74, 0x72, 0x6F, 0x6C, 0x61, 0x64, 
  0x61, 0x73, 0x2E, 0x27, 0x3A, 0x20, 0x27, 0x48, 0x54, 0x54, 0x50, 0x53, 0x20, 0x69, 0x73, 0x20, 
  0x72, 0x65, 0x63, 0x6F, 0x6D, 0x6D, 0x65, 0x6E, 0x64, 0x65, 0x64, 0x2E, 0x20, 0x48, 0x54, 0x54, 
  0x50, 0x20, 0x69, 0x73, 0x20, 0x61, 0x76, 0x61, 0x69, 0x6C, 0x61, 0x62, 0x6C, 0x65, 0x20, 0x66, 
  0x6F, 0x72, 0x20, 0x63, 0x6F, 0x6E, 0x74, 0x72, 0x6F, 0x6C, 0x6C, 0x65, 0x64, 0x20, 0x6E, 0x65, 
  0x74, 0x77, 0x6F, 0x72, 0x6B, 0x73, 0x2E, 0x27, 0x2C, 0x0A, 0x20, 0x20, 0x20, 0x20, 0x20, 0x20, 
  0x20, 0x20, 0x20, 0x20, 0x20, 0x20, 0x27, 0x45, 0x6E, 0x74, 0x65, 0x6E, 0x64, 0x6F, 0x20, 0x71, 
  0x75, 0x65, 0x20, 0x48, 0x54, 0x54, 0x50, 0x20, 0x74, 0x72, 0x61, 0x6E, 0x73, 0x6D, 0x69, 0x74, 
  0x65, 0x20, 0x65, 0x2D, 0x6D, 0x61, 0x69, 0x6C, 0x2C, 0x20, 0x73, 0x65, 0x6E, 0x68, 0x61, 0x20, 
  0x65, 0x20, 0x74, 0x6F, 0x6B, 0x65, 0x6E, 0x20, 0x73, 0x65, 0x6D, 0x20, 0x63, 0x72, 0x69, 0x70, 
  0x74, 0x6F, 0x67, 0x72, 0x61, 0x66, 0x69, 0x61, 0x2E, 0x27, 0x3A, 0x20, 0x27, 0x49, 0x20, 0x75, 
  0x6E, 0x64, 0x65, 0x72, 0x73, 0x74, 0x61, 0x6E, 0x64, 0x20, 0x48, 0x54, 0x54, 0x50, 0x20, 0x73, 
  0x65, 0x6E, 0x64, 0x73, 0x20, 0x65, 0x6D, 0x61, 0x69, 0x6C, 0x2C, 0x20, 0x70, 0x61, 0x73, 0x73, 
  0x77, 0x6F, 0x72, 0x64, 0x2C, 0x20, 0x61, 0x6E, 0x64, 0x20, 0x74, 0x6F, 0x6B, 0x65, 0x6E, 0x20, 
  0x77, 0x69, 0x74, 0x68, 0x6F, 0x75, 0x74, 0x20, 0x65, 0x6E, 0x63, 0x72, 0x79, 0x70, 0x74, 0x69, 
  0x6F, 0x6E, 0x2E, 0x27, 0x2C, 0x0A, 0x20, 0x20, 0x20, 0x20, 0x20, 0x20, 0x20, 0x20, 0x20, 0x20, 
  0x20, 0x20, 0x27, 0x45, 0x2D, 0x6D, 0x61, 0x69, 0x6C, 0x20, 0x64, 0x61, 0x20, 0x63, 0x6F, 0x6E, 
  0x74, 0x61, 0x20, 0x4C, 0x41, 0x42, 0x2F, 0x4D, 0x4F, 0x4E, 0x49, 0x54, 0x4F, 0x52, 0x27, 0x3A, 
  0x20, 0x27, 0x4C, 0x41, 0x42, 0x2F, 0x4D, 0x4F, 0x4E, 0x49, 0x54, 0x4F, 0x52, 0x20, 0x61, 0x63, 
  0x63, 0x6F, 0x75, 0x6E, 0x74, 0x20, 0x65, 0x6D, 0x61, 0x69, 0x6C, 0x27, 0x2C, 0x0A, 0x20, 0x20, 
  0x20, 0x20, 0x20, 0x20, 0x20, 0x20, 0x20, 0x20, 0x20, 0x20, 0x27, 0x53, 0x65, 0x6E, 0x68, 0x61, 
  0x20, 0x64, 0x61, 0x20, 0x63, 0x6F, 0x6E, 0x74, 0x61, 0x20, 0x4C, 0x41, 0x42, 0x2F, 0x4D, 0x4F, 
  0x4E, 0x49, 0x54, 0x4F, 0x52, 0x27, 0x3A, 0x20, 0x27, 0x4C, 0x41, 0x42, 0x2F, 0x4D, 0x4F, 0x4E, 
  0x49, 0x54, 0x4F, 0x52, 0x20, 0x61, 0x63, 0x63, 0x6F, 0x75, 0x6E, 0x74, 0x20, 0x70, 0x61, 0x73, 
  0x73, 0x77, 0x6F, 0x72, 0x64, 0x27, 0x2C, 0x0A, 0x20, 0x20, 0x20, 0x20, 0x20, 0x20, 0x20, 0x20, 
  0x20, 0x20, 0x20, 0x20, 0x27, 0x4C, 0x6F, 0x63, 0x61, 0x6C, 0x69, 0x7A, 0x61, 0x5C, 0x75, 0x30, 
  0x30, 0x45, 0x37, 0x5C, 0x75, 0x30, 0x30, 0x45, 0x33, 0x6F, 0x20, 0x28, 0x6F, 0x70, 0x63, 0x69, 
  0x6F, 0x6E, 0x61, 0x6C, 0x29, 0x27, 0x3A, 0x20, 0x27, 0x4C, 0x6F, 0x63, 0x61, 0x74, 0x69, 0x6F, 
  0x6E, 0x20, 0x28, 0x6F, 0x70, 0x74, 0x69, 0x6F, 0x6E, 0x61, 0x6C, 0x29, 0x27, 0x2C, 0x0A, 0x20, 
  0x20, 0x20, 0x20, 0x20, 0x20, 0x20, 0x20, 0x20, 0x20, 0x20, 0x20, 0x27, 0x56, 0x69, 0x6E, 0x63, 
  0x75, 0x6C, 0x61, 0x72, 0x20, 0x61, 0x70, 0x61, 0x72, 0x65, 0x6C, 0x68, 0x6F, 0x27, 0x3A, 0x20, 
  0x27, 0x4C, 0x69, 0x6E, 0x6B, 0x20, 0x64, 0x65, 0x76, 0x69, 0x63, 0x65, 0x27, 0x2C, 0x0A, 0x20, 
  0x20, 0x20, 0x20, 0x20, 0x20, 0x20, 0x20, 0x20, 0x20, 0x20, 0x20, 0x27, 0x41, 0x70, 0x61, 0x72, 
  0x65, 0x6C, 0x68, 0x6F, 0x20, 0x76, 0x69, 0x6E, 0x63, 0x75, 0x6C, 0x61, 0x64, 0x6F, 0x27, 0x3A, 
  0x20, 0x27, 0x44, 0x65, 0x76, 0x69, 0x63, 0x65, 0x20, 0x6C, 0x69, 0x6E, 0x6B, 0x65, 0x64, 0x27, 
  0x2C, 0x0A, 0x20, 0x20, 0x20, 0x20, 0x20, 0x20, 0x20, 0x20, 0x20, 0x20, 0x20, 0x20, 0x27, 0x52, 
  0x65, 0x6D, 0x6F, 0x76, 0x65, 0x72, 0x20, 0x76, 0x5C, 0x75, 0x30, 0x30, 0x45, 0x44, 0x6E, 0x63, 
  0x75, 0x6C, 0x6F, 0x27, 0x3A, 0x20, 0x27, 0x52, 0x65, 0x6D, 0x6F, 0x76, 0x65, 0x20, 0x6C, 0x69, 
  0x6E, 0x6B, 0x27, 0x2C, 0x0A, 0x20, 0x20, 0x20, 0x20, 0x20, 0x20, 0x20, 0x20, 0x20, 0x20, 0x20, 
  0x20, 0x27, 0x48, 0x54, 0x54, 0x50, 0x53, 0x20, 0x76, 0x61, 0x6C, 0x69, 0x64, 0x61, 0x20, 0x6F, 
  0x20, 0x63, 0x65, 0x72, 0x74, 0x69, 0x66, 0x69, 0x63, 0x61, 0x64, 0x6F, 0x20, 0x64, 0x6F, 0x20, 
  0x73, 0x65, 0x72, 0x76, 0x69, 0x64, 0x6F, 0x72, 0x2E, 0x20, 0x48, 0x54, 0x54, 0x50, 0x20, 0x6E, 
  0x5C, 0x75, 0x30, 0x30, 0x45, 0x33, 0x6F, 0x20, 0x63, 0x72, 0x69, 0x70, 0x74, 0x6F, 0x67, 0x72, 
  0x61, 0x66, 0x61, 0x20, 0x63, 0x72, 0x65, 0x64, 0x65, 0x6E, 0x63, 0x69, 0x61, 0x69, 0x73, 0x20, 
  0x6F, 0x75, 0x20, 0x6C, 0x65, 0x69, 0x74, 0x75, 0x72, 0x61, 0x73, 0x20, 0x65, 0x20, 0x73, 0x5C, 
  0x75, 0x30, 0x30, 0x46, 0x33, 0x20, 0x64, 0x65, 0x76, 0x65, 0x20, 0x73, 0x65, 0x72, 0x20, 0x75, 
  0x73, 0x61, 0x64, 0x6F, 0x20, 0x65, 0x6D, 0x20, 0x72, 0x65, 0x64, 0x65, 0x20, 0x63, 0x6F, 0x6E, 
  0x66, 0x69, 0x5C, 0x75, 0x30, 0x30, 0x45, 0x31, 0x76, 0x65, 0x6C, 0x2E, 0x20, 0x41, 0x20, 0x70, 
  0x5C, 0x75, 0x30, 0x30, 0x45, 0x31, 0x67, 0x69, 0x6E, 0x61, 0x20, 0x6C, 0x6F, 0x63, 0x61, 0x6C, 
  0x20, 0x64, 0x6F, 0x20, 0x45, 0x53, 0x50, 0x33, 0x32, 0x20, 0x74, 0x61, 0x6D, 0x62, 0x5C, 0x75, 
  0x30, 0x30, 0x45, 0x39, 0x6D, 0x20, 0x75, 0x73, 0x61, 0x20, 0x48, 0x54, 0x54, 0x50, 0x2E, 0x27, 
  0x3A, 0x20, 0x27, 0x48, 0x54, 0x54, 0x50, 0x53, 0x20, 0x76, 0x61, 0x6C, 0x69, 0x64, 0x61, 0x74, 
  0x65, 0x73, 0x20, 0x74, 0x68, 0x65, 0x20, 0x73, 0x65, 0x72, 0x76, 0x65, 0x72, 0x20, 0x63, 0x65, 
  0x72, 0x74, 0x69, 0x66, 0x69, 0x63, 0x61, 0x74, 0x65, 0x2E, 0x20, 0x48, 0x54, 0x54, 0x50, 0x20, 
  0x64, 0x6F, 0x65, 0x73, 0x20, 0x6E, 0x6F, 0x74, 0x20, 0x65, 0x6E, 0x63, 0x72, 0x79, 0x70, 0x74, 
  0x20, 0x63, 0x72, 0x65, 0x64, 0x65, 0x6E, 0x74, 0x69, 0x61, 0x6C, 0x73, 0x20, 0x6F, 0x72, 0x20, 
  0x72, 0x65, 0x61, 0x64, 0x69, 0x6E, 0x67, 0x73, 0x20, 0x61, 0x6E, 0x64, 0x20, 0x73, 0x68, 0x6F, 
  0x75, 0x6C, 0x64, 0x20, 0x6F, 0x6E, 0x6C, 0x79, 0x20, 0x62, 0x65, 0x20, 0x75, 0x73, 0x65, 0x64, 
  0x20, 0x6F, 0x6E, 0x20, 0x61, 0x20, 0x74, 0x72, 0x75, 0x73, 0x74, 0x65, 0x64, 0x20, 0x6E, 0x65, 
  0x74, 0x77, 0x6F, 0x72, 0x6B, 0x2E, 0x20, 0x54, 0x68, 0x65, 0x20, 0x6C, 0x6F, 0x63, 0x61, 0x6C, 
  0x20, 0x45, 0x53, 0x50, 0x33, 0x32, 0x20, 0x70, 0x61, 0x67, 0x65, 0x20, 0x61, 0x6C, 0x73, 0x6F, 
  0x20, 0x75, 0x73, 0x65, 0x73, 0x20, 0x48, 0x54, 0x54, 0x50, 0x2E, 0x27, 0x0A, 0x20, 0x20, 0x20, 
  0x20, 0x20, 0x20, 0x20, 0x20, 0x20, 0x20, 0x7D, 0x3B, 0x0A, 0x0A, 0x20, 0x20, 0x20, 0x20, 0x20, 
  0x20, 0x20, 0x20, 0x20, 0x20, 0x66, 0x75, 0x6E, 0x63, 0x74, 0x69, 0x6F, 0x6E, 0x20, 0x74, 0x72, 
  0x61, 0x6E, 0x73, 0x6C, 0x61, 0x74, 0x65, 0x45, 0x76, 0x65, 0x6E, 0x74, 0x28, 0x65, 0x76, 0x65, 
  0x6E, 0x74, 0x6F, 0x29, 0x20, 0x7B, 0x0A, 0x20, 0x20, 0x20, 0x20, 0x20, 0x20, 0x20, 0x20, 0x20, 
  0x20, 0x20, 0x20, 0x72, 0x65, 0x74, 0x75, 0x72, 0x6E, 0x20, 0x53, 0x74, 0x72, 0x69, 0x6E, 0x67, 
  0x28, 0x65, 0x76, 0x65, 0x6E, 0x74, 0x6F, 0x20, 0x7C, 0x7C, 0x20, 0x27, 0x27, 0x29, 0x0A, 0x20, 
  0x20, 0x20, 0x20, 0x20, 0x20, 0x20, 0x20, 0x20, 0x20, 0x20, 0x20, 0x20, 0x20, 0x2E, 0x72, 0x65, 
  0x70, 0x6C, 0x61, 0x63, 0x65, 0x28, 0x27, 0x45, 0x4E, 0x54, 0x52, 0x41, 0x44, 0x41, 0x20, 0x45, 
  0x4D, 0x20, 0x43, 0x52, 0x49, 0x54, 0x49, 0x43, 0x4F, 0x3A, 0x20, 0x27, 0x2C, 0x20, 0x27, 0x43, 
  0x52, 0x49, 0x54, 0x49, 0x43, 0x41, 0x4C, 0x3A, 0x20, 0x27, 0x29, 0x0A, 0x20, 0x20, 0x20, 0x20, 
  0x20, 0x20, 0x20, 0x20, 0x20, 0x20, 0x20, 0x20, 0x20, 0x20, 0x2E, 0x72, 0x65, 0x70, 0x6C, 0x61, 
  0x63, 0x65, 0x28, 0x27, 0x52, 0x45, 0x54, 0x4F, 0x52, 0x4E, 0x4F, 0x20, 0x41, 0x4F, 0x20, 0x4E, 
  0x4F, 0x52, 0x4D, 0x41, 0x4C, 0x3A, 0x20, 0x27, 0x2C, 0x20, 0x27, 0x52, 0x45, 0x54, 0x55, 0x52, 
  0x4E, 0x45, 0x44, 0x20, 0x54, 0x4F, 0x20, 0x4E, 0x4F, 0x52, 0x4D, 0x41, 0x4C, 0x3A, 0x20, 0x27, 
  0x29, 0x0A, 0x20, 0x20, 0x20, 0x20, 0x20, 0x20, 0x20, 0x20, 0x20, 0x20, 0x20, 0x20, 0x20, 0x20, 
  0x2E, 0x72, 0x65, 0x70, 0x6C, 0x61, 0x63, 0x65, 0x28, 0x27, 0x74, 0x65, 0x6D, 0x70, 0x65, 0x72, 
  0x61, 0x74, 0x75, 0x72, 0x61, 0x27, 0x2C, 0x20, 0x27, 0x74, 0x65, 0x6D, 0x70, 0x65, 0x72, 0x61, 
  0x74, 0x75, 0x72, 0x65, 0x27, 0x29, 0x0A, 0x20, 0x20, 0x20, 0x20, 0x20, 0x20, 0x20, 0x20, 0x20, 
  0x20, 0x20, 0x20, 0x20, 0x20, 0x2E, 0x72, 0x65, 0x70, 0x6C, 0x61, 0x63, 0x65, 0x28, 0x27, 0x75, 
  0x6D, 0x69, 0x64, 0x61, 0x64, 0x65, 0x27, 0x2C, 0x20, 0x27, 0x68, 0x75, 0x6D, 0x69, 0x64, 0x69, 
  0x74, 0x79, 0x27, 0x29, 0x0A, 0x20, 0x20, 0x20, 0x20, 0x20, 0x20, 0x20, 0x20, 0x20, 0x20, 0x20, 
  0x20, 0x20, 0x20, 0x2E, 0x72, 0x65, 0x70, 0x6C, 0x61, 0x63, 0x65, 0x28, 0x27, 0x67, 0x61, 0x73, 
  0x27, 0x2C, 0x20, 0x27, 0x67, 0x61, 0x73, 0x27, 0x29, 0x3B, 0x0A, 0x20, 0x20, 0x20, 0x20, 0x20, 
  0x20, 0x20, 0x20, 0x20, 0x20, 0x7D, 0x0A, 0x0A, 0x20, 0x20, 0x20, 0x20, 0x20, 0x20, 0x20, 0x20, 
  0x20, 0x20, 0x66, 0x75, 0x6E, 0x63, 0x74, 0x69, 0x6F, 0x6E, 0x20, 0x61, 0x70, 0x70, 0x6C, 0x79, 
  0x4C, 0x61, 0x6E, 0x67, 0x75, 0x61, 0x67, 0x65, 0x28, 0x29, 0x20, 0x7B, 0x0A, 0x20, 0x20, 0x20, 
  0x20, 0x20, 0x20, 0x20, 0x20, 0x20, 0x20, 0x20, 0x20, 0x63, 0x6F, 0x6E, 0x73, 0x74, 0x20, 0x65, 
  0x6E, 0x67, 0x6C, 0x69, 0x73, 0x68, 0x20, 0x3D, 0x20, 0x73, 0x74, 0x61, 0x74, 0x65, 0x2E, 0x6C, 
  0x61, 0x6E, 0x67, 0x75, 0x61, 0x67, 0x65, 0x20, 0x3D, 0x3D, 0x3D, 0x20, 0x27, 0x65, 0x6E, 0x27, 
  0x3B, 0x0A, 0x20, 0x20, 0x20, 0x20, 0x20, 0x20, 0x20, 0x20, 0x20, 0x20, 0x20, 0x20, 0x64, 0x6F, 
  0x63, 0x75, 0x6D, 0x65, 0x6E, 0x74, 0x2E, 0x64, 0x6F, 0x63, 0x75, 0x6D, 0x65, 0x6E, 0x74, 0x45, 
  0x6C, 0x65, 0x6D, 0x65, 0x6E, 0x74, 0x2E, 0x6C, 0x61, 0x6E, 0x67, 0x20, 0x3D, 0x20, 0x65, 0x6E, 
  0x67, 0x6C, 0x69, 0x73, 0x68, 0x20, 0x3F, 0x20, 0x27, 0x65, 0x6E, 0x27, 0x20, 0x3A, 0x20, 0x27, 
  0x70, 0x74, 0x2D, 0x42, 0x52, 0x27, 0x3B, 0x0A, 0x20, 0x20, 0x20, 0x20, 0x20, 0x20, 0x20, 0x20, 
  0x20, 0x20, 0x20, 0x20, 0x63, 0x6F, 0x6E, 0x73, 0x74, 0x20, 0x77, 0x61, 0x6C, 0x6B, 0x65, 0x72, 
  0x20, 0x3D, 0x20, 0x64, 0x6F, 0x63, 0x75, 0x6D, 0x65, 0x6E, 0x74, 0x2E, 0x63, 0x72, 0x65, 0x61, 
  0x74, 0x65, 0x54, 0x72, 0x65, 0x65, 0x57, 0x61, 0x6C, 0x6B, 0x65, 0x72, 0x28, 0x64, 0x6F, 0x63, 
  0x75, 0x6D, 0x65, 0x6E, 0x74, 0x2E, 0x62, 0x6F, 0x64, 0x79, 0x2C, 0x20, 0x4E, 0x6F, 0x64, 0x65, 
  0x46, 0x69, 0x6C, 0x74, 0x65, 0x72, 0x2E, 0x53, 0x48, 0x4F, 0x57, 0x5F, 0x54, 0x45, 0x58, 0x54, 
  0x29, 0x3B, 0x0A, 0x20, 0x20, 0x20, 0x20, 0x20, 0x20, 0x20, 0x20, 0x20, 0x20, 0x20, 0x20, 0x63, 
  0x6F, 0x6E, 0x73, 0x74, 0x20, 0x6E, 0x6F, 0x64, 0x65, 0x73, 0x20, 0x3D, 0x20, 0x5B, 0x5D, 0x3B, 
  0x0A, 0x20, 0x20, 0x20, 0x20, 0x20, 0x20, 0x20, 0x20, 0x20, 0x20, 0x20, 0x20, 0x77, 0x68, 0x69, 
  0x6C, 0x65, 0x20, 0x28, 0x77, 0x61, 0x6C, 0x6B, 0x65, 0x72, 0x2E, 0x6E, 0x65, 0x78, 0x74, 0x4E, 
  0x6F, 0x64, 0x65, 0x28, 0x29, 0x29, 0x20, 0x6E, 0x6F, 0x64, 0x65, 0x73, 0x2E, 0x70, 0x75, 0x73, 
  0x68, 0x28, 0x77, 0x61, 0x6C, 0x6B, 0x65, 0x72, 0x2E, 0x63, 0x75, 0x72, 0x72, 0x65, 0x6E, 0x74, 
  0x4E, 0x6F, 0x64, 0x65, 0x29, 0x3B, 0x0A, 0x20, 0x20, 0x20, 0x20, 0x20, 0x20, 0x20, 0x20, 0x20, 
  0x20, 0x20, 0x20, 0x6E, 0x6F, 0x64, 0x65, 0x73, 0x2E, 0x66, 0x6F, 0x72, 0x45, 0x61, 0x63, 0x68, 
  0x28, 0x28, 0x6E, 0x6F, 0x64, 0x65, 0x29, 0x20, 0x3D, 0x3E, 0x20, 0x7B, 0x0A, 0x20, 0x20, 0x20, 
  0x20, 0x20, 0x20, 0x20, 0x20, 0x20, 0x20, 0x20, 0x20, 0x20, 0x20, 0x69, 0x66, 0x20, 0x28, 0x6E, 
  0x6F, 0x64, 0x65, 0x2E, 0x70, 0x61, 0x72, 0x65, 0x6E, 0x74, 0x45, 0x6C, 0x65, 0x6D, 0x65, 0x6E, 
  0x74, 0x20, 0x26, 0x26, 0x20, 0x5B, 0x27, 0x53, 0x43, 0x52, 0x49, 0x50, 0x54, 0x27, 0x2C, 0x20, 
  0x27, 0x53, 0x54, 0x59, 0x4C, 0x45, 0x27, 0x5D, 0x2E, 0x69, 0x6E, 0x63, 0x6C, 0x75, 0x64, 0x65, 
  0x73, 0x28, 0x6E, 0x6F, 0x64, 0x65, 0x2E, 0x70, 0x61, 0x72, 0x65, 0x6E, 0x74, 0x45, 0x6C, 0x65, 
  0x6D, 0x65, 0x6E, 0x74, 0x2E, 0x74, 0x61, 0x67, 0x4E, 0x61, 0x6D, 0x65, 0x29, 0x29, 0x20, 0x72, 
  0x65, 0x74, 0x75, 0x72, 0x6E, 0x3B, 0x0A, 0x20, 0x20, 0x20, 0x20, 0x20, 0x20, 0x20, 0x20, 0x20, 
  0x20, 0x20, 0x20, 0x20, 0x20, 0x63, 0x6F, 0x6E, 0x73, 0x74, 0x20, 0x74, 0x65, 0x78, 0x74, 0x20, 
  0x3D, 0x20, 0x6E, 0x6F, 0x64, 0x65, 0x2E, 0x6E, 0x6F, 0x64, 0x65, 0x56, 0x61, 0x6C, 0x75, 0x65, 
  0x2E, 0x74, 0x72, 0x69, 0x6D, 0x28, 0x29, 0x3B, 0x0A, 0x20, 0x20, 0x20, 0x20, 0x20, 0x20, 0x20, 
  0x20, 0x20, 0x20, 0x20, 0x20, 0x20, 0x20, 0x69, 0x66, 0x20, 0x28, 0x21, 0x74, 0x65, 0x78, 0x74, 
  0x29, 0x20, 0x72, 0x65, 0x74, 0x75, 0x72, 0x6E, 0x3B, 0x0A, 0x20, 0x20, 0x20, 0x20, 0x20, 0x20, 
  0x20, 0x20, 0x20, 0x20, 0x20, 0x20, 0x20, 0x20, 0x69, 0x66, 0x20, 0x28, 0x21, 0x6E, 0x6F, 0x64, 
  0x65, 0x2E, 0x70, 0x74, 0x54, 0x65, 0x78, 0x74, 0x29, 0x20, 0x6E, 0x6F, 0x64, 0x65, 0x2E, 0x70, 
  0x74, 0x54, 0x65, 0x78, 0x74, 0x20, 0x3D, 0x20, 0x74, 0x65, 0x78, 0x74, 0x3B, 0x0A, 0x20, 0x20, 
  0x20, 0x20, 0x20, 0x20, 0x20, 0x20, 0x20, 0x20, 0x20, 0x20, 0x20, 0x20, 0x63, 0x6F, 0x6E, 0x73, 
  0x74, 0x20, 0x74, 0x72, 0x61, 0x6E, 0x73, 0x6C, 0x61, 0x74, 0x65, 0x64, 0x20, 0x3D, 0x20, 0x65, 
  0x6E, 0x67, 0x6C, 0x69, 0x73, 0x68, 0x20, 0x3F, 0x20, 0x28, 0x74, 0x72, 0x61, 0x6E, 0x73, 0x6C, 
  0x61, 0x74, 0x69, 0x6F, 0x6E, 0x73, 0x5B, 0x6E, 0x6F, 0x64, 0x65, 0x2E, 0x70, 0x74, 0x54, 0x65, 
  0x78, 0x74, 0x5D, 0x20, 0x7C, 0x7C, 0x20, 0x6E, 0x6F, 0x64, 0x65, 0x2E, 0x70, 0x74, 0x54, 0x65, 
  0x78, 0x74, 0x29, 0x20, 0x3A, 0x20, 0x6E, 0x6F, 0x64, 0x65, 0x2E, 0x70, 0x74, 0x54, 0x65, 0x78, 
  0x74, 0x3B, 0x0A, 0x20, 0x20, 0x20, 0x20, 0x20, 0x20, 0x20, 0x20, 0x20, 0x20, 0x20, 0x20, 0x20, 
  0x20, 0x69, 0x66, 0x20, 0x28, 0x74, 0x72, 0x61, 0x6E, 0x73, 0x6C, 0x61, 0x74, 0x65, 0x64, 0x29, 
  0x20, 0x7B, 0x0A, 0x20, 0x20, 0x20, 0x20, 0x20, 0x20, 0x20, 0x20, 0x20, 0x20, 0x20, 0x20, 0x20, 
  0x20, 0x20, 0x20, 0x6E, 0x6F, 0x64, 0x65, 0x2E, 0x6E, 0x6F, 0x64, 0x65, 0x56, 0x61, 0x6C, 0x75, 
  0x65, 0x20, 0x3D, 0x20, 0x6E, 0x6F, 0x64, 0x65, 0x2E, 0x6E, 0x6F, 0x64, 0x65, 0x56, 0x61, 0x6C, 
  0x75, 0x65, 0x2E, 0x72, 0x65, 0x70, 0x6C, 0x61, 0x63, 0x65, 0x28, 0x74, 0x65, 0x78, 0x74, 0x2C, 
  0x20, 0x74, 0x72, 0x61, 0x6E, 0x73, 0x6C, 0x61, 0x74, 0x65, 0x64, 0x29, 0x3B, 0x0A, 0x20, 0x20, 
  0x20, 0x20, 0x20, 0x20, 0x20, 0x20, 0x20, 0x20, 0x20, 0x20, 0x20, 0x20, 0x7D, 0x0A, 0x20, 0x20, 
  0x20, 0x20, 0x20, 0x20, 0x20, 0x20, 0x20, 0x20, 0x20, 0x20, 0x7D, 0x29, 0x3B, 0x0A, 0x20, 0x20, 
  0x20, 0x20, 0x20, 0x20, 0x20, 0x20, 0x20, 0x20, 0x20, 0x20, 0x63, 0x6F, 0x6E, 0x73, 0x74, 0x20, 
  0x6C, 0x61, 0x6E, 0x67, 0x75, 0x61, 0x67, 0x65, 0x20, 0x3D, 0x20, 0x64, 0x6F, 0x63, 0x75, 0x6D, 
  0x65, 0x6E, 0x74, 0x2E, 0x67, 0x65, 0x74, 0x45, 0x6C, 0x65, 0x6D, 0x65, 0x6E, 0x74, 0x42, 0x79, 
  0x49, 0x64, 0x28, 0x27, 0x6C, 0x61, 0x6E, 0x67, 0x75, 0x61, 0x67, 0x65, 0x53, 0x65, 0x6C, 0x65, 
  0x63, 0x74, 0x27, 0x29, 0x3B, 0x0A, 0x20, 0x20, 0x20, 0x20, 0x20, 0x20, 0x20, 0x20, 0x20, 0x20, 
  0x20, 0x20, 0x69, 0x66, 0x20, 0x28, 0x6C, 0x61, 0x6E, 0x67, 0x75, 0x61, 0x67, 0x65, 0x29, 0x20, 
  0x6C, 0x61, 0x6E, 0x67, 0x75, 0x61, 0x67, 0x65, 0x2E, 0x76, 0x61, 0x6C, 0x75, 0x65, 0x20, 0x3D, 
  0x20, 0x73, 0x74, 0x61, 0x74, 0x65, 0x2E, 0x6C, 0x61, 0x6E, 0x67, 0x75, 0x61, 0x67, 0x65, 0x3B, 
  0x0A, 0x20, 0x20, 0x20, 0x20, 0x20, 0x20, 0x20, 0x20, 0x20, 0x20, 0x20, 0x20, 0x63, 0x6F, 0x6E, 
  0x73, 0x74, 0x20, 0x6C, 0x6F, 0x67, 0x69, 0x6E, 0x4C, 0x61, 0x6E, 0x67, 0x75, 0x61, 0x67, 0x65, 
  0x20, 0x3D, 0x20, 0x64, 0x6F, 0x63, 0x75, 0x6D, 0x65, 0x6E, 0x74, 0x2E, 0x67, 0x65, 0x74, 0x45, 
  0x6C, 0x65, 0x6D, 0x65, 0x6E, 0x74, 0x42, 0x79, 0x49, 0x64, 0x28, 0x27, 0x6C, 0x6F, 0x67, 0x69, 
  0x6E, 0x4C, 0x61, 0x6E, 0x67, 0x75, 0x61, 0x67, 0x65, 0x53, 0x65, 0x6C, 0x65, 0x63, 0x74, 0x27, 
  0x29, 0x3B, 0x0A, 0x20, 0x20, 0x20, 0x20, 0x20, 0x20, 0x20, 0x20, 0x20, 0x20, 0x20, 0x20, 0x69, 
  0x66, 0x20, 0x28, 0x6C, 0x6F, 0x67, 0x69, 0x6E, 0x4C, 0x61, 0x6E, 0x67, 0x75, 0x61, 0x67, 0x65, 
  0x29, 0x20, 0x6C, 0x6F, 0x67, 0x69, 0x6E, 0x4C, 0x61, 0x6E, 0x67, 0x75, 0x61, 0x67, 0x65, 0x2E, 
  0x76, 0x61, 0x6C, 0x75, 0x65, 0x20, 0x3D, 0x20, 0x73, 0x74, 0x61, 0x74, 0x65, 0x2E, 0x6C, 0x61, 
  0x6E, 0x67, 0x75, 0x61, 0x67, 0x65, 0x3B, 0x0A, 0x20, 0x20, 0x20, 0x20, 0x20, 0x20, 0x20, 0x20, 
  0x20, 0x20, 0x7D, 0x0A, 0x0A, 0x20, 0x20, 0x20, 0x20, 0x20, 0x20, 0x20, 0x20, 0x20, 0x20, 0x66, 
  0x75, 0x6E, 0x63, 0x74, 0x69, 0x6F, 0x6E, 0x20, 0x73, 0x68, 0x6F, 0x77, 0x4D, 0x65, 0x73, 0x73, 
  0x61, 0x67, 0x65, 0x28, 0x74, 0x65, 0x78, 0x74, 0x2C, 0x20, 0x69, 0x73, 0x45, 0x72, 0x72, 0x6F, 
  0x72, 0x20, 0x3D, 0x20, 0x74, 0x72, 0x75, 0x65, 0x29, 0x20, 0x7B, 0x0A, 0x20, 0x20, 0x20, 0x20, 
  0x20, 0x20, 0x20, 0x20, 0x20, 0x20, 0x20, 0x20, 0x63, 0x6F, 0x6E, 0x73, 0x74, 0x20, 0x65, 0x6C, 
  0x20, 0x3D, 0x20, 0x64, 0x6F, 0x63, 0x75, 0x6D, 0x65, 0x6E, 0x74, 0x2E, 0x67, 0x65, 0x74, 0x45, 
  0x6C, 0x65, 0x6D, 0x65, 0x6E, 0x74, 0x42, 0x79, 0x49, 0x64, 0x28, 0x27, 0x6C, 0x6F, 0x67, 0x69, 
  0x6E, 0x4D, 0x65, 0x73, 0x73, 0x61, 0x67, 0x65, 0x27, 0x29, 0x3B, 0x0A, 0x20, 0x20, 0x20, 0x20, 
  0x20, 0x20, 0x20, 0x20, 0x20, 0x20, 0x20, 0x20, 0x69, 0x66, 0x20, 0x28, 0x21, 0x65, 0x6C, 0x29, 
  0x20, 0x72, 0x65, 0x74, 0x75, 0x72, 0x6E, 0x3B, 0x0A, 0x20, 0x20, 0x20, 0x20, 0x20, 0x20, 0x20, 
  0x20, 0x20, 0x20, 0x20, 0x20, 0x65, 0x6C, 0x2E, 0x74, 0x65, 0x78, 0x74, 0x43, 0x6F, 0x6E, 0x74, 
  0x65, 0x6E, 0x74, 0x20, 0x3D, 0x20, 0x74, 0x65, 0x78, 0x74, 0x3B, 0x0A, 0x20, 0x20, 0x20, 0x20, 
  0x20, 0x20, 0x20, 0x20, 0x20, 0x20, 0x20, 0x20, 0x65, 0x6C, 0x2E, 0x73, 0x74, 0x79, 0x6C, 0x65, 
  0x2E, 0x63, 0x6F, 0x6C, 0x6F, 0x72, 0x20, 0x3D, 0x20, 0x69, 0x73, 0x45, 0x72, 0x72, 0x6F, 0x72, 
  0x20, 0x3F, 0x20, 0x27, 0x76, 0x61, 0x72, 0x28, 0x2D, 0x2D, 0x72, 0x65, 0x64, 0x29, 0x27, 0x20, 
  0x3A, 0x20, 0x27, 0x76, 0x61, 0x72, 0x28, 0x2D, 0x2D, 0x67, 0x72, 0x65, 0x65, 0x6E, 0x29, 0x27, 
  0x3B, 0x0A, 0x20, 0x20, 0x20, 0x20, 0x20, 0x20, 0x20, 0x20, 0x20, 0x20, 0x7D, 0x0A, 0x0A, 0x20, 
  0x20, 0x20, 0x20, 0x20, 0x20, 0x20, 0x20, 0x20, 0x20, 0x61, 0x73, 0x79, 0x6E, 0x63, 0x20, 0x66, 
  0x75, 0x6E, 0x63, 0x74, 0x69, 0x6F, 0x6E, 0x20, 0x72, 0x65, 0x71, 0x75, 0x65, 0x73, 0x74, 0x28, 
  0x70, 0x61, 0x74, 0x68, 0x2C, 0x20, 0x6F, 0x70, 0x74, 0x69, 0x6F, 0x6E, 0x73, 0x20, 0x3D, 0x20, 
  0x7B, 0x7D, 0x29, 0x20, 0x7B, 0x0A, 0x20, 0x20, 0x20, 0x20, 0x20, 0x20, 0x20, 0x20, 0x20, 0x20, 
  0x20, 0x20, 0x63, 0x6F, 0x6E, 0x73, 0x74, 0x20, 0x68, 0x65, 0x61, 0x64, 0x65, 0x72, 0x73, 0x20, 
  0x3D, 0x20, 0x7B, 0x20, 0x2E, 0x2E, 0x2E, 0x28, 0x6F, 0x70, 0x74, 0x69, 0x6F, 0x6E, 0x73, 0x2E, 
  0x68, 0x65, 0x61, 0x64, 0x65, 0x72, 0x73, 0x20, 0x7C, 0x7C, 0x20, 0x7B, 0x7D, 0x29, 0x20, 0x7D, 
  0x3B, 0x0A, 0x20, 0x20, 0x20, 0x20, 0x20, 0x20, 0x20, 0x20, 0x20, 0x20, 0x20, 0x20, 0x69, 0x66, 
  0x20, 0x28, 0x73, 0x74, 0x61, 0x74, 0x65, 0x2E, 0x74, 0x6F, 0x6B, 0x65, 0x6E, 0x29, 0x20, 0x7B, 
  0x0A, 0x20, 0x20, 0x20, 0x20, 0x20, 0x20, 0x20, 0x20, 0x20, 0x20, 0x20, 0x20, 0x20, 0x20, 0x68, 
  0x65, 0x61, 0x64, 0x65, 0x72, 0x73, 0x2E, 0x41, 0x75, 0x74, 0x68, 0x6F, 0x72, 0x69, 0x7A, 0x61, 
  0x74, 0x69, 0x6F, 0x6E, 0x20, 0x3D, 0x20, 0x60, 0x42, 0x65, 0x61, 0x72, 0x65, 0x72, 0x20, 0x24, 
  0x7B, 0x73, 0x74, 0x61, 0x74, 0x65, 0x2E, 0x74, 0x6F, 0x6B, 0x65, 0x6E, 0x7D, 0x60, 0x3B, 0x0A, 
  0x20, 0x20, 0x20, 0x20, 0x20, 0x20, 0x20, 0x20, 0x20, 0x20, 0x20, 0x20, 0x7D, 0x0A, 0x20, 0x20, 
  0x20, 0x20, 0x20, 0x20, 0x20, 0x20, 0x20, 0x20, 0x20, 0x20, 0x63, 0x6F, 0x6E, 0x73, 0x74, 0x20, 
  0x72, 0x65, 0x73, 0x70, 0x6F, 0x6E, 0x73, 0x65, 0x20, 0x3D, 0x20, 0x61, 0x77, 0x61, 0x69, 0x74, 
  0x20, 0x66, 0x65, 0x74, 0x63, 0x68, 0x28, 0x70, 0x61, 0x74, 0x68, 0x2C, 0x20, 0x7B, 0x0A, 0x20, 
  0x20, 0x20, 0x20, 0x20, 0x20, 0x20, 0x20, 0x20, 0x20, 0x20, 0x20, 0x20, 0x20, 0x2E, 0x2E, 0x2E, 
  0x6F, 0x70, 0x74, 0x69, 0x6F, 0x6E, 0x73, 0x2C, 0x0A, 0x20, 0x20, 0x20, 0x20, 0x20, 0x20, 0x20, 
  0x20, 0x20, 0x20, 0x20, 0x20, 0x20, 0x20, 0x68, 0x65, 0x61, 0x64, 0x65, 0x72, 0x73, 0x0A, 0x20, 
  0x20, 0x20, 0x20, 0x20, 0x20, 0x20, 0x20, 0x20, 0x20, 0x20, 0x20, 0x7D, 0x29, 0x3B, 0x0A, 0x20, 
  0x20, 0x20, 0x20, 0x20, 0x20, 0x20, 0x20, 0x20, 0x20, 0x20, 0x20, 0x63, 0x6F, 0x6E, 0x73, 0x74, 
  0x20, 0x64, 0x61, 0x74, 0x61, 0x20, 0x3D, 0x20, 0x61, 0x77, 0x61, 0x69, 0x74, 0x20, 0x72, 0x65, 
  0x73, 0x70, 0x6F, 0x6E, 0x73, 0x65, 0x2E, 0x6A, 0x73, 0x6F, 0x6E, 0x28, 0x29, 0x2E, 0x63, 0x61, 
  0x74, 0x63, 0x68, 0x28, 0x28, 0x29, 0x20, 0x3D, 0x3E, 0x20, 0x28, 0x7B, 0x7D, 0x29, 0x29, 0x3B, 
  0x0A, 0x20, 0x20, 0x20, 0x20, 0x20, 0x20, 0x20, 0x20, 0x20, 0x20, 0x20, 0x20, 0x69, 0x66, 0x20, 
  0x28, 0x21, 0x72, 0x65, 0x73, 0x70, 0x6F, 0x6E, 0x73, 0x65, 0x2E, 0x6F, 0x6B, 0x29, 0x20, 0x7B, 
  0x0A, 0x20, 0x20, 0x20, 0x20, 0x20, 0x20, 0x20, 0x20, 0x20, 0x20, 0x20, 0x20, 0x20, 0x20, 0x74, 
  0x68, 0x72, 0x6F, 0x77, 0x20, 0x6E, 0x65, 0x77, 0x20, 0x45, 0x72, 0x72, 0x6F, 0x72, 0x28, 0x64, 
  0x61, 0x74, 0x61, 0x2E, 0x6D, 0x65, 0x73, 0x73, 0x61, 0x67, 0x65, 0x20, 0x7C, 0x7C, 0x20, 0x60, 
  0x48, 0x54, 0x54, 0x50, 0x20, 0x24, 0x7B, 0x72, 0x65, 0x73, 0x70, 0x6F, 0x6E, 0x73, 0x65, 0x2E, 
  0x73, 0x74, 0x61, 0x74, 0x75, 0x73, 0x7D, 0x60, 0x29, 0x3B, 0x0A, 0x20, 0x20, 0x20, 0x20, 0x20, 
  0x20, 0x20, 0x20, 0x20, 0x20, 0x20, 0x20, 0x7D, 0x0A, 0x20, 0x20, 0x20, 0x20, 0x20, 0x20, 0x20, 
  0x20, 0x20, 0x20, 0x20, 0x20, 0x72, 0x65, 0x74, 0x75, 0x72, 0x6E, 0x20, 0x64, 0x61, 0x74, 0x61, 
  0x3B, 0x0A, 0x20, 0x20, 0x20, 0x20, 0x20, 0x20, 0x20, 0x20, 0x20, 0x20, 0x7D, 0x0A, 0x0A, 0x20, 
  0x20, 0x20, 0x20, 0x20, 0x20, 0x20, 0x20, 0x20, 0x20, 0x66, 0x75, 0x6E, 0x63, 0x74, 0x69, 0x6F, 
  0x6E, 0x20, 0x73, 0x65, 0x74, 0x54, 0x61, 0x62, 0x28, 0x74, 0x61, 0x62, 0x29, 0x20, 0x7B, 0x0A, 
  0x20, 0x20, 0x20, 0x20, 0x20, 0x20, 0x20, 0x20, 0x20, 0x20, 0x20, 0x20, 0x64, 0x6F, 0x63, 0x75, 
  0x6D, 0x65, 0x6E, 0x74, 0x2E, 0x71, 0x75, 0x65, 0x72, 0x79, 0x53, 0x65, 0x6C, 0x65, 0x63, 0x74, 
  0x6F, 0x72, 0x41, 0x6C, 0x6C, 0x28, 0x27, 0x2E, 0x6E, 0x61, 0x76, 0x2D, 0x62, 0x74, 0x6E, 0x27, 
  0x29, 0x2E, 0x66, 0x6F, 0x72, 0x45, 0x61, 0x63, 0x68, 0x28, 0x28, 0x62, 0x74, 0x6E, 0x29, 0x20, 
  0x3D, 0x3E, 0x20, 0x7B, 0x0A, 0x20, 0x20, 0x20, 0x20, 0x20, 0x20, 0x20, 0x20, 0x20, 0x20, 0x20, 
  0x20, 0x20, 0x20, 0x62, 0x74, 0x6E, 0x2E, 0x63, 0x6C, 0x61, 0x73, 0x73, 0x4C, 0x69, 0x73, 0x74, 
  0x2E, 0x74, 0x6F, 0x67, 0x67, 0x6C, 0x65, 0x28, 0x27, 0x61, 0x63, 0x74, 0x69, 0x76, 0x65, 0x27, 
  0x2C, 0x20, 0x62, 0x74, 0x6E, 0x2E, 0x64, 0x61, 0x74, 0x61, 0x73, 0x65, 0x74, 0x2E, 0x74, 0x61, 
  0x62, 0x20, 0x3D, 0x3D, 0x3D, 0x20, 0x74, 0x61, 0x62, 0x29, 0x3B, 0x0A, 0x20, 0x20, 0x20, 0x20, 
  0x20, 0x20, 0x20, 0x20, 0x20, 0x20, 0x20, 0x20, 0x7D, 0x29, 0x3B, 0x0A, 0x20, 0x20, 0x20, 0x20, 
  0x20, 0x20, 0x20, 0x20, 0x20, 0x20, 0x20, 0x20, 0x64, 0x6F, 0x63, 0x75, 0x6D, 0x65, 0x6E, 0x74, 
  0x2E, 0x71, 0x75, 0x65, 0x72, 0x79, 0x53, 0x65, 0x6C, 0x65, 0x63, 0x74, 0x6F, 0x72, 0x41, 0x6C, 
  0x6C, 0x28, 0x27, 0x5B, 0x69, 0x64, 0x5E, 0x3D, 0x22, 0x74, 0x61, 0x62, 0x2D, 0x22, 0x5D, 0x27, 
  0x29, 0x2E, 0x66, 0x6F, 0x72, 0x45, 0x61, 0x63, 0x68, 0x28, 0x28, 0x73, 0x65, 0x63, 0x74, 0x69, 
  0x6F, 0x6E, 0x29, 0x20, 0x3D, 0x3E, 0x20, 0x7B, 0x0A, 0x20, 0x20, 0x20, 0x20, 0x20, 0x20, 0x20, 
  0x20, 0x20, 0x20, 0x20, 0x20, 0x20, 0x20, 0x73, 0x65, 0x63, 0x74, 0x69, 0x6F, 0x6E, 0x2E, 0x63, 
  0x6C, 0x61, 0x73, 0x73, 0x4C, 0x69, 0x73, 0x74, 0x2E, 0x74, 0x6F, 0x67, 0x67, 0x6C, 0x65, 0x28, 
  0x27, 0x68, 0x69, 0x64, 0x64, 0x65, 0x6E, 0x27, 0x2C, 0x20, 0x73, 0x65, 0x63, 0x74, 0x69, 0x6F, 
  0x6E, 0x2E, 0x69, 0x64, 0x20, 0x21, 0x3D, 0x3D, 0x20, 0x60, 0x74, 0x61, 0x62, 0x2D, 0x24, 0x7B, 
  0x74, 0x61, 0x62, 0x7D, 0x60, 0x29, 0x3B, 0x0A, 0x20, 0x20, 0x20, 0x20, 0x20, 0x20, 0x20, 0x20, 
  0x20, 0x20, 0x20, 0x20, 0x7D, 0x29, 0x3B, 0x0A, 0x20, 0x20, 0x20, 0x20, 0x20, 0x20, 0x20, 0x20, 
  0x20, 0x20, 0x20, 0x20, 0x69, 0x66, 0x20, 0x28, 0x74, 0x61, 0x62, 0x20, 0x3D, 0x3D, 0x3D, 0x20, 
  0x27, 0x6E, 0x65, 0x74, 0x77, 0x6F, 0x72, 0x6B, 0x27, 0x20, 0x26, 0x26, 0x20, 0x73, 0x74, 0x61, 
  0x74, 0x65, 0x2E, 0x72, 0x6F, 0x6C, 0x65, 0x20, 0x3D, 0x3D, 0x3D, 0x20, 0x27, 0x61, 0x64, 0x6D, 
  0x69, 0x6E, 0x27, 0x29, 0x20, 0x6C, 0x6F, 0x61, 0x64, 0x44, 0x61, 0x73, 0x68, 0x62, 0x6F, 0x61, 
  0x72, 0x64, 0x4C, 0x69, 0x6E, 0x6B, 0x28, 0x29, 0x3B, 0x0A, 0x20, 0x20, 0x20, 0x20, 0x20, 0x20, 
  0x20, 0x20, 0x20, 0x20, 0x7D, 0x0A, 0x0A, 0x20, 0x20, 0x20, 0x20, 0x20, 0x20, 0x20, 0x20, 0x20, 
  0x20, 0x66, 0x75, 0x6E, 0x63, 0x74, 0x69, 0x6F, 0x6E, 0x20, 0x72, 0x65, 0x6E, 0x64, 0x65, 0x72, 
  0x44, 0x61, 0x73, 0x68, 0x62, 0x6F, 0x61, 0x72, 0x64, 0x4C, 0x69, 0x6E, 0x6B, 0x28, 0x64, 0x61, 
  0x74, 0x61, 0x29, 0x20, 0x7B, 0x0A, 0x20, 0x20, 0x20, 0x20, 0x20, 0x20, 0x20, 0x20, 0x20, 0x20, 
  0x20, 0x20, 0x63, 0x6F, 0x6E, 0x73, 0x74, 0x20, 0x6C, 0x69, 0x6E, 0x6B, 0x65, 0x64, 0x20, 0x3D, 
  0x20, 0x21, 0x21, 0x64, 0x61, 0x74, 0x61, 0x2E, 0x6C, 0x69, 0x6E, 0x6B, 0x65, 0x64, 0x3B, 0x0A, 
  0x20, 0x20, 0x20, 0x20, 0x20, 0x20, 0x20, 0x20, 0x20, 0x20, 0x20, 0x20, 0x64, 0x6F, 0x63, 0x75, 
  0x6D, 0x65, 0x6E, 0x74, 0x2E, 0x67, 0x65, 0x74, 0x45, 0x6C, 0x65, 0x6D, 0x65, 0x6E, 0x74, 0x42, 
  0x79, 0x49, 0x64, 0x28, 0x27, 0x64, 0x61, 0x73, 0x68, 0x62, 0x6F, 0x61, 0x72, 0x64, 0x4C, 0x69, 
  0x6E, 0x6B, 0x46, 0x6F, 0x72, 0x6D, 0x27, 0x29, 0x2E, 0x63, 0x6C, 0x61, 0x73, 0x73, 0x4C, 0x69, 
  0x73, 0x74, 0x2E, 0x74, 0x6F, 0x67, 0x67, 0x6C, 0x65, 0x28, 0x27, 0x68, 0x69, 0x64, 0x64, 0x65, 
  0x6E, 0x27, 0x2C, 0x20, 0x6C, 0x69, 0x6E, 0x6B, 0x65, 0x64, 0x29, 0x3B, 0x0A, 0x20, 0x20, 0x20, 
  0x20, 0x20, 0x20, 0x20, 0x20, 0x20, 0x20, 0x20, 0x20, 0x64, 0x6F, 0x63, 0x75, 0x6D, 0x65, 0x6E, 
  0x74, 0x2E, 0x67, 0x65, 0x74, 0x45, 0x6C, 0x65, 0x6D, 0x65, 0x6E, 0x74, 0x42, 0x79, 0x49, 0x64, 
  0x28, 0x27, 0x64, 0x61, 0x73, 0x68, 0x62, 0x6F, 0x61, 0x72, 0x64, 0x4C, 0x69, 0x6E, 0x6B, 0x65, 
  0x64, 0x53, 0x74, 0x61, 0x74, 0x65, 0x27, 0x29, 0x2E, 0x63, 0x6C, 0x61, 0x73, 0x73, 0x4C, 0x69, 
  0x73, 0x74, 0x2E, 0x74, 0x6F, 0x67, 0x67, 0x6C, 0x65, 0x28, 0x27, 0x68, 0x69, 0x64, 0x64, 0x65, 
  0x6E, 0x27, 0x2C, 0x20, 0x21, 0x6C, 0x69, 0x6E, 0x6B, 0x65, 0x64, 0x29, 0x3B, 0x0A, 0x20, 0x20, 
  0x20, 0x20, 0x20, 0x20, 0x20, 0x20, 0x20, 0x20, 0x20, 0x20, 0x69, 0x66, 0x20, 0x28, 0x6C, 0x69, 
  0x6E, 0x6B, 0x65, 0x64, 0x29, 0x20, 0x7B, 0x0A, 0x20, 0x20, 0x20, 0x20, 0x20, 0x20, 0x20, 0x20, 
  0x20, 0x20, 0x20, 0x20, 0x20, 0x20, 0x64, 0x6F, 0x63, 0x75, 0x6D, 0x65, 0x6E, 0x74, 0x2E, 0x67, 
  0x65, 0x74, 0x45, 0x6C, 0x65, 0x6D, 0x65, 0x6E, 0x74, 0x42, 0x79, 0x49, 0x64, 0x28, 0x27, 0x64, 
  0x61, 0x73, 0x68, 0x62, 0x6F, 0x61, 0x72, 0x64, 0x4C, 0x69, 0x6E, 0x6B, 0x44, 0x65, 0x74, 0x61, 
  0x69, 0x6C, 0x73, 0x27, 0x29, 0x2E, 0x74, 0x65, 0x78, 0x74, 0x43, 0x6F, 0x6E, 0x74, 0x65, 0x6E, 
  0x74, 0x20, 0x3D, 0x20, 0x60, 0x49, 0x44, 0x3A, 0x20, 0x24, 0x7B, 0x64, 0x61, 0x74, 0x61, 0x2E, 
  0x65, 0x78, 0x74, 0x65, 0x72, 0x6E, 0x61, 0x6C, 0x49, 0x64, 0x7D, 0x20, 0x5C, 0x75, 0x30, 0x30, 
  0x42, 0x37, 0x20, 0x53, 0x65, 0x72, 0x76, 0x69, 0x64, 0x6F, 0x72, 0x3A, 0x20, 0x24, 0x7B, 0x64, 
  0x61, 0x74, 0x61, 0x2E, 0x73, 0x65, 0x72, 0x76, 0x65, 0x72, 0x55, 0x72, 0x6C, 0x7D, 0x60, 0x3B, 
  0x0A, 0x20, 0x20, 0x20, 0x20, 0x20, 0x20, 0x20, 0x20, 0x20, 0x20, 0x20, 0x20, 0x20, 0x20, 0x63, 
  0x6F, 0x6E, 0x73, 0x74, 0x20, 0x74, 0x72, 0x61, 0x6E, 0x73, 0x70, 0x6F, 0x72, 0x74, 0x53, 0x74, 
  0x61, 0x74, 0x75, 0x73, 0x20, 0x3D, 0x20, 0x64, 0x6F, 0x63, 0x75, 0x6D, 0x65, 0x6E, 0x74, 0x2E, 
  0x67, 0x65, 0x74, 0x45, 0x6C, 0x65, 0x6D, 0x65, 0x6E, 0x74, 0x42, 0x79, 0x49, 0x64, 0x28, 0x27, 
  0x64, 0x61, 0x73, 0x68, 0x62, 0x6F, 0x61, 0x72, 0x64, 0x54, 0x72, 0x61, 0x6E, 0x73, 0x70, 0x6F, 
  0x72, 0x74, 0x53, 0x74, 0x61, 0x74, 0x75, 0x73, 0x27, 0x29, 0x3B, 0x0A, 0x20, 0x20, 0x20, 0x20, 
  0x20, 0x20, 0x20, 0x20, 0x20, 0x20, 0x20, 0x20, 0x20, 0x20, 0x63, 0x6F, 0x6E, 0x73, 0x74, 0x20, 
  0x73, 0x65, 0x63, 0x75, 0x72, 0x65, 0x54, 0x72, 0x61, 0x6E, 0x73, 0x70, 0x6F, 0x72, 0x74, 0x20, 
  0x3D, 0x20, 0x53, 0x74, 0x72, 0x69, 0x6E, 0x67, 0x28, 0x64, 0x61, 0x74, 0x61, 0x2E, 0x73, 0x65, 
  0x72, 0x76, 0x65, 0x72, 0x55, 0x72, 0x6C, 0x29, 0x2E, 0x74, 0x6F, 0x4C, 0x6F, 0x77, 0x65, 0x72, 
  0x43, 0x61, 0x73, 0x65, 0x28, 0x29, 0x2E, 0x73, 0x74, 0x61, 0x72, 0x74, 0x73, 0x57, 0x69, 0x74, 
  0x68, 0x28, 0x27, 0x68, 0x74, 0x74, 0x70, 0x73, 0x3A, 0x2F, 0x2F, 0x27, 0x29, 0x3B, 0x0A, 0x20, 
  0x20, 0x20, 0x20, 0x20, 0x20, 0x20, 0x20, 0x20, 0x20, 0x20, 0x20, 0x20, 0x20, 0x74, 0x72, 0x61, 
  0x6E, 0x73, 0x70, 0x6F, 0x72, 0x74, 0x53, 0x74, 0x61, 0x74, 0x75, 0x73, 0x2E, 0x74, 0x65, 0x78, 
  0x74, 0x43, 0x6F, 0x6E, 0x74, 0x65, 0x6E, 0x74, 0x20, 0x3D, 0x20, 0x73, 0x65, 0x63, 0x75, 0x72, 
  0x65, 0x54, 0x72, 0x61, 0x6E, 0x73, 0x70, 0x6F, 0x72, 0x74, 0x20, 0x3F, 0x20, 0x27, 0x48, 0x54, 
  0x54, 0x50, 0x53, 0x20, 0x61, 0x74, 0x69, 0x76, 0x6F, 0x3B, 0x20, 0x63, 0x65, 0x72, 0x74, 0x69, 
  0x66, 0x69, 0x63, 0x61, 0x64, 0x6F, 0x20, 0x76, 0x61, 0x6C, 0x69, 0x64, 0x61, 0x64, 0x6F, 0x2E, 
  0x27, 0x20, 0x3A, 0x20, 0x27, 0x48, 0x54, 0x54, 0x50, 0x20, 0x61, 0x74, 0x69, 0x76, 0x6F, 0x3B, 
  0x20, 0x74, 0x72, 0x5C, 0x75, 0x30, 0x30, 0x45, 0x31, 0x66, 0x65, 0x67, 0x6F, 0x20, 0x73, 0x65, 
  0x6D, 0x20, 0x63, 0x72, 0x69, 0x70, 0x74, 0x6F, 0x67, 0x72, 0x61, 0x66, 0x69, 0x61, 0x2E, 0x27, 
  0x3B, 0x0A, 0x20, 0x20, 0x20, 0x20, 0x20, 0x20, 0x20, 0x20, 0x20, 0x20, 0x20, 0x20, 0x20, 0x20, 
  0x74, 0x72, 0x61, 0x6E, 0x73, 0x70, 0x6F, 0x72, 0x74, 0x53, 0x74, 0x61, 0x74, 0x75, 0x73, 0x2E, 
  0x63, 0x6C, 0x61, 0x73, 0x73, 0x4E, 0x61, 0x6D, 0x65, 0x20, 0x3D, 0x20, 0x73, 0x65, 0x63, 0x75, 
  0x72, 0x65, 0x54, 0x72, 0x61, 0x6E, 0x73, 0x70, 0x6F, 0x72, 0x74, 0x20, 0x3F, 0x20, 0x27, 0x6D, 
  0x75, 0x74, 0x65, 0x64, 0x20, 0x6C, 0x69, 0x6E, 0x6B, 0x2D, 0x73, 0x65, 0x6E, 0x64, 0x2D, 0x6F, 
  0x6B, 0x27, 0x20, 0x3A, 0x20, 0x27, 0x6D, 0x75, 0x74, 0x65, 0x64, 0x20, 0x6C, 0x69, 0x6E, 0x6B, 
  0x2D, 0x73, 0x65, 0x6E, 0x64, 0x2D, 0x65, 0x72, 0x72, 0x6F, 0x72, 0x27, 0x3B, 0x0A, 0x20, 0x20, 
  0x20, 0x20, 0x20, 0x20, 0x20, 0x20, 0x20, 0x20, 0x20, 0x20, 0x20, 0x20, 0x63, 0x6F, 0x6E, 0x73, 
  0x74, 0x20, 0x73, 0x65, 0x6E, 0x64, 0x53, 0x74, 0x61, 0x74, 0x75, 0x73, 0x20, 0x3D, 0x20, 0x64, 
  0x6F, 0x63, 0x75, 0x6D, 0x65, 0x6E, 0x74, 0x2E, 0x67, 0x65, 0x74, 0x45, 0x6C, 0x65, 0x6D, 0x65, 
  0x6E, 0x74, 0x42, 0x79, 0x49, 0x64, 0x28, 0x27, 0x64, 0x61, 0x73, 0x68, 0x62, 0x6F, 0x61, 0x72, 
  0x64, 0x4C, 0x69, 0x6E, 0x6B, 0x53, 0x65, 0x6E, 0x64, 0x53, 0x74, 0x61, 0x74, 0x75, 0x73, 0x27, 
  0x29, 0x3B, 0x0A, 0x20, 0x20, 0x20, 0x20, 0x20, 0x20, 0x20, 0x20, 0x20, 0x20, 0x20, 0x20, 0x20, 
  0x20, 0x73, 0x65, 0x6E, 0x64, 0x53, 0x74, 0x61, 0x74, 0x75, 0x73, 0x2E, 0x74, 0x65, 0x78, 0x74, 
  0x43, 0x6F, 0x6E, 0x74, 0x65, 0x6E, 0x74, 0x20, 0x3D, 0x20, 0x64, 0x61, 0x74, 0x61, 0x2E, 0x68, 
  0x61, 0x73, 0x53, 0x65, 0x6E, 0x74, 0x0A, 0x20, 0x20, 0x20, 0x20, 0x20, 0x20, 0x20, 0x20, 0x20, 
  0x20, 0x20, 0x20, 0x20, 0x20, 0x20, 0x20, 0x3F, 0x20, 0x60, 0x24, 0x7B, 0x64, 0x61, 0x74, 0x61, 
  0x2E, 0x6C, 0x61, 0x73, 0x74, 0x53, 0x65, 0x6E, 0x64, 0x4F, 0x6B, 0x20, 0x3F, 0x20, 0x27, 0x5C, 
  0x75, 0x30, 0x30, 0x44, 0x41, 0x6C, 0x74, 0x69, 0x6D, 0x6F, 0x20, 0x65, 0x6E, 0x76, 0x69, 0x6F, 
  0x20, 0x63, 0x6F, 0x6E, 0x63, 0x6C, 0x75, 0x5C, 0x75, 0x30, 0x30, 0x45, 0x44, 0x64, 0x6F, 0x3A, 
  0x20, 0x27, 0x20, 0x3A, 0x20, 0x27, 0x5C, 0x75, 0x30, 0x30, 0x44, 0x41, 0x6C, 0x74, 0x69, 0x6D, 
  0x6F, 0x20, 0x65, 0x6E, 0x76, 0x69, 0x6F, 0x20, 0x63, 0x6F, 0x6D, 0x20, 0x66, 0x61, 0x6C, 0x68, 
  0x61, 0x3A, 0x20, 0x27, 0x7D, 0x24, 0x7B, 0x64, 0x61, 0x74, 0x61, 0x2E, 0x6C, 0x61, 0x73, 0x74, 
  0x4D, 0x65, 0x73, 0x73, 0x61, 0x67, 0x65, 0x7D, 0x60, 0x0A, 0x20, 0x20, 0x20, 0x20, 0x20, 0x20, 
  0x20, 0x20, 0x20, 0x20, 0x20, 0x20, 0x20, 0x20, 0x20, 0x20, 0x3A, 0x20, 0x27, 0x56, 0x5C, 0x75, 
  0x30, 0x30, 0x45, 0x44, 0x6E, 0x63, 0x75, 0x6C, 0x6F, 0x20, 0x61, 0x74, 0x69, 0x76, 0x6F, 0x2E, 
  0x20, 0x41, 0x67, 0x75, 0x61, 0x72, 0x64, 0x61, 0x6E, 0x64, 0x6F, 0x20, 0x61, 0x20, 0x70, 0x72, 
  0x69, 0x6D, 0x65, 0x69, 0x72, 0x61, 0x20, 0x6C, 0x65, 0x69, 0x74, 0x75, 0x72, 0x61, 0x2E, 0x27, 
  0x3B, 0x0A, 0x20, 0x20, 0x20, 0x20, 0x20, 0x20, 0x20, 0x20, 0x20, 0x20, 0x20, 0x20, 0x20, 0x20, 
  0x73, 0x65, 0x6E, 0x64, 0x53, 0x74, 0x61, 0x74, 0x75, 0x73, 0x2E, 0x63, 0x6C, 0x61, 0x73, 0x73, 
  0x4E, 0x61, 0x6D, 0x65, 0x20, 0x3D, 0x20, 0x64, 0x61, 0x74, 0x61, 0x2E, 0x68, 0x61, 0x73, 0x53, 
  0x65, 0x6E, 0x74, 0x20, 0x26, 0x26, 0x20, 0x21, 0x64, 0x61, 0x74, 0x61, 0x2E, 0x6C, 0x61, 0x73, 
  0x74, 0x53, 0x65, 0x6E, 0x64, 0x4F, 0x6B, 0x20, 0x3F, 0x20, 0x27, 0x6D, 0x75, 0x74, 0x65, 0x64, 
  0x20, 0x6C, 0x69, 0x6E, 0x6B, 0x2D, 0x73, 0x65, 0x6E, 0x64, 0x2D, 0x65, 0x72, 0x72, 0x6F, 0x72, 
  0x27, 0x20, 0x3A, 0x20, 0x27, 0x6D, 0x75, 0x74, 0x65, 0x64, 0x20, 0x6C, 0x69, 0x6E, 0x6B, 0x2D, 
  0x73, 0x65, 0x6E, 0x64, 0x2D, 0x6F, 0x6B, 0x27, 0x3B, 0x0A, 0x20, 0x20, 0x20, 0x20, 0x20, 0x20, 
  0x20, 0x20, 0x20, 0x20, 0x20, 0x20, 0x7D, 0x20, 0x65, 0x6C, 0x73, 0x65, 0x20, 0x69, 0x66, 0x20, 
  0x28, 0x64, 0x61, 0x74, 0x61, 0x2E, 0x73, 0x65, 0x72, 0x76, 0x65, 0x72, 0x55, 0x72, 0x6C, 0x29, 
  0x20, 0x7B, 0x0A, 0x20, 0x20, 0x20, 0x20, 0x20, 0x20, 0x20, 0x20, 0x20, 0x20, 0x20, 0x20, 0x20, 
  0x20, 0x64, 0x6F, 0x63, 0x75, 0x6D, 0x65, 0x6E, 0x74, 0x2E, 0x67, 0x65, 0x74, 0x45, 0x6C, 0x65, 
  0x6D, 0x65, 0x6E, 0x74, 0x42, 0x79, 0x49, 0x64, 0x28, 0x27, 0x64, 0x61, 0x73, 0x68, 0x62, 0x6F, 
  0x61, 0x72, 0x64, 0x53, 0x65, 0x72, 0x76, 0x65, 0x72, 0x55, 0x72, 0x6C, 0x27, 0x29, 0x2E, 0x76, 
  0x61, 0x6C, 0x75, 0x65, 0x20, 0x3D, 0x20, 0x64, 0x61, 0x74, 0x61, 0x2E, 0x73, 0x65, 0x72, 0x76, 
  0x65, 0x72, 0x55, 0x72, 0x6C, 0x3B, 0x0A, 0x20, 0x20, 0x20, 0x20, 0x20, 0x20, 0x20, 0x20, 0x20, 
  0x20, 0x20, 0x20, 0x20, 0x20, 0x75, 0x70, 0x64, 0x61, 0x74, 0x65, 0x44, 0x61, 0x73, 0x68, 0x62, 
  0x6F, 0x61, 0x72, 0x64, 0x54, 0x72, 0x61, 0x6E, 0x73, 0x70, 0x6F, 0x72, 0x74, 0x43, 0x68, 0x6F, 
  0x69, 0x63, 0x65, 0x28, 0x29, 0x3B, 0x0A, 0x20, 0x20, 0x20, 0x20, 0x20, 0x20, 0x20, 0x20, 0x20, 
  0x20, 0x20, 0x20, 0x7D, 0x0A, 0x20, 0x20, 0x20, 0x20, 0x20, 0x20, 0x20, 0x20, 0x20, 0x20, 0x7D, 
  0x0A, 0x0A, 0x20, 0x20, 0x20, 0x20, 0x20, 0x20, 0x20, 0x20, 0x20, 0x20, 0x66, 0x75, 0x6E, 0x63, 
  0x74, 0x69, 0x6F, 0x6E, 0x20, 0x75, 0x70, 0x64, 0x61, 0x74, 0x65, 0x44, 0x61, 0x73, 0x68, 0x62, 
  0x6F, 0x61, 0x72, 0x64, 0x54, 0x72, 0x61, 0x6E, 0x73, 0x70, 0x6F, 0x72, 0x74, 0x43, 0x68, 0x6F, 
  0x69, 0x63, 0x65, 0x28, 0x29, 0x20, 0x7B, 0x0A, 0x20, 0x20, 0x20, 0x20, 0x20, 0x20, 0x20, 0x20, 
  0x20, 0x20, 0x20, 0x20, 0x63, 0x6F, 0x6E, 0x73, 0x74, 0x20, 0x75, 0x72, 0x6C, 0x20, 0x3D, 0x20, 
  0x64, 0x6F, 0x63, 0x75, 0x6D, 0x65, 0x6E, 0x74, 0x2E, 0x67, 0x65, 0x74, 0x45, 0x6C, 0x65, 0x6D, 
  0x65, 0x6E, 0x74, 0x42, 0x79, 0x49, 0x64, 0x28, 0x27, 0x64, 0x61, 0x73, 0x68, 0x62, 0x6F, 0x61, 
  0x72, 0x64, 0x53, 0x65, 0x72, 0x76, 0x65, 0x72, 0x55, 0x72, 0x6C, 0x27, 0x29, 0x2E, 0x76, 0x61, 
  0x6C, 0x75, 0x65, 0x2E, 0x74, 0x72, 0x69, 0x6D, 0x28, 0x29, 0x2E, 0x74, 0x6F, 0x4C, 0x6F, 0x77, 
  0x65, 0x72, 0x43, 0x61, 0x73, 0x65, 0x28, 0x29, 0x3B, 0x0A, 0x20, 0x20, 0x20, 0x20, 0x20, 0x20, 
  0x20, 0x20, 0x20, 0x20, 0x20, 0x20, 0x63, 0x6F, 0x6E, 0x73, 0x74, 0x20, 0x75, 0x73, 0x65, 0x73, 
  0x48, 0x74, 0x74, 0x70, 0x20, 0x3D, 0x20, 0x75, 0x72, 0x6C, 0x2E, 0x73, 0x74, 0x61, 0x72, 0x74, 
  0x73, 0x57, 0x69, 0x74, 0x68, 0x28, 0x27, 0x68, 0x74, 0x74, 0x70, 0x3A, 0x2F, 0x2F, 0x27, 0x29, 
  0x3B, 0x0A, 0x20, 0x20, 0x20, 0x20, 0x20, 0x20, 0x20, 0x20, 0x20, 0x20, 0x20, 0x20, 0x64, 0x6F, 
  0x63, 0x75, 0x6D, 0x65, 0x6E, 0x74, 0x2E, 0x67, 0x65, 0x74, 0x45, 0x6C, 0x65, 0x6D, 0x65, 0x6E, 
  0x74, 0x42, 0x79, 0x49, 0x64, 0x28, 0x27, 0x64, 0x61, 0x73, 0x68, 0x62, 0x6F, 0x61, 0x72, 0x64, 
  0x48, 0x74, 0x74, 0x70, 0x57, 0x61, 0x72, 0x6E, 0x69, 0x6E, 0x67, 0x27, 0x29, 0x2E, 0x63, 0x6C, 
  0x61, 0x73, 0x73, 0x4C, 0x69, 0x73, 0x74, 0x2E, 0x74, 0x6F, 0x67, 0x67, 0x6C, 0x65, 0x28, 0x27, 
  0x68, 0x69, 0x64, 0x64, 0x65, 0x6E, 0x27, 0x2C, 0x20, 0x21, 0x75, 0x73, 0x65, 0x73, 0x48, 0x74, 
  0x74, 0x70, 0x29, 0x3B, 0x0A, 0x20, 0x20, 0x20, 0x20, 0x20, 0x20, 0x20, 0x20, 0x20, 0x20, 0x20, 
  0x20, 0x69, 0x66, 0x20, 0x28, 0x21, 0x75, 0x73, 0x65, 0x73, 0x48, 0x74, 0x74, 0x70, 0x29, 0x20, 
  0x64, 0x6F, 0x63, 0x75, 0x6D, 0x65, 0x6E, 0x74, 0x2E, 0x67, 0x65, 0x74, 0x45, 0x6C, 0x65, 0x6D, 
  0x65, 0x6E, 0x74, 0x42, 0x79, 0x49, 0x64, 0x28, 0x27, 0x64, 0x61, 0x73, 0x68, 0x62, 0x6F, 0x61, 
  0x72, 0x64, 0x48, 0x74, 0x74, 0x70, 0x41, 0x63, 0x6B, 0x27, 0x29, 0x2E, 0x63, 0x68, 0x65, 0x63, 
  0x6B, 0x65, 0x64, 0x20, 0x3D, 0x20, 0x66, 0x61, 0x6C, 0x73, 0x65, 0x3B, 0x0A, 0x20, 0x20, 0x20, 
  0x20, 0x20, 0x20, 0x20, 0x20, 0x20, 0x20, 0x7D, 0x0A, 0x0A, 0x20, 0x20, 0x20, 0x20, 0x20, 0x20, 
  0x20, 0x20, 0x20, 0x20, 0x61, 0x73, 0x79, 0x6E, 0x63, 0x20, 0x66, 0x75, 0x6E, 0x63, 0x74, 0x69, 
  0x6F, 0x6E, 0x20, 0x6C, 0x6F, 0x61, 0x64, 0x44, 0x61, 0x73, 0x68, 0x62, 0x6F, 0x61, 0x72, 0x64, 
  0x4C, 0x69, 0x6E, 0x6B, 0x28, 0x29, 0x20, 0x7B, 0x0A, 0x20, 0x20, 0x20, 0x20, 0x20, 0x20, 0x20, 
  0x20, 0x20, 0x20, 0x20, 0x20, 0x74, 0x72, 0x79, 0x20, 0x7B, 0x0A, 0x20, 0x20, 0x20, 0x20, 0x20, 
  0x20, 0x20, 0x20, 0x20, 0x20, 0x20, 0x20, 0x20, 0x20, 0x63, 0x6F, 0x6E, 0x73, 0x74, 0x20, 0x64, 
  0x61, 0x74, 0x61, 0x20, 0x3D, 0x20, 0x61, 0x77, 0x61, 0x69, 0x74, 0x20, 0x72, 0x65, 0x71, 0x75, 
  0x65, 0x73, 0x74, 0x28, 0x27, 0x2F, 0x61, 0x70, 0x69, 0x2F, 0x64, 0x61, 0x73, 0x68, 0x62, 0x6F, 
  0x61, 0x72, 0x64, 0x2D, 0x6C, 0x69, 0x6E, 0x6B, 0x27, 0x29, 0x3B, 0x0A, 0x20, 0x20, 0x20, 0x20, 
  0x20, 0x20, 0x20, 0x20, 0x20, 0x20, 0x20, 0x20, 0x20, 0x20, 0x72, 0x65, 0x6E, 0x64, 0x65, 0x72, 
  0x44, 0x61, 0x73, 0x68, 0x62, 0x6F, 0x61, 0x72, 0x64, 0x4C, 0x69, 0x6E, 0x6B, 0x28, 0x64, 0x61, 
  0x74, 0x61, 0x29, 0x3B, 0x0A, 0x20, 0x20, 0x20, 0x20, 0x20, 0x20, 0x20, 0x20, 0x20, 0x20, 0x20, 
  0x20, 0x7D, 0x20, 0x63, 0x61, 0x74, 0x63, 0x68, 0x20, 0x28, 0x65, 0x72, 0x72, 0x6F, 0x72, 0x29, 
  0x20, 0x7B, 0x0A, 0x20, 0x20, 0x20, 0x20, 0x20, 0x20, 0x20, 0x20, 0x20, 0x20, 0x20, 0x20, 0x20, 
  0x20, 0x64, 0x6F, 0x63, 0x75, 0x6D, 0x65, 0x6E, 0x74, 0x2E, 0x67, 0x65, 0x74, 0x45, 0x6C, 0x65, 
  0x6D, 0x65, 0x6E, 0x74, 0x42, 0x79, 0x49, 0x64, 0x28, 0x27, 0x64, 0x61, 0x73, 0x68, 0x62, 0x6F, 
  0x61, 0x72, 0x64, 0x4C, 0x69, 0x6E, 0x6B, 0x4D, 0x65, 0x73, 0x73, 0x61, 0x67, 0x65, 0x27, 0x29, 
  0x2E, 0x74, 0x65, 0x78, 0x74, 0x43, 0x6F, 0x6E, 0x74, 0x65, 0x6E, 0x74, 0x20, 0x3D, 0x20, 0x65, 
  0x72, 0x72, 0x6F, 0x72, 0x2E, 0x6D, 0x65, 0x73, 0x73, 0x61, 0x67, 0x65, 0x20, 0x7C, 0x7C, 0x20, 
  0x27, 0x4E, 0x5C, 0x75, 0x30, 0x30, 0x45, 0x33, 0x6F, 0x20, 0x66, 0x6F, 0x69, 0x20, 0x70, 0x6F, 
  0x73, 0x73, 0x5C, 0x75, 0x30, 0x30, 0x45, 0x44, 0x76, 0x65, 0x6C, 0x20, 0x63, 0x6F, 0x6E, 0x73, 
  0x75, 0x6C, 0x74, 0x61, 0x72, 0x20, 0x6F, 0x20, 0x76, 0x5C, 0x75, 0x30, 0x30, 0x45, 0x44, 0x6E, 
  0x63, 0x75, 0x6C, 0x6F, 0x2E, 0x27, 0x3B, 0x0A, 0x20, 0x20, 0x20, 0x20, 0x20, 0x20, 0x20, 0x20, 
  0x20, 0x20, 0x20, 0x20, 0x7D, 0x0A, 0x20, 0x20, 0x20, 0x20, 0x20, 0x20, 0x20, 0x20, 0x20, 0x20, 
  0x7D, 0x0A, 0x0A, 0x20, 0x20, 0x20, 0x20, 0x20, 0x20, 0x20, 0x20, 0x20, 0x20, 0x61, 0x73, 0x79, 
  0x6E, 0x63, 0x20, 0x66, 0x75, 0x6E, 0x63, 0x74, 0x69, 0x6F, 0x6E, 0x20, 0x6C, 0x69, 0x6E, 0x6B, 
  0x44, 0x61, 0x73, 0x68, 0x62, 0x6F, 0x61, 0x72, 0x64, 0x28, 0x29, 0x20, 0x7B, 0x0A, 0x20, 0x20, 
  0x20, 0x20, 0x20, 0x20, 0x20, 0x20, 0x20, 0x20, 0x20, 0x20, 0x63, 0x6F, 0x6E, 0x73, 0x74, 0x20, 
  0x6D, 0x65, 0x73, 0x73, 0x61, 0x67, 0x65, 0x20, 0x3D, 0x20, 0x64, 0x6F, 0x63, 0x75, 0x6D, 0x65, 
  0x6E, 0x74, 0x2E, 0x67, 0x65, 0x74, 0x45, 0x6C, 0x65, 0x6D, 0x65, 0x6E, 0x74, 0x42, 0x79, 0x49, 
  0x64, 0x28, 0x27, 0x64, 0x61, 0x73, 0x68, 0x62, 0x6F, 0x61, 0x72, 0x64, 0x4C, 0x69, 0x6E, 0x6B, 
  0x4D, 0x65, 0x73, 0x73, 0x61, 0x67, 0x65, 0x27, 0x29, 0x3B, 0x0A, 0x20, 0x20, 0x20, 0x20, 0x20, 
  0x20, 0x20, 0x20, 0x20, 0x20, 0x20, 0x20, 0x63, 0x6F, 0x6E, 0x73, 0x74, 0x20, 0x73, 0x65, 0x72, 
  0x76, 0x65, 0x72, 0x55, 0x72, 0x6C, 0x20, 0x3D, 0x20, 0x64, 0x6F, 0x63, 0x75, 0x6D, 0x65, 0x6E, 
  0x74, 0x2E, 0x67, 0x65, 0x74, 0x45, 0x6C, 0x65, 0x6D, 0x65, 0x6E, 0x74, 0x42, 0x79, 0x49, 0x64, 
  0x28, 0x27, 0x64, 0x61, 0x73, 0x68, 0x62, 0x6F, 0x61, 0x72, 0x64, 0x53, 0x65, 0x72, 0x76, 0x65, 
  0x72, 0x55, 0x72, 0x6C, 0x27, 0x29, 0x2E, 0x76, 0x61, 0x6C, 0x75, 0x65, 0x2E, 0x74, 0x72, 0x69, 
  0x6D, 0x28, 0x29, 0x3B, 0x0A, 0x20, 0x20, 0x20, 0x20, 0x20, 0x20, 0x20, 0x20, 0x20, 0x20, 0x20, 
  0x20, 0x63, 0x6F, 0x6E, 0x73, 0x74, 0x20, 0x61, 0x6C, 0x6C, 0x6F, 0x77, 0x49, 0x6E, 0x73, 0x65, 
  0x63, 0x75, 0x72, 0x65, 0x48, 0x74, 0x74, 0x70, 0x20, 0x3D, 0x20, 0x73, 0x65, 0x72, 0x76, 0x65, 
  0x72, 0x55, 0x72, 0x6C, 0x2E, 0x74, 0x6F, 0x4C, 0x6F, 0x77, 0x65, 0x72, 0x43, 0x61, 0x73, 0x65, 
  0x28, 0x29, 0x2E, 0x73, 0x74, 0x61, 0x72, 0x74, 0x73, 0x57, 0x69, 0x74, 0x68, 0x28, 0x27, 0x68, 
  0x74, 0x74, 0x70, 0x3A, 0x2F, 0x2F, 0x27, 0x29, 0x20, 0x26, 0x26, 0x20, 0x64, 0x6F, 0x63, 0x75, 
  0x6D, 0x65, 0x6E, 0x74, 0x2E, 0x67, 0x65, 0x74, 0x45, 0x6C, 0x65, 0x6D, 0x65, 0x6E, 0x74, 0x42, 
  0x79, 0x49, 0x64, 0x28, 0x27, 0x64, 0x61, 0x73, 0x68, 0x62, 0x6F, 0x61, 0x72, 0x64, 0x48, 0x74, 
  0x74, 0x70, 0x41, 0x63, 0x6B, 0x27, 0x29, 0x2E, 0x63, 0x68, 0x65, 0x63, 0x6B, 0x65, 0x64, 0x3B, 
  0x0A, 0x20, 0x20, 0x20, 0x20, 0x20, 0x20, 0x20, 0x20, 0x20, 0x20, 0x20, 0x20, 0x69, 0x66, 0x20, 
  0x28, 0x73, 0x65, 0x72, 0x76, 0x65, 0x72, 0x55, 0x72, 0x6C, 0x2E, 0x74, 0x6F, 0x4C, 0x6F, 0x77, 
  0x65, 0x72, 0x43, 0x61, 0x73, 0x65, 0x28, 0x29, 0x2E, 0x73, 0x74, 0x61, 0x72, 0x74, 0x73, 0x57, 
  0x69, 0x74, 0x68, 0x28, 0x27, 0x68, 0x74, 0x74, 0x70, 0x3A, 0x2F, 0x2F, 0x27, 0x29, 0x20, 0x26, 
  0x26, 0x20, 0x21, 0x61, 0x6C, 0x6C, 0x6F, 0x77, 0x49, 0x6E, 0x73, 0x65, 0x63, 0x75, 0x72, 0x65, 
  0x48, 0x74, 0x74, 0x70, 0x29, 0x20, 0x7B, 0x0A, 0x20, 0x20, 0x20, 0x20, 0x20, 0x20, 0x20, 0x20, 
  0x20, 0x20, 0x20, 0x20, 0x20, 0x20, 0x6D, 0x65, 0x73, 0x73, 0x61, 0x67, 0x65, 0x2E, 0x74, 0x65, 
  0x78, 0x74, 0x43, 0x6F, 0x6E, 0x74, 0x65, 0x6E, 0x74, 0x20, 0x3D, 0x20, 0x27, 0x43, 0x6F, 0x6E, 
  0x66, 0x69, 0x72, 0x6D, 0x65, 0x20, 0x6F, 0x20, 0x61, 0x76, 0x69, 0x73, 0x6F, 0x20, 0x64, 0x65, 
  0x20, 0x73, 0x65, 0x67, 0x75, 0x72, 0x61, 0x6E, 0x5C, 0x75, 0x30, 0x30, 0x45, 0x37, 0x61, 0x20, 
  0x70, 0x61, 0x72, 0x61, 0x20, 0x70, 0x65, 0x72, 0x6D, 0x69, 0x74, 0x69, 0x72, 0x20, 0x48, 0x54, 
  0x54, 0x50, 0x2E, 0x27, 0x3B, 0x0A, 0x20, 0x20, 0x20, 0x20, 0x20, 0x20, 0x20, 0x20, 0x20, 0x20, 
  0x20, 0x20, 0x20, 0x20, 0x72, 0x65, 0x74, 0x75, 0x72, 0x6E, 0x3B, 0x0A, 0x20, 0x20, 0x20, 0x20, 
  0x20, 0x20, 0x20, 0x20, 0x20, 0x20, 0x20, 0x20, 0x7D, 0x0A, 0x20, 0x20, 0x20, 0x20, 0x20, 0x20, 
  0x20, 0x20, 0x20, 0x20, 0x20, 0x20, 0x63, 0x6F, 0x6E, 0x73, 0x74, 0x20, 0x62, 0x75, 0x74, 0x74, 
  0x6F, 0x6E, 0x20, 0x3D, 0x20, 0x64, 0x6F, 0x63, 0x75, 0x6D, 0x65, 0x6E, 0x74, 0x2E, 0x67, 0x65, 
  0x74, 0x45, 0x6C, 0x65, 0x6D, 0x65, 0x6E, 0x74, 0x42, 0x79, 0x49, 0x64, 0x28, 0x27, 0x64, 0x61, 
  0x73, 0x68, 0x62, 0x6F, 0x61, 0x72, 0x64, 0x4C, 0x69, 0x6E, 0x6B, 0x42, 0x74, 0x6E, 0x27, 0x29, 
  0x3B, 0x0A, 0x20, 0x20, 0x20, 0x20, 0x20, 0x20, 0x20, 0x20, 0x20, 0x20, 0x20, 0x20, 0x62, 0x75, 
  0x74, 0x74, 0x6F, 0x6E, 0x2E, 0x64, 0x69, 0x73, 0x61, 0x62, 0x6C, 0x65, 0x64, 0x20, 0x3D, 0x20, 
  0x74, 0x72, 0x75, 0x65, 0x3B, 0x0A, 0x20, 0x20, 0x20, 0x20, 0x20, 0x20, 0x20, 0x20, 0x20, 0x20, 
  0x20, 0x20, 0x6D, 0x65, 0x73, 0x73, 0x61, 0x67, 0x65, 0x2E, 0x74, 0x65, 0x78, 0x74, 0x43, 0x6F, 
  0x6E, 0x74, 0x65, 0x6E, 0x74, 0x20, 0x3D, 0x20, 0x27, 0x56, 0x61, 0x6C, 0x69, 0x64, 0x61, 0x6E, 
  0x64, 0x6F, 0x20, 0x61, 0x20, 0x63, 0x6F, 0x6E, 0x74, 0x61, 0x20, 0x65, 0x20, 0x76, 0x69, 0x6E, 
  0x63, 0x75, 0x6C, 0x61, 0x6E, 0x64, 0x6F, 0x20, 0x6F, 0x20, 0x61, 0x70, 0x61, 0x72, 0x65, 0x6C, 
  0x68, 0x6F, 0x2E, 0x2E, 0x2E, 0x27, 0x3B, 0x0A, 0x20, 0x20, 0x20, 0x20, 0x20, 0x20, 0x20, 0x20, 
  0x20, 0x20, 0x20, 0x20, 0x74, 0x72, 0x79, 0x20, 0x7B, 0x0A, 0x20, 0x20, 0x20, 0x20, 0x20, 0x20, 
  0x20, 0x20, 0x20, 0x20, 0x20, 0x20, 0x20, 0x20, 0x63, 0x6F, 0x6E, 0x73, 0x74, 0x20, 0x72, 0x65, 
  0x73, 0x75, 0x6C, 0x74, 0x20, 0x3D, 0x20, 0x61, 0x77, 0x61, 0x69, 0x74, 0x20, 0x72, 0x65, 0x71, 
  0x75, 0x65, 0x73, 0x74, 0x28, 0x27, 0x2F, 0x61, 0x70, 0x69, 0x2F, 0x64, 0x61, 0x73, 0x68, 0x62, 
  0x6F, 0x61, 0x72, 0x64, 0x2D, 0x6C, 0x69, 0x6E, 0x6B, 0x2F, 0x6C, 0x6F, 0x67, 0x69, 0x6E, 0x27, 
  0x2C, 0x20, 0x7B, 0x0A, 0x20, 0x20, 0x20, 0x20, 0x20, 0x20, 0x20, 0x20, 0x20, 0x20, 0x20, 0x20, 
  0x20, 0x20, 0x20, 0x20, 0x6D, 0x65, 0x74, 0x68, 0x6F, 0x64, 0x3A, 0x20, 0x27, 0x50, 0x4F, 0x53, 
  0x54, 0x27, 0x2C, 0x0A, 0x20, 0x20, 0x20, 0x20, 0x20, 0x20, 0x20, 0x20, 0x20, 0x20, 0x20, 0x20, 
  0x20, 0x20, 0x20, 0x20, 0x68, 0x65, 0x61, 0x64, 0x65, 0x72, 0x73, 0x3A, 0x20, 0x7B, 0x20, 0x27, 
  0x43, 0x6F, 0x6E, 0x74, 0x65, 0x6E, 0x74, 0x2D, 0x54, 0x79, 0x70, 0x65, 0x27, 0x3A, 0x20, 0x27, 
  0x61, 0x70, 0x70, 0x6C, 0x69, 0x63, 0x61, 0x74, 0x69, 0x6F, 0x6E, 0x2F, 0x6A, 0x73, 0x6F, 0x6E, 
  0x27, 0x20, 0x7D, 0x2C, 0x0A, 0x20, 0x20, 0x20, 0x20, 0x20, 0x20, 0x20, 0x20, 0x20, 0x20, 0x20, 
  0x20, 0x20, 0x20, 0x20, 0x20, 0x62, 0x6F, 0x64, 0x79, 0x3A, 0x20, 0x4A, 0x53, 0x4F, 0x4E, 0x2E, 
  0x73, 0x74, 0x72, 0x69, 0x6E, 0x67, 0x69, 0x66, 0x79, 0x28, 0x7B, 0x0A, 0x20, 0x20, 0x20, 0x20, 
  0x20, 0x20, 0x20, 0x20, 0x20, 0x20, 0x20, 0x20, 0x20, 0x20, 0x20, 0x20, 0x20, 0x20, 0x73, 0x65, 
  0x72, 0x76, 0x65, 0x72, 0x55, 0x72, 0x6C, 0x2C, 0x0A, 0x20, 0x20, 0x20, 0x20, 0x20, 0x20, 0x20, 
  0x20, 0x20, 0x20, 0x20, 0x20, 0x20, 0x20, 0x20, 0x20, 0x20, 0x20, 0x65, 0x6D, 0x61, 0x69, 0x6C, 
  0x3A, 0x20, 0x64, 0x6F, 0x63, 0x75, 0x6D, 0x65, 0x6E, 0x74, 0x2E, 0x67, 0x65, 0x74, 0x45, 0x6C, 
  0x65, 0x6D, 0x65, 0x6E, 0x74, 0x42, 0x79, 0x49, 0x64, 0x28, 0x27, 0x64, 0x61, 0x73, 0x68, 0x62, 
  0x6F, 0x61, 0x72, 0x64, 0x4C, 0x69, 0x6E, 0x6B, 0x45, 0x6D, 0x61, 0x69, 0x6C, 0x27, 0x29, 0x2E, 
  0x76, 0x61, 0x6C, 0x75, 0x65, 0x2E, 0x74, 0x72, 0x69, 0x6D, 0x28, 0x29, 0x2C, 0x0A, 0x20, 0x20, 
  0x20, 0x20, 0x20, 0x20, 0x20, 0x20, 0x20, 0x20, 0x20, 0x20, 0x20, 0x20, 0x20, 0x20, 0x20, 0x20, 
  0x70, 0x61, 0x73, 0x73, 0x77, 0x6F, 0x72, 0x64, 0x3A, 0x20, 0x64, 0x6F, 0x63, 0x75, 0x6D, 0x65, 
  0x6E, 0x74, 0x2E, 0x67, 0x65, 0x74, 0x45, 0x6C, 0x65, 0x6D, 0x65, 0x6E, 0x74, 0x42, 0x79, 0x49, 
  0x64, 0x28, 0x27, 0x64, 0x61, 0x73, 0x68, 0x62, 0x6F, 0x61, 0x72, 0x64, 0x4C, 0x69, 0x6E, 0x6B, 
  0x50, 0x61, 0x73, 0x73, 0x77, 0x6F, 0x72, 0x64, 0x27, 0x29, 0x2E, 0x76, 0x61, 0x6C, 0x75, 0x65, 
  0x2C, 0x0A, 0x20, 0x20, 0x20, 0x20, 0x20, 0x20, 0x20, 0x20, 0x20, 0x20, 0x20, 0x20, 0x20, 0x20, 
  0x20, 0x20, 0x20, 0x20, 0x6C, 0x6F, 0x63, 0x61, 0x74, 0x69, 0x6F, 0x6E, 0x3A, 0x20, 0x64, 0x6F, 
  0x63, 0x75, 0x6D, 0x65, 0x6E, 0x74, 0x2E, 0x67, 0x65, 0x74, 0x45, 0x6C, 0x65, 0x6D, 0x65, 0x6E, 
  0x74, 0x42, 0x79, 0x49, 0x64, 0x28, 0x27, 0x64, 0x61, 0x73, 0x68, 0x62, 0x6F, 0x61, 0x72, 0x64, 
  0x4C, 0x69, 0x6E, 0x6B, 0x4C, 0x6F, 0x63, 0x61, 0x74, 0x69, 0x6F, 0x6E, 0x27, 0x29, 0x2E, 0x76, 
  0x61, 0x6C, 0x75, 0x65, 0x2E, 0x74, 0x72, 0x69, 0x6D, 0x28, 0x29, 0x2C, 0x0A, 0x20, 0x20, 0x20, 
  0x20, 0x20, 0x20, 0x20, 0x20, 0x20, 0x20, 0x20, 0x20, 0x20, 0x20, 0x20, 0x20, 0x20, 0x20, 0x61, 
  0x6C, 0x6C, 0x6F, 0x77, 0x49, 0x6E, 0x73, 0x65, 0x63, 0x75, 0x72, 0x65, 0x48, 0x74, 0x74, 0x70, 
  0x0A, 0x20, 0x20, 0x20, 0x20, 0x20, 0x20, 0x20, 0x20, 0x20, 0x20, 0x20, 0x20, 0x20, 0x20, 0x20, 
  0x20, 0x7D, 0x29, 0x0A, 0x20, 0x20, 0x20, 0x20, 0x20, 0x20, 0x20, 0x20, 0x20, 0x20, 0x20, 0x20, 
  0x20, 0x20, 0x7D, 0x29, 0x3B, 0x0A, 0x20, 0x20, 0x20, 0x20, 0x20, 0x20, 0x20, 0x20, 0x20, 0x20, 
  0x20, 0x20, 0x20, 0x20, 0x64, 0x6F, 0x63, 0x75, 0x6D, 0x65, 0x6E, 0x74, 0x2E, 0x67, 0x65, 0x74, 
  0x45, 0x6C, 0x65, 0x6D, 0x65, 0x6E, 0x74, 0x42, 0x79, 0x49, 0x64, 0x28, 0x27, 0x64, 0x61, 0x73, 
  0x68, 0x62, 0x6F, 0x61, 0x72, 0x64, 0x4C, 0x69, 0x6E, 0x6B, 0x50, 0x61, 0x73, 0x73, 0x77, 0x6F, 
  0x72, 0x64, 0x27, 0x29, 0x2E, 0x76, 0x61, 0x6C, 0x75, 0x65, 0x20, 0x3D, 0x20, 0x27, 0x27, 0x3B, 
  0x0A, 0x20, 0x20, 0x20, 0x20, 0x20, 0x20, 0x20, 0x20, 0x20, 0x20, 0x20, 0x20, 0x20, 0x20, 0x64, 
  0x6F, 0x63, 0x75, 0x6D, 0x65, 0x6E, 0x74, 0x2E, 0x67, 0x65, 0x74, 0x45, 0x6C, 0x65, 0x6D, 0x65, 
  0x6E, 0x74, 0x42, 0x79, 0x49, 0x64, 0x28, 0x27, 0x64, 0x61, 0x73, 0x68, 0x62, 0x6F, 0x61, 0x72, 
  0x64, 0x4C, 0x69, 0x6E, 0x6B, 0x45, 0x6D, 0x61, 0x69, 0x6C, 0x27, 0x29, 0x2E, 0x76, 0x61, 0x6C, 
  0x75, 0x65, 0x20, 0x3D, 0x20, 0x27, 0x27, 0x3B, 0x0A, 0x20, 0x20, 0x20, 0x20, 0x20, 0x20, 0x20, 
  0x20, 0x20, 0x20, 0x20, 0x20, 0x20, 0x20, 0x6D, 0x65, 0x73, 0x73, 0x61, 0x67, 0x65, 0x2E, 0x74, 
  0x65, 0x78, 0x74, 0x43, 0x6F, 0x6E, 0x74, 0x65, 0x6E, 0x74, 0x20, 0x3D, 0x20, 0x72, 0x65, 0x73, 
  0x75, 0x6C, 0x74, 0x2E, 0x6D, 0x65, 0x73, 0x73, 0x61, 0x67, 0x65, 0x20, 0x7C, 0x7C, 0x20, 0x27, 
  0x41, 0x70, 0x61, 0x72, 0x65, 0x6C, 0x68, 0x6F, 0x20, 0x76, 0x69, 0x6E, 0x63, 0x75, 0x6C, 0x61, 
  0x64, 0x6F, 0x2E, 0x27, 0x3B, 0x0A, 0x20, 0x20, 0x20, 0x20, 0x20, 0x20, 0x20, 0x20, 0x20, 0x20, 
  0x20, 0x20, 0x20, 0x20, 0x61, 0x77, 0x61, 0x69, 0x74, 0x20, 0x6C, 0x6F, 0x61, 0x64, 0x44, 0x61, 
  0x73, 0x68, 0x62, 0x6F, 0x61, 0x72, 0x64, 0x4C, 0x69, 0x6E, 0x6B, 0x28, 0x29, 0x3B, 0x0A, 0x20, 
  0x20, 0x20, 0x20, 0x20, 0x20, 0x20, 0x20, 0x20, 0x20, 0x20, 0x20, 0x7D, 0x20, 0x63, 0x61, 0x74, 
  0x63, 0x68, 0x20, 0x28, 0x65, 0x72, 0x72, 0x6F, 0x72, 0x29, 0x20, 0x7B, 0x0A, 0x20, 0x20, 0x20, 
  0x20, 0x20, 0x20, 0x20, 0x20, 0x20, 0x20, 0x20, 0x20, 0x20, 0x20, 0x6D, 0x65, 0x73, 0x73, 0x61, 
  0x67, 0x65, 0x2E, 0x74, 0x65, 0x78, 0x74, 0x43, 0x6F, 0x6E, 0x74, 0x65, 0x6E, 0x74, 0x20, 0x3D, 
  0x20, 0x65, 0x72, 0x72, 0x6F, 0x72, 0x2E, 0x6D, 0x65, 0x73, 0x73, 0x61, 0x67, 0x65, 0x20, 0x7C, 
  0x7C, 0x20, 0x27, 0x4E, 0x5C, 0x75, 0x30, 0x30, 0x45, 0x33, 0x6F, 0x20, 0x66, 0x6F, 0x69, 0x20, 
  0x70, 0x6F, 0x73, 0x73, 0x5C, 0x75, 0x30, 0x30, 0x45, 0x44, 0x76, 0x65, 0x6C, 0x20, 0x76, 0x69, 
  0x6E, 0x63, 0x75, 0x6C, 0x61, 0x72, 0x20, 0x6F, 0x20, 0x61, 0x70, 0x61, 0x72, 0x65, 0x6C, 0x68, 
  0x6F, 0x2E, 0x27, 0x3B, 0x0A, 0x20, 0x20, 0x20, 0x20, 0x20, 0x20, 0x20, 0x20, 0x20, 0x20, 0x20, 
  0x20, 0x7D, 0x20, 0x66, 0x69, 0x6E, 0x61, 0x6C, 0x6C, 0x79, 0x20, 0x7B, 0x0A, 0x20, 0x20, 0x20, 
  0x20, 0x20, 0x20, 0x20, 0x20, 0x20, 0x20, 0x20, 0x20, 0x20, 0x20, 0x62, 0x75, 0x74, 0x74, 0x6F, 
  0x6E, 0x2E, 0x64, 0x69, 0x73, 0x61, 0x62, 0x6C, 0x65, 0x64, 0x20, 0x3D, 0x20, 0x66, 0x61, 0x6C, 
  0x73, 0x65, 0x3B, 0x0A, 0x20, 0x20, 0x20, 0x20, 0x20, 0x20, 0x20, 0x20, 0x20, 0x20, 0x20, 0x20, 
  0x7D, 0x0A, 0x20, 0x20, 0x20, 0x20, 0x20, 0x20, 0x20, 0x20, 0x20, 0x20, 0x7D, 0x0A, 0x0A, 0x20, 
  0x20, 0x20, 0x20, 0x20, 0x20, 0x20, 0x20, 0x20, 0x20, 0x61, 0x73, 0x79, 0x6E, 0x63, 0x20, 0x66, 
  0x75, 0x6E, 0x63, 0x74, 0x69, 0x6F, 0x6E, 0x20, 0x75, 0x6E, 0x6C, 0x69, 0x6E, 0x6B, 0x44, 0x61, 
  0x73, 0x68, 0x62, 0x6F, 0x61, 0x72, 0x64, 0x28, 0x29, 0x20, 0x7B, 0x0A, 0x20, 0x20, 0x20, 0x20, 
  0x20, 0x20, 0x20, 0x20, 0x20, 0x20, 0x20, 0x20, 0x69, 0x66, 0x20, 0x28, 0x21, 0x77, 0x69, 0x6E, 
  0x64, 0x6F, 0x77, 0x2E, 0x63, 0x6F, 0x6E, 0x66, 0x69, 0x72, 0x6D, 0x28, 0x27, 0x52, 0x65, 0x6D, 
  0x6F, 0x76, 0x65, 0x72, 0x20, 0x6F, 0x20, 0x76, 0x5C, 0x75, 0x30, 0x30, 0x45, 0x44, 0x6E, 0x63, 
  0x75, 0x6C, 0x6F, 0x20, 0x64, 0x65, 0x73, 0x74, 0x65, 0x20, 0x61, 0x70, 0x61, 0x72, 0x65, 0x6C, 
  0x68, 0x6F, 0x20, 0x63, 0x6F, 0x6D, 0x20, 0x6F, 0x20, 0x4C, 0x41, 0x42, 0x2F, 0x4D, 0x4F, 0x4E, 
  0x49, 0x54, 0x4F, 0x52, 0x3F, 0x27, 0x29, 0x29, 0x20, 0x72, 0x65, 0x74, 0x75, 0x72, 0x6E, 0x3B, 
  0x0A, 0x20, 0x20, 0x20, 0x20, 0x20, 0x20, 0x20, 0x20, 0x20, 0x20, 0x20, 0x20, 0x63, 0x6F, 0x6E, 
  0x73, 0x74, 0x20, 0x62, 0x75, 0x74, 0x74, 0x6F, 0x6E, 0x20, 0x3D, 0x20, 0x64, 0x6F, 0x63, 0x75, 
  0x6D, 0x65, 0x6E, 0x74, 0x2E, 0x67, 0x65, 0x74, 0x45, 0x6C, 0x65, 0x6D, 0x65, 0x6E, 0x74, 0x42, 
  0x79, 0x49, 0x64, 0x28, 0x27, 0x64, 0x61, 0x73, 0x68, 0x62, 0x6F, 0x61, 0x72, 0x64, 0x55, 0x6E, 
  0x6C, 0x69, 0x6E, 0x6B, 0x42, 0x74, 0x6E, 0x27, 0x29, 0x3B, 0x0A, 0x20, 0x20, 0x20, 0x20, 0x20, 
  0x20, 0x20, 0x20, 0x20, 0x20, 0x20, 0x20, 0x63, 0x6F, 0x6E, 0x73, 0x74, 0x20, 0x6D, 0x65, 0x73, 
  0x73, 0x61, 0x67, 0x65, 0x20, 0x3D, 0x20, 0x64, 0x6F, 0x63, 0x75, 0x6D, 0x65, 0x6E, 0x74, 0x2E, 
  0x67, 0x65, 0x74, 0x45, 0x6C, 0x65, 0x6D, 0x65, 0x6E, 0x74, 0x42, 0x79, 0x49, 0x64, 0x28, 0x27, 
  0x64, 0x61, 0x73, 0x68, 0x62, 0x6F, 0x61, 0x72, 0x64, 0x4C, 0x69, 0x6E, 0x6B, 0x4D, 0x65, 0x73, 
  0x73, 0x61, 0x67, 0x65, 0x27, 0x29, 0x3B, 0x0A, 0x20, 0x20, 0x20, 0x20, 0x20, 0x20, 0x20, 0x20, 
  0x20, 0x20, 0x20, 0x20, 0x62, 0x75, 0x74, 0x74, 0x6F, 0x6E, 0x2E, 0x64, 0x69, 0x73, 0x61, 0x62, 
  0x6C, 0x65, 0x64, 0x20, 0x3D, 0x20, 0x74, 0x72, 0x75, 0x65, 0x3B, 0x0A, 0x20, 0x20, 0x20, 0x20, 
  0x20, 0x20, 0x20, 0x20, 0x20, 0x20, 0x20, 0x20, 0x74, 0x72, 0x79, 0x20, 0x7B, 0x0A, 0x20, 0x20, 
  0x20, 0x20, 0x20, 0x20, 0x20, 0x20, 0x20, 0x20, 0x20, 0x20, 0x20, 0x20, 0x63, 0x6F, 0x6E, 0x73, 
  0x74, 0x20, 0x72, 0x65, 0x73, 0x75, 0x6C, 0x74, 0x20, 0x3D, 0x20, 0x61, 0x77, 0x61, 0x69, 0x74, 
  0x20, 0x72, 0x65, 0x71, 0x75, 0x65, 0x73, 0x74, 0x28, 0x27, 0x2F, 0x61, 0x70, 0x69, 0x2F, 0x64, 
  0x61, 0x73, 0x68, 0x62, 0x6F, 0x61, 0x72, 0x64, 0x2D, 0x6C, 0x69, 0x6E, 0x6B, 0x2F, 0x72, 0x65, 
  0x6D, 0x6F, 0x76, 0x65, 0x27, 0x2C, 0x20, 0x7B, 0x20, 0x6D, 0x65, 0x74, 0x68, 0x6F, 0x64, 0x3A, 
  0x20, 0x27, 0x50, 0x4F, 0x53, 0x54, 0x27, 0x20, 0x7D, 0x29, 0x3B, 0x0A, 0x20, 0x20, 0x20, 0x20, 
  0x20, 0x20, 0x20, 0x20, 0x20, 0x20, 0x20, 0x20, 0x20, 0x20, 0x6D, 0x65, 0x73, 0x73, 0x61, 0x67, 
  0x65, 0x2E, 0x74, 0x65, 0x78, 0x74, 0x43, 0x6F, 0x6E, 0x74, 0x65, 0x6E, 0x74, 0x20, 0x3D, 0x20, 
  0x72, 0x65, 0x73, 0x75, 0x6C, 0x74, 0x2E, 0x6D, 0x65, 0x73, 0x73, 0x61, 0x67, 0x65, 0x20, 0x7C, 
  0x7C, 0x20, 0x27, 0x56, 0x5C, 0x75, 0x30, 0x30, 0x45, 0x44, 0x6E, 0x63, 0x75, 0x6C, 0x6F, 0x20, 
  0x72, 0x65, 0x6D, 0x6F, 0x76, 0x69, 0x64, 0x6F, 0x2E, 0x27, 0x3B, 0x0A, 0x20, 0x20, 0x20, 0x20, 
  0x20, 0x20, 0x20, 0x20, 0x20, 0x20, 0x20, 0x20, 0x20, 0x20, 0x61, 0x77, 0x61, 0x69, 0x74, 0x20, 
  0x6C, 0x6F, 0x61, 0x64, 0x44, 0x61, 0x73, 0x68, 0x62, 0x6F, 0x61, 0x72, 0x64, 0x4C, 0x69, 0x6E, 
  0x6B, 0x28, 0x29, 0x3B, 0x0A, 0x20, 0x20, 0x20, 0x20, 0x20, 0x20, 0x20, 0x20, 0x20, 0x20, 0x20, 
  0x20, 0x7D, 0x20, 0x63, 0x61, 0x74, 0x63, 0x68, 0x20, 0x28, 0x65, 0x72, 0x72, 0x6F, 0x72, 0x29, 
  0x20, 0x7B, 0x0A, 0x20, 0x20, 0x20, 0x20, 0x20, 0x20, 0x20, 0x20, 0x20, 0x20, 0x20, 0x20, 0x20, 
  0x20, 0x6D, 0x65, 0x73, 0x73, 0x61, 0x67, 0x65, 0x2E, 0x74, 0x65, 0x78, 0x74, 0x43, 0x6F, 0x6E, 
  0x74, 0x65, 0x6E, 0x74, 0x20, 0x3D, 0x20, 0x65, 0x72, 0x72, 0x6F, 0x72, 0x2E, 0x6D, 0x65, 0x73, 
  0x73, 0x61, 0x67, 0x65, 0x20, 0x7C, 0x7C, 0x20, 0x27, 0x4E, 0x5C, 0x75, 0x30, 0x30, 0x45, 0x33, 
  0x6F, 0x20, 0x66, 0x6F, 0x69, 0x20, 0x70, 0x6F, 0x73, 0x73, 0x5C, 0x75, 0x30, 0x30, 0x45, 0x44, 
  0x76, 0x65, 0x6C, 0x20, 0x72, 0x65, 0x6D, 0x6F, 0x76, 0x65, 0x72, 0x20, 0x6F, 0x20, 0x76, 0x5C, 
  0x75, 0x30, 0x30, 0x45, 0x44, 0x6E, 0x63, 0x75, 0x6C, 0x6F, 0x2E, 0x27, 0x3B, 0x0A, 0x20, 0x20, 
  0x20, 0x20, 0x20, 0x20, 0x20, 0x20, 0x20, 0x20, 0x20, 0x20, 0x7D, 0x20, 0x66, 0x69, 0x6E, 0x61, 
  0x6C, 0x6C, 0x79, 0x20, 0x7B, 0x0A, 0x20, 0x20, 0x20, 0x20, 0x20, 0x20, 0x20, 0x20, 0x20, 0x20, 
  0x20, 0x20, 0x20, 0x20, 0x62, 0x75, 0x74, 0x74, 0x6F, 0x6E, 0x2E, 0x64, 0x69, 0x73, 0x61, 0x62, 
  0x6C, 0x65, 0x64, 0x20, 0x3D, 0x20, 0x66, 0x61, 0x6C, 0x73, 0x65, 0x3B, 0x0A, 0x20, 0x20, 0x20, 
  0x20, 0x20, 0x20, 0x20, 0x20, 0x20, 0x20, 0x20, 0x20, 0x7D, 0x0A, 0x20, 0x20, 0x20, 0x20, 0x20, 
  0x20, 0x20, 0x20, 0x20, 0x20, 0x7D, 0x0A, 0x0A, 0x20, 0x20, 0x20, 0x20, 0x20, 0x20, 0x20, 0x20, 
  0x20, 0x20, 0x66, 0x75, 0x6E, 0x63, 0x74, 0x69, 0x6F, 0x6E, 0x20, 0x75, 0x70, 0x64, 0x61, 0x74, 
  0x65, 0x4E, 0x65, 0x74, 0x77, 0x6F, 0x72, 0x6B, 0x53, 0x65, 0x63, 0x75, 0x72, 0x69, 0x74, 0x79, 
  0x46, 0x69, 0x65, 0x6C, 0x64, 0x73, 0x28, 0x29, 0x20, 0x7B, 0x0A, 0x20, 0x20, 0x20, 0x20, 0x20, 
  0x20, 0x20, 0x20, 0x20, 0x20, 0x20, 0x20, 0x63, 0x6F, 0x6E, 0x73, 0x74, 0x20, 0x73, 0x65, 0x63, 
  0x75, 0x72, 0x69, 0x74, 0x79, 0x20, 0x3D, 0x20, 0x64, 0x6F, 0x63, 0x75, 0x6D, 0x65, 0x6E, 0x74, 
  0x2E, 0x67, 0x65, 0x74, 0x45, 0x6C, 0x65, 0x6D, 0x65, 0x6E, 0x74, 0x42, 0x79, 0x49, 0x64, 0x28, 
  0x27, 0x6E, 0x65, 0x74, 0x77, 0x6F, 0x72, 0x6B, 0x53, 0x65, 0x63, 0x75, 0x72, 0x69, 0x74, 0x79, 
  0x27, 0x29, 0x2E, 0x76, 0x61, 0x6C, 0x75, 0x65, 0x3B, 0x0A, 0x20, 0x20, 0x20, 0x20, 0x20, 0x20, 
  0x20, 0x20, 0x20, 0x20, 0x20, 0x20, 0x63, 0x6F, 0x6E, 0x73, 0x74, 0x20, 0x65, 0x6E, 0x74, 0x65, 
  0x72, 0x70, 0x72, 0x69, 0x73, 0x65, 0x20, 0x3D, 0x20, 0x5B, 0x27, 0x57, 0x50, 0x41, 0x32, 0x2D, 
  0x45, 0x4E, 0x54, 0x45, 0x52, 0x50, 0x52, 0x49, 0x53, 0x45, 0x27, 0x2C, 0x20, 0x27, 0x57, 0x50, 
  0x41, 0x2D, 0x45, 0x4E, 0x54, 0x45, 0x52, 0x50, 0x52, 0x49, 0x53, 0x45, 0x27, 0x5D, 0x2E, 0x69, 
  0x6E, 0x63, 0x6C, 0x75, 0x64, 0x65, 0x73, 0x28, 0x73, 0x65, 0x63, 0x75, 0x72, 0x69, 0x74, 0x79, 
  0x29, 0x3B, 0x0A, 0x20, 0x20, 0x20, 0x20, 0x20, 0x20, 0x20, 0x20, 0x20, 0x20, 0x20, 0x20, 0x64, 
  0x6F, 0x63, 0x75, 0x6D, 0x65, 0x6E, 0x74, 0x2E, 0x67, 0x65, 0x74, 0x45, 0x6C, 0x65, 0x6D, 0x65, 
  0x6E, 0x74, 0x42, 0x79, 0x49, 0x64, 0x28, 0x27, 0x65, 0x6E, 0x74, 0x65, 0x72, 0x70, 0x72, 0x69, 
  0x73, 0x65, 0x46, 0x69, 0x65, 0x6C, 0x64, 0x73, 0x27, 0x29, 0x2E, 0x63, 0x6C, 0x61, 0x73, 0x73, 
  0x4C, 0x69, 0x73, 0x74, 0x2E, 0x74, 0x6F, 0x67, 0x67, 0x6C, 0x65, 0x28, 0x27, 0x68, 0x69, 0x64, 
  0x64, 0x65, 0x6E, 0x27, 0x2C, 0x20, 0x21, 0x65, 0x6E, 0x74, 0x65, 0x72, 0x70, 0x72, 0x69, 0x73, 
  0x65, 0x29, 0x3B, 0x0A, 0x20, 0x20, 0x20, 0x20, 0x20, 0x20, 0x20, 0x20, 0x20, 0x20, 0x20, 0x20, 
  0x64, 0x6F, 0x63, 0x75, 0x6D, 0x65, 0x6E, 0x74, 0x2E, 0x67, 0x65, 0x74, 0x45, 0x6C, 0x65, 0x6D, 
  0x65, 0x6E, 0x74, 0x42, 0x79, 0x49, 0x64, 0x28, 0x27, 0x70, 0x65, 0x72, 0x73, 0x6F, 0x6E, 0x61, 
  0x6C, 0x50, 0x61, 0x73, 0x73, 0x77, 0x6F, 0x72, 0x64, 0x46, 0x69, 0x65, 0x6C, 0x64, 0x27, 0x29, 
  0x2E, 0x63, 0x6C, 0x61, 0x73, 0x73, 0x4C, 0x69, 0x73, 0x74, 0x2E, 0x74, 0x6F, 0x67, 0x67, 0x6C, 
  0x65, 0x28, 0x27, 0x68, 0x69, 0x64, 0x64, 0x65, 0x6E, 0x27, 0x2C, 0x20, 0x65, 0x6E, 0x74, 0x65, 
  0x72, 0x70, 0x72, 0x69, 0x73, 0x65, 0x20, 0x7C, 0x7C, 0x20, 0x73, 0x65, 0x63, 0x75, 0x72, 0x69, 
  0x74, 0x79, 0x20, 0x3D, 0x3D, 0x3D, 0x20, 0x27, 0x4F, 0x50, 0x45, 0x4E, 0x27, 0x29, 0x3B, 0x0A, 
  0x20, 0x20, 0x20, 0x20, 0x20, 0x20, 0x20, 0x20, 0x20, 0x20, 0x20, 0x20, 0x75, 0x70, 0x64, 0x61, 
  0x74, 0x65, 0x45, 0x6E, 0x74, 0x65, 0x72, 0x70, 0x72, 0x69, 0x73, 0x65, 0x4D, 0x65, 0x74, 0x68, 
  0x6F, 0x64, 0x46, 0x69, 0x65, 0x6C, 0x64, 0x73, 0x28, 0x29, 0x3B, 0x0A, 0x20, 0x20, 0x20, 0x20, 
  0x20, 0x20, 0x20, 0x20, 0x20, 0x20, 0x7D, 0x0A, 0x0A, 0x20, 0x20, 0x20, 0x20, 0x20, 0x20, 0x20, 
  0x20, 0x20, 0x20, 0x66, 0x75, 0x6E, 0x63, 0x74, 0x69, 0x6F, 0x6E, 0x20, 0x75, 0x70, 0x64, 0x61, 
  0x74, 0x65, 0x45, 0x6E, 0x74, 0x65, 0x72, 0x70, 0x72, 0x69, 0x73, 0x65, 0x4D, 0x65, 0x74, 0x68, 
  0x6F, 0x64, 0x46, 0x69, 0x65, 0x6C, 0x64, 0x73, 0x28, 0x29, 0x20, 0x7B, 0x0A, 0x20, 0x20, 0x20, 
  0x20, 0x20, 0x20, 0x20, 0x20, 0x20, 0x20, 0x20, 0x20, 0x63, 0x6F, 0x6E, 0x73, 0x74, 0x20, 0x6D, 
  0x65, 0x74, 0x68, 0x6F, 0x64, 0x20, 0x3D, 0x20, 0x64, 0x6F, 0x63, 0x75, 0x6D, 0x65, 0x6E, 0x74, 
  0x2E, 0x67, 0x65, 0x74, 0x45, 0x6C, 0x65, 0x6D, 0x65, 0x6E, 0x74, 0x42, 0x79, 0x49, 0x64, 0x28, 
  0x27, 0x65, 0x6E, 0x74, 0x65, 0x72, 0x70, 0x72, 0x69, 0x73, 0x65, 0x4D, 0x65, 0x74, 0x68, 0x6F, 
  0x64, 0x27, 0x29, 0x2E, 0x76, 0x61, 0x6C, 0x75, 0x65, 0x3B, 0x0A, 0x20, 0x20, 0x20, 0x20, 0x20, 
  0x20, 0x20, 0x20, 0x20, 0x20, 0x20, 0x20, 0x64, 0x6F, 0x63, 0x75, 0x6D, 0x65, 0x6E, 0x74, 0x2E, 
  0x67, 0x65, 0x74, 0x45, 0x6C, 0x65, 0x6D, 0x65, 0x6E, 0x74, 0x42, 0x79, 0x49, 0x64, 0x28, 0x27, 
  0x74, 0x74, 0x6C, 0x73, 0x50, 0x68, 0x61, 0x73, 0x65, 0x32, 0x46, 0x69, 0x65, 0x6C, 0x64, 0x27, 
  0x29, 0x2E, 0x63, 0x6C, 0x61, 0x73, 0x73, 0x4C, 0x69, 0x73, 0x74, 0x2E, 0x74, 0x6F, 0x67, 0x67, 
  0x6C, 0x65, 0x28, 0x27, 0x68, 0x69, 0x64, 0x64, 0x65, 0x6E, 0x27, 0x2C, 0x20, 0x6D, 0x65, 0x74, 
  0x68, 0x6F, 0x64, 0x20, 0x21, 0x3D, 0x3D, 0x20, 0x27, 0x54, 0x54, 0x4C, 0x53, 0x27, 0x29, 0x3B, 
  0x0A, 0x20, 0x20, 0x20, 0x20, 0x20, 0x20, 0x20, 0x20, 0x20, 0x20, 0x20, 0x20, 0x64, 0x6F, 0x63, 
  0x75, 0x6D, 0x65, 0x6E, 0x74, 0x2E, 0x67, 0x65, 0x74, 0x45, 0x6C, 0x65, 0x6D, 0x65, 0x6E, 0x74, 
  0x42, 0x79, 0x49, 0x64, 0x28, 0x27, 0x65, 0x6E, 0x74, 0x65, 0x72, 0x70, 0x72, 0x69, 0x73, 0x65, 
  0x49, 0x64, 0x65, 0x6E, 0x74, 0x69, 0x74, 0x79, 0x27, 0x29, 0x2E, 0x76, 0x61, 0x6C, 0x75, 0x65, 
  0x20, 0x3D, 0x20, 0x64, 0x6F, 0x63, 0x75, 0x6D, 0x65, 0x6E, 0x74, 0x2E, 0x67, 0x65, 0x74, 0x45, 
  0x6C, 0x65, 0x6D, 0x65, 0x6E, 0x74, 0x42, 0x79, 0x49, 0x64, 0x28, 0x27, 0x65, 0x6E, 0x74, 0x65, 
  0x72, 0x70, 0x72, 0x69, 0x73, 0x65, 0x55, 0x73, 0x65, 0x72, 0x6E, 0x61, 0x6D, 0x65, 0x27, 0x29, 
  0x2E, 0x76, 0x61, 0x6C, 0x75, 0x65, 0x3B, 0x0A, 0x20, 0x20, 0x20, 0x20, 0x20, 0x20, 0x20, 0x20, 
  0x20, 0x20, 0x20, 0x20, 0x63, 0x6F, 0x6E, 0x73, 0x74, 0x20, 0x68, 0x69, 0x6E, 0x74, 0x73, 0x20, 
  0x3D, 0x20, 0x7B, 0x0A, 0x20, 0x20, 0x20, 0x20, 0x20, 0x20, 0x20, 0x20, 0x20, 0x20, 0x20, 0x20, 
  0x20, 0x20, 0x50, 0x45, 0x41, 0x50, 0x3A, 0x20, 0x27, 0x50, 0x45, 0x41, 0x50, 0x2D, 0x4D, 0x53, 
  0x43, 0x48, 0x41, 0x50, 0x76, 0x32, 0x20, 0x73, 0x65, 0x6C, 0x65, 0x63, 0x69, 0x6F, 0x6E, 0x61, 
  0x64, 0x6F, 0x3A, 0x20, 0x75, 0x73, 0x61, 0x20, 0x6C, 0x6F, 0x67, 0x69, 0x6E, 0x20, 0x65, 0x20, 
  0x73, 0x65, 0x6E, 0x68, 0x61, 0x2E, 0x27, 0x2C, 0x0A, 0x20, 0x20, 0x20, 0x20, 0x20, 0x20, 0x20, 
  0x20, 0x20, 0x20, 0x20, 0x20, 0x20, 0x20, 0x54, 0x54, 0x4C, 0x53, 0x3A, 0x20, 0x27, 0x45, 0x41, 
  0x50, 0x2D, 0x54, 0x54, 0x4C, 0x53, 0x20, 0x73, 0x65, 0x6C, 0x65, 0x63, 0x69, 0x6F, 0x6E, 0x61, 
  0x64, 0x6F, 0x3A, 0x20, 0x75, 0x73, 0x61, 0x20, 0x6C, 0x6F, 0x67, 0x69, 0x6E, 0x2C, 0x20, 0x73, 
  0x65, 0x6E, 0x68, 0x61, 0x20, 0x65, 0x20, 0x61, 0x20, 0x61, 0x75, 0x74, 0x65, 0x6E, 0x74, 0x69, 
  0x63, 0x61, 0x5C, 0x75, 0x30, 0x30, 0x45, 0x37, 0x5C, 0x75, 0x30, 0x30, 0x45, 0x33, 0x6F, 0x20, 
  0x69, 0x6E, 0x74, 0x65, 0x72, 0x6E, 0x61, 0x20, 0x65, 0x73, 0x63, 0x6F, 0x6C, 0x68, 0x69, 0x64, 
  0x61, 0x2E, 0x27, 0x2C, 0x0A, 0x20, 0x20, 0x20, 0x20, 0x20, 0x20, 0x20, 0x20, 0x20, 0x20, 0x20, 
  0x20, 0x20, 0x20, 0x46, 0x41, 0x53, 0x54, 0x3A, 0x20, 0x27, 0x45, 0x41, 0x50, 0x2D, 0x46, 0x41, 
  0x53, 0x54, 0x20, 0x73, 0x65, 0x6C, 0x65, 0x63, 0x69, 0x6F, 0x6E, 0x61, 0x64, 0x6F, 0x3A, 0x20, 
  0x75, 0x73, 0x61, 0x20, 0x6C, 0x6F, 0x67, 0x69, 0x6E, 0x20, 0x65, 0x20, 0x73, 0x65, 0x6E, 0x68, 
  0x61, 0x3B, 0x20, 0x6F, 0x20, 0x73, 0x65, 0x72, 0x76, 0x69, 0x64, 0x6F, 0x72, 0x20, 0x70, 0x6F, 
  0x64, 0x65, 0x20, 0x65, 0x78, 0x69, 0x67, 0x69, 0x72, 0x20, 0x50, 0x41, 0x43, 0x2E, 0x27, 0x2C, 
  0x0A, 0x20, 0x20, 0x20, 0x20, 0x20, 0x20, 0x20, 0x20, 0x20, 0x20, 0x20, 0x20, 0x20, 0x20, 0x54, 
  0x4C, 0x53, 0x3A, 0x20, 0x27, 0x45, 0x41, 0x50, 0x2D, 0x54, 0x4C, 0x53, 0x20, 0x65, 0x78, 0x69, 
  0x67, 0x65, 0x20, 0x63, 0x65, 0x72, 0x74, 0x69, 0x66, 0x69, 0x63, 0x61, 0x64, 0x6F, 0x20, 0x64, 
  0x6F, 0x20, 0x63, 0x6C, 0x69, 0x65, 0x6E, 0x74, 0x65, 0x20, 0x65, 0x20, 0x61, 0x69, 0x6E, 0x64, 
  0x61, 0x20, 0x6E, 0x5C, 0x75, 0x30, 0x30, 0x45, 0x33, 0x6F, 0x20, 0x65, 0x73, 0x74, 0x5C, 0x75, 
  0x30, 0x30, 0x45, 0x31, 0x20, 0x63, 0x6F, 0x6E, 0x66, 0x69, 0x67, 0x75, 0x72, 0x61, 0x64, 0x6F, 
  0x20, 0x6E, 0x65, 0x73, 0x74, 0x65, 0x20, 0x66, 0x69, 0x72, 0x6D, 0x77, 0x61, 0x72, 0x65, 0x2E, 
  0x27, 0x2C, 0x0A, 0x20, 0x20, 0x20, 0x20, 0x20, 0x20, 0x20, 0x20, 0x20, 0x20, 0x20, 0x20, 0x20, 
  0x20, 0x27, 0x50, 0x45, 0x41, 0x50, 0x2D, 0x47, 0x54, 0x43, 0x27, 0x3A, 0x20, 0x27, 0x45, 0x41, 
  0x50, 0x2D, 0x50, 0x45, 0x41, 0x50, 0x2D, 0x47, 0x54, 0x43, 0x20, 0x6E, 0x5C, 0x75, 0x30, 0x30, 
  0x45, 0x33, 0x6F, 0x20, 0x65, 0x73, 0x74, 0x5C, 0x75, 0x30, 0x30, 0x45, 0x31, 0x20, 0x64, 0x69, 
  0x73, 0x70, 0x6F, 0x6E, 0x5C, 0x75, 0x30, 0x30, 0x45, 0x44, 0x76, 0x65, 0x6C, 0x20, 0x6E, 0x65, 
  0x73, 0x74, 0x65, 0x20, 0x66, 0x69, 0x72, 0x6D, 0x77, 0x61, 0x72, 0x65, 0x2E, 0x27, 0x2C, 0x0A, 
  0x20, 0x20, 0x20, 0x20, 0x20, 0x20, 0x20, 0x20, 0x20, 0x20, 0x20, 0x20, 0x20, 0x20, 0x53, 0x49, 
  0x4D, 0x3A, 0x20, 0x27, 0x45, 0x41, 0x50, 0x2D, 0x53, 0x49, 0x4D, 0x20, 0x65, 0x78, 0x69, 0x67, 
  0x65, 0x20, 0x75, 0x6D, 0x20, 0x63, 0x61, 0x72, 0x74, 0x5C, 0x75, 0x30, 0x30, 0x45, 0x33, 0x6F, 
  0x20, 0x53, 0x49, 0x4D, 0x20, 0x65, 0x20, 0x6E, 0x5C, 0x75, 0x30, 0x30, 0x45, 0x33, 0x6F, 0x20, 
  0x65, 0x73, 0x74, 0x5C, 0x75, 0x30, 0x30, 0x45, 0x31, 0x20, 0x64, 0x69, 0x73, 0x70, 0x6F, 0x6E, 
  0x5C, 0x75, 0x30, 0x30, 0x45, 0x44, 0x76, 0x65, 0x6C, 0x20, 0x6E, 0x65, 0x73, 0x74, 0x65, 0x20, 
  0x66, 0x69, 0x72, 0x6D, 0x77, 0x61, 0x72, 0x65, 0x2E, 0x27, 0x2C, 0x0A, 0x20, 0x20, 0x20, 0x20, 
  0x20, 0x20, 0x20, 0x20, 0x20, 0x20, 0x20, 0x20, 0x20, 0x20, 0x41, 0x4B, 0x41, 0x3A, 0x20, 0x27, 
  0x45, 0x41, 0x50, 0x2D, 0x41, 0x4B, 0x41, 0x20, 0x65, 0x78, 0x69, 0x67, 0x65, 0x20, 0x75, 0x6D, 
  0x20, 0x63, 0x61, 0x72, 0x74, 0x5C, 0x75, 0x30, 0x30, 0x45, 0x33, 0x6F, 0x20, 0x53, 0x49, 0x4D, 
  0x20, 0x65, 0x20, 0x6E, 0x5C, 0x75, 0x30, 0x30, 0x45, 0x33, 0x6F, 0x20, 0x65, 0x73, 0x74, 0x5C, 
  0x75, 0x30, 0x30, 0x45, 0x31, 0x20, 0x64, 0x69, 0x73, 0x70, 0x6F, 0x6E, 0x5C, 0x75, 0x30, 0x30, 
  0x45, 0x44, 0x76, 0x65, 0x6C, 0x20, 0x6E, 0x65, 0x73, 0x74, 0x65, 0x20, 0x66, 0x69, 0x72, 0x6D, 
  0x77, 0x61, 0x72, 0x65, 0x2E, 0x27, 0x2C, 0x0A, 0x20, 0x20, 0x20, 0x20, 0x20, 0x20, 0x20, 0x20, 
  0x20, 0x20, 0x20, 0x20, 0x20, 0x20, 0x41, 0x4B, 0x41, 0x5F, 0x50, 0x52, 0x49, 0x4D, 0x45, 0x3A, 
  0x20, 0x22, 0x45, 0x41, 0x50, 0x2D, 0x41, 0x4B, 0x41, 0x27, 0x20, 0x65, 0x78, 0x69, 0x67, 0x65, 
  0x20, 0x75, 0x6D, 0x20, 0x63, 0x61, 0x72, 0x74, 0x5C, 0x75, 0x30, 0x30, 0x45, 0x33, 0x6F, 0x20, 
  0x53, 0x49, 0x4D, 0x20, 0x65, 0x20, 0x6E, 0x5C, 0x75, 0x30, 0x30, 0x45, 0x33, 0x6F, 0x20, 0x65, 
  0x73, 0x74, 0x5C, 0x75, 0x30, 0x30, 0x45, 0x31, 0x20, 0x64, 0x69, 0x73, 0x70, 0x6F, 0x6E, 0x5C, 
  0x75, 0x30, 0x30, 0x45, 0x44, 0x76, 0x65, 0x6C, 0x20, 0x6E, 0x65, 0x73, 0x74, 0x65, 0x20, 0x66, 
  0x69, 0x72, 0x6D, 0x77, 0x61, 0x72, 0x65, 0x2E, 0x22, 0x0A, 0x20, 0x20, 0x20, 0x20, 0x20, 0x20, 
  0x20, 0x20, 0x20, 0x20, 0x20, 0x20, 0x7D, 0x3B, 0x0A, 0x20, 0x20, 0x20, 0x20, 0x20, 0x20, 0x20, 
  0x20, 0x20, 0x20, 0x20, 0x20, 0x64, 0x6F, 0x63, 0x75, 0x6D, 0x65, 0x6E, 0x74, 0x2E, 0x67, 0x65, 
  0x74, 0x45, 0x6C, 0x65, 0x6D, 0x65, 0x6E, 0x74, 0x42, 0x79, 0x49, 0x64, 0x28, 0x27, 0x65, 0x6E, 
  0x74, 0x65, 0x72, 0x70, 0x72, 0x69, 0x73, 0x65, 0x4D, 0x65, 0x74, 0x68, 0x6F, 0x64, 0x48, 0x69, 
  0x6E, 0x74, 0x27, 0x29, 0x2E, 0x74, 0x65, 0x78, 0x74, 0x43, 0x6F, 0x6E, 0x74, 0x65, 0x6E, 0x74, 
  0x20, 0x3D, 0x20, 0x68, 0x69, 0x6E, 0x74, 0x73, 0x5B, 0x6D, 0x65, 0x74, 0x68, 0x6F, 0x64, 0x5D, 
  0x20, 0x7C, 0x7C, 0x20, 0x27, 0x53, 0x65, 0x6C, 0x65, 0x63, 0x69, 0x6F, 0x6E, 0x65, 0x20, 0x6F, 
  0x20, 0x6D, 0x5C, 0x75, 0x30, 0x30, 0x45, 0x39, 0x74, 0x6F, 0x64, 0x6F, 0x20, 0x69, 0x6E, 0x66, 
  0x6F, 0x72, 0x6D, 0x61, 0x64, 0x6F, 0x20, 0x70, 0x65, 0x6C, 0x61, 0x20, 0x69, 0x6E, 0x73, 0x74, 
  0x69, 0x74, 0x75, 0x69, 0x5C, 0x75, 0x30, 0x30, 0x45, 0x37, 0x5C, 0x75, 0x30, 0x30, 0x45, 0x33, 
  0x6F, 0x2E, 0x27, 0x3B, 0x0A, 0x20, 0x20, 0x20, 0x20, 0x20, 0x20, 0x20, 0x20, 0x20, 0x20, 0x7D, 
  0x0A, 0x0A, 0x20, 0x20, 0x20, 0x20, 0x20, 0x20, 0x20, 0x20, 0x20, 0x20, 0x61, 0x73, 0x79, 0x6E, 
  0x63, 0x20, 0x66, 0x75, 0x6E, 0x63, 0x74, 0x69, 0x6F, 0x6E, 0x20, 0x73, 0x63, 0x61, 0x6E, 0x4E, 
  0x65, 0x74, 0x77, 0x6F, 0x72, 0x6B, 0x73, 0x28, 0x29, 0x20, 0x7B, 0x0A, 0x20, 0x20, 0x20, 0x20, 
  0x20, 0x20, 0x20, 0x20, 0x20, 0x20, 0x20, 0x20, 0x63, 0x6F, 0x6E, 0x73, 0x74, 0x20, 0x73, 0x74, 
  0x61, 0x74, 0x75, 0x73, 0x20, 0x3D, 0x20, 0x64, 0x6F, 0x63, 0x75, 0x6D, 0x65, 0x6E, 0x74, 0x2E, 
  0x67, 0x65, 0x74, 0x45, 0x6C, 0x65, 0x6D, 0x65, 0x6E, 0x74, 0x42, 0x79, 0x49, 0x64, 0x28, 0x27, 
  0x73, 0x63, 0x61, 0x6E, 0x53, 0x74, 0x61, 0x74, 0x75, 0x73, 0x27, 0x29, 0x3B, 0x0A, 0x20, 0x20, 
  0x20, 0x20, 0x20, 0x20, 0x20, 0x20, 0x20, 0x20, 0x20, 0x20, 0x63, 0x6F, 0x6E, 0x73, 0x74, 0x20, 
  0x6C, 0x69, 0x73, 0x74, 0x20, 0x3D, 0x20, 0x64, 0x6F, 0x63, 0x75, 0x6D, 0x65, 0x6E, 0x74, 0x2E, 
  0x67, 0x65, 0x74, 0x45, 0x6C, 0x65, 0x6D, 0x65, 0x6E, 0x74, 0x42, 0x79, 0x49, 0x64, 0x28, 0x27, 
  0x6E, 0x65, 0x74, 0x77, 0x6F, 0x72, 0x6B, 0x4C, 0x69, 0x73, 0x74, 0x27, 0x29, 0x3B, 0x0A, 0x20, 
  0x20, 0x20, 0x20, 0x20, 0x20, 0x20, 0x20, 0x20, 0x20, 0x20, 0x20, 0x73, 0x74, 0x61, 0x74, 0x75, 
  0x73, 0x2E, 0x74, 0x65, 0x78, 0x74, 0x43, 0x6F, 0x6E, 0x74, 0x65, 0x6E, 0x74, 0x20, 0x3D, 0x20, 
  0x27, 0x45, 0x73, 0x63, 0x61, 0x6E, 0x65, 0x61, 0x6E, 0x64, 0x6F, 0x20, 0x73, 0x65, 0x6D, 0x20, 
  0x64, 0x65, 0x73, 0x63, 0x6F, 0x6E, 0x65, 0x63, 0x74, 0x61, 0x72, 0x20, 0x61, 0x20, 0x72, 0x65, 
  0x64, 0x65, 0x20, 0x61, 0x74, 0x75, 0x61, 0x6C, 0x2E, 0x2E, 0x2E, 0x27, 0x3B, 0x0A, 0x20, 0x20, 
  0x20, 0x20, 0x20, 0x20, 0x20, 0x20, 0x20, 0x20, 0x20, 0x20, 0x74, 0x72, 0x79, 0x20, 0x7B, 0x0A, 
  0x20, 0x20, 0x20, 0x20, 0x20, 0x20, 0x20, 0x20, 0x20, 0x20, 0x20, 0x20, 0x20, 0x20, 0x63, 0x6F, 
  0x6E, 0x73, 0x74, 0x20, 0x64, 0x61, 0x74, 0x61, 0x20, 0x3D, 0x20, 0x61, 0x77, 0x61, 0x69, 0x74, 
  0x20, 0x72, 0x65, 0x71, 0x75, 0x65, 0x73, 0x74, 0x28, 0x27, 0x2F, 0x61, 0x70, 0x69, 0x2F, 0x6E, 
  0x65, 0x74, 0x77, 0x6F, 0x72, 0x6B, 0x73, 0x27, 0x29, 0x3B, 0x0A, 0x20, 0x20, 0x20, 0x20, 0x20, 
  0x20, 0x20, 0x20, 0x20, 0x20, 0x20, 0x20, 0x20, 0x20, 0x6C, 0x69, 0x73, 0x74, 0x2E, 0x69, 0x6E, 
  0x6E, 0x65, 0x72, 0x48, 0x54, 0x4D, 0x4C, 0x20, 0x3D, 0x20, 0x28, 0x64, 0x61, 0x74, 0x61, 0x2E, 
  0x6E, 0x65, 0x74, 0x77, 0x6F, 0x72, 0x6B, 0x73, 0x20, 0x7C, 0x7C, 0x20, 0x5B, 0x5D, 0x29, 0x2E, 
  0x6D, 0x61, 0x70, 0x28, 0x28, 0x6E, 0x65, 0x74, 0x77, 0x6F, 0x72, 0x6B, 0x29, 0x20, 0x3D, 0x3E, 
  0x20, 0x60, 0x3C, 0x62, 0x75, 0x74, 0x74, 0x6F, 0x6E, 0x20, 0x63, 0x6C, 0x61, 0x73, 0x73, 0x3D, 
  0x22, 0x73, 0x65, 0x63, 0x6F, 0x6E, 0x64, 0x61, 0x72, 0x79, 0x20, 0x6E, 0x65, 0x74, 0x77, 0x6F, 
  0x72, 0x6B, 0x2D, 0x63, 0x68, 0x6F, 0x69, 0x63, 0x65, 0x22, 0x20, 0x74, 0x79, 0x70, 0x65, 0x3D, 
  0x22, 0x62, 0x75, 0x74, 0x74, 0x6F, 0x6E, 0x22, 0x20, 0x64, 0x61, 0x74, 0x61, 0x2D, 0x73, 0x73, 
  0x69, 0x64, 0x3D, 0x22, 0x24, 0x7B, 0x6E, 0x65, 0x74, 0x77, 0x6F, 0x72, 0x6B, 0x2E, 0x73, 0x73, 
  0x69, 0x64, 0x7D, 0x22, 0x20, 0x64, 0x61, 0x74, 0x61, 0x2D, 0x73, 0x65, 0x63, 0x75, 0x72, 0x69, 
  0x74, 0x79, 0x3D, 0x22, 0x24, 0x7B, 0x6E, 0x65, 0x74, 0x77, 0x6F, 0x72, 0x6B, 0x2E, 0x73, 0x65, 
  0x63, 0x75, 0x72, 0x69, 0x74, 0x79, 0x7D, 0x22, 0x3E, 0x24, 0x7B, 0x6E, 0x65, 0x74, 0x77, 0x6F, 
  0x72, 0x6B, 0x2E, 0x73, 0x73, 0x69, 0x64, 0x7D, 0x20, 0x28, 0x24, 0x7B, 0x6E, 0x65, 0x74, 0x77, 
  0x6F, 0x72, 0x6B, 0x2E, 0x73, 0x65, 0x63, 0x75, 0x72, 0x69, 0x74, 0x79, 0x7D, 0x29, 0x3C, 0x2F, 
  0x62, 0x75, 0x74, 0x74, 0x6F, 0x6E, 0x3E, 0x60, 0x29, 0x2E, 0x6A, 0x6F, 0x69, 0x6E, 0x28, 0x27, 
  0x27, 0x29, 0x20, 0x7C, 0x7C, 0x20, 0x27, 0x4E, 0x65, 0x6E, 0x68, 0x75, 0x6D, 0x61, 0x20, 0x72, 
  0x65, 0x64, 0x65, 0x20, 0x65, 0x6E, 0x63, 0x6F, 0x6E, 0x74, 0x72, 0x61, 0x64, 0x61, 0x2E, 0x27, 
  0x3B, 0x0A, 0x20, 0x20, 0x20, 0x20, 0x20, 0x20, 0x20, 0x20, 0x20, 0x20, 0x20, 0x20, 0x20, 0x20, 
  0x64, 0x6F, 0x63, 0x75, 0x6D, 0x65, 0x6E, 0x74, 0x2E, 0x71, 0x75, 0x65, 0x72, 0x79, 0x53, 0x65, 
  0x6C, 0x65, 0x63, 0x74, 0x6F, 0x72, 0x41, 0x6C, 0x6C, 0x28, 0x27, 0x2E, 0x6E, 0x65, 0x74, 0x77, 
  0x6F, 0x72, 0x6B, 0x2D, 0x63, 0x68, 0x6F, 0x69, 0x63, 0x65, 0x27, 0x29, 0x2E, 0x66, 0x6F, 0x72, 
  0x45, 0x61, 0x63, 0x68, 0x28, 0x28, 0x62, 0x75, 0x74, 0x74, 0x6F, 0x6E, 0x29, 0x20, 0x3D, 0x3E, 
  0x20, 0x62, 0x75, 0x74, 0x74, 0x6F, 0x6E, 0x2E, 0x61, 0x64, 0x64, 0x45, 0x76, 0x65, 0x6E, 0x74, 
  0x4C, 0x69, 0x73, 0x74, 0x65, 0x6E, 0x65, 0x72, 0x28, 0x27, 0x63, 0x6C, 0x69, 0x63, 0x6B, 0x27, 
  0x2C, 0x20, 0x28, 0x29, 0x20, 0x3D, 0x3E, 0x20, 0x7B, 0x0A, 0x20, 0x20, 0x20, 0x20, 0x20, 0x20, 
  0x20, 0x20, 0x20, 0x20, 0x20, 0x20, 0x20, 0x20, 0x20, 0x20, 0x63, 0x6F, 0x6E, 0x73, 0x74, 0x20, 
  0x64, 0x65, 0x74, 0x65, 0x63, 0x74, 0x65, 0x64, 0x53, 0x65, 0x63, 0x75, 0x72, 0x69, 0x74, 0x79, 
  0x20, 0x3D, 0x20, 0x62, 0x75, 0x74, 0x74, 0x6F, 0x6E, 0x2E, 0x64, 0x61, 0x74, 0x61, 0x73, 0x65, 
  0x74, 0x2E, 0x73, 0x65, 0x63, 0x75, 0x72, 0x69, 0x74, 0x79, 0x3B, 0x0A, 0x20, 0x20, 0x20, 0x20, 
  0x20, 0x20, 0x20, 0x20, 0x20, 0x20, 0x20, 0x20, 0x20, 0x20, 0x20, 0x20, 0x63, 0x6F, 0x6E, 0x73, 
  0x74, 0x20, 0x73, 0x65, 0x63, 0x75, 0x72, 0x69, 0x74, 0x79, 0x20, 0x3D, 0x20, 0x64, 0x65, 0x74, 
  0x65, 0x63, 0x74, 0x65, 0x64, 0x53, 0x65, 0x63, 0x75, 0x72, 0x69, 0x74, 0x79, 0x20, 0x3D, 0x3D, 
  0x3D, 0x20, 0x27, 0x57, 0x50, 0x41, 0x2F, 0x57, 0x50, 0x41, 0x32, 0x2D, 0x50, 0x53, 0x4B, 0x27, 
  0x20, 0x3F, 0x20, 0x27, 0x57, 0x50, 0x41, 0x2D, 0x50, 0x53, 0x4B, 0x27, 0x20, 0x3A, 0x20, 0x64, 
  0x65, 0x74, 0x65, 0x63, 0x74, 0x65, 0x64, 0x53, 0x65, 0x63, 0x75, 0x72, 0x69, 0x74, 0x79, 0x3B, 
  0x0A, 0x20, 0x20, 0x20, 0x20, 0x20, 0x20, 0x20, 0x20, 0x20, 0x20, 0x20, 0x20, 0x20, 0x20, 0x20, 
  0x20, 0x64, 0x6F, 0x63, 0x75, 0x6D, 0x65, 0x6E, 0x74, 0x2E, 0x67, 0x65, 0x74, 0x45, 0x6C, 0x65, 
  0x6D, 0x65, 0x6E, 0x74, 0x42, 0x79, 0x49, 0x64, 0x28, 0x27, 0x6E, 0x65, 0x74, 0x77, 0x6F, 0x72, 
  0x6B, 0x53, 0x73, 0x69, 0x64, 0x27, 0x29, 0x2E, 0x76, 0x61, 0x6C, 0x75, 0x65, 0x20, 0x3D, 0x20, 
  0x62, 0x75, 0x74, 0x74, 0x6F, 0x6E, 0x2E, 0x64, 0x61, 0x74, 0x61, 0x73, 0x65, 0x74, 0x2E, 0x73, 
  0x73, 0x69, 0x64, 0x3B, 0x0A, 0x20, 0x20, 0x20, 0x20, 0x20, 0x20, 0x20, 0x20, 0x20, 0x20, 0x20, 
  0x20, 0x20, 0x20, 0x20, 0x20, 0x69, 0x66, 0x20, 0x28, 0x5B, 0x27, 0x4F, 0x50, 0x45, 0x4E, 0x27, 
  0x2C, 0x20, 0x27, 0x57, 0x50, 0x41, 0x2D, 0x50, 0x53, 0x4B, 0x27, 0x2C, 0x20, 0x27, 0x57, 0x50, 
  0x41, 0x32, 0x2D, 0x45, 0x4E, 0x54, 0x45, 0x52, 0x50, 0x52, 0x49, 0x53, 0x45, 0x27, 0x2C, 0x20, 
  0x27, 0x57, 0x50, 0x41, 0x2D, 0x45, 0x4E, 0x54, 0x45, 0x52, 0x50, 0x52, 0x49, 0x53, 0x45, 0x27, 
  0x5D, 0x2E, 0x69, 0x6E, 0x63, 0x6C, 0x75, 0x64, 0x65, 0x73, 0x28, 0x73, 0x65, 0x63, 0x75, 0x72, 
  0x69, 0x74, 0x79, 0x29, 0x29, 0x20, 0x7B, 0x0A, 0x20, 0x20, 0x20, 0x20, 0x20, 0x20, 0x20, 0x20, 
  0x20, 0x20, 0x20, 0x20, 0x20, 0x20, 0x20, 0x20, 0x20, 0x20, 0x64, 0x6F, 0x63, 0x75, 0x6D, 0x65, 
  0x6E, 0x74, 0x2E, 0x67, 0x65, 0x74, 0x45, 0x6C, 0x65, 0x6D, 0x65, 0x6E, 0x74, 0x42, 0x79, 0x49, 
  0x64, 0x28, 0x27, 0x6E, 0x65, 0x74, 0x77, 0x6F, 0x72, 0x6B, 0x53, 0x65, 0x63, 0x75, 0x72, 0x69, 
  0x74, 0x79, 0x27, 0x29, 0x2E, 0x76, 0x61, 0x6C, 0x75, 0x65, 0x20, 0x3D, 0x20, 0x73, 0x65, 0x63, 
  0x75, 0x72, 0x69, 0x74, 0x79, 0x3B, 0x0A, 0x20, 0x20, 0x20, 0x20, 0x20, 0x20, 0x20, 0x20, 0x20, 
  0x20, 0x20, 0x20, 0x20, 0x20, 0x20, 0x20, 0x20, 0x20, 0x64, 0x6F, 0x63, 0x75, 0x6D, 0x65, 0x6E, 
  0x74, 0x2E, 0x67, 0x65, 0x74, 0x45, 0x6C, 0x65, 0x6D, 0x65, 0x6E, 0x74, 0x42, 0x79, 0x49, 0x64, 
  0x28, 0x27, 0x6E, 0x65, 0x74, 0x77, 0x6F, 0x72, 0x6B, 0x53, 0x65, 0x63, 0x75, 0x72, 0x69, 0x74, 
  0x79, 0x27, 0x29, 0x2E, 0x64, 0x69, 0x73, 0x61, 0x62, 0x6C, 0x65, 0x64, 0x20, 0x3D, 0x20, 0x74, 
  0x72, 0x75, 0x65, 0x3B, 0x0A, 0x20, 0x20, 0x20, 0x20, 0x20, 0x20, 0x20, 0x20, 0x20, 0x20, 0x20, 
  0x20, 0x20, 0x20, 0x20, 0x20, 0x20, 0x20, 0x64, 0x6F, 0x63, 0x75, 0x6D, 0x65, 0x6E, 0x74, 0x2E, 
  0x67, 0x65, 0x74, 0x45, 0x6C, 0x65, 0x6D, 0x65, 0x6E, 0x74, 0x42, 0x79, 0x49, 0x64, 0x28, 0x27, 
  0x73, 0x65, 0x63, 0x75, 0x72, 0x69, 0x74, 0x79, 0x44, 0x65, 0x74, 0x65, 0x63, 0x74, 0x69, 0x6F, 
  0x6E, 0x48, 0x69, 0x6E, 0x74, 0x27, 0x29, 0x2E, 0x74, 0x65, 0x78, 0x74, 0x43, 0x6F, 0x6E, 0x74, 
  0x65, 0x6E, 0x74, 0x20, 0x3D, 0x20, 0x60, 0x53, 0x65, 0x67, 0x75, 0x72, 0x61, 0x6E, 0x5C, 0x75, 
  0x30, 0x30, 0x45, 0x37, 0x61, 0x20, 0x64, 0x65, 0x74, 0x65, 0x63, 0x74, 0x61, 0x64, 0x61, 0x20, 
  0x61, 0x75, 0x74, 0x6F, 0x6D, 0x61, 0x74, 0x69, 0x63, 0x61, 0x6D, 0x65, 0x6E, 0x74, 0x65, 0x3A, 
  0x20, 0x24, 0x7B, 0x73, 0x65, 0x63, 0x75, 0x72, 0x69, 0x74, 0x79, 0x7D, 0x2E, 0x60, 0x3B, 0x0A, 
  0x20, 0x20, 0x20, 0x20, 0x20, 0x20, 0x20, 0x20, 0x20, 0x20, 0x20, 0x20, 0x20, 0x20, 0x20, 0x20, 
  0x7D, 0x20, 0x65, 0x6C, 0x73, 0x65, 0x20, 0x7B, 0x0A, 0x20, 0x20, 0x20, 0x20, 0x20, 0x20, 0x20, 
  0x20, 0x20, 0x20, 0x20, 0x20, 0x20, 0x20, 0x20, 0x20, 0x20, 0x20, 0x64, 0x6F, 0x63, 0x75, 0x6D, 
  0x65, 0x6E, 0x74, 0x2E, 0x67, 0x65, 0x74, 0x45, 0x6C, 0x65, 0x6D, 0x65, 0x6E, 0x74, 0x42, 0x79, 
  0x49, 0x64, 0x28, 0x27, 0x6E, 0x65, 0x74, 0x77, 0x6F, 0x72, 0x6B, 0x53, 0x65, 0x63, 0x75, 0x72, 
  0x69, 0x74, 0x79, 0x27, 0x29, 0x2E, 0x76, 0x61, 0x6C, 0x75, 0x65, 0x20, 0x3D, 0x20, 0x27, 0x57, 
  0x50, 0x41, 0x2D, 0x50, 0x53, 0x4B, 0x27, 0x3B, 0x0A, 0x20, 0x20, 0x20, 0x20, 0x20, 0x20, 0x20, 
  0x20, 0x20, 0x20, 0x20, 0x20, 0x20, 0x20, 0x20, 0x20, 0x20, 0x20, 0x64, 0x6F, 0x63, 0x75, 0x6D, 
  0x65, 0x6E, 0x74, 0x2E, 0x67, 0x65, 0x74, 0x45, 0x6C, 0x65, 0x6D, 0x65, 0x6E, 0x74, 0x42, 0x79, 
  0x49, 0x64, 0x28, 0x27, 0x6E, 0x65, 0x74, 0x77, 0x6F, 0x72, 0x6B, 0x53, 0x65, 0x63, 0x75, 0x72, 
  0x69, 0x74, 0x79, 0x27, 0x29, 0x2E, 0x64, 0x69, 0x73, 0x61, 0x62, 0x6C, 0x65, 0x64, 0x20, 0x3D, 
  0x20, 0x66, 0x61, 0x6C, 0x73, 0x65, 0x3B, 0x0A, 0x20, 0x20, 0x20, 0x20, 0x20, 0x20, 0x20, 0x20, 
  0x20, 0x20, 0x20, 0x20, 0x20, 0x20, 0x20, 0x20, 0x20, 0x20, 0x64, 0x6F, 0x63, 0x75, 0x6D, 0x65, 
  0x6E, 0x74, 0x2E, 0x67, 0x65, 0x74, 0x45, 0x6C, 0x65, 0x6D, 0x65, 0x6E, 0x74, 0x42, 0x79, 0x49, 
  0x64, 0x28, 0x27, 0x73, 0x65, 0x63, 0x75, 0x72, 0x69, 0x74, 0x79, 0x44, 0x65, 0x74, 0x65, 0x63, 
  0x74, 0x69, 0x6F, 0x6E, 0x48, 0x69, 0x6E, 0x74, 0x27, 0x29, 0x2E, 0x74, 0x65, 0x78, 0x74, 0x43, 
  0x6F, 0x6E, 0x74, 0x65, 0x6E, 0x74, 0x20, 0x3D, 0x20, 0x27, 0x54, 0x69, 0x70, 0x6F, 0x20, 0x6E, 
  0x5C, 0x75, 0x30, 0x30, 0x45, 0x33, 0x6F, 0x20, 0x69, 0x64, 0x65, 0x6E, 0x74, 0x69, 0x66, 0x69, 
  0x63, 0x61, 0x64, 0x6F, 0x3B, 0x20, 0x73, 0x65, 0x6C, 0x65, 0x63, 0x69, 0x6F, 0x6E, 0x65, 0x20, 
  0x61, 0x20, 0x73, 0x65, 0x67, 0x75, 0x72, 0x61, 0x6E, 0x5C, 0x75, 0x30, 0x30, 0x45, 0x37, 0x61, 
  0x20, 0x6D, 0x61, 0x6E, 0x75, 0x61, 0x6C, 0x6D, 0x65, 0x6E, 0x74, 0x65, 0x2E, 0x27, 0x3B, 0x0A, 
  0x20, 0x20, 0x20, 0x20, 0x20, 0x20, 0x20, 0x20, 0x20, 0x20, 0x20, 0x20, 0x20, 0x20, 0x20, 0x20, 
  0x7D, 0x0A, 0x20, 0x20, 0x20, 0x20, 0x20, 0x20, 0x20, 0x20, 0x20, 0x20, 0x20, 0x20, 0x20, 0x20, 
  0x20, 0x20, 0x75, 0x70, 0x64, 0x61, 0x74, 0x65, 0x4E, 0x65, 0x74, 0x77, 0x6F, 0x72, 0x6B, 0x53, 
  0x65, 0x63, 0x75, 0x72, 0x69, 0x74, 0x79, 0x46, 0x69, 0x65, 0x6C, 0x64, 0x73, 0x28, 0x29, 0x3B, 
  0x0A, 0x20, 0x20, 0x20, 0x20, 0x20, 0x20, 0x20, 0x20, 0x20, 0x20, 0x20, 0x20, 0x20, 0x20, 0x20, 
  0x20, 0x64, 0x6F, 0x63, 0x75, 0x6D, 0x65, 0x6E, 0x74, 0x2E, 0x67, 0x65, 0x74, 0x45, 0x6C, 0x65, 
  0x6D, 0x65, 0x6E, 0x74, 0x42, 0x79, 0x49, 0x64, 0x28, 0x27, 0x6E, 0x65, 0x74, 0x77, 0x6F, 0x72, 
  0x6B, 0x4D, 0x65, 0x73, 0x73, 0x61, 0x67, 0x65, 0x27, 0x29, 0x2E, 0x74, 0x65, 0x78, 0x74, 0x43, 
  0x6F, 0x6E, 0x74, 0x65, 0x6E, 0x74, 0x20, 0x3D, 0x20, 0x60, 0x52, 0x65, 0x64, 0x65, 0x20, 0x73, 
  0x65, 0x6C, 0x65, 0x63, 0x69, 0x6F, 0x6E, 0x61, 0x64, 0x61, 0x3A, 0x20, 0x24, 0x7B, 0x62, 0x75, 
  0x74, 0x74, 0x6F, 0x6E, 0x2E, 0x64, 0x61, 0x74, 0x61, 0x73, 0x65, 0x74, 0x2E, 0x73, 0x73, 0x69, 
  0x64, 0x7D, 0x2E, 0x20, 0x49, 0x6E, 0x66, 0x6F, 0x72, 0x6D, 0x65, 0x20, 0x61, 0x73, 0x20, 0x63, 
  0x72, 0x65, 0x64, 0x65, 0x6E, 0x63, 0x69, 0x61, 0x69, 0x73, 0x2E, 0x60, 0x3B, 0x0A, 0x20, 0x20, 
  0x20, 0x20, 0x20, 0x20, 0x20, 0x20, 0x20, 0x20, 0x20, 0x20, 0x20, 0x20, 0x7D, 0x29, 0x29, 0x3B, 
  0x0A, 0x20, 0x20, 0x20, 0x20, 0x20, 0x20, 0x20, 0x20, 0x20, 0x20, 0x20, 0x20, 0x20, 0x20, 0x73, 
  0x74, 0x61, 0x74, 0x75, 0x73, 0x2E, 0x74, 0x65, 0x78, 0x74, 0x43, 0x6F, 0x6E, 0x74, 0x65, 0x6E, 
  0x74, 0x20, 0x3D, 0x20, 0x27, 0x53, 0x63, 0x61, 0x6E, 0x20, 0x63, 0x6F, 0x6E, 0x63, 0x6C, 0x75, 
  0x5C, 0x75, 0x30, 0x30, 0x45, 0x44, 0x64, 0x6F, 0x2E, 0x20, 0x41, 0x20, 0x63, 0x6F, 0x6E, 0x65, 
  0x78, 0x5C, 0x75, 0x30, 0x30, 0x45, 0x33, 0x6F, 0x20, 0x61, 0x74, 0x75, 0x61, 0x6C, 0x20, 0x66, 
  0x6F, 0x69, 0x20, 0x6D, 0x61, 0x6E, 0x74, 0x69, 0x64, 0x61, 0x2E, 0x27, 0x3B, 0x0A, 0x20, 0x20, 
  0x20, 0x20, 0x20, 0x20, 0x20, 0x20, 0x20, 0x20, 0x20, 0x20, 0x7D, 0x20, 0x63, 0x61, 0x74, 0x63, 
  0x68, 0x20, 0x28, 0x65, 0x72, 0x72, 0x6F, 0x72, 0x29, 0x20, 0x7B, 0x0A, 0x20, 0x20, 0x20, 0x20, 
  0x20, 0x20, 0x20, 0x20, 0x20, 0x20, 0x20, 0x20, 0x20, 0x20, 0x73, 0x74, 0x61, 0x74, 0x75, 0x73, 
  0x2E, 0x74, 0x65, 0x78, 0x74, 0x43, 0x6F, 0x6E, 0x74, 0x65, 0x6E, 0x74, 0x20, 0x3D, 0x20, 0x65, 
  0x72, 0x72, 0x6F, 0x72, 0x2E, 0x6D, 0x65, 0x73, 0x73, 0x61, 0x67, 0x65, 0x20, 0x7C, 0x7C, 0x20, 
  0x27, 0x4E, 0x5C, 0x75, 0x30, 0x30, 0x45, 0x33, 0x6F, 0x20, 0x66, 0x6F, 0x69, 0x20, 0x70, 0x6F, 
  0x73, 0x73, 0x5C, 0x75, 0x30, 0x30, 0x45, 0x44, 0x76, 0x65, 0x6C, 0x20, 0x65, 0x73, 0x63, 0x61, 
  0x6E, 0x65, 0x61, 0x72, 0x20, 0x61, 0x73, 0x20, 0x72, 0x65, 0x64, 0x65, 0x73, 0x2E, 0x27, 0x3B, 
  0x0A, 0x20, 0x20, 0x20, 0x20, 0x20, 0x20, 0x20, 0x20, 0x20, 0x20, 0x20, 0x20, 0x7D, 0x0A, 0x20, 
  0x20, 0x20, 0x20, 0x20, 0x20, 0x20, 0x20, 0x20, 0x20, 0x7D, 0x0A, 0x0A, 0x20, 0x20, 0x20, 0x20, 
  0x20, 0x20, 0x20, 0x20, 0x20, 0x20, 0x61, 0x73, 0x79, 0x6E, 0x63, 0x20, 0x66, 0x75, 0x6E, 0x63, 
  0x74, 0x69, 0x6F, 0x6E, 0x20, 0x73, 0x61, 0x76, 0x65, 0x4E, 0x65, 0x74, 0x77, 0x6F, 0x72, 0x6B, 
  0x28, 0x29, 0x20, 0x7B, 0x0A, 0x20, 0x20, 0x20, 0x20, 0x20, 0x20, 0x20, 0x20, 0x20, 0x20, 0x20, 
  0x20, 0x63, 0x6F, 0x6E, 0x73, 0x74, 0x20, 0x6D, 0x65, 0x73, 0x73, 0x61, 0x67, 0x65, 0x20, 0x3D, 
  0x20, 0x64, 0x6F, 0x63, 0x75, 0x6D, 0x65, 0x6E, 0x74, 0x2E, 0x67, 0x65, 0x74, 0x45, 0x6C, 0x65, 
  0x6D, 0x65, 0x6E, 0x74, 0x42, 0x79, 0x49, 0x64, 0x28, 0x27, 0x6E, 0x65, 0x74, 0x77, 0x6F, 0x72, 
  0x6B, 0x4D, 0x65, 0x73, 0x73, 0x61, 0x67, 0x65, 0x27, 0x29, 0x3B, 0x0A, 0x20, 0x20, 0x20, 0x20, 
  0x20, 0x20, 0x20, 0x20, 0x20, 0x20, 0x20, 0x20, 0x74, 0x72, 0x79, 0x20, 0x7B, 0x0A, 0x20, 0x20, 
  0x20, 0x20, 0x20, 0x20, 0x20, 0x20, 0x20, 0x20, 0x20, 0x20, 0x20, 0x20, 0x63, 0x6F, 0x6E, 0x73, 
  0x74, 0x20, 0x64, 0x61, 0x74, 0x61, 0x20, 0x3D, 0x20, 0x61, 0x77, 0x61, 0x69, 0x74, 0x20, 0x72, 
  0x65, 0x71, 0x75, 0x65, 0x73, 0x74, 0x28, 0x27, 0x2F, 0x61, 0x70, 0x69, 0x2F, 0x6E, 0x65, 0x74, 
  0x77, 0x6F, 0x72, 0x6B, 0x2D, 0x63, 0x6F, 0x6E, 0x66, 0x69, 0x67, 0x27, 0x2C, 0x20, 0x7B, 0x0A, 
  0x20, 0x20, 0x20, 0x20, 0x20, 0x20, 0x20, 0x20, 0x20, 0x20, 0x20, 0x20, 0x20, 0x20, 0x20, 0x20, 
  0x6D, 0x65, 0x74, 0x68, 0x6F, 0x64, 0x3A, 0x20, 0x27, 0x50, 0x4F, 0x53, 0x54, 0x27, 0x2C, 0x0A, 
  0x20, 0x20, 0x20, 0x20, 0x20, 0x20, 0x20, 0x20, 0x20, 0x20, 0x20, 0x20, 0x20, 0x20, 0x20, 0x20, 
  0x68, 0x65, 0x61, 0x64, 0x65, 0x72, 0x73, 0x3A, 0x20, 0x7B, 0x20, 0x27, 0x43, 0x6F, 0x6E, 0x74, 
  0x65, 0x6E, 0x74, 0x2D, 0x54, 0x79, 0x70, 0x65, 0x27, 0x3A, 0x20, 0x27, 0x61, 0x70, 0x70, 0x6C, 
  0x69, 0x63, 0x61, 0x74, 0x69, 0x6F, 0x6E, 0x2F, 0x6A, 0x73, 0x6F, 0x6E, 0x27, 0x20, 0x7D, 0x2C, 
  0x0A, 0x20, 0x20, 0x20, 0x20, 0x20, 0x20, 0x20, 0x20, 0x20, 0x20, 0x20, 0x20, 0x20, 0x20, 0x20, 
  0x20, 0x62, 0x6F, 0x64, 0x79, 0x3A, 0x20, 0x4A, 0x53, 0x4F, 0x4E, 0x2E, 0x73, 0x74, 0x72, 0x69, 
  0x6E, 0x67, 0x69, 0x66, 0x79, 0x28, 0x7B, 0x0A, 0x20, 0x20, 0x20, 0x20, 0x20, 0x20, 0x20, 0x20, 
  0x20, 0x20, 0x20, 0x20, 0x20, 0x20, 0x20, 0x20, 0x20, 0x20, 0x73, 0x73, 0x69, 0x64, 0x3A, 0x20, 
  0x64, 0x6F, 0x63, 0x75, 0x6D, 0x65, 0x6E, 0x74, 0x2E, 0x67, 0x65, 0x74, 0x45, 0x6C, 0x65, 0x6D, 
  0x65, 0x6E, 0x74, 0x42, 0x79, 0x49, 0x64, 0x28, 0x27, 0x6E, 0x65, 0x74, 0x77, 0x6F, 0x72, 0x6B, 
  0x53, 0x73, 0x69, 0x64, 0x27, 0x29, 0x2E, 0x76, 0x61, 0x6C, 0x75, 0x65, 0x2E, 0x74, 0x72, 0x69, 
  0x6D, 0x28, 0x29, 0x2C, 0x0A, 0x20, 0x20, 0x20, 0x20, 0x20, 0x20, 0x20, 0x20, 0x20, 0x20, 0x20, 
  0x20, 0x20, 0x20, 0x20, 0x20, 0x20, 0x20, 0x70, 0x61, 0x73, 0x73, 0x77, 0x6F, 0x72, 0x64, 0x3A, 
  0x20, 0x64, 0x6F, 0x63, 0x75, 0x6D, 0x65, 0x6E, 0x74, 0x2E, 0x67, 0x65, 0x74, 0x45, 0x6C, 0x65, 
  0x6D, 0x65, 0x6E, 0x74, 0x42, 0x79, 0x49, 0x64, 0x28, 0x27, 0x6E, 0x65, 0x74, 0x77, 0x6F, 0x72, 
  0x6B, 0x50, 0x61, 0x73, 0x73, 0x77, 0x6F, 0x72, 0x64, 0x27, 0x29, 0x2E, 0x76, 0x61, 0x6C, 0x75, 
  0x65, 0x2C, 0x0A, 0x20, 0x20, 0x20, 0x20, 0x20, 0x20, 0x20, 0x20, 0x20, 0x20, 0x20, 0x20, 0x20, 
  0x20, 0x20, 0x20, 0x20, 0x20, 0x73, 0x65, 0x63, 0x75, 0x72, 0x69, 0x74, 0x79, 0x3A, 0x20, 0x64, 
  0x6F, 0x63, 0x75, 0x6D, 0x65, 0x6E, 0x74, 0x2E, 0x67, 0x65, 0x74, 0x45, 0x6C, 0x65, 0x6D, 0x65, 
  0x6E, 0x74, 0x42, 0x79, 0x49, 0x64, 0x28, 0x27, 0x6E, 0x65, 0x74, 0x77, 0x6F, 0x72, 0x6B, 0x53, 
  0x65, 0x63, 0x75, 0x72, 0x69, 0x74, 0x79, 0x27, 0x29, 0x2E, 0x76, 0x61, 0x6C, 0x75, 0x65, 0x2C, 
  0x0A, 0x20, 0x20, 0x20, 0x20, 0x20, 0x20, 0x20, 0x20, 0x20, 0x20, 0x20, 0x20, 0x20, 0x20, 0x20, 
  0x20, 0x20, 0x20, 0x65, 0x6E, 0x74, 0x65, 0x72, 0x70, 0x72, 0x69, 0x73, 0x65, 0x5F, 0x69, 0x64, 
  0x65, 0x6E, 0x74, 0x69, 0x74, 0x79, 0x3A, 0x20, 0x64, 0x6F, 0x63, 0x75, 0x6D, 0x65, 0x6E, 0x74, 
  0x2E, 0x67, 0x65, 0x74, 0x45, 0x6C, 0x65, 0x6D, 0x65, 0x6E, 0x74, 0x42, 0x79, 0x49, 0x64, 0x28, 
  0x27, 0x65, 0x6E, 0x74, 0x65, 0x72, 0x70, 0x72, 0x69, 0x73, 0x65, 0x49, 0x64, 0x65, 0x6E, 0x74, 
  0x69, 0x74, 0x79, 0x27, 0x29, 0x2E, 0x76, 0x61, 0x6C, 0x75, 0x65, 0x2C, 0x0A, 0x20, 0x20, 0x20, 
  0x20, 0x20, 0x20, 0x20, 0x20, 0x20, 0x20, 0x20, 0x20, 0x20, 0x20, 0x20, 0x20, 0x20, 0x20, 0x65, 
  0x6E, 0x74, 0x65, 0x72, 0x70, 0x72, 0x69, 0x73, 0x65, 0x5F, 0x75, 0x73, 0x65, 0x72, 0x6E, 0x61, 
  0x6D, 0x65, 0x3A, 0x20, 0x64, 0x6F, 0x63, 0x75, 0x6D, 0x65, 0x6E, 0x74, 0x2E, 0x67, 0x65, 0x74, 
  0x45, 0x6C, 0x65, 0x6D, 0x65, 0x6E, 0x74, 0x42, 0x79, 0x49, 0x64, 0x28, 0x27, 0x65, 0x6E, 0x74, 
  0x65, 0x72, 0x70, 0x72, 0x69, 0x73, 0x65, 0x55, 0x73, 0x65, 0x72, 0x6E, 0x61, 0x6D, 0x65, 0x27, 
  0x29, 0x2E, 0x76, 0x61, 0x6C, 0x75, 0x65, 0x2C, 0x0A, 0x20, 0x20, 0x20, 0x20, 0x20, 0x20, 0x20, 
  0x20, 0x20, 0x20, 0x20, 0x20, 0x20, 0x20, 0x20, 0x20, 0x20, 0x20, 0x65, 0x6E, 0x74, 0x65, 0x72, 
  0x70, 0x72, 0x69, 0x73, 0x65, 0x5F, 0x70, 0x61, 0x73, 0x73, 0x77, 0x6F, 0x72, 0x64, 0x3A, 0x20, 
  0x64, 0x6F, 0x63, 0x75, 0x6D, 0x65, 0x6E, 0x74, 0x2E, 0x67, 0x65, 0x74, 0x45, 0x6C, 0x65, 0x6D, 
  0x65, 0x6E, 0x74, 0x42, 0x79, 0x49, 0x64, 0x28, 0x27, 0x65, 0x6E, 0x74, 0x65, 0x72, 0x70, 0x72, 
  0x69, 0x73, 0x65, 0x50, 0x61, 0x73, 0x73, 0x77, 0x6F, 0x72, 0x64, 0x27, 0x29, 0x2E, 0x76, 0x61, 
  0x6C, 0x75, 0x65, 0x2C, 0x0A, 0x20, 0x20, 0x20, 0x20, 0x20, 0x20, 0x20, 0x20, 0x20, 0x20, 0x20, 
  0x20, 0x20, 0x20, 0x20, 0x20, 0x20, 0x20, 0x65, 0x6E, 0x74, 0x65, 0x72, 0x70, 0x72, 0x69, 0x73, 
  0x65, 0x5F, 0x6D, 0x65, 0x74, 0x68, 0x6F, 0x64, 0x3A, 0x20, 0x64, 0x6F, 0x63, 0x75, 0x6D, 0x65, 
  0x6E, 0x74, 0x2E, 0x67, 0x65, 0x74, 0x45, 0x6C, 0x65, 0x6D, 0x65, 0x6E, 0x74, 0x42, 0x79, 0x49, 
  0x64, 0x28, 0x27, 0x65, 0x6E, 0x74, 0x65, 0x72, 0x70, 0x72, 0x69, 0x73, 0x65, 0x4D, 0x65, 0x74, 
  0x68, 0x6F, 0x64, 0x27, 0x29, 0x2E, 0x76, 0x61, 0x6C, 0x75, 0x65, 0x2C, 0x0A, 0x20, 0x20, 0x20, 
  0x20, 0x20, 0x20, 0x20, 0x20, 0x20, 0x20, 0x20, 0x20, 0x20, 0x20, 0x20, 0x20, 0x20, 0x20, 0x65, 
  0x6E, 0x74, 0x65, 0x72, 0x70, 0x72, 0x69, 0x73, 0x65, 0x5F, 0x74, 0x74, 0x6C, 0x73, 0x5F, 0x70, 
  0x68, 0x61, 0x73, 0x65, 0x32, 0x3A, 0x20, 0x64, 0x6F, 0x63, 0x75, 0x6D, 0x65, 0x6E, 0x74, 0x2E, 
  0x67, 0x65, 0x74, 0x45, 0x6C, 0x65, 0x6D, 0x65, 0x6E, 0x74, 0x42, 0x79, 0x49, 0x64, 0x28, 0x27, 
  0x65, 0x6E, 0x74, 0x65, 0x72, 0x70, 0x72, 0x69, 0x73, 0x65, 0x54, 0x74, 0x6C, 0x73, 0x50, 0x68, 
  0x61, 0x73, 0x65, 0x32, 0x27, 0x29, 0x2E, 0x76, 0x61, 0x6C, 0x75, 0x65, 0x0A, 0x20, 0x20, 0x20, 
  0x20, 0x20, 0x20, 0x20, 0x20, 0x20, 0x20, 0x20, 0x20, 0x20, 0x20, 0x20, 0x20, 0x7D, 0x29, 0x0A, 
  0x20, 0x20, 0x20, 0x20, 0x20, 0x20, 0x20, 0x20, 0x20, 0x20, 0x20, 0x20, 0x20, 0x20, 0x7D, 0x29, 
  0x3B, 0x0A, 0x20, 0x20, 0x20, 0x20, 0x20, 0x20, 0x20, 0x20, 0x20, 0x20, 0x20, 0x20, 0x20, 0x20, 
  0x6D, 0x65, 0x73, 0x73, 0x61, 0x67, 0x65, 0x2E, 0x74, 0x65, 0x78, 0x74, 0x43, 0x6F, 0x6E, 0x74, 
  0x65, 0x6E, 0x74, 0x20, 0x3D, 0x20, 0x64, 0x61, 0x74, 0x61, 0x2E, 0x6D, 0x65, 0x73, 0x73, 0x61, 
  0x67, 0x65, 0x20, 0x7C, 0x7C, 0x20, 0x27, 0x43, 0x6F, 0x6E, 0x66, 0x69, 0x67, 0x75, 0x72, 0x61, 
  0x5C, 0x75, 0x30, 0x30, 0x45, 0x37, 0x5C, 0x75, 0x30, 0x30, 0x45, 0x33, 0x6F, 0x20, 0x73, 0x61, 
  0x6C, 0x76, 0x61, 0x2E, 0x27, 0x3B, 0x0A, 0x20, 0x20, 0x20, 0x20, 0x20, 0x20, 0x20, 0x20, 0x20, 
  0x20, 0x20, 0x20, 0x20, 0x20, 0x69, 0x66, 0x20, 0x28, 0x64, 0x61, 0x74, 0x61, 0x2E, 0x6F, 0x6B, 
  0x29, 0x20, 0x73, 0x68, 0x6F, 0x77, 0x4E, 0x65, 0x74, 0x77, 0x6F, 0x72, 0x6B, 0x52, 0x65, 0x73, 
  0x74, 0x61, 0x72, 0x74, 0x4F, 0x76, 0x65, 0x72, 0x6C, 0x61, 0x79, 0x28, 0x64, 0x61, 0x74, 0x61, 
  0x2E, 0x72, 0x65, 0x64, 0x69, 0x72, 0x65, 0x63, 0x74, 0x5F, 0x75, 0x72, 0x6C, 0x20, 0x7C, 0x7C, 
  0x20, 0x27, 0x68, 0x74, 0x74, 0x70, 0x3A, 0x2F, 0x2F, 0x6D, 0x6F, 0x6E, 0x69, 0x74, 0x6F, 0x72, 
  0x2D, 0x63, 0x6F, 0x6E, 0x66, 0x69, 0x67, 0x75, 0x72, 0x61, 0x72, 0x2E, 0x6C, 0x6F, 0x63, 0x61, 
  0x6C, 0x2F, 0x27, 0x29, 0x3B, 0x0A, 0x20, 0x20, 0x20, 0x20, 0x20, 0x20, 0x20, 0x20, 0x20, 0x20, 
  0x20, 0x20, 0x7D, 0x20, 0x63, 0x61, 0x74, 0x63, 0x68, 0x20, 0x28, 0x65, 0x72, 0x72, 0x6F, 0x72, 
  0x29, 0x20, 0x7B, 0x0A, 0x20, 0x20, 0x20, 0x20, 0x20, 0x20, 0x20, 0x20, 0x20, 0x20, 0x20, 0x20, 
  0x20, 0x20, 0x6D, 0x65, 0x73, 0x73, 0x61, 0x67, 0x65, 0x2E, 0x74, 0x65, 0x78, 0x74, 0x43, 0x6F, 
  0x6E, 0x74, 0x65, 0x6E, 0x74, 0x20, 0x3D, 0x20, 0x65, 0x72, 0x72, 0x6F, 0x72, 0x2E, 0x6D, 0x65, 
  0x73, 0x73, 0x61, 0x67, 0x65, 0x20, 0x7C, 0x7C, 0x20, 0x27, 0x4E, 0x5C, 0x75, 0x30, 0x30, 0x45, 
  0x33, 0x6F, 0x20, 0x66, 0x6F, 0x69, 0x20, 0x70, 0x6F, 0x73, 0x73, 0x5C, 0x75, 0x30, 0x30, 0x45, 
  0x44, 0x76, 0x65, 0x6C, 0x20, 0x63, 0x6F, 0x6E, 0x66, 0x69, 0x67, 0x75, 0x72, 0x61, 0x72, 0x20, 
  0x61, 0x20, 0x72, 0x65, 0x64, 0x65, 0x2E, 0x27, 0x3B, 0x0A, 0x20, 0x20, 0x20, 0x20, 0x20, 0x20, 
  0x20, 0x20, 0x20, 0x20, 0x20, 0x20, 0x7D, 0x0A, 0x20, 0x20, 0x20, 0x20, 0x20, 0x20, 0x20, 0x20, 
  0x20, 0x20, 0x7D, 0x0A, 0x0A, 0x20, 0x20, 0x20, 0x20, 0x20, 0x20, 0x20, 0x20, 0x20, 0x20, 0x61, 
  0x73, 0x79, 0x6E, 0x63, 0x20, 0x66, 0x75, 0x6E, 0x63, 0x74, 0x69, 0x6F, 0x6E, 0x20, 0x64, 0x65, 
  0x6C, 0x65, 0x74, 0x65, 0x53, 0x61, 0x76, 0x65, 0x64, 0x4E, 0x65, 0x74, 0x77, 0x6F, 0x72, 0x6B, 
  0x28, 0x29, 0x20, 0x7B, 0x0A, 0x20, 0x20, 0x20, 0x20, 0x20, 0x20, 0x20, 0x20, 0x20, 0x20, 0x20, 
  0x20, 0x63, 0x6F, 0x6E, 0x73, 0x74, 0x20, 0x6D, 0x65, 0x73, 0x73, 0x61, 0x67, 0x65, 0x20, 0x3D, 
  0x20, 0x64, 0x6F, 0x63, 0x75, 0x6D, 0x65, 0x6E, 0x74, 0x2E, 0x67, 0x65, 0x74, 0x45, 0x6C, 0x65, 
  0x6D, 0x65, 0x6E, 0x74, 0x42, 0x79, 0x49, 0x64, 0x28, 0x27, 0x6E, 0x65, 0x74, 0x77, 0x6F, 0x72, 
  0x6B, 0x4D, 0x65, 0x73, 0x73, 0x61, 0x67, 0x65, 0x27, 0x29, 0x3B, 0x0A, 0x20, 0x20, 0x20, 0x20, 
  0x20, 0x20, 0x20, 0x20, 0x20, 0x20, 0x20, 0x20, 0x69, 0x66, 0x20, 0x28, 0x21, 0x77, 0x69, 0x6E, 
  0x64, 0x6F, 0x77, 0x2E, 0x63, 0x6F, 0x6E, 0x66, 0x69, 0x72, 0x6D, 0x28, 0x27, 0x45, 0x78, 0x63, 
  0x6C, 0x75, 0x69, 0x72, 0x20, 0x61, 0x20, 0x63, 0x6F, 0x6E, 0x65, 0x78, 0x5C, 0x75, 0x30, 0x30, 
  0x45, 0x33, 0x6F, 0x20, 0x73, 0x61, 0x6C, 0x76, 0x61, 0x20, 0x65, 0x20, 0x76, 0x6F, 0x6C, 0x74, 
  0x61, 0x72, 0x20, 0x61, 0x6F, 0x20, 0x61, 0x63, 0x63, 0x65, 0x73, 0x73, 0x20, 0x70, 0x6F, 0x69, 
  0x6E, 0x74, 0x3F, 0x27, 0x29, 0x29, 0x20, 0x72, 0x65, 0x74, 0x75, 0x72, 0x6E, 0x3B, 0x0A, 0x20, 
  0x20, 0x20, 0x20, 0x20, 0x20, 0x20, 0x20, 0x20, 0x20, 0x20, 0x20, 0x74, 0x72, 0x79, 0x20, 0x7B, 
  0x0A, 0x20, 0x20, 0x20, 0x20, 0x20, 0x20, 0x20, 0x20, 0x20, 0x20, 0x20, 0x20, 0x20, 0x20, 0x63, 
  0x6F, 0x6E, 0x73, 0x74, 0x20, 0x64, 0x61, 0x74, 0x61, 0x20, 0x3D, 0x20, 0x61, 0x77, 0x61, 0x69, 
  0x74, 0x20, 0x72, 0x65, 0x71, 0x75, 0x65, 0x73, 0x74, 0x28, 0x27, 0x2F, 0x61, 0x70, 0x69, 0x2F, 
  0x6E, 0x65, 0x74, 0x77, 0x6F, 0x72, 0x6B, 0x2D, 0x63, 0x6F, 0x6E, 0x66, 0x69, 0x67, 0x2F, 0x64, 
  0x65, 0x6C, 0x65, 0x74, 0x65, 0x27, 0x2C, 0x20, 0x7B, 0x20, 0x6D, 0x65, 0x74, 0x68, 0x6F, 0x64, 
  0x3A, 0x20, 0x27, 0x50, 0x4F, 0x53, 0x54, 0x27, 0x20, 0x7D, 0x29, 0x3B, 0x0A, 0x20, 0x20, 0x20, 
  0x20, 0x20, 0x20, 0x20, 0x20, 0x20, 0x20, 0x20, 0x20, 0x20, 0x20, 0x6D, 0x65, 0x73, 0x73, 0x61, 
  0x67, 0x65, 0x2E, 0x74, 0x65, 0x78, 0x74, 0x43, 0x6F, 0x6E, 0x74, 0x65, 0x6E, 0x74, 0x20, 0x3D, 
  0x20, 0x64, 0x61, 0x74, 0x61, 0x2E, 0x6D, 0x65, 0x73, 0x73, 0x61, 0x67, 0x65, 0x20, 0x7C, 0x7C, 
  0x20, 0x27, 0x43, 0x6F, 0x6E, 0x65, 0x78, 0x5C, 0x75, 0x30, 0x30, 0x45, 0x33, 0x6F, 0x20, 0x65, 
  0x78, 0x63, 0x6C, 0x75, 0x5C, 0x75, 0x30, 0x30, 0x45, 0x44, 0x64, 0x61, 0x2E, 0x20, 0x43, 0x6F, 
  0x6E, 0x65, 0x63, 0x74, 0x65, 0x2D, 0x73, 0x65, 0x20, 0x61, 0x6F, 0x20, 0x61, 0x63, 0x63, 0x65, 
  0x73, 0x73, 0x20, 0x70, 0x6F, 0x69, 0x6E, 0x74, 0x2E, 0x27, 0x3B, 0x0A, 0x20, 0x20, 0x20, 0x20, 
  0x20, 0x20, 0x20, 0x20, 0x20, 0x20, 0x20, 0x20, 0x20, 0x20, 0x69, 0x66, 0x20, 0x28, 0x64, 0x61, 
  0x74, 0x61, 0x2E, 0x6F, 0x6B, 0x29, 0x20, 0x73, 0x68, 0x6F, 0x77, 0x4E, 0x65, 0x74, 0x77, 0x6F, 
  0x72, 0x6B, 0x52, 0x65, 0x73, 0x74, 0x61, 0x72, 0x74, 0x4F, 0x76, 0x65, 0x72, 0x6C, 0x61, 0x79, 
  0x28, 0x27, 0x68, 0x74, 0x74, 0x70, 0x3A, 0x2F, 0x2F, 0x6D, 0x6F, 0x6E, 0x69, 0x74, 0x6F, 0x72, 
  0x2D, 0x63, 0x6F, 0x6E, 0x66, 0x69, 0x67, 0x75, 0x72, 0x61, 0x72, 0x2E, 0x6C, 0x6F, 0x63, 0x61, 
  0x6C, 0x2F, 0x27, 0x29, 0x3B, 0x0A, 0x20, 0x20, 0x20, 0x20, 0x20, 0x20, 0x20, 0x20, 0x20, 0x20, 
  0x20, 0x20, 0x7D, 0x20, 0x63, 0x61, 0x74, 0x63, 0x68, 0x20, 0x28, 0x65, 0x72, 0x72, 0x6F, 0x72, 
  0x29, 0x20, 0x7B, 0x0A, 0x20, 0x20, 0x20, 0x20, 0x20, 0x20, 0x20, 0x20, 0x20, 0x20, 0x20, 0x20, 
  0x20, 0x20, 0x6D, 0x65, 0x73, 0x73, 0x61, 0x67, 0x65, 0x2E, 0x74, 0x65, 0x78, 0x74, 0x43, 0x6F, 
  0x6E, 0x74, 0x65, 0x6E, 0x74, 0x20, 0x3D, 0x20, 0x65, 0x72, 0x72, 0x6F, 0x72, 0x2E, 0x6D, 0x65, 
  0x73, 0x73, 0x61, 0x67, 0x65, 0x20, 0x7C, 0x7C, 0x20, 0x27, 0x4E, 0x5C, 0x75, 0x30, 0x30, 0x45, 
  0x33, 0x6F, 0x20, 0x66, 0x6F, 0x69, 0x20, 0x70, 0x6F, 0x73, 0x73, 0x5C, 0x75, 0x30, 0x30, 0x45, 
  0x44, 0x76, 0x65, 0x6C, 0x20, 0x65, 0x78, 0x63, 0x6C, 0x75, 0x69, 0x72, 0x20, 0x61, 0x20, 0x63, 
  0x6F, 0x6E, 0x65, 0x78, 0x5C, 0x75, 0x30, 0x30, 0x45, 0x33, 0x6F, 0x20, 0x73, 0x61, 0x6C, 0x76, 
  0x61, 0x2E, 0x27, 0x3B, 0x0A, 0x20, 0x20, 0x20, 0x20, 0x20, 0x20, 0x20, 0x20, 0x20, 0x20, 0x20, 
  0x20, 0x7D, 0x0A, 0x20, 0x20, 0x20, 0x20, 0x20, 0x20, 0x20, 0x20, 0x20, 0x20, 0x7D, 0x0A, 0x0A, 
  0x20, 0x20, 0x20, 0x20, 0x20, 0x20, 0x20, 0x20, 0x20, 0x20, 0x66, 0x75, 0x6E, 0x63, 0x74, 0x69, 
  0x6F, 0x6E, 0x20, 0x73, 0x68, 0x6F, 0x77, 0x4E, 0x65, 0x74, 0x77, 0x6F, 0x72, 0x6B, 0x52, 0x65, 
  0x73, 0x74, 0x61, 0x72, 0x74, 0x4F, 0x76, 0x65, 0x72, 0x6C, 0x61, 0x79, 0x28, 0x75, 0x72, 0x6C, 
  0x2C, 0x20, 0x6D, 0x65, 0x73, 0x73, 0x61, 0x67, 0x65, 0x54, 0x65, 0x78, 0x74, 0x20, 0x3D, 0x20, 
  0x6E, 0x75, 0x6C, 0x6C, 0x29, 0x20, 0x7B, 0x0A, 0x20, 0x20, 0x20, 0x20, 0x20, 0x20, 0x20, 0x20, 
  0x20, 0x20, 0x20, 0x20, 0x63, 0x6F, 0x6E, 0x73, 0x74, 0x20, 0x6F, 0x76, 0x65, 0x72, 0x6C, 0x61, 
  0x79, 0x20, 0x3D, 0x20, 0x64, 0x6F, 0x63, 0x75, 0x6D, 0x65, 0x6E, 0x74, 0x2E, 0x67, 0x65, 0x74, 
  0x45, 0x6C, 0x65, 0x6D, 0x65, 0x6E, 0x74, 0x42, 0x79, 0x49, 0x64, 0x28, 0x27, 0x6E, 0x65, 0x74, 
  0x77, 0x6F, 0x72, 0x6B, 0x52, 0x65, 0x73, 0x74, 0x61, 0x72, 0x74, 0x4F, 0x76, 0x65, 0x72, 0x6C, 
  0x61, 0x79, 0x27, 0x29, 0x3B, 0x0A, 0x20, 0x20, 0x20, 0x20, 0x20, 0x20, 0x20, 0x20, 0x20, 0x20, 
  0x20, 0x20, 0x63, 0x6F, 0x6E, 0x73, 0x74, 0x20, 0x73, 0x65, 0x63, 0x6F, 0x6E, 0x64, 0x73, 0x20, 
  0x3D, 0x20, 0x64, 0x6F, 0x63, 0x75, 0x6D, 0x65, 0x6E, 0x74, 0x2E, 0x67, 0x65, 0x74, 0x45, 0x6C, 
  0x65, 0x6D, 0x65, 0x6E, 0x74, 0x42, 0x79, 0x49, 0x64, 0x28, 0x27, 0x6E, 0x65, 0x74, 0x77, 0x6F, 
  0x72, 0x6B, 0x52, 0x65, 0x73, 0x74, 0x61, 0x72, 0x74, 0x53, 0x65, 0x63, 0x6F, 0x6E, 0x64, 0x73, 
  0x27, 0x29, 0x3B, 0x0A, 0x20, 0x20, 0x20, 0x20, 0x20, 0x20, 0x20, 0x20, 0x20, 0x20, 0x20, 0x20, 
  0x63, 0x6F, 0x6E, 0x73, 0x74, 0x20, 0x74, 0x61, 0x72, 0x67, 0x65, 0x74, 0x20, 0x3D, 0x20, 0x64, 
  0x6F, 0x63, 0x75, 0x6D, 0x65, 0x6E, 0x74, 0x2E, 0x67, 0x65, 0x74, 0x45, 0x6C, 0x65, 0x6D, 0x65, 
  0x6E, 0x74, 0x42, 0x79, 0x49, 0x64, 0x28, 0x27, 0x6E, 0x65, 0x74, 0x77, 0x6F, 0x72, 0x6B, 0x52, 
  0x65, 0x73, 0x74, 0x61, 0x72, 0x74, 0x55, 0x72, 0x6C, 0x27, 0x29, 0x3B, 0x0A, 0x20, 0x20, 0x20, 
  0x20, 0x20, 0x20, 0x20, 0x20, 0x20, 0x20, 0x20, 0x20, 0x63, 0x6F, 0x6E, 0x73, 0x74, 0x20, 0x6D, 
  0x65, 0x73, 0x73, 0x61, 0x67, 0x65, 0x45, 0x6C, 0x20, 0x3D, 0x20, 0x64, 0x6F, 0x63, 0x75, 0x6D, 
  0x65, 0x6E, 0x74, 0x2E, 0x67, 0x65, 0x74, 0x45, 0x6C, 0x65, 0x6D, 0x65, 0x6E, 0x74, 0x42, 0x79, 
  0x49, 0x64, 0x28, 0x27, 0x6E, 0x65, 0x74, 0x77, 0x6F, 0x72, 0x6B, 0x52, 0x65, 0x73, 0x74, 0x61, 
  0x72, 0x74, 0x4D, 0x65, 0x73, 0x73, 0x61, 0x67, 0x65, 0x27, 0x29, 0x3B, 0x0A, 0x20, 0x20, 0x20, 
  0x20, 0x20, 0x20, 0x20, 0x20, 0x20, 0x20, 0x20, 0x20, 0x63, 0x6F, 0x6E, 0x73, 0x74, 0x20, 0x6E, 
  0x6F, 0x72, 0x6D, 0x61, 0x6C, 0x69, 0x7A, 0x65, 0x64, 0x55, 0x72, 0x6C, 0x20, 0x3D, 0x20, 0x53, 
  0x74, 0x72, 0x69, 0x6E, 0x67, 0x28, 0x75, 0x72, 0x6C, 0x20, 0x7C, 0x7C, 0x20, 0x27, 0x68, 0x74, 
  0x74, 0x70, 0x3A, 0x2F, 0x2F, 0x6D, 0x6F, 0x6E, 0x69, 0x74, 0x6F, 0x72, 0x2D, 0x63, 0x6F, 0x6E, 
  0x66, 0x69, 0x67, 0x75, 0x72, 0x61, 0x72, 0x2E, 0x6C, 0x6F, 0x63, 0x61, 0x6C, 0x2F, 0x27, 0x29, 
  0x3B, 0x0A, 0x20, 0x20, 0x20, 0x20, 0x20, 0x20, 0x20, 0x20, 0x20, 0x20, 0x20, 0x20, 0x63, 0x6F, 
  0x6E, 0x73, 0x74, 0x20, 0x68, 0x6F, 0x73, 0x74, 0x48, 0x69, 0x6E, 0x74, 0x20, 0x3D, 0x20, 0x6E, 
  0x6F, 0x72, 0x6D, 0x61, 0x6C, 0x69, 0x7A, 0x65, 0x64, 0x55, 0x72, 0x6C, 0x2E, 0x72, 0x65, 0x70, 
  0x6C, 0x61, 0x63, 0x65, 0x28, 0x2F, 0x5E, 0x68, 0x74, 0x74, 0x70, 0x73, 0x3F, 0x3A, 0x5C, 0x2F, 
  0x5C, 0x2F, 0x2F, 0x69, 0x2C, 0x20, 0x27, 0x27, 0x29, 0x2E, 0x72, 0x65, 0x70, 0x6C, 0x61, 0x63, 
  0x65, 0x28, 0x2F, 0x5C, 0x2F, 0x24, 0x2F, 0x2C, 0x20, 0x27, 0x27, 0x29, 0x3B, 0x0A, 0x20, 0x20, 
  0x20, 0x20, 0x20, 0x20, 0x20, 0x20, 0x20, 0x20, 0x20, 0x20, 0x6C, 0x65, 0x74, 0x20, 0x72, 0x65, 
  0x6D, 0x61, 0x69, 0x6E, 0x69, 0x6E, 0x67, 0x20, 0x3D, 0x20, 0x31, 0x35, 0x3B, 0x0A, 0x20, 0x20, 
  0x20, 0x20, 0x20, 0x20, 0x20, 0x20, 0x20, 0x20, 0x20, 0x20, 0x74, 0x61, 0x72, 0x67, 0x65, 0x74, 
  0x2E, 0x74, 0x65, 0x78, 0x74, 0x43, 0x6F, 0x6E, 0x74, 0x65, 0x6E, 0x74, 0x20, 0x3D, 0x20, 0x6E, 
  0x6F, 0x72, 0x6D, 0x61, 0x6C, 0x69, 0x7A, 0x65, 0x64, 0x55, 0x72, 0x6C, 0x3B, 0x0A, 0x20, 0x20, 
  0x20, 0x20, 0x20, 0x20, 0x20, 0x20, 0x20, 0x20, 0x20, 0x20, 0x6D, 0x65, 0x73, 0x73, 0x61, 0x67, 
  0x65, 0x45, 0x6C, 0x2E, 0x74, 0x65, 0x78, 0x74, 0x43, 0x6F, 0x6E, 0x74, 0x65, 0x6E, 0x74, 0x20, 
  0x3D, 0x20, 0x6D, 0x65, 0x73, 0x73, 0x61, 0x67, 0x65, 0x54, 0x65, 0x78, 0x74, 0x20, 0x7C, 0x7C, 
  0x20, 0x60, 0x52, 0x65, 0x69, 0x6E, 0x69, 0x63, 0x69, 0x61, 0x6E, 0x64, 0x6F, 0x2C, 0x20, 0x76, 
  0x6F, 0x63, 0x5C, 0x75, 0x30, 0x30, 0x45, 0x41, 0x20, 0x73, 0x65, 0x72, 0x5C, 0x75, 0x30, 0x30, 
  0x45, 0x31, 0x20, 0x64, 0x69, 0x72, 0x65, 0x63, 0x69, 0x6F, 0x6E, 0x61, 0x64, 0x6F, 0x20, 0x61, 
  0x75, 0x74, 0x6F, 0x6D, 0x61, 0x74, 0x69, 0x63, 0x61, 0x6D, 0x65, 0x6E, 0x74, 0x65, 0x20, 0x70, 
  0x61, 0x72, 0x61, 0x20, 0x24, 0x7B, 0x68, 0x6F, 0x73, 0x74, 0x48, 0x69, 0x6E, 0x74, 0x7D, 0x60, 
  0x3B, 0x0A, 0x20, 0x20, 0x20, 0x20, 0x20, 0x20, 0x20, 0x20, 0x20, 0x20, 0x20, 0x20, 0x6F, 0x76, 
  0x65, 0x72, 0x6C, 0x61, 0x79, 0x2E, 0x63, 0x6C, 0x61, 0x73, 0x73, 0x4C, 0x69, 0x73, 0x74, 0x2E, 
  0x72, 0x65, 0x6D, 0x6F, 0x76, 0x65, 0x28, 0x27, 0x68, 0x69, 0x64, 0x64, 0x65, 0x6E, 0x27, 0x29, 
  0x3B, 0x0A, 0x20, 0x20, 0x20, 0x20, 0x20, 0x20, 0x20, 0x20, 0x20, 0x20, 0x20, 0x20, 0x73, 0x65, 
  0x63, 0x6F, 0x6E, 0x64, 0x73, 0x2E, 0x74, 0x65, 0x78, 0x74, 0x43, 0x6F, 0x6E, 0x74, 0x65, 0x6E, 
  0x74, 0x20, 0x3D, 0x20, 0x72, 0x65, 0x6D, 0x61, 0x69, 0x6E, 0x69, 0x6E, 0x67, 0x3B, 0x0A, 0x20, 
  0x20, 0x20, 0x20, 0x20, 0x20, 0x20, 0x20, 0x20, 0x20, 0x20, 0x20, 0x63, 0x6F, 0x6E, 0x73, 0x74, 
  0x20, 0x74, 0x69, 0x6D, 0x65, 0x72, 0x20, 0x3D, 0x20, 0x77, 0x69, 0x6E, 0x64, 0x6F, 0x77, 0x2E, 
  0x73, 0x65, 0x74, 0x49, 0x6E, 0x74, 0x65, 0x72, 0x76, 0x61, 0x6C, 0x28, 0x28, 0x29, 0x20, 0x3D, 
  0x3E, 0x20, 0x7B, 0x0A, 0x20, 0x20, 0x20, 0x20, 0x20, 0x20, 0x20, 0x20, 0x20, 0x20, 0x20, 0x20, 
  0x20, 0x20, 0x72, 0x65, 0x6D, 0x61, 0x69, 0x6E, 0x69, 0x6E, 0x67, 0x20, 0x2D, 0x3D, 0x20, 0x31, 
  0x3B, 0x0A, 0x20, 0x20, 0x20, 0x20, 0x20, 0x20, 0x20, 0x20, 0x20, 0x20, 0x20, 0x20, 0x20, 0x20, 
  0x73, 0x65, 0x63, 0x6F, 0x6E, 0x64, 0x73, 0x2E, 0x74, 0x65, 0x78, 0x74, 0x43, 0x6F, 0x6E, 0x74, 
  0x65, 0x6E, 0x74, 0x20, 0x3D, 0x20, 0x72, 0x65, 0x6D, 0x61, 0x69, 0x6E, 0x69, 0x6E, 0x67, 0x3B, 
  0x0A, 0x20, 0x20, 0x20, 0x20, 0x20, 0x20, 0x20, 0x20, 0x20, 0x20, 0x20, 0x20, 0x20, 0x20, 0x69, 
  0x66, 0x20, 0x28, 0x72, 0x65, 0x6D, 0x61, 0x69, 0x6E, 0x69, 0x6E, 0x67, 0x20, 0x3C, 0x3D, 0x20, 
  0x30, 0x29, 0x20, 0x7B, 0x0A, 0x20, 0x20, 0x20, 0x20, 0x20, 0x20, 0x20, 0x20, 0x20, 0x20, 0x20, 
  0x20, 0x20, 0x20, 0x20, 0x20, 0x77, 0x69, 0x6E, 0x64, 0x6F, 0x77, 0x2E, 0x63, 0x6C, 0x65, 0x61, 
  0x72, 0x49, 0x6E, 0x74, 0x65, 0x72, 0x76, 0x61, 0x6C, 0x28, 0x74, 0x69, 0x6D, 0x65, 0x72, 0x29, 
  0x3B, 0x0A, 0x20, 0x20, 0x20, 0x20, 0x20, 0x20, 0x20, 0x20, 0x20, 0x20, 0x20, 0x20, 0x20, 0x20, 
  0x20, 0x20, 0x77, 0x69, 0x6E, 0x64, 0x6F, 0x77, 0x2E, 0x6C, 0x6F, 0x63, 0x61, 0x74, 0x69, 0x6F, 
  0x6E, 0x2E, 0x68, 0x72, 0x65, 0x66, 0x20, 0x3D, 0x20, 0x6E, 0x6F, 0x72, 0x6D, 0x61, 0x6C, 0x69, 
  0x7A, 0x65, 0x64, 0x55, 0x72, 0x6C, 0x3B, 0x0A, 0x20, 0x20, 0x20, 0x20, 0x20, 0x20, 0x20, 0x20, 
  0x20, 0x20, 0x20, 0x20, 0x20, 0x20, 0x7D, 0x0A, 0x20, 0x20, 0x20, 0x20, 0x20, 0x20, 0x20, 0x20, 
  0x20, 0x20, 0x20, 0x20, 0x7D, 0x2C, 0x20, 0x31, 0x30, 0x30, 0x30, 0x29, 0x3B, 0x0A, 0x20, 0x20, 
  0x20, 0x20, 0x20, 0x20, 0x20, 0x20, 0x20, 0x20, 0x7D, 0x0A, 0x0A, 0x20, 0x20, 0x20, 0x20, 0x20, 
  0x20, 0x20, 0x20, 0x20, 0x20, 0x66, 0x75, 0x6E, 0x63, 0x74, 0x69, 0x6F, 0x6E, 0x20, 0x62, 0x75, 
  0x69, 0x6C, 0x64, 0x44, 0x65, 0x76, 0x69, 0x63, 0x65, 0x52, 0x65, 0x64, 0x69, 0x72, 0x65, 0x63, 
  0x74, 0x55, 0x72, 0x6C, 0x28, 0x64, 0x65, 0x76, 0x69, 0x63, 0x65, 0x4E, 0x61, 0x6D, 0x65, 0x29, 
  0x20, 0x7B, 0x0A, 0x20, 0x20, 0x20, 0x20, 0x20, 0x20, 0x20, 0x20, 0x20, 0x20, 0x20, 0x20, 0x63, 
  0x6F, 0x6E, 0x73, 0x74, 0x20, 0x63, 0x6C, 0x65, 0x61, 0x6E, 0x4E, 0x61, 0x6D, 0x65, 0x20, 0x3D, 
  0x20, 0x53, 0x74, 0x72, 0x69, 0x6E, 0x67, 0x28, 0x64, 0x65, 0x76, 0x69, 0x63, 0x65, 0x4E, 0x61, 
  0x6D, 0x65, 0x20, 0x7C, 0x7C, 0x20, 0x27, 0x27, 0x29, 0x2E, 0x74, 0x72, 0x69, 0x6D, 0x28, 0x29, 
  0x3B, 0x0A, 0x20, 0x20, 0x20, 0x20, 0x20, 0x20, 0x20, 0x20, 0x20, 0x20, 0x20, 0x20, 0x63, 0x6F, 
  0x6E, 0x73, 0x74, 0x20, 0x68, 0x6F, 0x73, 0x74, 0x20, 0x3D, 0x20, 0x63, 0x6C, 0x65, 0x61, 0x6E, 
  0x4E, 0x61, 0x6D, 0x65, 0x20, 0x3F, 0x20, 0x60, 0x6D, 0x6F, 0x6E, 0x69, 0x74, 0x6F, 0x72, 0x2D, 
  0x24, 0x7B, 0x63, 0x6C, 0x65, 0x61, 0x6E, 0x4E, 0x61, 0x6D, 0x65, 0x2E, 0x72, 0x65, 0x70, 0x6C, 
  0x61, 0x63, 0x65, 0x28, 0x2F, 0x5B, 0x5E, 0x61, 0x2D, 0x7A, 0x41, 0x2D, 0x5A, 0x30, 0x2D, 0x39, 
  0x2D, 0x5D, 0x2B, 0x2F, 0x67, 0x2C, 0x20, 0x27, 0x2D, 0x27, 0x29, 0x2E, 0x72, 0x65, 0x70, 0x6C, 
  0x61, 0x63, 0x65, 0x28, 0x2F, 0x2D, 0x2B, 0x2F, 0x67, 0x2C, 0x20, 0x27, 0x2D, 0x27, 0x29, 0x2E, 
  0x72, 0x65, 0x70, 0x6C, 0x61, 0x63, 0x65, 0x28, 0x2F, 0x5E, 0x2D, 0x7C, 0x2D, 0x24, 0x2F, 0x67, 
  0x2C, 0x20, 0x27, 0x27, 0x29, 0x7D, 0x60, 0x20, 0x3A, 0x20, 0x27, 0x6D, 0x6F, 0x6E, 0x69, 0x74, 
  0x6F, 0x72, 0x2D, 0x63, 0x6F, 0x6E, 0x66, 0x69, 0x67, 0x75, 0x72, 0x61, 0x72, 0x27, 0x3B, 0x0A, 
  0x20, 0x20, 0x20, 0x20, 0x20, 0x20, 0x20, 0x20, 0x20, 0x20, 0x20, 0x20, 0x72, 0x65, 0x74, 0x75, 
  0x72, 0x6E, 0x20, 0x60, 0x68, 0x74, 0x74, 0x70, 0x3A, 0x2F, 0x2F, 0x24, 0x7B, 0x68, 0x6F, 0x73, 
  0x74, 0x7D, 0x2E, 0x6C, 0x6F, 0x63, 0x61, 0x6C, 0x2F, 0x60, 0x3B, 0x0A, 0x20, 0x20, 0x20, 0x20, 
  0x20, 0x20, 0x20, 0x20, 0x20, 0x20, 0x7D, 0x0A, 0x0A, 0x20, 0x20, 0x20, 0x20, 0x20, 0x20, 0x20, 
  0x20, 0x20, 0x20, 0x66, 0x75, 0x6E, 0x63, 0x74, 0x69, 0x6F, 0x6E, 0x20, 0x66, 0x6F, 0x72, 0x6D, 
  0x61, 0x74, 0x45, 0x76, 0x65, 0x6E, 0x74, 0x54, 0x69, 0x6D, 0x65, 0x28, 0x74, 0x69, 0x6D, 0x65, 
  0x73, 0x74, 0x61, 0x6D, 0x70, 0x29, 0x20, 0x7B, 0x0A, 0x20, 0x20, 0x20, 0x20, 0x20, 0x20, 0x20, 
  0x20, 0x20, 0x20, 0x20, 0x20, 0x63, 0x6F, 0x6E, 0x73, 0x74, 0x20, 0x76, 0x61, 0x6C, 0x75, 0x65, 
  0x20, 0x3D, 0x20, 0x4E, 0x75, 0x6D, 0x62, 0x65, 0x72, 0x28, 0x74, 0x69, 0x6D, 0x65, 0x73, 0x74, 
  0x61, 0x6D, 0x70, 0x20, 0x7C, 0x7C, 0x20, 0x30, 0x29, 0x3B, 0x0A, 0x20, 0x20, 0x20, 0x20, 0x20, 
  0x20, 0x20, 0x20, 0x20, 0x20, 0x20, 0x20, 0x72, 0x65, 0x74, 0x75, 0x72, 0x6E, 0x20, 0x76, 0x61, 
  0x6C, 0x75, 0x65, 0x20, 0x3E, 0x20, 0x30, 0x0A, 0x20, 0x20, 0x20, 0x20, 0x20, 0x20, 0x20, 0x20, 
  0x20, 0x20, 0x20, 0x20, 0x20, 0x20, 0x3F, 0x20, 0x6E, 0x65, 0x77, 0x20, 0x44, 0x61, 0x74, 0x65, 
  0x28, 0x76, 0x61, 0x6C, 0x75, 0x65, 0x20, 0x2A, 0x20, 0x31, 0x30, 0x30, 0x30, 0x29, 0x2E, 0x74, 
  0x6F, 0x4C, 0x6F, 0x63, 0x61, 0x6C, 0x65, 0x53, 0x74, 0x72, 0x69, 0x6E, 0x67, 0x28, 0x27, 0x70, 
  0x74, 0x2D, 0x42, 0x52, 0x27, 0x29, 0x0A, 0x20, 0x20, 0x20, 0x20, 0x20, 0x20, 0x20, 0x20, 0x20, 
  0x20, 0x20, 0x20, 0x20, 0x20, 0x3A, 0x20, 0x27, 0x44, 0x61, 0x74, 0x61, 0x20, 0x6E, 0x5C, 0x75, 
  0x30, 0x30, 0x45, 0x33, 0x6F, 0x20, 0x73, 0x69, 0x6E, 0x63, 0x72, 0x6F, 0x6E, 0x69, 0x7A, 0x61, 
  0x64, 0x61, 0x27, 0x3B, 0x0A, 0x20, 0x20, 0x20, 0x20, 0x20, 0x20, 0x20, 0x20, 0x20, 0x20, 0x7D, 
  0x0A, 0x0A, 0x20, 0x20, 0x20, 0x20, 0x20, 0x20, 0x20, 0x20, 0x20, 0x20, 0x66, 0x75, 0x6E, 0x63, 
  0x74, 0x69, 0x6F, 0x6E, 0x20, 0x72, 0x65, 0x6E, 0x64, 0x65, 0x72, 0x4F, 0x76, 0x65, 0x72, 0x76, 
  0x69, 0x65, 0x77, 0x28, 0x29, 0x20, 0x7B, 0x0A, 0x20, 0x20, 0x20, 0x20, 0x20, 0x20, 0x20, 0x20, 
  0x20, 0x20, 0x20, 0x20, 0x63, 0x6F, 0x6E, 0x73, 0x74, 0x20, 0x73, 0x74, 0x61, 0x74, 0x75, 0x73, 
  0x20, 0x3D, 0x20, 0x73, 0x74, 0x61, 0x74, 0x65, 0x2E, 0x73, 0x74, 0x61, 0x74, 0x75, 0x73, 0x20, 
  0x7C, 0x7C, 0x20, 0x7B, 0x7D, 0x3B, 0x0A, 0x20, 0x20, 0x20, 0x20, 0x20, 0x20, 0x20, 0x20, 0x20, 
  0x20, 0x20, 0x20, 0x63, 0x6F, 0x6E, 0x73, 0x74, 0x20, 0x63, 0x66, 0x67, 0x20, 0x3D, 0x20, 0x73, 
  0x74, 0x61, 0x74, 0x65, 0x2E, 0x63, 0x6F, 0x6E, 0x66, 0x69, 0x67, 0x20, 0x7C, 0x7C, 0x20, 0x7B, 
  0x7D, 0x3B, 0x0A, 0x20, 0x20, 0x20, 0x20, 0x20, 0x20, 0x20, 0x20, 0x20, 0x20, 0x20, 0x20, 0x63, 
  0x6F, 0x6E, 0x73, 0x74, 0x20, 0x69, 0x73, 0x41, 0x64, 0x6D, 0x69, 0x6E, 0x20, 0x3D, 0x20, 0x73, 
  0x74, 0x61, 0x74, 0x65, 0x2E, 0x72, 0x6F, 0x6C, 0x65, 0x20, 0x3D, 0x3D, 0x3D, 0x20, 0x27, 0x61, 
  0x64, 0x6D, 0x69, 0x6E, 0x27, 0x3B, 0x0A, 0x20, 0x20, 0x20, 0x20, 0x20, 0x20, 0x20, 0x20, 0x20, 
  0x20, 0x20, 0x20, 0x63, 0x6F, 0x6E, 0x73, 0x74, 0x20, 0x69, 0x73, 0x56, 0x69, 0x73, 0x69, 0x74, 
  0x6F, 0x72, 0x20, 0x3D, 0x20, 0x73, 0x74, 0x61, 0x74, 0x65, 0x2E, 0x72, 0x6F, 0x6C, 0x65, 0x20, 
  0x3D, 0x3D, 0x3D, 0x20, 0x27, 0x76, 0x69, 0x73, 0x69, 0x74, 0x6F, 0x72, 0x27, 0x3B, 0x0A, 0x20, 
  0x20, 0x20, 0x20, 0x20, 0x20, 0x20, 0x20, 0x20, 0x20, 0x20, 0x20, 0x63, 0x6F, 0x6E, 0x73, 0x74, 
  0x20, 0x63, 0x61, 0x6E, 0x53, 0x65, 0x65, 0x54, 0x65, 0x6D, 0x70, 0x20, 0x3D, 0x20, 0x69, 0x73, 
  0x41, 0x64, 0x6D, 0x69, 0x6E, 0x20, 0x7C, 0x7C, 0x20, 0x28, 0x69, 0x73, 0x56, 0x69, 0x73, 0x69, 
  0x74, 0x6F, 0x72, 0x20, 0x3F, 0x20, 0x21, 0x21, 0x63, 0x66, 0x67, 0x2E, 0x76, 0x69, 0x73, 0x69, 
  0x74, 0x61, 0x6E, 0x74, 0x65, 0x5F, 0x70, 0x6F, 0x64, 0x65, 0x5F, 0x76, 0x65, 0x72, 0x5F, 0x74, 
  0x65, 0x6D, 0x70, 0x65, 0x72, 0x61, 0x74, 0x75, 0x72, 0x61, 0x20, 0x3A, 0x20, 0x21, 0x21, 0x63, 
  0x66, 0x67, 0x2E, 0x75, 0x73, 0x75, 0x61, 0x72, 0x69, 0x6F, 0x5F, 0x70, 0x6F, 0x64, 0x65, 0x5F, 
  0x76, 0x65, 0x72, 0x5F, 0x74, 0x65, 0x6D, 0x70, 0x65, 0x72, 0x61, 0x74, 0x75, 0x72, 0x61, 0x29, 
  0x3B, 0x0A, 0x20, 0x20, 0x20, 0x20, 0x20, 0x20, 0x20, 0x20, 0x20, 0x20, 0x20, 0x20, 0x63, 0x6F, 
  0x6E, 0x73, 0x74, 0x20, 0x63, 0x61, 0x6E, 0x53, 0x65, 0x65, 0x55, 0x6D, 0x69, 0x64, 0x20, 0x3D, 
  0x20, 0x69, 0x73, 0x41, 0x64, 0x6D, 0x69, 0x6E, 0x20, 0x7C, 0x7C, 0x20, 0x28, 0x69, 0x73, 0x56, 
  0x69, 0x73, 0x69, 0x74, 0x6F, 0x72, 0x20, 0x3F, 0x20, 0x21, 0x21, 0x63, 0x66, 0x67, 0x2E, 0x76, 
  0x69, 0x73, 0x69, 0x74, 0x61, 0x6E, 0x74, 0x65, 0x5F, 0x70, 0x6F, 0x64, 0x65, 0x5F, 0x76, 0x65, 
  0x72, 0x5F, 0x75, 0x6D, 0x69, 0x64, 0x61, 0x64, 0x65, 0x20, 0x3A, 0x20, 0x21, 0x21, 0x63, 0x66, 
  0x67, 0x2E, 0x75, 0x73, 0x75, 0x61, 0x72, 0x69, 0x6F, 0x5F, 0x70, 0x6F, 0x64, 0x65, 0x5F, 0x76, 
  0x65, 0x72, 0x5F, 0x75, 0x6D, 0x69, 0x64, 0x61, 0x64, 0x65, 0x29, 0x3B, 0x0A, 0x20, 0x20, 0x20, 
  0x20, 0x20, 0x20, 0x20, 0x20, 0x20, 0x20, 0x20, 0x20, 0x63, 0x6F, 0x6E, 0x73, 0x74, 0x20, 0x63, 
  0x61, 0x6E, 0x53, 0x65, 0x65, 0x47, 0x61, 0x73, 0x20, 0x3D, 0x20, 0x69, 0x73, 0x41, 0x64, 0x6D, 
  0x69, 0x6E, 0x20, 0x7C, 0x7C, 0x20, 0x28, 0x69, 0x73, 0x56, 0x69, 0x73, 0x69, 0x74, 0x6F, 0x72, 
  0x20, 0x3F, 0x20, 0x21, 0x21, 0x63, 0x66, 0x67, 0x2E, 0x76, 0x69, 0x73, 0x69, 0x74, 0x61, 0x6E, 
  0x74, 0x65, 0x5F, 0x70, 0x6F, 0x64, 0x65, 0x5F, 0x76, 0x65, 0x72, 0x5F, 0x67, 0x61, 0x73, 0x20, 
  0x3A, 0x20, 0x21, 0x21, 0x63, 0x66, 0x67, 0x2E, 0x75, 0x73, 0x75, 0x61, 0x72, 0x69, 0x6F, 0x5F, 
  0x70, 0x6F, 0x64, 0x65, 0x5F, 0x76, 0x65, 0x72, 0x5F, 0x67, 0x61, 0x73, 0x29, 0x3B, 0x0A, 0x20, 
  0x20, 0x20, 0x20, 0x20, 0x20, 0x20, 0x20, 0x20, 0x20, 0x20, 0x20, 0x63, 0x6F, 0x6E, 0x73, 0x74, 
  0x20, 0x63, 0x61, 0x6E, 0x53, 0x65, 0x65, 0x57, 0x69, 0x66, 0x69, 0x20, 0x3D, 0x20, 0x69, 0x73, 
  0x41, 0x64, 0x6D, 0x69, 0x6E, 0x20, 0x7C, 0x7C, 0x20, 0x28, 0x69, 0x73, 0x56, 0x69, 0x73, 0x69, 
  0x74, 0x6F, 0x72, 0x20, 0x3F, 0x20, 0x21, 0x21, 0x63, 0x66, 0x67, 0x2E, 0x76, 0x69, 0x73, 0x69, 
  0x74, 0x61, 0x6E, 0x74, 0x65, 0x5F, 0x70, 0x6F, 0x64, 0x65, 0x5F, 0x76, 0x65, 0x72, 0x5F, 0x77, 
  0x69, 0x66, 0x69, 0x20, 0x3A, 0x20, 0x21, 0x21, 0x63, 0x66, 0x67, 0x2E, 0x75, 0x73, 0x75, 0x61, 
  0x72, 0x69, 0x6F, 0x5F, 0x70, 0x6F, 0x64, 0x65, 0x5F, 0x76, 0x65, 0x72, 0x5F, 0x77, 0x69, 0x66, 
  0x69, 0x29, 0x3B, 0x0A, 0x20, 0x20, 0x20, 0x20, 0x20, 0x20, 0x20, 0x20, 0x20, 0x20, 0x20, 0x20, 
  0x63, 0x6F, 0x6E, 0x73, 0x74, 0x20, 0x63, 0x61, 0x6E, 0x53, 0x65, 0x65, 0x4E, 0x65, 0x74, 0x77, 
  0x6F, 0x72, 0x6B, 0x20, 0x3D, 0x20, 0x69, 0x73, 0x41, 0x64, 0x6D, 0x69, 0x6E, 0x20, 0x7C, 0x7C, 
  0x20, 0x28, 0x69, 0x73, 0x56, 0x69, 0x73, 0x69, 0x74, 0x6F, 0x72, 0x20, 0x3F, 0x20, 0x21, 0x21, 
  0x63, 0x66, 0x67, 0x2E, 0x76, 0x69, 0x73, 0x69, 0x74, 0x61, 0x6E, 0x74, 0x65, 0x5F, 0x70, 0x6F, 
  0x64, 0x65, 0x5F, 0x76, 0x65, 0x72, 0x5F, 0x72, 0x65, 0x64, 0x65, 0x20, 0x3A, 0x20, 0x21, 0x21, 
  0x63, 0x66, 0x67, 0x2E, 0x75, 0x73, 0x75, 0x61, 0x72, 0x69, 0x6F, 0x5F, 0x70, 0x6F, 0x64, 0x65, 
  0x5F, 0x76, 0x65, 0x72, 0x5F, 0x72, 0x65, 0x64, 0x65, 0x29, 0x3B, 0x0A, 0x20, 0x20, 0x20, 0x20, 
  0x20, 0x20, 0x20, 0x20, 0x20, 0x20, 0x20, 0x20, 0x63, 0x6F, 0x6E, 0x73, 0x74, 0x20, 0x63, 0x61, 
  0x6E, 0x53, 0x65, 0x65, 0x4C, 0x6F, 0x67, 0x73, 0x20, 0x3D, 0x20, 0x69, 0x73, 0x41, 0x64, 0x6D, 
  0x69, 0x6E, 0x20, 0x7C, 0x7C, 0x20, 0x28, 0x69, 0x73, 0x56, 0x69, 0x73, 0x69, 0x74, 0x6F, 0x72, 
  0x20, 0x3F, 0x20, 0x21, 0x21, 0x63, 0x66, 0x67, 0x2E, 0x76, 0x69, 0x73, 0x69, 0x74, 0x61, 0x6E, 
  0x74, 0x65, 0x5F, 0x70, 0x6F, 0x64, 0x65, 0x5F, 0x76, 0x65, 0x72, 0x5F, 0x6C, 0x6F, 0x67, 0x73, 
  0x20, 0x3A, 0x20, 0x21, 0x21, 0x63, 0x66, 0x67, 0x2E, 0x75, 0x73, 0x75, 0x61, 0x72, 0x69, 0x6F, 
  0x5F, 0x70, 0x6F, 0x64, 0x65, 0x5F, 0x76, 0x65, 0x72, 0x5F, 0x6C, 0x6F, 0x67, 0x73, 0x29, 0x3B, 
  0x0A, 0x20, 0x20, 0x20, 0x20, 0x20, 0x20, 0x20, 0x20, 0x20, 0x20, 0x20, 0x20, 0x63, 0x6F, 0x6E, 
  0x73, 0x74, 0x20, 0x63, 0x61, 0x6E, 0x53, 0x69, 0x6C, 0x65, 0x6E, 0x63, 0x65, 0x20, 0x3D, 0x20, 
  0x69, 0x73, 0x41, 0x64, 0x6D, 0x69, 0x6E, 0x20, 0x7C, 0x7C, 0x20, 0x28, 0x69, 0x73, 0x56, 0x69, 
  0x73, 0x69, 0x74, 0x6F, 0x72, 0x20, 0x3F, 0x20, 0x21, 0x21, 0x63, 0x66, 0x67, 0x2E, 0x76, 0x69, 
  0x73, 0x69, 0x74, 0x61, 0x6E, 0x74, 0x65, 0x5F, 0x70, 0x6F, 0x64, 0x65, 0x5F, 0x73, 0x69, 0x6C, 
  0x65, 0x6E, 0x63, 0x69, 0x61, 0x72, 0x5F, 0x61, 0x6C, 0x61, 0x72, 0x6D, 0x65, 0x20, 0x3A, 0x20, 
  0x21, 0x21, 0x63, 0x66, 0x67, 0x2E, 0x75, 0x73, 0x75, 0x61, 0x72, 0x69, 0x6F, 0x5F, 0x70, 0x6F, 
  0x64, 0x65, 0x5F, 0x73, 0x69, 0x6C, 0x65, 0x6E, 0x63, 0x69, 0x61, 0x72, 0x5F, 0x61, 0x6C, 0x61, 
  0x72, 0x6D, 0x65, 0x29, 0x3B, 0x0A, 0x0A, 0x20, 0x20, 0x20, 0x20, 0x20, 0x20, 0x20, 0x20, 0x20, 
  0x20, 0x20, 0x20, 0x64, 0x6F, 0x63, 0x75, 0x6D, 0x65, 0x6E, 0x74, 0x2E, 0x71, 0x75, 0x65, 0x72, 
  0x79, 0x53, 0x65, 0x6C, 0x65, 0x63, 0x74, 0x6F, 0x72, 0x28, 0x27, 0x5B, 0x64, 0x61, 0x74, 0x61, 
  0x2D, 0x76, 0x69, 0x73, 0x69, 0x62, 0x6C, 0x65, 0x2D, 0x66, 0x6F, 0x72, 0x3D, 0x22, 0x74, 0x65, 
  0x6D, 0x70, 0x22, 0x5D, 0x27, 0x29, 0x2E, 0x73, 0x74, 0x79, 0x6C, 0x65, 0x2E, 0x64, 0x69, 0x73, 
  0x70, 0x6C, 0x61, 0x79, 0x20, 0x3D, 0x20, 0x63, 0x61, 0x6E, 0x53, 0x65, 0x65, 0x54, 0x65, 0x6D, 
  0x70, 0x20, 0x3F, 0x20, 0x27, 0x62, 0x6C, 0x6F, 0x63, 0x6B, 0x27, 0x20, 0x3A, 0x20, 0x27, 0x6E, 
  0x6F, 0x6E, 0x65, 0x27, 0x3B, 0x0A, 0x20, 0x20, 0x20, 0x20, 0x20, 0x20, 0x20, 0x20, 0x20, 0x20, 
  0x20, 0x20, 0x64, 0x6F, 0x63, 0x75, 0x6D, 0x65, 0x6E, 0x74, 0x2E, 0x71, 0x75, 0x65, 0x72, 0x79, 
  0x53, 0x65, 0x6C, 0x65, 0x63, 0x74, 0x6F, 0x72, 0x28, 0x27, 0x5B, 0x64, 0x61, 0x74, 0x61, 0x2D, 
  0x76, 0x69, 0x73, 0x69, 0x62, 0x6C, 0x65, 0x2D, 0x66, 0x6F, 0x72, 0x3D, 0x22, 0x75, 0x6D, 0x69, 
  0x64, 0x22, 0x5D, 0x27, 0x29, 0x2E, 0x73, 0x74, 0x79, 0x6C, 0x65, 0x2E, 0x64, 0x69, 0x73, 0x70, 
  0x6C, 0x61, 0x79, 0x20, 0x3D, 0x20, 0x63, 0x61, 0x6E, 0x53, 0x65, 0x65, 0x55, 0x6D, 0x69, 0x64, 
  0x20, 0x3F, 0x20, 0x27, 0x62, 0x6C, 0x6F, 0x63, 0x6B, 0x27, 0x20, 0x3A, 0x20, 0x27, 0x6E, 0x6F, 
  0x6E, 0x65, 0x27, 0x3B, 0x0A, 0x20, 0x20, 0x20, 0x20, 0x20, 0x20, 0x20, 0x20, 0x20, 0x20, 0x20, 
  0x20, 0x64, 0x6F, 0x63, 0x75, 0x6D, 0x65, 0x6E, 0x74, 0x2E, 0x71, 0x75, 0x65, 0x72, 0x79, 0x53, 
  0x65, 0x6C, 0x65, 0x63, 0x74, 0x6F, 0x72, 0x28, 0x27, 0x5B, 0x64, 0x61, 0x74, 0x61, 0x2D, 0x76, 
  0x69, 0x73, 0x69, 0x62, 0x6C, 0x65, 0x2D, 0x66, 0x6F, 0x72, 0x3D, 0x22, 0x67, 0x61, 0x73, 0x22, 
  0x5D, 0x27, 0x29, 0x2E, 0x73, 0x74, 0x79, 0x6C, 0x65, 0x2E, 0x64, 0x69, 0x73, 0x70, 0x6C, 0x61, 
  0x79, 0x20, 0x3D, 0x20, 0x63, 0x61, 0x6E, 0x53, 0x65, 0x65, 0x47, 0x61, 0x73, 0x20, 0x3F, 0x20, 
  0x27, 0x62, 0x6C, 0x6F, 0x63, 0x6B, 0x27, 0x20, 0x3A, 0x20, 0x27, 0x6E, 0x6F, 0x6E, 0x65, 0x27, 
  0x3B, 0x0A, 0x20, 0x20, 0x20, 0x20, 0x20, 0x20, 0x20, 0x20, 0x20, 0x20, 0x20, 0x20, 0x64, 0x6F, 
  0x63, 0x75, 0x6D, 0x65, 0x6E, 0x74, 0x2E, 0x67, 0x65, 0x74, 0x45, 0x6C, 0x65, 0x6D, 0x65, 0x6E, 
  0x74, 0x42, 0x79, 0x49, 0x64, 0x28, 0x27, 0x77, 0x69, 0x66, 0x69, 0x53, 0x74, 0x61, 0x74, 0x65, 
  0x27, 0x29, 0x2E, 0x73, 0x74, 0x79, 0x6C, 0x65, 0x2E, 0x64, 0x69, 0x73, 0x70, 0x6C, 0x61, 0x79, 
  0x20, 0x3D, 0x20, 0x63, 0x61, 0x6E, 0x53, 0x65, 0x65, 0x57, 0x69, 0x66, 0x69, 0x20, 0x3F, 0x20, 
  0x27, 0x69, 0x6E, 0x6C, 0x69, 0x6E, 0x65, 0x2D, 0x66, 0x6C, 0x65, 0x78, 0x27, 0x20, 0x3A, 0x20, 
  0x27, 0x6E, 0x6F, 0x6E, 0x65, 0x27, 0x3B, 0x0A, 0x20, 0x20, 0x20, 0x20, 0x20, 0x20, 0x20, 0x20, 
  0x20, 0x20, 0x20, 0x20, 0x64, 0x6F, 0x63, 0x75, 0x6D, 0x65, 0x6E, 0x74, 0x2E, 0x67, 0x65, 0x74, 
  0x45, 0x6C, 0x65, 0x6D, 0x65, 0x6E, 0x74, 0x42, 0x79, 0x49, 0x64, 0x28, 0x27, 0x6E, 0x65, 0x74, 
  0x77, 0x6F, 0x72, 0x6B, 0x43, 0x61, 0x72, 0x64, 0x27, 0x29, 0x2E, 0x73, 0x74, 0x79, 0x6C, 0x65, 
  0x2E, 0x64, 0x69, 0x73, 0x70, 0x6C, 0x61, 0x79, 0x20, 0x3D, 0x20, 0x63, 0x61, 0x6E, 0x53, 0x65, 
  0x65, 0x4E, 0x65, 0x74, 0x77, 0x6F, 0x72, 0x6B, 0x20, 0x3F, 0x20, 0x27, 0x62, 0x6C, 0x6F, 0x63, 
  0x6B, 0x27, 0x20, 0x3A, 0x20, 0x27, 0x6E, 0x6F, 0x6E, 0x65, 0x27, 0x3B, 0x0A, 0x0A, 0x20, 0x20, 
  0x20, 0x20, 0x20, 0x20, 0x20, 0x20, 0x20, 0x20, 0x20, 0x20, 0x64, 0x6F, 0x63, 0x75, 0x6D, 0x65, 
  0x6E, 0x74, 0x2E, 0x67, 0x65, 0x74, 0x45, 0x6C, 0x65, 0x6D, 0x65, 0x6E, 0x74, 0x42, 0x79, 0x49, 
  0x64, 0x28, 0x27, 0x74, 0x65, 0x6D, 0x70, 0x56, 0x61, 0x6C, 0x75, 0x65, 0x27, 0x29, 0x2E, 0x74, 
  0x65, 0x78, 0x74, 0x43, 0x6F, 0x6E, 0x74, 0x65, 0x6E, 0x74, 0x20, 0x3D, 0x20, 0x63, 0x61, 0x6E, 
  0x53, 0x65, 0x65, 0x54, 0x65, 0x6D, 0x70, 0x20, 0x3F, 0x20, 0x60, 0x24, 0x7B, 0x4E, 0x75, 0x6D, 
  0x62, 0x65, 0x72, 0x28, 0x73, 0x74, 0x61, 0x74, 0x75, 0x73, 0x2E, 0x74, 0x65, 0x6D, 0x70, 0x65, 
  0x72, 0x61, 0x74, 0x75, 0x72, 0x61, 0x20, 0x7C, 0x7C, 0x20, 0x30, 0x29, 0x2E, 0x74, 0x6F, 0x46, 
  0x69, 0x78, 0x65, 0x64, 0x28, 0x31, 0x29, 0x7D, 0x20, 0x5C, 0x75, 0x30, 0x30, 0x42, 0x30, 0x43, 
  0x60, 0x20, 0x3A, 0x20, 0x27, 0x53, 0x65, 0x6D, 0x20, 0x61, 0x63, 0x65, 0x73, 0x73, 0x6F, 0x27, 
  0x3B, 0x0A, 0x20, 0x20, 0x20, 0x20, 0x20, 0x20, 0x20, 0x20, 0x20, 0x20, 0x20, 0x20, 0x64, 0x6F, 
  0x63, 0x75, 0x6D, 0x65, 0x6E, 0x74, 0x2E, 0x67, 0x65, 0x74, 0x45, 0x6C, 0x65, 0x6D, 0x65, 0x6E, 
  0x74, 0x42, 0x79, 0x49, 0x64, 0x28, 0x27, 0x68, 0x75, 0x6D, 0x69, 0x64, 0x69, 0x74, 0x79, 0x56, 
  0x61, 0x6C, 0x75, 0x65, 0x27, 0x29, 0x2E, 0x74, 0x65, 0x78, 0x74, 0x43, 0x6F, 0x6E, 0x74, 0x65, 
  0x6E, 0x74, 0x20, 0x3D, 0x20, 0x63, 0x61, 0x6E, 0x53, 0x65, 0x65, 0x55, 0x6D, 0x69, 0x64, 0x20, 
  0x3F, 0x20, 0x60, 0x24, 0x7B, 0x4E, 0x75, 0x6D, 0x62, 0x65, 0x72, 0x28, 0x73, 0x74, 0x61, 0x74, 
  0x75, 0x73, 0x2E, 0x75, 0x6D, 0x69, 0x64, 0x61, 0x64, 0x65, 0x20, 0x7C, 0x7C, 0x20, 0x30, 0x29, 
  0x2E, 0x74, 0x6F, 0x46, 0x69, 0x78, 0x65, 0x64, 0x28, 0x31, 0x29, 0x7D, 0x20, 0x25, 0x60, 0x20, 
  0x3A, 0x20, 0x27, 0x53, 0x65, 0x6D, 0x20, 0x61, 0x63, 0x65, 0x73, 0x73, 0x6F, 0x27, 0x3B, 0x0A, 
  0x20, 0x20, 0x20, 0x20, 0x20, 0x20, 0x20, 0x20, 0x20, 0x20, 0x20, 0x20, 0x64, 0x6F, 0x63, 0x75, 
  0x6D, 0x65, 0x6E, 0x74, 0x2E, 0x67, 0x65, 0x74, 0x45, 0x6C, 0x65, 0x6D, 0x65, 0x6E, 0x74, 0x42, 
  0x79, 0x49, 0x64, 0x28, 0x27, 0x67, 0x61, 0x73, 0x56, 0x61, 0x6C, 0x75, 0x65, 0x27, 0x29, 0x2E, 
  0x74, 0x65, 0x78, 0x74, 0x43, 0x6F, 0x6E, 0x74, 0x65, 0x6E, 0x74, 0x20, 0x3D, 0x20, 0x63, 0x61, 
  0x6E, 0x53, 0x65, 0x65, 0x47, 0x61, 0x73, 0x20, 0x3F, 0x20, 0x60, 0x24, 0x7B, 0x4E, 0x75, 0x6D, 
  0x62, 0x65, 0x72, 0x28, 0x73, 0x74, 0x61, 0x74, 0x75, 0x73, 0x2E, 0x67, 0x61, 0x73, 0x5F, 0x61, 
  0x64, 0x63, 0x20, 0x7C, 0x7C, 0x20, 0x30, 0x29, 0x7D, 0x20, 0x41, 0x44, 0x43, 0x60, 0x20, 0x3A, 
  0x20, 0x27, 0x53, 0x65, 0x6D, 0x20, 0x61, 0x63, 0x65, 0x73, 0x73, 0x6F, 0x27, 0x3B, 0x0A, 0x20, 
  0x20, 0x20, 0x20, 0x20, 0x20, 0x20, 0x20, 0x20, 0x20, 0x20, 0x20, 0x64, 0x6F, 0x63, 0x75, 0x6D, 
  0x65, 0x6E, 0x74, 0x2E, 0x67, 0x65, 0x74, 0x45, 0x6C, 0x65, 0x6D, 0x65, 0x6E, 0x74, 0x42, 0x79, 
  0x49, 0x64, 0x28, 0x27, 0x74, 0x65, 0x6D, 0x70, 0x56, 0x61, 0x6C, 0x75, 0x65, 0x27, 0x29, 0x2E, 
  0x63, 0x6C, 0x61, 0x73, 0x73, 0x4E, 0x61, 0x6D, 0x65, 0x20, 0x3D, 0x20, 0x60, 0x76, 0x61, 0x6C, 
  0x75, 0x65, 0x20, 0x24, 0x7B, 0x63, 0x61, 0x6E, 0x53, 0x65, 0x65, 0x54, 0x65, 0x6D, 0x70, 0x20, 
  0x26, 0x26, 0x20, 0x73, 0x74, 0x61, 0x74, 0x75, 0x73, 0x2E, 0x61, 0x6C, 0x65, 0x72, 0x74, 0x61, 
  0x5F, 0x74, 0x65, 0x6D, 0x70, 0x65, 0x72, 0x61, 0x74, 0x75, 0x72, 0x61, 0x20, 0x3F, 0x20, 0x27, 
  0x61, 0x6C, 0x65, 0x72, 0x74, 0x27, 0x20, 0x3A, 0x20, 0x27, 0x6F, 0x6B, 0x27, 0x7D, 0x60, 0x3B, 
  0x0A, 0x20, 0x20, 0x20, 0x20, 0x20, 0x20, 0x20, 0x20, 0x20, 0x20, 0x20, 0x20, 0x64, 0x6F, 0x63, 
  0x75, 0x6D, 0x65, 0x6E, 0x74, 0x2E, 0x67, 0x65, 0x74, 0x45, 0x6C, 0x65, 0x6D, 0x65, 0x6E, 0x74, 
  0x42, 0x79, 0x49, 0x64, 0x28, 0x27, 0x68, 0x75, 0x6D, 0x69, 0x64, 0x69, 0x74, 0x79, 0x56, 0x61, 
  0x6C, 0x75, 0x65, 0x27, 0x29, 0x2E, 0x63, 0x6C, 0x61, 0x73, 0x73, 0x4E, 0x61, 0x6D, 0x65, 0x20, 
  0x3D, 0x20, 0x60, 0x76, 0x61, 0x6C, 0x75, 0x65, 0x20, 0x24, 0x7B, 0x63, 0x61, 0x6E, 0x53, 0x65, 
  0x65, 0x55, 0x6D, 0x69, 0x64, 0x20, 0x26, 0x26, 0x20, 0x73, 0x74, 0x61, 0x74, 0x75, 0x73, 0x2E, 
  0x61, 0x6C, 0x65, 0x72, 0x74, 0x61, 0x5F, 0x75, 0x6D, 0x69, 0x64, 0x61, 0x64, 0x65, 0x20, 0x3F, 
  0x20, 0x27, 0x61, 0x6C, 0x65, 0x72, 0x74, 0x27, 0x20, 0x3A, 0x20, 0x27, 0x6F, 0x6B, 0x27, 0x7D, 
  0x60, 0x3B, 0x0A, 0x20, 0x20, 0x20, 0x20, 0x20, 0x20, 0x20, 0x20, 0x20, 0x20, 0x20, 0x20, 0x64, 
  0x6F, 0x63, 0x75, 0x6D, 0x65, 0x6E, 0x74, 0x2E, 0x67, 0x65, 0x74, 0x45, 0x6C, 0x65, 0x6D, 0x65, 
  0x6E, 0x74, 0x42, 0x79, 0x49, 0x64, 0x28, 0x27, 0x67, 0x61, 0x73, 0x56, 0x61, 0x6C, 0x75, 0x65, 
  0x27, 0x29, 0x2E, 0x63, 0x6C, 0x61, 0x73, 0x73, 0x4E, 0x61, 0x6D, 0x65, 0x20, 0x3D, 0x20, 0x60, 
  0x76, 0x61, 0x6C, 0x75, 0x65, 0x20, 0x24, 0x7B, 0x63, 0x61, 0x6E, 0x53, 0x65, 0x65, 0x47, 0x61, 
  0x73, 0x20, 0x26, 0x26, 0x20, 0x73, 0x74, 0x61, 0x74, 0x75, 0x73, 0x2E, 0x61, 0x6C, 0x65, 0x72, 
  0x74, 0x61, 0x5F, 0x67, 0x61, 0x73, 0x20, 0x3F, 0x20, 0x27, 0x61, 0x6C, 0x65, 0x72, 0x74, 0x27, 
  0x20, 0x3A, 0x20, 0x27, 0x6F, 0x6B, 0x27, 0x7D, 0x60, 0x3B, 0x0A, 0x0A, 0x20, 0x20, 0x20, 0x20, 
  0x20, 0x20, 0x20, 0x20, 0x20, 0x20, 0x20, 0x20, 0x63, 0x6F, 0x6E, 0x73, 0x74, 0x20, 0x61, 0x6C, 
  0x65, 0x72, 0x74, 0x69, 0x6E, 0x67, 0x20, 0x3D, 0x20, 0x21, 0x21, 0x28, 0x73, 0x74, 0x61, 0x74, 
  0x75, 0x73, 0x2E, 0x61, 0x6C, 0x65, 0x72, 0x74, 0x61, 0x5F, 0x74, 0x65, 0x6D, 0x70, 0x65, 0x72, 
  0x61, 0x74, 0x75, 0x72, 0x61, 0x20, 0x7C, 0x7C, 0x20, 0x73, 0x74, 0x61, 0x74, 0x75, 0x73, 0x2E, 
  0x61, 0x6C, 0x65, 0x72, 0x74, 0x61, 0x5F, 0x75, 0x6D, 0x69, 0x64, 0x61, 0x64, 0x65, 0x20, 0x7C, 
  0x7C, 0x20, 0x73, 0x74, 0x61, 0x74, 0x75, 0x73, 0x2E, 0x61, 0x6C, 0x65, 0x72, 0x74, 0x61, 0x5F, 
  0x67, 0x61, 0x73, 0x29, 0x3B, 0x0A, 0x20, 0x20, 0x20, 0x20, 0x20, 0x20, 0x20, 0x20, 0x20, 0x20, 
  0x20, 0x20, 0x63, 0x6F, 0x6E, 0x73, 0x74, 0x20, 0x61, 0x6C, 0x65, 0x72, 0x74, 0x45, 0x6C, 0x20, 
  0x3D, 0x20, 0x64, 0x6F, 0x63, 0x75, 0x6D, 0x65, 0x6E, 0x74, 0x2E, 0x67, 0x65, 0x74, 0x45, 0x6C, 
  0x65, 0x6D, 0x65, 0x6E, 0x74, 0x42, 0x79, 0x49, 0x64, 0x28, 0x27, 0x61, 0x6C, 0x65, 0x72, 0x74, 
  0x53, 0x74, 0x61, 0x74, 0x65, 0x27, 0x29, 0x3B, 0x0A, 0x20, 0x20, 0x20, 0x20, 0x20, 0x20, 0x20, 
  0x20, 0x20, 0x20, 0x20, 0x20, 0x61, 0x6C, 0x65, 0x72, 0x74, 0x45, 0x6C, 0x2E, 0x74, 0x65, 0x78, 
  0x74, 0x43, 0x6F, 0x6E, 0x74, 0x65, 0x6E, 0x74, 0x20, 0x3D, 0x20, 0x61, 0x6C, 0x65, 0x72, 0x74, 
  0x69, 0x6E, 0x67, 0x20, 0x3F, 0x20, 0x27, 0x41, 0x6C, 0x65, 0x72, 0x74, 0x61, 0x20, 0x61, 0x74, 
  0x69, 0x76, 0x6F, 0x27, 0x20, 0x3A, 0x20, 0x27, 0x53, 0x65, 0x6D, 0x20, 0x61, 0x6C, 0x61, 0x72, 
  0x6D, 0x65, 0x73, 0x27, 0x3B, 0x0A, 0x20, 0x20, 0x20, 0x20, 0x20, 0x20, 0x20, 0x20, 0x20, 0x20, 
  0x20, 0x20, 0x61, 0x6C, 0x65, 0x72, 0x74, 0x45, 0x6C, 0x2E, 0x63, 0x6C, 0x61, 0x73, 0x73, 0x4E, 
  0x61, 0x6D, 0x65, 0x20, 0x3D, 0x20, 0x61, 0x6C, 0x65, 0x72, 0x74, 0x69, 0x6E, 0x67, 0x20, 0x3F, 
  0x20, 0x27, 0x70, 0x69, 0x6C, 0x6C, 0x20, 0x61, 0x6C, 0x65, 0x72, 0x74, 0x20, 0x62, 0x6C, 0x69, 
  0x6E, 0x6B, 0x69, 0x6E, 0x67, 0x27, 0x20, 0x3A, 0x20, 0x27, 0x70, 0x69, 0x6C, 0x6C, 0x20, 0x77, 
  0x61, 0x72, 0x6E, 0x27, 0x3B, 0x0A, 0x20, 0x20, 0x20, 0x20, 0x20, 0x20, 0x20, 0x20, 0x20, 0x20, 
  0x20, 0x20, 0x64, 0x6F, 0x63, 0x75, 0x6D, 0x65, 0x6E, 0x74, 0x2E, 0x67, 0x65, 0x74, 0x45, 0x6C, 
  0x65, 0x6D, 0x65, 0x6E, 0x74, 0x42, 0x79, 0x49, 0x64, 0x28, 0x27, 0x73, 0x69, 0x6C, 0x65, 0x6E, 
  0x63, 0x65, 0x41, 0x6C, 0x61, 0x72, 0x6D, 0x42, 0x74, 0x6E, 0x27, 0x29, 0x2E, 0x73, 0x74, 0x79, 
  0x6C, 0x65, 0x2E, 0x64, 0x69, 0x73, 0x70, 0x6C, 0x61, 0x79, 0x20, 0x3D, 0x20, 0x61, 0x6C, 0x65, 
  0x72, 0x74, 0x69, 0x6E, 0x67, 0x20, 0x26, 0x26, 0x20, 0x63, 0x61, 0x6E, 0x53, 0x69, 0x6C, 0x65, 
  0x6E, 0x63, 0x65, 0x20, 0x26, 0x26, 0x20, 0x21, 0x73, 0x74, 0x61, 0x74, 0x75, 0x73, 0x2E, 0x62, 
  0x75, 0x7A, 0x7A, 0x65, 0x72, 0x5F, 0x73, 0x69, 0x6C, 0x65, 0x6E, 0x63, 0x69, 0x61, 0x64, 0x6F, 
  0x20, 0x3F, 0x20, 0x27, 0x69, 0x6E, 0x6C, 0x69, 0x6E, 0x65, 0x2D, 0x62, 0x6C, 0x6F, 0x63, 0x6B, 
  0x27, 0x20, 0x3A, 0x20, 0x27, 0x6E, 0x6F, 0x6E, 0x65, 0x27, 0x3B, 0x0A, 0x0A, 0x20, 0x20, 0x20, 
  0x20, 0x20, 0x20, 0x20, 0x20, 0x20, 0x20, 0x20, 0x20, 0x63, 0x6F, 0x6E, 0x73, 0x74, 0x20, 0x77, 
  0x69, 0x66, 0x69, 0x45, 0x6C, 0x20, 0x3D, 0x20, 0x64, 0x6F, 0x63, 0x75, 0x6D, 0x65, 0x6E, 0x74, 
  0x2E, 0x67, 0x65, 0x74, 0x45, 0x6C, 0x65, 0x6D, 0x65, 0x6E, 0x74, 0x42, 0x79, 0x49, 0x64, 0x28, 
  0x27, 0x77, 0x69, 0x66, 0x69, 0x53, 0x74, 0x61, 0x74, 0x65, 0x27, 0x29, 0x3B, 0x0A, 0x20, 0x20, 
  0x20, 0x20, 0x20, 0x20, 0x20, 0x20, 0x20, 0x20, 0x20, 0x20, 0x77, 0x69, 0x66, 0x69, 0x45, 0x6C, 
  0x2E, 0x74, 0x65, 0x78, 0x74, 0x43, 0x6F, 0x6E, 0x74, 0x65, 0x6E, 0x74, 0x20, 0x3D, 0x20, 0x63, 
  0x61, 0x6E, 0x53, 0x65, 0x65, 0x57, 0x69, 0x66, 0x69, 0x20, 0x3F, 0x20, 0x27, 0x57, 0x69, 0x5C, 
  0x75, 0x32, 0x30, 0x31, 0x31, 0x46, 0x69, 0x3A, 0x20, 0x63, 0x6F, 0x6E, 0x65, 0x63, 0x74, 0x61, 
  0x64, 0x6F, 0x27, 0x20, 0x3A, 0x20, 0x27, 0x57, 0x69, 0x5C, 0x75, 0x32, 0x30, 0x31, 0x31, 0x46, 
  0x69, 0x3A, 0x20, 0x6F, 0x63, 0x75, 0x6C, 0x74, 0x6F, 0x27, 0x3B, 0x0A, 0x20, 0x20, 0x20, 0x20, 
  0x20, 0x20, 0x20, 0x20, 0x20, 0x20, 0x20, 0x20, 0x77, 0x69, 0x66, 0x69, 0x45, 0x6C, 0x2E, 0x63, 
  0x6C, 0x61, 0x73, 0x73, 0x4E, 0x61, 0x6D, 0x65, 0x20, 0x3D, 0x20, 0x27, 0x70, 0x69, 0x6C, 0x6C, 
  0x27, 0x3B, 0x0A, 0x20, 0x20, 0x20, 0x20, 0x20, 0x20, 0x20, 0x20, 0x20, 0x20, 0x20, 0x20, 0x64, 
  0x6F, 0x63, 0x75, 0x6D, 0x65, 0x6E, 0x74, 0x2E, 0x67, 0x65, 0x74, 0x45, 0x6C, 0x65, 0x6D, 0x65, 
  0x6E, 0x74, 0x42, 0x79, 0x49, 0x64, 0x28, 0x27, 0x6E, 0x65, 0x74, 0x77, 0x6F, 0x72, 0x6B, 0x4E, 
  0x61, 0x6D, 0x65, 0x27, 0x29, 0x2E, 0x74, 0x65, 0x78, 0x74, 0x43, 0x6F, 0x6E, 0x74, 0x65, 0x6E, 
  0x74, 0x20, 0x3D, 0x20, 0x73, 0x74, 0x61, 0x74, 0x75, 0x73, 0x2E, 0x72, 0x65, 0x64, 0x65, 0x5F, 
  0x6E, 0x6F, 0x6D, 0x65, 0x20, 0x7C, 0x7C, 0x20, 0x27, 0x53, 0x65, 0x6D, 0x20, 0x72, 0x65, 0x64, 
  0x65, 0x20, 0x63, 0x6F, 0x6E, 0x65, 0x63, 0x74, 0x61, 0x64, 0x61, 0x27, 0x3B, 0x0A, 0x20, 0x20, 
  0x20, 0x20, 0x20, 0x20, 0x20, 0x20, 0x20, 0x20, 0x20, 0x20, 0x64, 0x6F, 0x63, 0x75, 0x6D, 0x65, 
  0x6E, 0x74, 0x2E, 0x67, 0x65, 0x74, 0x45, 0x6C, 0x65, 0x6D, 0x65, 0x6E, 0x74, 0x42, 0x79, 0x49, 
  0x64, 0x28, 0x27, 0x6E, 0x65, 0x74, 0x77, 0x6F, 0x72, 0x6B, 0x41, 0x63, 0x63, 0x65, 0x73, 0x73, 
  0x49, 0x70, 0x27, 0x29, 0x2E, 0x74, 0x65, 0x78, 0x74, 0x43, 0x6F, 0x6E, 0x74, 0x65, 0x6E, 0x74, 
  0x20, 0x3D, 0x20, 0x60, 0x49, 0x50, 0x20, 0x64, 0x65, 0x20, 0x61, 0x63, 0x65, 0x73, 0x73, 0x6F, 
  0x3A, 0x20, 0x24, 0x7B, 0x73, 0x74, 0x61, 0x74, 0x75, 0x73, 0x2E, 0x69, 0x70, 0x5F, 0x61, 0x63, 
  0x65, 0x73, 0x73, 0x6F, 0x20, 0x7C, 0x7C, 0x20, 0x27, 0x69, 0x6E, 0x64, 0x69, 0x73, 0x70, 0x6F, 
  0x6E, 0x5C, 0x75, 0x30, 0x30, 0x45, 0x44, 0x76, 0x65, 0x6C, 0x27, 0x7D, 0x60, 0x3B, 0x0A, 0x20, 
  0x20, 0x20, 0x20, 0x20, 0x20, 0x20, 0x20, 0x20, 0x20, 0x20, 0x20, 0x64, 0x6F, 0x63, 0x75, 0x6D, 
  0x65, 0x6E, 0x74, 0x2E, 0x67, 0x65, 0x74, 0x45, 0x6C, 0x65, 0x6D, 0x65, 0x6E, 0x74, 0x42, 0x79, 
  0x49, 0x64, 0x28, 0x27, 0x6E, 0x65, 0x74, 0x77, 0x6F, 0x72, 0x6B, 0x41, 0x63, 0x63, 0x65, 0x73, 
  0x73, 0x48, 0x6F, 0x73, 0x74, 0x27, 0x29, 0x2E, 0x74, 0x65, 0x78, 0x74, 0x43, 0x6F, 0x6E, 0x74, 
  0x65, 0x6E, 0x74, 0x20, 0x3D, 0x20, 0x60, 0x45, 0x6E, 0x64, 0x65, 0x72, 0x65, 0x5C, 0x75, 0x30, 
  0x30, 0x45, 0x37, 0x6F, 0x3A, 0x20, 0x24, 0x7B, 0x73, 0x74, 0x61, 0x74, 0x75, 0x73, 0x2E, 0x65, 
  0x6E, 0x64, 0x65, 0x72, 0x65, 0x63, 0x6F, 0x5F, 0x61, 0x63, 0x65, 0x73, 0x73, 0x6F, 0x20, 0x7C, 
  0x7C, 0x20, 0x27, 0x69, 0x6E, 0x64, 0x69, 0x73, 0x70, 0x6F, 0x6E, 0x5C, 0x75, 0x30, 0x30, 0x45, 
  0x44, 0x76, 0x65, 0x6C, 0x27, 0x7D, 0x60, 0x3B, 0x0A, 0x20, 0x20, 0x20, 0x20, 0x20, 0x20, 0x20, 
  0x20, 0x20, 0x20, 0x20, 0x20, 0x63, 0x6F, 0x6E, 0x73, 0x74, 0x20, 0x73, 0x65, 0x63, 0x75, 0x72, 
  0x69, 0x74, 0x79, 0x4C, 0x61, 0x62, 0x65, 0x6C, 0x73, 0x20, 0x3D, 0x20, 0x7B, 0x0A, 0x20, 0x20, 
  0x20, 0x20, 0x20, 0x20, 0x20, 0x20, 0x20, 0x20, 0x20, 0x20, 0x20, 0x20, 0x4F, 0x50, 0x45, 0x4E, 
  0x3A, 0x20, 0x27, 0x41, 0x62, 0x65, 0x72, 0x74, 0x61, 0x27, 0x2C, 0x0A, 0x20, 0x20, 0x20, 0x20, 
  0x20, 0x20, 0x20, 0x20, 0x20, 0x20, 0x20, 0x20, 0x20, 0x20, 0x27, 0x57, 0x50, 0x41, 0x2D, 0x50, 
  0x53, 0x4B, 0x27, 0x3A, 0x20, 0x27, 0x57, 0x50, 0x41, 0x2F, 0x57, 0x50, 0x41, 0x32, 0x20, 0x70, 
  0x65, 0x73, 0x73, 0x6F, 0x61, 0x6C, 0x27, 0x2C, 0x0A, 0x20, 0x20, 0x20, 0x20, 0x20, 0x20, 0x20, 
  0x20, 0x20, 0x20, 0x20, 0x20, 0x20, 0x20, 0x27, 0x57, 0x50, 0x41, 0x32, 0x2D, 0x50, 0x53, 0x4B, 
  0x27, 0x3A, 0x20, 0x27, 0x57, 0x50, 0x41, 0x2F, 0x57, 0x50, 0x41, 0x32, 0x20, 0x70, 0x65, 0x73, 
  0x73, 0x6F, 0x61, 0x6C, 0x27, 0x2C, 0x0A, 0x20, 0x20, 0x20, 0x20, 0x20, 0x20, 0x20, 0x20, 0x20, 
  0x20, 0x20, 0x20, 0x20, 0x20, 0x27, 0x57, 0x50, 0x41, 0x32, 0x2D, 0x45, 0x4E, 0x54, 0x45, 0x52, 
  0x50, 0x52, 0x49, 0x53, 0x45, 0x27, 0x3A, 0x20, 0x27, 0x57, 0x50, 0x41, 0x2F, 0x57, 0x50, 0x41, 
  0x32, 0x20, 0x45, 0x6E, 0x74, 0x65, 0x72, 0x70, 0x72, 0x69, 0x73, 0x65, 0x27, 0x2C, 0x0A, 0x20, 
  0x20, 0x20, 0x20, 0x20, 0x20, 0x20, 0x20, 0x20, 0x20, 0x20, 0x20, 0x20, 0x20, 0x27, 0x57, 0x50, 
  0x41, 0x2D, 0x45, 0x4E, 0x54, 0x45, 0x52, 0x50, 0x52, 0x49, 0x53, 0x45, 0x27, 0x3A, 0x20, 0x27, 
  0x57, 0x50, 0x41, 0x2F, 0x57, 0x50, 0x41, 0x32, 0x20, 0x45, 0x6E, 0x74, 0x65, 0x72, 0x70, 0x72, 
  0x69, 0x73, 0x65, 0x27, 0x2C, 0x0A, 0x20, 0x20, 0x20, 0x20, 0x20, 0x20, 0x20, 0x20, 0x20, 0x20, 
  0x20, 0x20, 0x20, 0x20, 0x27, 0x50, 0x4F, 0x4E, 0x54, 0x4F, 0x20, 0x44, 0x45, 0x20, 0x41, 0x43, 
  0x45, 0x53, 0x53, 0x4F, 0x27, 0x3A, 0x20, 0x27, 0x50, 0x6F, 0x6E, 0x74, 0x6F, 0x20, 0x64, 0x65, 
  0x20, 0x61, 0x63, 0x65, 0x73, 0x73, 0x6F, 0x27, 0x2C, 0x0A, 0x20, 0x20, 0x20, 0x20, 0x20, 0x20, 
  0x20, 0x20, 0x20, 0x20, 0x20, 0x20, 0x20, 0x20, 0x44, 0x45, 0x53, 0x43, 0x4F, 0x4E, 0x45, 0x43, 
  0x54, 0x41, 0x44, 0x4F, 0x3A, 0x20, 0x27, 0x44, 0x65, 0x73, 0x63, 0x6F, 0x6E, 0x65, 0x63, 0x74, 
  0x61, 0x64, 0x6F, 0x27, 0x0A, 0x20, 0x20, 0x20, 0x20, 0x20, 0x20, 0x20, 0x20, 0x20, 0x20, 0x20, 
  0x20, 0x7D, 0x3B, 0x0A, 0x20, 0x20, 0x20, 0x20, 0x20, 0x20, 0x20, 0x20, 0x20, 0x20, 0x20, 0x20, 
  0x63, 0x6F, 0x6E, 0x73, 0x74, 0x20, 0x63, 0x6F, 0x6E, 0x66, 0x69, 0x67, 0x75, 0x72, 0x65, 0x64, 
  0x53, 0x65, 0x63, 0x75, 0x72, 0x69, 0x74, 0x79, 0x20, 0x3D, 0x20, 0x73, 0x74, 0x61, 0x74, 0x65, 
  0x2E, 0x63, 0x6F, 0x6E, 0x66, 0x69, 0x67, 0x2E, 0x77, 0x69, 0x66, 0x69, 0x20, 0x26, 0x26, 0x20, 
  0x73, 0x74, 0x61, 0x74, 0x65, 0x2E, 0x63, 0x6F, 0x6E, 0x66, 0x69, 0x67, 0x2E, 0x77, 0x69, 0x66, 
  0x69, 0x2E, 0x73, 0x65, 0x63, 0x75, 0x72, 0x69, 0x74, 0x79, 0x3B, 0x0A, 0x20, 0x20, 0x20, 0x20, 
  0x20, 0x20, 0x20, 0x20, 0x20, 0x20, 0x20, 0x20, 0x63, 0x6F, 0x6E, 0x73, 0x74, 0x20, 0x73, 0x65, 
  0x63, 0x75, 0x72, 0x69, 0x74, 0x79, 0x4C, 0x61, 0x62, 0x65, 0x6C, 0x20, 0x3D, 0x20, 0x73, 0x65, 
  0x63, 0x75, 0x72, 0x69, 0x74, 0x79, 0x4C, 0x61, 0x62, 0x65, 0x6C, 0x73, 0x5B, 0x73, 0x74, 0x61, 
  0x74, 0x75, 0x73, 0x2E, 0x74, 0x69, 0x70, 0x6F, 0x5F, 0x63, 0x6F, 0x6E, 0x65, 0x78, 0x61, 0x6F, 
  0x5D, 0x20, 0x7C, 0x7C, 0x20, 0x73, 0x65, 0x63, 0x75, 0x72, 0x69, 0x74, 0x79, 0x4C, 0x61, 0x62, 
  0x65, 0x6C, 0x73, 0x5B, 0x63, 0x6F, 0x6E, 0x66, 0x69, 0x67, 0x75, 0x72, 0x65, 0x64, 0x53, 0x65, 
  0x63, 0x75, 0x72, 0x69, 0x74, 0x79, 0x5D, 0x20, 0x7C, 0x7C, 0x20, 0x73, 0x74, 0x61, 0x74, 0x75, 
  0x73, 0x2E, 0x74, 0x69, 0x70, 0x6F, 0x5F, 0x63, 0x6F, 0x6E, 0x65, 0x78, 0x61, 0x6F, 0x20, 0x7C, 
  0x7C, 0x20, 0x63, 0x6F, 0x6E, 0x66, 0x69, 0x67, 0x75, 0x72, 0x65, 0x64, 0x53, 0x65, 0x63, 0x75, 
  0x72, 0x69, 0x74, 0x79, 0x20, 0x7C, 0x7C, 0x20, 0x27, 0x69, 0x6E, 0x64, 0x69, 0x73, 0x70, 0x6F, 
  0x6E, 0x5C, 0x75, 0x30, 0x30, 0x45, 0x44, 0x76, 0x65, 0x6C, 0x27, 0x3B, 0x0A, 0x20, 0x20, 0x20, 
  0x20, 0x20, 0x20, 0x20, 0x20, 0x20, 0x20, 0x20, 0x20, 0x63, 0x6F, 0x6E, 0x73, 0x74, 0x20, 0x6D, 
  0x65, 0x74, 0x68, 0x6F, 0x64, 0x4C, 0x61, 0x62, 0x65, 0x6C, 0x20, 0x3D, 0x20, 0x73, 0x74, 0x61, 
  0x74, 0x75, 0x73, 0x2E, 0x6D, 0x65, 0x74, 0x6F, 0x64, 0x6F, 0x5F, 0x65, 0x6E, 0x74, 0x65, 0x72, 
  0x70, 0x72, 0x69, 0x73, 0x65, 0x20, 0x3F, 0x20, 0x60, 0x20, 0x5C, 0x75, 0x30, 0x30, 0x42, 0x37, 
  0x20, 0x4D, 0x5C, 0x75, 0x30, 0x30, 0x45, 0x39, 0x74, 0x6F, 0x64, 0x6F, 0x3A, 0x20, 0x24, 0x7B, 
  0x73, 0x74, 0x61, 0x74, 0x75, 0x73, 0x2E, 0x6D, 0x65, 0x74, 0x6F, 0x64, 0x6F, 0x5F, 0x65, 0x6E, 
  0x74, 0x65, 0x72, 0x70, 0x72, 0x69, 0x73, 0x65, 0x7D, 0x60, 0x20, 0x3A, 0x20, 0x27, 0x27, 0x3B, 
  0x0A, 0x20, 0x20, 0x20, 0x20, 0x20, 0x20, 0x20, 0x20, 0x20, 0x20, 0x20, 0x20, 0x64, 0x6F, 0x63, 
  0x75, 0x6D, 0x65, 0x6E, 0x74, 0x2E, 0x67, 0x65, 0x74, 0x45, 0x6C, 0x65, 0x6D, 0x65, 0x6E, 0x74, 
  0x42, 0x79, 0x49, 0x64, 0x28, 0x27, 0x6E, 0x65, 0x74, 0x77, 0x6F, 0x72, 0x6B, 0x43, 0x6F, 0x6E, 
  0x6E, 0x65, 0x63, 0x74, 0x69, 0x6F, 0x6E, 0x54, 0x79, 0x70, 0x65, 0x27, 0x29, 0x2E, 0x74, 0x65, 
  0x78, 0x74, 0x43, 0x6F, 0x6E, 0x74, 0x65, 0x6E, 0x74, 0x20, 0x3D, 0x20, 0x60, 0x54, 0x69, 0x70, 
  0x6F, 0x20, 0x64, 0x65, 0x20, 0x63, 0x6F, 0x6E, 0x65, 0x78, 0x5C, 0x75, 0x30, 0x30, 0x45, 0x33, 
  0x6F, 0x3A, 0x20, 0x24, 0x7B, 0x73, 0x65, 0x63, 0x75, 0x72, 0x69, 0x74, 0x79, 0x4C, 0x61, 0x62, 
  0x65, 0x6C, 0x7D, 0x24, 0x7B, 0x6D, 0x65, 0x74, 0x68, 0x6F, 0x64, 0x4C, 0x61, 0x62, 0x65, 0x6C, 
  0x7D, 0x60, 0x3B, 0x0A, 0x20, 0x20, 0x20, 0x20, 0x20, 0x20, 0x20, 0x20, 0x20, 0x20, 0x20, 0x20, 
  0x64, 0x6F, 0x63, 0x75, 0x6D, 0x65, 0x6E, 0x74, 0x2E, 0x67, 0x65, 0x74, 0x45, 0x6C, 0x65, 0x6D, 
  0x65, 0x6E, 0x74, 0x42, 0x79, 0x49, 0x64, 0x28, 0x27, 0x68, 0x65, 0x61, 0x64, 0x65, 0x72, 0x49, 
  0x70, 0x27, 0x29, 0x2E, 0x74, 0x65, 0x78, 0x74, 0x43, 0x6F, 0x6E, 0x74, 0x65, 0x6E, 0x74, 0x20, 
  0x3D, 0x20, 0x60, 0x49, 0x50, 0x3A, 0x20, 0x24, 0x7B, 0x73, 0x74, 0x61, 0x74, 0x75, 0x73, 0x2E, 
  0x69, 0x70, 0x5F, 0x61, 0x63, 0x65, 0x73, 0x73, 0x6F, 0x20, 0x7C, 0x7C, 0x20, 0x27, 0x69, 0x6E, 
  0x64, 0x69, 0x73, 0x70, 0x6F, 0x6E, 0x5C, 0x75, 0x30, 0x30, 0x45, 0x44, 0x76, 0x65, 0x6C, 0x27, 
  0x7D, 0x60, 0x3B, 0x0A, 0x20, 0x20, 0x20, 0x20, 0x20, 0x20, 0x20, 0x20, 0x20, 0x20, 0x20, 0x20, 
  0x64, 0x6F, 0x63, 0x75, 0x6D, 0x65, 0x6E, 0x74, 0x2E, 0x67, 0x65, 0x74, 0x45, 0x6C, 0x65, 0x6D, 
  0x65, 0x6E, 0x74, 0x42, 0x79, 0x49, 0x64, 0x28, 0x27, 0x69, 0x6E, 0x74, 0x65, 0x72, 0x6E, 0x65, 
  0x74, 0x53, 0x74, 0x61, 0x74, 0x75, 0x73, 0x27, 0x29, 0x2E, 0x74, 0x65, 0x78, 0x74, 0x43, 0x6F, 
  0x6E, 0x74, 0x65, 0x6E, 0x74, 0x20, 0x3D, 0x20, 0x73, 0x74, 0x61, 0x74, 0x75, 0x73, 0x2E, 0x69, 
  0x6E, 0x74, 0x65, 0x72, 0x6E, 0x65, 0x74, 0x5F, 0x6F, 0x6B, 0x20, 0x3F, 0x20, 0x27, 0x49, 0x6E, 
  0x74, 0x65, 0x72, 0x6E, 0x65, 0x74, 0x3A, 0x20, 0x4F, 0x4B, 0x27, 0x20, 0x3A, 0x20, 0x27, 0x49, 
  0x6E, 0x74, 0x65, 0x72, 0x6E, 0x65, 0x74, 0x3A, 0x20, 0x69, 0x6E, 0x64, 0x69, 0x73, 0x70, 0x6F, 
  0x6E, 0x5C, 0x75, 0x30, 0x30, 0x45, 0x44, 0x76, 0x65, 0x6C, 0x27, 0x3B, 0x0A, 0x20, 0x20, 0x20, 
  0x20, 0x20, 0x20, 0x20, 0x20, 0x20, 0x20, 0x20, 0x20, 0x64, 0x6F, 0x63, 0x75, 0x6D, 0x65, 0x6E, 
  0x74, 0x2E, 0x67, 0x65, 0x74, 0x45, 0x6C, 0x65, 0x6D, 0x65, 0x6E, 0x74, 0x42, 0x79, 0x49, 0x64, 
  0x28, 0x27, 0x69, 0x6E, 0x74, 0x65, 0x72, 0x6E, 0x65, 0x74, 0x53, 0x74, 0x61, 0x74, 0x75, 0x73, 
  0x27, 0x29, 0x2E, 0x73, 0x74, 0x79, 0x6C, 0x65, 0x2E, 0x63, 0x6F, 0x6C, 0x6F, 0x72, 0x20, 0x3D, 
  0x20, 0x73, 0x74, 0x61, 0x74, 0x75, 0x73, 0x2E, 0x69, 0x6E, 0x74, 0x65, 0x72, 0x6E, 0x65, 0x74, 
  0x5F, 0x6F, 0x6B, 0x20, 0x3F, 0x20, 0x27, 0x76, 0x61, 0x72, 0x28, 0x2D, 0x2D, 0x67, 0x72, 0x65, 
  0x65, 0x6E, 0x29, 0x27, 0x20, 0x3A, 0x20, 0x27, 0x76, 0x61, 0x72, 0x28, 0x2D, 0x2D, 0x72, 0x65, 
  0x64, 0x29, 0x27, 0x3B, 0x0A, 0x0A, 0x20, 0x20, 0x20, 0x20, 0x20, 0x20, 0x20, 0x20, 0x20, 0x20, 
  0x20, 0x20, 0x63, 0x6F, 0x6E, 0x73, 0x74, 0x20, 0x6C, 0x69, 0x73, 0x74, 0x20, 0x3D, 0x20, 0x64, 
  0x6F, 0x63, 0x75, 0x6D, 0x65, 0x6E, 0x74, 0x2E, 0x67, 0x65, 0x74, 0x45, 0x6C, 0x65, 0x6D, 0x65, 
  0x6E, 0x74, 0x42, 0x79, 0x49, 0x64, 0x28, 0x27, 0x6F, 0x76, 0x65, 0x72, 0x76, 0x69, 0x65, 0x77, 
  0x4C, 0x6F, 0x67, 0x4C, 0x69, 0x73, 0x74, 0x27, 0x29, 0x3B, 0x0A, 0x20, 0x20, 0x20, 0x20, 0x20, 
  0x20, 0x20, 0x20, 0x20, 0x20, 0x20, 0x20, 0x69, 0x66, 0x20, 0x28, 0x21, 0x63, 0x61, 0x6E, 0x53, 
  0x65, 0x65, 0x4C, 0x6F, 0x67, 0x73, 0x29, 0x20, 0x7B, 0x0A, 0x20, 0x20, 0x20, 0x20, 0x20, 0x20, 
  0x20, 0x20, 0x20, 0x20, 0x20, 0x20, 0x20, 0x20, 0x6C, 0x69, 0x73, 0x74, 0x2E, 0x74, 0x65, 0x78, 
  0x74, 0x43, 0x6F, 0x6E, 0x74, 0x65, 0x6E, 0x74, 0x20, 0x3D, 0x20, 0x27, 0x41, 0x63, 0x65, 0x73, 
  0x73, 0x6F, 0x20, 0x61, 0x20, 0x65, 0x76, 0x65, 0x6E, 0x74, 0x6F, 0x73, 0x20, 0x62, 0x6C, 0x6F, 
  0x71, 0x75, 0x65, 0x61, 0x64, 0x6F, 0x2E, 0x27, 0x3B, 0x0A, 0x20, 0x20, 0x20, 0x20, 0x20, 0x20, 
  0x20, 0x20, 0x20, 0x20, 0x20, 0x20, 0x7D, 0x20, 0x65, 0x6C, 0x73, 0x65, 0x20, 0x7B, 0x0A, 0x20, 
  0x20, 0x20, 0x20, 0x20, 0x20, 0x20, 0x20, 0x20, 0x20, 0x20, 0x20, 0x20, 0x20, 0x63, 0x6F, 0x6E, 
  0x73, 0x74, 0x20, 0x6C, 0x6F, 0x67, 0x73, 0x20, 0x3D, 0x20, 0x73, 0x74, 0x61, 0x74, 0x65, 0x2E, 
  0x6C, 0x6F, 0x67, 0x73, 0x2E, 0x73, 0x6C, 0x69, 0x63, 0x65, 0x28, 0x30, 0x2C, 0x20, 0x35, 0x29, 
  0x3B, 0x0A, 0x20, 0x20, 0x20, 0x20, 0x20, 0x20, 0x20, 0x20, 0x20, 0x20, 0x20, 0x20, 0x20, 0x20, 
  0x69, 0x66, 0x20, 0x28, 0x21, 0x6C, 0x6F, 0x67, 0x73, 0x2E, 0x6C, 0x65, 0x6E, 0x67, 0x74, 0x68, 
  0x29, 0x20, 0x7B, 0x0A, 0x20, 0x20, 0x20, 0x20, 0x20, 0x20, 0x20, 0x20, 0x20, 0x20, 0x20, 0x20, 
  0x20, 0x20, 0x20, 0x20, 0x6C, 0x69, 0x73, 0x74, 0x2E, 0x74, 0x65, 0x78, 0x74, 0x43, 0x6F, 0x6E, 
  0x74, 0x65, 0x6E, 0x74, 0x20, 0x3D, 0x20, 0x27, 0x4E, 0x65, 0x6E, 0x68, 0x75, 0x6D, 0x20, 0x65, 
  0x76, 0x65, 0x6E, 0x74, 0x6F, 0x20, 0x72, 0x65, 0x67, 0x69, 0x73, 0x74, 0x72, 0x61, 0x64, 0x6F, 
  0x2E, 0x27, 0x3B, 0x0A, 0x20, 0x20, 0x20, 0x20, 0x20, 0x20, 0x20, 0x20, 0x20, 0x20, 0x20, 0x20, 
  0x20, 0x20, 0x7D, 0x20, 0x65, 0x6C, 0x73, 0x65, 0x20, 0x7B, 0x0A, 0x20, 0x20, 0x20, 0x20, 0x20, 
  0x20, 0x20, 0x20, 0x20, 0x20, 0x20, 0x20, 0x20, 0x20, 0x20, 0x20, 0x6C, 0x69, 0x73, 0x74, 0x2E, 
  0x69, 0x6E, 0x6E, 0x65, 0x72, 0x48, 0x54, 0x4D, 0x4C, 0x20, 0x3D, 0x20, 0x6C, 0x6F, 0x67, 0x73, 
  0x2E, 0x6D, 0x61, 0x70, 0x28, 0x28, 0x6C, 0x6F, 0x67, 0x29, 0x20, 0x3D, 0x3E, 0x20, 0x60, 0x3C, 
  0x64, 0x69, 0x76, 0x3E, 0x24, 0x7B, 0x66, 0x6F, 0x72, 0x6D, 0x61, 0x74, 0x45, 0x76, 0x65, 0x6E, 
  0x74, 0x54, 0x69, 0x6D, 0x65, 0x28, 0x6C, 0x6F, 0x67, 0x2E, 0x74, 0x69, 0x6D, 0x65, 0x73, 0x74, 
  0x61, 0x6D, 0x70, 0x29, 0x7D, 0x20, 0x5C, 0x75, 0x32, 0x30, 0x31, 0x34, 0x20, 0x24, 0x7B, 0x73, 
  0x74, 0x61, 0x74, 0x65, 0x2E, 0x6C, 0x61, 0x6E, 0x67, 0x75, 0x61, 0x67, 0x65, 0x20, 0x3D, 0x3D, 
  0x3D, 0x20, 0x27, 0x65, 0x6E, 0x27, 0x20, 0x3F, 0x20, 0x74, 0x72, 0x61, 0x6E, 0x73, 0x6C, 0x61, 
  0x74, 0x65, 0x45, 0x76, 0x65, 0x6E, 0x74, 0x28, 0x6C, 0x6F, 0x67, 0x2E, 0x65, 0x76, 0x65, 0x6E, 
  0x74, 0x6F, 0x29, 0x20, 0x3A, 0x20, 0x28, 0x6C, 0x6F, 0x67, 0x2E, 0x65, 0x76, 0x65, 0x6E, 0x74, 
  0x6F, 0x20, 0x7C, 0x7C, 0x20, 0x27, 0x45, 0x76, 0x65, 0x6E, 0x74, 0x6F, 0x20, 0x73, 0x65, 0x6D, 
  0x20, 0x6E, 0x6F, 0x6D, 0x65, 0x27, 0x29, 0x7D, 0x3C, 0x2F, 0x64, 0x69, 0x76, 0x3E, 0x60, 0x29, 
  0x2E, 0x6A, 0x6F, 0x69, 0x6E, 0x28, 0x27, 0x27, 0x29, 0x3B, 0x0A, 0x20, 0x20, 0x20, 0x20, 0x20, 
  0x20, 0x20, 0x20, 0x20, 0x20, 0x20, 0x20, 0x20, 0x20, 0x7D, 0x0A, 0x20, 0x20, 0x20, 0x20, 0x20, 
  0x20, 0x20, 0x20, 0x20, 0x20, 0x20, 0x20, 0x7D, 0x0A, 0x0A, 0x20, 0x20, 0x20, 0x20, 0x20, 0x20, 
  0x20, 0x20, 0x20, 0x20, 0x20, 0x20, 0x63, 0x6F, 0x6E, 0x73, 0x74, 0x20, 0x6E, 0x61, 0x6D, 0x65, 
  0x20, 0x3D, 0x20, 0x63, 0x66, 0x67, 0x2E, 0x6E, 0x6F, 0x6D, 0x65, 0x5F, 0x61, 0x70, 0x61, 0x72, 
  0x65, 0x6C, 0x68, 0x6F, 0x20, 0x7C, 0x7C, 0x20, 0x27, 0x27, 0x3B, 0x0A, 0x20, 0x20, 0x20, 0x20, 
  0x20, 0x20, 0x20, 0x20, 0x20, 0x20, 0x20, 0x20, 0x64, 0x6F, 0x63, 0x75, 0x6D, 0x65, 0x6E, 0x74, 
  0x2E, 0x67, 0x65, 0x74, 0x45, 0x6C, 0x65, 0x6D, 0x65, 0x6E, 0x74, 0x42, 0x79, 0x49, 0x64, 0x28, 
  0x27, 0x64, 0x65, 0x76, 0x69, 0x63, 0x65, 0x4E, 0x61, 0x6D, 0x65, 0x54, 0x69, 0x74, 0x6C, 0x65, 
  0x27, 0x29, 0x2E, 0x74, 0x65, 0x78, 0x74, 0x43, 0x6F, 0x6E, 0x74, 0x65, 0x6E, 0x74, 0x20, 0x3D, 
  0x20, 0x6E, 0x61, 0x6D, 0x65, 0x3B, 0x0A, 0x20, 0x20, 0x20, 0x20, 0x20, 0x20, 0x20, 0x20, 0x20, 
  0x20, 0x20, 0x20, 0x64, 0x6F, 0x63, 0x75, 0x6D, 0x65, 0x6E, 0x74, 0x2E, 0x67, 0x65, 0x74, 0x45, 
  0x6C, 0x65, 0x6D, 0x65, 0x6E, 0x74, 0x42, 0x79, 0x49, 0x64, 0x28, 0x27, 0x64, 0x61, 0x74, 0x65, 
  0x54, 0x69, 0x6D, 0x65, 0x44, 0x69, 0x73, 0x70, 0x6C, 0x61, 0x79, 0x27, 0x29, 0x2E, 0x74, 0x65, 
  0x78, 0x74, 0x43, 0x6F, 0x6E, 0x74, 0x65, 0x6E, 0x74, 0x20, 0x3D, 0x20, 0x60, 0x44, 0x61, 0x74, 
  0x61, 0x20, 0x65, 0x20, 0x68, 0x6F, 0x72, 0x61, 0x3A, 0x20, 0x24, 0x7B, 0x6E, 0x65, 0x77, 0x20, 
  0x44, 0x61, 0x74, 0x65, 0x28, 0x29, 0x2E, 0x74, 0x6F, 0x4C, 0x6F, 0x63, 0x61, 0x6C, 0x65, 0x53, 
  0x74, 0x72, 0x69, 0x6E, 0x67, 0x28, 0x27, 0x70, 0x74, 0x2D, 0x42, 0x52, 0x27, 0x29, 0x7D, 0x60, 
  0x3B, 0x0A, 0x20, 0x20, 0x20, 0x20, 0x20, 0x20, 0x20, 0x20, 0x20, 0x20, 0x20, 0x20, 0x61, 0x70, 
  0x70, 0x6C, 0x79, 0x4C, 0x61, 0x6E, 0x67, 0x75, 0x61, 0x67, 0x65, 0x28, 0x29, 0x3B, 0x0A, 0x20, 
  0x20, 0x20, 0x20, 0x20, 0x20, 0x20, 0x20, 0x20, 0x20, 0x7D, 0x0A, 0x0A, 0x20, 0x20, 0x20, 0x20, 
  0x20, 0x20, 0x20, 0x20, 0x20, 0x20, 0x66, 0x75, 0x6E, 0x63, 0x74, 0x69, 0x6F, 0x6E, 0x20, 0x72, 
  0x65, 0x6E, 0x64, 0x65, 0x72, 0x55, 0x73, 0x65, 0x72, 0x73, 0x28, 0x29, 0x20, 0x7B, 0x0A, 0x20, 
  0x20, 0x20, 0x20, 0x20, 0x20, 0x20, 0x20, 0x20, 0x20, 0x20, 0x20, 0x63, 0x6F, 0x6E, 0x73, 0x74, 
  0x20, 0x74, 0x62, 0x6F, 0x64, 0x79, 0x20, 0x3D, 0x20, 0x64, 0x6F, 0x63, 0x75, 0x6D, 0x65, 0x6E, 
  0x74, 0x2E, 0x67, 0x65, 0x74, 0x45, 0x6C, 0x65, 0x6D, 0x65, 0x6E, 0x74, 0x42, 0x79, 0x49, 0x64, 
  0x28, 0x27, 0x75, 0x73, 0x65, 0x72, 0x73, 0x54, 0x61, 0x62, 0x6C, 0x65, 0x42, 0x6F, 0x64, 0x79, 
  0x27, 0x29, 0x3B, 0x0A, 0x20, 0x20, 0x20, 0x20, 0x20, 0x20, 0x20, 0x20, 0x20, 0x20, 0x20, 0x20, 
  0x63, 0x6F, 0x6E, 0x73, 0x74, 0x20, 0x70, 0x61, 0x73, 0x73, 0x77, 0x6F, 0x72, 0x64, 0x55, 0x73, 
  0x65, 0x72, 0x20, 0x3D, 0x20, 0x64, 0x6F, 0x63, 0x75, 0x6D, 0x65, 0x6E, 0x74, 0x2E, 0x67, 0x65, 
  0x74, 0x45, 0x6C, 0x65, 0x6D, 0x65, 0x6E, 0x74, 0x42, 0x79, 0x49, 0x64, 0x28, 0x27, 0x63, 0x68, 
  0x61, 0x6E, 0x67, 0x65, 0x50, 0x61, 0x73, 0x73, 0x77, 0x6F, 0x72, 0x64, 0x55, 0x73, 0x65, 0x72, 
  0x27, 0x29, 0x3B, 0x0A, 0x20, 0x20, 0x20, 0x20, 0x20, 0x20, 0x20, 0x20, 0x20, 0x20, 0x20, 0x20, 
  0x70, 0x61, 0x73, 0x73, 0x77, 0x6F, 0x72, 0x64, 0x55, 0x73, 0x65, 0x72, 0x2E, 0x69, 0x6E, 0x6E, 
  0x65, 0x72, 0x48, 0x54, 0x4D, 0x4C, 0x20, 0x3D, 0x20, 0x73, 0x74, 0x61, 0x74, 0x65, 0x2E, 0x75, 
  0x73, 0x65, 0x72, 0x73, 0x2E, 0x6D, 0x61, 0x70, 0x28, 0x28, 0x75, 0x73, 0x65, 0x72, 0x29, 0x20, 
  0x3D, 0x3E, 0x20, 0x60, 0x3C, 0x6F, 0x70, 0x74, 0x69, 0x6F, 0x6E, 0x20, 0x76, 0x61, 0x6C, 0x75, 
  0x65, 0x3D, 0x22, 0x24, 0x7B, 0x75, 0x73, 0x65, 0x72, 0x2E, 0x75, 0x73, 0x65, 0x72, 0x6E, 0x61, 
  0x6D, 0x65, 0x7D, 0x22, 0x3E, 0x24, 0x7B, 0x75, 0x73, 0x65, 0x72, 0x2E, 0x75, 0x73, 0x65, 0x72, 
  0x6E, 0x61, 0x6D, 0x65, 0x7D, 0x20, 0x28, 0x24, 0x7B, 0x75, 0x73, 0x65, 0x72, 0x2E, 0x72, 0x6F, 
  0x6C, 0x65, 0x7D, 0x29, 0x3C, 0x2F, 0x6F, 0x70, 0x74, 0x69, 0x6F, 0x6E, 0x3E, 0x60, 0x29, 0x2E, 
  0x6A, 0x6F, 0x69, 0x6E, 0x28, 0x27, 0x27, 0x29, 0x3B, 0x0A, 0x20, 0x20, 0x20, 0x20, 0x20, 0x20, 
  0x20, 0x20, 0x20, 0x20, 0x20, 0x20, 0x69, 0x66, 0x20, 0x28, 0x21, 0x73, 0x74, 0x61, 0x74, 0x65, 
  0x2E, 0x75, 0x73, 0x65, 0x72, 0x73, 0x2E, 0x6C, 0x65, 0x6E, 0x67, 0x74, 0x68, 0x29, 0x20, 0x7B, 
  0x0A, 0x20, 0x20, 0x20, 0x20, 0x20, 0x20, 0x20, 0x20, 0x20, 0x20, 0x20, 0x20, 0x20, 0x20, 0x74, 
  0x62, 0x6F, 0x64, 0x79, 0x2E, 0x69, 0x6E, 0x6E, 0x65, 0x72, 0x48, 0x54, 0x4D, 0x4C, 0x20, 0x3D, 
  0x20, 0x27, 0x3C, 0x74, 0x72, 0x3E, 0x3C, 0x74, 0x64, 0x20, 0x63, 0x6F, 0x6C, 0x73, 0x70, 0x61, 
  0x6E, 0x3D, 0x22, 0x33, 0x22, 0x20, 0x63, 0x6C, 0x61, 0x73, 0x73, 0x3D, 0x22, 0x6D, 0x75, 0x74, 
  0x65, 0x64, 0x22, 0x3E, 0x4E, 0x65, 0x6E, 0x68, 0x75, 0x6D, 0x20, 0x75, 0x73, 0x75, 0x5C, 0x75, 
  0x30, 0x30, 0x45, 0x31, 0x72, 0x69, 0x6F, 0x20, 0x63, 0x61, 0x64, 0x61, 0x73, 0x74, 0x72, 0x61, 
  0x64, 0x6F, 0x2E, 0x3C, 0x2F, 0x74, 0x64, 0x3E, 0x3C, 0x2F, 0x74, 0x72, 0x3E, 0x27, 0x3B, 0x0A, 
  0x20, 0x20, 0x20, 0x20, 0x20, 0x20, 0x20, 0x20, 0x20, 0x20, 0x20, 0x20, 0x20, 0x20, 0x72, 0x65, 
  0x74, 0x75, 0x72, 0x6E, 0x3B, 0x0A, 0x20, 0x20, 0x20, 0x20, 0x20, 0x20, 0x20, 0x20, 0x20, 0x20, 
  0x20, 0x20, 0x7D, 0x0A, 0x20, 0x20, 0x20, 0x20, 0x20, 0x20, 0x20, 0x20, 0x20, 0x20, 0x20, 0x20, 
  0x74, 0x62, 0x6F, 0x64, 0x79, 0x2E, 0x69, 0x6E, 0x6E, 0x65, 0x72, 0x48, 0x54, 0x4D, 0x4C, 0x20, 
  0x3D, 0x20, 0x73, 0x74, 0x61, 0x74, 0x65, 0x2E, 0x75, 0x73, 0x65, 0x72, 0x73, 0x2E, 0x6D, 0x61, 
  0x70, 0x28, 0x28, 0x75, 0x73, 0x65, 0x72, 0x29, 0x20, 0x3D, 0x3E, 0x20, 0x60, 0x0A, 0x20, 0x20, 
  0x20, 0x20, 0x20, 0x20, 0x20, 0x20, 0x20, 0x20, 0x20, 0x20, 0x20, 0x20, 0x3C, 0x74, 0x72, 0x3E, 
  0x0A, 0x20, 0x20, 0x20, 0x20, 0x20, 0x20, 0x20, 0x20, 0x20, 0x20, 0x20, 0x20, 0x20, 0x20, 0x20, 
  0x20, 0x3C, 0x74, 0x64, 0x3E, 0x24, 0x7B, 0x75, 0x73, 0x65, 0x72, 0x2E, 0x75, 0x73, 0x65, 0x72, 
  0x6E, 0x61, 0x6D, 0x65, 0x7D, 0x3C, 0x2F, 0x74, 0x64, 0x3E, 0x0A, 0x20, 0x20, 0x20, 0x20, 0x20, 
  0x20, 0x20, 0x20, 0x20, 0x20, 0x20, 0x20, 0x20, 0x20, 0x20, 0x20, 0x3C, 0x74, 0x64, 0x3E, 0x24, 
  0x7B, 0x75, 0x73, 0x65, 0x72, 0x2E, 0x72, 0x6F, 0x6C, 0x65, 0x7D, 0x3C, 0x2F, 0x74, 0x64, 0x3E, 
  0x0A, 0x20, 0x20, 0x20, 0x20, 0x20, 0x20, 0x20, 0x20, 0x20, 0x20, 0x20, 0x20, 0x20, 0x20, 0x20, 
  0x20, 0x3C, 0x74, 0x64, 0x3E, 0x0A, 0x20, 0x20, 0x20, 0x20, 0x20, 0x20, 0x20, 0x20, 0x20, 0x20, 
  0x20, 0x20, 0x20, 0x20, 0x20, 0x20, 0x20, 0x20, 0x3C, 0x62, 0x75, 0x74, 0x74, 0x6F, 0x6E, 0x20, 
  0x63, 0x6C, 0x61, 0x73, 0x73, 0x3D, 0x22, 0x64, 0x61, 0x6E, 0x67, 0x65, 0x72, 0x20, 0x64, 0x65, 
  0x6C, 0x65, 0x74, 0x65, 0x2D, 0x75, 0x73, 0x65, 0x72, 0x22, 0x20, 0x64, 0x61, 0x74, 0x61, 0x2D, 
  0x75, 0x73, 0x65, 0x72, 0x3D, 0x22, 0x24, 0x7B, 0x75, 0x73, 0x65, 0x72, 0x2E, 0x75, 0x73, 0x65, 
  0x72, 0x6E, 0x61, 0x6D, 0x65, 0x7D, 0x22, 0x20, 0x74, 0x79, 0x70, 0x65, 0x3D, 0x22, 0x62, 0x75, 
  0x74, 0x74, 0x6F, 0x6E, 0x22, 0x3E, 0x45, 0x78, 0x63, 0x6C, 0x75, 0x69, 0x72, 0x3C, 0x2F, 0x62, 
  0x75, 0x74, 0x74, 0x6F, 0x6E, 0x3E, 0x0A, 0x20, 0x20, 0x20, 0x20, 0x20, 0x20, 0x20, 0x20, 0x20, 
  0x20, 0x20, 0x20, 0x20, 0x20, 0x20, 0x20, 0x3C, 0x2F, 0x74, 0x64, 0x3E, 0x0A, 0x20, 0x20, 0x20, 
  0x20, 0x20, 0x20, 0x20, 0x20, 0x20, 0x20, 0x20, 0x20, 0x20, 0x20, 0x3C, 0x2F, 0x74, 0x72, 0x3E, 
  0x0A, 0x20, 0x20, 0x20, 0x20, 0x20, 0x20, 0x20, 0x20, 0x20, 0x20, 0x20, 0x20, 0x60, 0x29, 0x2E, 
  0x6A, 0x6F, 0x69, 0x6E, 0x28, 0x27, 0x27, 0x29, 0x3B, 0x0A, 0x0A, 0x20, 0x20, 0x20, 0x20, 0x20, 
  0x20, 0x20, 0x20, 0x20, 0x20, 0x20, 0x20, 0x64, 0x6F, 0x63, 0x75, 0x6D, 0x65, 0x6E, 0x74, 0x2E, 
  0x71, 0x75, 0x65, 0x72, 0x79, 0x53, 0x65, 0x6C, 0x65, 0x63, 0x74, 0x6F, 0x72, 0x41, 0x6C, 0x6C, 
  0x28, 0x27, 0x2E, 0x64, 0x65, 0x6C, 0x65, 0x74, 0x65, 0x2D, 0x75, 0x73, 0x65, 0x72, 0x27, 0x29, 
  0x2E, 0x66, 0x6F, 0x72, 0x45, 0x61, 0x63, 0x68, 0x28, 0x28, 0x62, 0x74, 0x6E, 0x29, 0x20, 0x3D, 
  0x3E, 0x20, 0x7B, 0x0A, 0x20, 0x20, 0x20, 0x20, 0x20, 0x20, 0x20, 0x20, 0x20, 0x20, 0x20, 0x20, 
  0x20, 0x20, 0x62, 0x74, 0x6E, 0x2E, 0x61, 0x64, 0x64, 0x45, 0x76, 0x65, 0x6E, 0x74, 0x4C, 0x69, 
  0x73, 0x74, 0x65, 0x6E, 0x65, 0x72, 0x28, 0x27, 0x63, 0x6C, 0x69, 0x63, 0x6B, 0x27, 0x2C, 0x20, 
  0x61, 0x73, 0x79, 0x6E, 0x63, 0x20, 0x28, 0x29, 0x20, 0x3D, 0x3E, 0x20, 0x7B, 0x0A, 0x20, 0x20, 
  0x20, 0x20, 0x20, 0x20, 0x20, 0x20, 0x20, 0x20, 0x20, 0x20, 0x20, 0x20, 0x20, 0x20, 0x61, 0x77, 
  0x61, 0x69, 0x74, 0x20, 0x64, 0x65, 0x6C, 0x65, 0x74, 0x65, 0x55, 0x73, 0x65, 0x72, 0x28, 0x62, 
  0x74, 0x6E, 0x2E, 0x64, 0x61, 0x74, 0x61, 0x73, 0x65, 0x74, 0x2E, 0x75, 0x73, 0x65, 0x72, 0x29, 
  0x3B, 0x0A, 0x20, 0x20, 0x20, 0x20, 0x20, 0x20, 0x20, 0x20, 0x20, 0x20, 0x20, 0x20, 0x20, 0x20, 
  0x7D, 0x29, 0x3B, 0x0A, 0x20, 0x20, 0x20, 0x20, 0x20, 0x20, 0x20, 0x20, 0x20, 0x20, 0x20, 0x20, 
  0x7D, 0x29, 0x3B, 0x0A, 0x20, 0x20, 0x20, 0x20, 0x20, 0x20, 0x20, 0x20, 0x20, 0x20, 0x7D, 0x0A, 
  0x0A, 0x20, 0x20, 0x20, 0x20, 0x20, 0x20, 0x20, 0x20, 0x20, 0x20, 0x66, 0x75, 0x6E, 0x63, 0x74, 
  0x69, 0x6F, 0x6E, 0x20, 0x72, 0x65, 0x6E, 0x64, 0x65, 0x72, 0x4C, 0x6F, 0x67, 0x73, 0x28, 0x29, 
  0x20, 0x7B, 0x0A, 0x20, 0x20, 0x20, 0x20, 0x20, 0x20, 0x20, 0x20, 0x20, 0x20, 0x20, 0x20, 0x63, 
  0x6F, 0x6E, 0x73, 0x74, 0x20, 0x63, 0x6F, 0x6E, 0x74, 0x61, 0x69, 0x6E, 0x65, 0x72, 0x20, 0x3D, 
  0x20, 0x64, 0x6F, 0x63, 0x75, 0x6D, 0x65, 0x6E, 0x74, 0x2E, 0x67, 0x65, 0x74, 0x45, 0x6C, 0x65, 
  0x6D, 0x65, 0x6E, 0x74, 0x42, 0x79, 0x49, 0x64, 0x28, 0x27, 0x6C, 0x6F, 0x67, 0x73, 0x43, 0x6F, 
  0x6E, 0x74, 0x61, 0x69, 0x6E, 0x65, 0x72, 0x27, 0x29, 0x3B, 0x0A, 0x20, 0x20, 0x20, 0x20, 0x20, 
  0x20, 0x20, 0x20, 0x20, 0x20, 0x20, 0x20, 0x69, 0x66, 0x20, 0x28, 0x21, 0x73, 0x74, 0x61, 0x74, 
  0x65, 0x2E, 0x6C, 0x6F, 0x67, 0x73, 0x2E, 0x6C, 0x65, 0x6E, 0x67, 0x74, 0x68, 0x29, 0x20, 0x7B, 
  0x0A, 0x20, 0x20, 0x20, 0x20, 0x20, 0x20, 0x20, 0x20, 0x20, 0x20, 0x20, 0x20, 0x20, 0x20, 0x63, 
  0x6F, 0x6E, 0x74, 0x61, 0x69, 0x6E, 0x65, 0x72, 0x2E, 0x74, 0x65, 0x78, 0x74, 0x43, 0x6F, 0x6E, 
  0x74, 0x65, 0x6E, 0x74, 0x20, 0x3D, 0x20, 0x27, 0x4E, 0x65, 0x6E, 0x68, 0x75, 0x6D, 0x20, 0x65, 
  0x76, 0x65, 0x6E, 0x74, 0x6F, 0x20, 0x72, 0x65, 0x67, 0x69, 0x73, 0x74, 0x72, 0x61, 0x64, 0x6F, 
  0x2E, 0x27, 0x3B, 0x0A, 0x20, 0x20, 0x20, 0x20, 0x20, 0x20, 0x20, 0x20, 0x20, 0x20, 0x20, 0x20, 
  0x20, 0x20, 0x72, 0x65, 0x74, 0x75, 0x72, 0x6E, 0x3B, 0x0A, 0x20, 0x20, 0x20, 0x20, 0x20, 0x20, 
  0x20, 0x20, 0x20, 0x20, 0x20, 0x20, 0x7D, 0x0A, 0x20, 0x20, 0x20, 0x20, 0x20, 0x20, 0x20, 0x20, 
  0x20, 0x20, 0x20, 0x20, 0x63, 0x6F, 0x6E, 0x74, 0x61, 0x69, 0x6E, 0x65, 0x72, 0x2E, 0x69, 0x6E, 
  0x6E, 0x65, 0x72, 0x48, 0x54, 0x4D, 0x4C, 0x20, 0x3D, 0x20, 0x73, 0x74, 0x61, 0x74, 0x65, 0x2E, 
  0x6C, 0x6F, 0x67, 0x73, 0x2E, 0x6D, 0x61, 0x70, 0x28, 0x28, 0x6C, 0x6F, 0x67, 0x29, 0x20, 0x3D, 
  0x3E, 0x20, 0x60, 0x0A, 0x20, 0x20, 0x20, 0x20, 0x20, 0x20, 0x20, 0x20, 0x20, 0x20, 0x20, 0x20, 
  0x20, 0x20, 0x3C, 0x64, 0x69, 0x76, 0x20, 0x73, 0x74, 0x79, 0x6C, 0x65, 0x3D, 0x22, 0x62, 0x6F, 
  0x72, 0x64, 0x65, 0x72, 0x2D, 0x62, 0x6F, 0x74, 0x74, 0x6F, 0x6D, 0x3A, 0x31, 0x70, 0x78, 0x20, 
  0x73, 0x6F, 0x6C, 0x69, 0x64, 0x20, 0x76, 0x61, 0x72, 0x28, 0x2D, 0x2D, 0x6C, 0x69, 0x6E, 0x65, 
  0x29, 0x3B, 0x20, 0x70, 0x61, 0x64, 0x64, 0x69, 0x6E, 0x67, 0x3A, 0x31, 0x30, 0x70, 0x78, 0x20, 
  0x30, 0x3B, 0x22, 0x3E, 0x0A, 0x20, 0x20, 0x20, 0x20, 0x20, 0x20, 0x20, 0x20, 0x20, 0x20, 0x20, 
  0x20, 0x20, 0x20, 0x20, 0x20, 0x3C, 0x73, 0x74, 0x72, 0x6F, 0x6E, 0x67, 0x3E, 0x24, 0x7B, 0x66, 
  0x6F, 0x72, 0x6D, 0x61, 0x74, 0x45, 0x76, 0x65, 0x6E, 0x74, 0x54, 0x69, 0x6D, 0x65, 0x28, 0x6C, 
  0x6F, 0x67, 0x2E, 0x74, 0x69, 0x6D, 0x65, 0x73, 0x74, 0x61, 0x6D, 0x70, 0x29, 0x7D, 0x3C, 0x2F, 
  0x73, 0x74, 0x72, 0x6F, 0x6E, 0x67, 0x3E, 0x3C, 0x62, 0x72, 0x3E, 0x0A, 0x20, 0x20, 0x20, 0x20, 
  0x20, 0x20, 0x20, 0x20, 0x20, 0x20, 0x20, 0x20, 0x20, 0x20, 0x20, 0x20, 0x3C, 0x73, 0x70, 0x61, 
  0x6E, 0x3E, 0x24, 0x7B, 0x73, 0x74, 0x61, 0x74, 0x65, 0x2E, 0x6C, 0x61, 0x6E, 0x67, 0x75, 0x61, 
  0x67, 0x65, 0x20, 0x3D, 0x3D, 0x3D, 0x20, 0x27, 0x65, 0x6E, 0x27, 0x20, 0x3F, 0x20, 0x74, 0x72, 
  0x61, 0x6E, 0x73, 0x6C, 0x61, 0x74, 0x65, 0x45, 0x76, 0x65, 0x6E, 0x74, 0x28, 0x6C, 0x6F, 0x67, 
  0x2E, 0x65, 0x76, 0x65, 0x6E, 0x74, 0x6F, 0x29, 0x20, 0x3A, 0x20, 0x6C, 0x6F, 0x67, 0x2E, 0x65, 
  0x76, 0x65, 0x6E, 0x74, 0x6F, 0x7D, 0x3C, 0x2F, 0x73, 0x70, 0x61, 0x6E, 0x3E, 0x0A, 0x20, 0x20, 
  0x20, 0x20, 0x20, 0x20, 0x20, 0x20, 0x20, 0x20, 0x20, 0x20, 0x20, 0x20, 0x3C, 0x2F, 0x64, 0x69, 
  0x76, 0x3E, 0x0A, 0x20, 0x20, 0x20, 0x20, 0x20, 0x20, 0x20, 0x20, 0x20, 0x20, 0x20, 0x20, 0x60, 
  0x29, 0x2E, 0x6A, 0x6F, 0x69, 0x6E, 0x28, 0x27, 0x27, 0x29, 0x3B, 0x0A, 0x20, 0x20, 0x20, 0x20, 
  0x20, 0x20, 0x20, 0x20, 0x20, 0x20, 0x20, 0x20, 0x61, 0x70, 0x70, 0x6C, 0x79, 0x4C, 0x61, 0x6E, 
  0x67, 0x75, 0x61, 0x67, 0x65, 0x28, 0x29, 0x3B, 0x0A, 0x20, 0x20, 0x20, 0x20, 0x20, 0x20, 0x20, 
  0x20, 0x20, 0x20, 0x7D, 0x0A, 0x0A, 0x20, 0x20, 0x20, 0x20, 0x20, 0x20, 0x20, 0x20, 0x20, 0x20, 
  0x66, 0x75, 0x6E, 0x63, 0x74, 0x69, 0x6F, 0x6E, 0x20, 0x72, 0x65, 0x6E, 0x64, 0x65, 0x72, 0x50, 
  0x65, 0x72, 0x6D, 0x69, 0x73, 0x73, 0x69, 0x6F, 0x6E, 0x73, 0x28, 0x72, 0x65, 0x73, 0x65, 0x74, 
  0x54, 0x61, 0x62, 0x20, 0x3D, 0x20, 0x74, 0x72, 0x75, 0x65, 0x29, 0x20, 0x7B, 0x0A, 0x20, 0x20, 
  0x20, 0x20, 0x20, 0x20, 0x20, 0x20, 0x20, 0x20, 0x20, 0x20, 0x63, 0x6F, 0x6E, 0x73, 0x74, 0x20, 
  0x74, 0x61, 0x62, 0x73, 0x20, 0x3D, 0x20, 0x7B, 0x0A, 0x20, 0x20, 0x20, 0x20, 0x20, 0x20, 0x20, 
  0x20, 0x20, 0x20, 0x20, 0x20, 0x20, 0x20, 0x6F, 0x76, 0x65, 0x72, 0x76, 0x69, 0x65, 0x77, 0x3A, 
  0x20, 0x74, 0x72, 0x75, 0x65, 0x2C, 0x0A, 0x20, 0x20, 0x20, 0x20, 0x20, 0x20, 0x20, 0x20, 0x20, 
  0x20, 0x20, 0x20, 0x20, 0x20, 0x6E, 0x65, 0x74, 0x77, 0x6F, 0x72, 0x6B, 0x3A, 0x20, 0x73, 0x74, 
  0x61, 0x74, 0x65, 0x2E, 0x72, 0x6F, 0x6C, 0x65, 0x20, 0x3D, 0x3D, 0x3D, 0x20, 0x27, 0x61, 0x64, 
  0x6D, 0x69, 0x6E, 0x27, 0x2C, 0x0A, 0x20, 0x20, 0x20, 0x20, 0x20, 0x20, 0x20, 0x20, 0x20, 0x20, 
  0x20, 0x20, 0x20, 0x20, 0x73, 0x65, 0x6E, 0x73, 0x6F, 0x72, 0x73, 0x3A, 0x20, 0x73, 0x74, 0x61, 
  0x74, 0x65, 0x2E, 0x72, 0x6F, 0x6C, 0x65, 0x20, 0x3D, 0x3D, 0x3D, 0x20, 0x27, 0x61, 0x64, 0x6D, 
  0x69, 0x6E, 0x27, 0x2C, 0x0A, 0x20, 0x20, 0x20, 0x20, 0x20, 0x20, 0x20, 0x20, 0x20, 0x20, 0x20, 
  0x20, 0x20, 0x20, 0x75, 0x73, 0x65, 0x72, 0x73, 0x3A, 0x20, 0x73, 0x74, 0x61, 0x74, 0x65, 0x2E, 
  0x72, 0x6F, 0x6C, 0x65, 0x20, 0x3D, 0x3D, 0x3D, 0x20, 0x27, 0x61, 0x64, 0x6D, 0x69, 0x6E, 0x27, 
  0x2C, 0x0A, 0x20, 0x20, 0x20, 0x20, 0x20, 0x20, 0x20, 0x20, 0x20, 0x20, 0x20, 0x20, 0x20, 0x20, 
  0x6D, 0x61, 0x69, 0x6E, 0x74, 0x65, 0x6E, 0x61, 0x6E, 0x63, 0x65, 0x3A, 0x20, 0x73, 0x74, 0x61, 
  0x74, 0x65, 0x2E, 0x72, 0x6F, 0x6C, 0x65, 0x20, 0x3D, 0x3D, 0x3D, 0x20, 0x27, 0x61, 0x64, 0x6D, 
  0x69, 0x6E, 0x27, 0x2C, 0x0A, 0x20, 0x20, 0x20, 0x20, 0x20, 0x20, 0x20, 0x20, 0x20, 0x20, 0x20, 
  0x20, 0x20, 0x20, 0x6C, 0x6F, 0x67, 0x73, 0x3A, 0x20, 0x73, 0x74, 0x61, 0x74, 0x65, 0x2E, 0x72, 
  0x6F, 0x6C, 0x65, 0x20, 0x3D, 0x3D, 0x3D, 0x20, 0x27, 0x61, 0x64, 0x6D, 0x69, 0x6E, 0x27, 0x2C, 
  0x0A, 0x20, 0x20, 0x20, 0x20, 0x20, 0x20, 0x20, 0x20, 0x20, 0x20, 0x20, 0x20, 0x20, 0x20, 0x61, 
  0x62, 0x6F, 0x75, 0x74, 0x3A, 0x20, 0x74, 0x72, 0x75, 0x65, 0x0A, 0x20, 0x20, 0x20, 0x20, 0x20, 
  0x20, 0x20, 0x20, 0x20, 0x20, 0x20, 0x20, 0x7D, 0x3B, 0x0A, 0x0A, 0x20, 0x20, 0x20, 0x20, 0x20, 
  0x20, 0x20, 0x20, 0x20, 0x20, 0x20, 0x20, 0x64, 0x6F, 0x63, 0x75, 0x6D, 0x65, 0x6E, 0x74, 0x2E, 
  0x71, 0x75, 0x65, 0x72, 0x79, 0x53, 0x65, 0x6C, 0x65, 0x63, 0x74, 0x6F, 0x72, 0x41, 0x6C, 0x6C, 
  0x28, 0x27, 0x2E, 0x6E, 0x61, 0x76, 0x2D, 0x62, 0x74, 0x6E, 0x27, 0x29, 0x2E, 0x66, 0x6F, 0x72, 
  0x45, 0x61, 0x63, 0x68, 0x28, 0x28, 0x62, 0x74, 0x6E, 0x29, 0x20, 0x3D, 0x3E, 0x20, 0x7B, 0x0A, 
  0x20, 0x20, 0x20, 0x20, 0x20, 0x20, 0x20, 0x20, 0x20, 0x20, 0x20, 0x20, 0x20, 0x20, 0x63, 0x6F, 
  0x6E, 0x73, 0x74, 0x20, 0x73, 0x68, 0x6F, 0x77, 0x20, 0x3D, 0x20, 0x74, 0x61, 0x62, 0x73, 0x5B, 
  0x62, 0x74, 0x6E, 0x2E, 0x64, 0x61, 0x74, 0x61, 0x73, 0x65, 0x74, 0x2E, 0x74, 0x61, 0x62, 0x5D, 
  0x20, 0x21, 0x3D, 0x3D, 0x20, 0x66, 0x61, 0x6C, 0x73, 0x65, 0x3B, 0x0A, 0x20, 0x20, 0x20, 0x20, 
  0x20, 0x20, 0x20, 0x20, 0x20, 0x20, 0x20, 0x20, 0x20, 0x20, 0x62, 0x74, 0x6E, 0x2E, 0x63, 0x6C, 
  0x61, 0x73, 0x73, 0x4C, 0x69, 0x73, 0x74, 0x2E, 0x74, 0x6F, 0x67, 0x67, 0x6C, 0x65, 0x28, 0x27, 
  0x68, 0x69, 0x64, 0x64, 0x65, 0x6E, 0x27, 0x2C, 0x20, 0x21, 0x73, 0x68, 0x6F, 0x77, 0x29, 0x3B, 
  0x0A, 0x20, 0x20, 0x20, 0x20, 0x20, 0x20, 0x20, 0x20, 0x20, 0x20, 0x20, 0x20, 0x7D, 0x29, 0x3B, 
  0x0A, 0x0A, 0x20, 0x20, 0x20, 0x20, 0x20, 0x20, 0x20, 0x20, 0x20, 0x20, 0x20, 0x20, 0x63, 0x6F, 
  0x6E, 0x73, 0x74, 0x20, 0x76, 0x69, 0x73, 0x69, 0x74, 0x6F, 0x72, 0x42, 0x74, 0x6E, 0x20, 0x3D, 
  0x20, 0x64, 0x6F, 0x63, 0x75, 0x6D, 0x65, 0x6E, 0x74, 0x2E, 0x67, 0x65, 0x74, 0x45, 0x6C, 0x65, 
  0x6D, 0x65, 0x6E, 0x74, 0x42, 0x79, 0x49, 0x64, 0x28, 0x27, 0x76, 0x69, 0x73, 0x69, 0x74, 0x6F, 
  0x72, 0x42, 0x74, 0x6E, 0x27, 0x29, 0x3B, 0x0A, 0x20, 0x20, 0x20, 0x20, 0x20, 0x20, 0x20, 0x20, 
  0x20, 0x20, 0x20, 0x20, 0x69, 0x66, 0x20, 0x28, 0x76, 0x69, 0x73, 0x69, 0x74, 0x6F, 0x72, 0x42, 
  0x74, 0x6E, 0x29, 0x20, 0x7B, 0x0A, 0x20, 0x20, 0x20, 0x20, 0x20, 0x20, 0x20, 0x20, 0x20, 0x20, 
  0x20, 0x20, 0x20, 0x20, 0x63, 0x6F, 0x6E, 0x73, 0x74, 0x20, 0x61, 0x6C, 0x6C, 0x6F, 0x77, 0x56, 
  0x69, 0x73, 0x69, 0x74, 0x6F, 0x72, 0x20, 0x3D, 0x20, 0x21, 0x21, 0x73, 0x74, 0x61, 0x74, 0x65, 
  0x2E, 0x63, 0x6F, 0x6E, 0x66, 0x69, 0x67, 0x2E, 0x70, 0x65, 0x72, 0x6D, 0x69, 0x74, 0x69, 0x72, 
  0x5F, 0x76, 0x69, 0x73, 0x69, 0x74, 0x61, 0x6E, 0x74, 0x65, 0x3B, 0x0A, 0x20, 0x20, 0x20, 0x20, 
  0x20, 0x20, 0x20, 0x20, 0x20, 0x20, 0x20, 0x20, 0x20, 0x20, 0x76, 0x69, 0x73, 0x69, 0x74, 0x6F, 
  0x72, 0x42, 0x74, 0x6E, 0x2E, 0x73, 0x74, 0x79, 0x6C, 0x65, 0x2E, 0x64, 0x69, 0x73, 0x70, 0x6C, 
  0x61, 0x79, 0x20, 0x3D, 0x20, 0x61, 0x6C, 0x6C, 0x6F, 0x77, 0x56, 0x69, 0x73, 0x69, 0x74, 0x6F, 
  0x72, 0x20, 0x3F, 0x20, 0x27, 0x69, 0x6E, 0x6C, 0x69, 0x6E, 0x65, 0x2D, 0x62, 0x6C, 0x6F, 0x63, 
  0x6B, 0x27, 0x20, 0x3A, 0x20, 0x27, 0x6E, 0x6F, 0x6E, 0x65, 0x27, 0x3B, 0x0A, 0x20, 0x20, 0x20, 
  0x20, 0x20, 0x20, 0x20, 0x20, 0x20, 0x20, 0x20, 0x20, 0x7D, 0x0A, 0x0A, 0x20, 0x20, 0x20, 0x20, 
  0x20, 0x20, 0x20, 0x20, 0x20, 0x20, 0x20, 0x20, 0x69, 0x66, 0x20, 0x28, 0x72, 0x65, 0x73, 0x65, 
  0x74, 0x54, 0x61, 0x62, 0x29, 0x20, 0x7B, 0x0A, 0x20, 0x20, 0x20, 0x20, 0x20, 0x20, 0x20, 0x20, 
  0x20, 0x20, 0x20, 0x20, 0x20, 0x20, 0x73, 0x65, 0x74, 0x54, 0x61, 0x62, 0x28, 0x27, 0x6F, 0x76, 
  0x65, 0x72, 0x76, 0x69, 0x65, 0x77, 0x27, 0x29, 0x3B, 0x0A, 0x20, 0x20, 0x20, 0x20, 0x20, 0x20, 
  0x20, 0x20, 0x20, 0x20, 0x20, 0x20, 0x7D, 0x0A, 0x20, 0x20, 0x20, 0x20, 0x20, 0x20, 0x20, 0x20, 
  0x20, 0x20, 0x7D, 0x0A, 0x0A, 0x20, 0x20, 0x20, 0x20, 0x20, 0x20, 0x20, 0x20, 0x20, 0x20, 0x66, 
  0x75, 0x6E, 0x63, 0x74, 0x69, 0x6F, 0x6E, 0x20, 0x72, 0x65, 0x6E, 0x64, 0x65, 0x72, 0x41, 0x75, 
  0x74, 0x68, 0x28, 0x29, 0x20, 0x7B, 0x0A, 0x20, 0x20, 0x20, 0x20, 0x20, 0x20, 0x20, 0x20, 0x20, 
  0x20, 0x20, 0x20, 0x63, 0x6F, 0x6E, 0x73, 0x74, 0x20, 0x6C, 0x6F, 0x67, 0x67, 0x65, 0x64, 0x20, 
  0x3D, 0x20, 0x21, 0x21, 0x73, 0x74, 0x61, 0x74, 0x65, 0x2E, 0x74, 0x6F, 0x6B, 0x65, 0x6E, 0x3B, 
  0x0A, 0x20, 0x20, 0x20, 0x20, 0x20, 0x20, 0x20, 0x20, 0x20, 0x20, 0x20, 0x20, 0x64, 0x6F, 0x63, 
  0x75, 0x6D, 0x65, 0x6E, 0x74, 0x2E, 0x67, 0x65, 0x74, 0x45, 0x6C, 0x65, 0x6D, 0x65, 0x6E, 0x74, 
  0x42, 0x79, 0x49, 0x64, 0x28, 0x27, 0x6C, 0x6F, 0x67, 0x69, 0x6E, 0x56, 0x69, 0x65, 0x77, 0x27, 
  0x29, 0x2E, 0x63, 0x6C, 0x61, 0x73, 0x73, 0x4C, 0x69, 0x73, 0x74, 0x2E, 0x74, 0x6F, 0x67, 0x67, 
  0x6C, 0x65, 0x28, 0x27, 0x68, 0x69, 0x64, 0x64, 0x65, 0x6E, 0x27, 0x2C, 0x20, 0x6C, 0x6F, 0x67, 
  0x67, 0x65, 0x64, 0x29, 0x3B, 0x0A, 0x20, 0x20, 0x20, 0x20, 0x20, 0x20, 0x20, 0x20, 0x20, 0x20, 
  0x20, 0x20, 0x64, 0x6F, 0x63, 0x75, 0x6D, 0x65, 0x6E, 0x74, 0x2E, 0x67, 0x65, 0x74, 0x45, 0x6C, 
  0x65, 0x6D, 0x65, 0x6E, 0x74, 0x42, 0x79, 0x49, 0x64, 0x28, 0x27, 0x61, 0x70, 0x70, 0x56, 0x69, 
  0x65, 0x77, 0x27, 0x29, 0x2E, 0x63, 0x6C, 0x61, 0x73, 0x73, 0x4C, 0x69, 0x73, 0x74, 0x2E, 0x74, 
  0x6F, 0x67, 0x67, 0x6C, 0x65, 0x28, 0x27, 0x68, 0x69, 0x64, 0x64, 0x65, 0x6E, 0x27, 0x2C, 0x20, 
  0x21, 0x6C, 0x6F, 0x67, 0x67, 0x65, 0x64, 0x29, 0x3B, 0x0A, 0x20, 0x20, 0x20, 0x20, 0x20, 0x20, 
  0x20, 0x20, 0x20, 0x20, 0x20, 0x20, 0x64, 0x6F, 0x63, 0x75, 0x6D, 0x65, 0x6E, 0x74, 0x2E, 0x67, 
  0x65, 0x74, 0x45, 0x6C, 0x65, 0x6D, 0x65, 0x6E, 0x74, 0x42, 0x79, 0x49, 0x64, 0x28, 0x27, 0x75, 
  0x73, 0x65, 0x72, 0x42, 0x61, 0x64, 0x67, 0x65, 0x27, 0x29, 0x2E, 0x74, 0x65, 0x78, 0x74, 0x43, 
  0x6F, 0x6E, 0x74, 0x65, 0x6E, 0x74, 0x20, 0x3D, 0x20, 0x73, 0x74, 0x61, 0x74, 0x65, 0x2E, 0x75, 
  0x73, 0x65, 0x72, 0x20, 0x3F, 0x20, 0x60, 0x24, 0x7B, 0x73, 0x74, 0x61, 0x74, 0x65, 0x2E, 0x75, 
  0x73, 0x65, 0x72, 0x7D, 0x20, 0x5C, 0x75, 0x30, 0x30, 0x42, 0x37, 0x20, 0x24, 0x7B, 0x73, 0x74, 
  0x61, 0x74, 0x65, 0x2E, 0x72, 0x6F, 0x6C, 0x65, 0x7D, 0x60, 0x20, 0x3A, 0x20, 0x27, 0x55, 0x73, 
  0x75, 0x5C, 0x75, 0x30, 0x30, 0x45, 0x31, 0x72, 0x69, 0x6F, 0x27, 0x3B, 0x0A, 0x20, 0x20, 0x20, 
  0x20, 0x20, 0x20, 0x20, 0x20, 0x20, 0x20, 0x7D, 0x0A, 0x0A, 0x20, 0x20, 0x20, 0x20, 0x20, 0x20, 
  0x20, 0x20, 0x20, 0x20, 0x61, 0x73, 0x79, 0x6E, 0x63, 0x20, 0x66, 0x75, 0x6E, 0x63, 0x74, 0x69, 
  0x6F, 0x6E, 0x20, 0x68, 0x79, 0x64, 0x72, 0x61, 0x74, 0x65, 0x53, 0x65, 0x73, 0x73, 0x69, 0x6F, 
  0x6E, 0x28, 0x29, 0x20, 0x7B, 0x0A, 0x20, 0x20, 0x20, 0x20, 0x20, 0x20, 0x20, 0x20, 0x20, 0x20, 
  0x20, 0x20, 0x69, 0x66, 0x20, 0x28, 0x21, 0x73, 0x74, 0x61, 0x74, 0x65, 0x2E, 0x74, 0x6F, 0x6B, 
  0x65, 0x6E, 0x29, 0x20, 0x7B, 0x0A, 0x20, 0x20, 0x20, 0x20, 0x20, 0x20, 0x20, 0x20, 0x20, 0x20, 
  0x20, 0x20, 0x20, 0x20, 0x74, 0x72, 0x79, 0x20, 0x7B, 0x0A, 0x20, 0x20, 0x20, 0x20, 0x20, 0x20, 
  0x20, 0x20, 0x20, 0x20, 0x20, 0x20, 0x20, 0x20, 0x20, 0x20, 0x61, 0x77, 0x61, 0x69, 0x74, 0x20, 
  0x6C, 0x6F, 0x61, 0x64, 0x43, 0x6F, 0x6E, 0x66, 0x69, 0x67, 0x28, 0x29, 0x3B, 0x0A, 0x20, 0x20, 
  0x20, 0x20, 0x20, 0x20, 0x20, 0x20, 0x20, 0x20, 0x20, 0x20, 0x20, 0x20, 0x7D, 0x20, 0x63, 0x61, 
  0x74, 0x63, 0x68, 0x20, 0x28, 0x65, 0x72, 0x72, 0x6F, 0x72, 0x29, 0x20, 0x7B, 0x7D, 0x0A, 0x20, 
  0x20, 0x20, 0x20, 0x20, 0x20, 0x20, 0x20, 0x20, 0x20, 0x20, 0x20, 0x20, 0x20, 0x72, 0x65, 0x6E, 
  0x64, 0x65, 0x72, 0x41, 0x75, 0x74, 0x68, 0x28, 0x29, 0x3B, 0x0A, 0x20, 0x20, 0x20, 0x20, 0x20, 
  0x20, 0x20, 0x20, 0x20, 0x20, 0x20, 0x20, 0x20, 0x20, 0x72, 0x65, 0x6E, 0x64, 0x65, 0x72, 0x50, 
  0x65, 0x72, 0x6D, 0x69, 0x73, 0x73, 0x69, 0x6F, 0x6E, 0x73, 0x28, 0x29, 0x3B, 0x0A, 0x20, 0x20, 
  0x20, 0x20, 0x20, 0x20, 0x20, 0x20, 0x20, 0x20, 0x20, 0x20, 0x20, 0x20, 0x72, 0x65, 0x74, 0x75, 
  0x72, 0x6E, 0x3B, 0x0A, 0x20, 0x20, 0x20, 0x20, 0x20, 0x20, 0x20, 0x20, 0x20, 0x20, 0x20, 0x20, 
  0x7D, 0x0A, 0x20, 0x20, 0x20, 0x20, 0x20, 0x20, 0x20, 0x20, 0x20, 0x20, 0x20, 0x20, 0x74, 0x72, 
  0x79, 0x20, 0x7B, 0x0A, 0x20, 0x20, 0x20, 0x20, 0x20, 0x20, 0x20, 0x20, 0x20, 0x20, 0x20, 0x20, 
  0x20, 0x20, 0x63, 0x6F, 0x6E, 0x73, 0x74, 0x20, 0x64, 0x61, 0x74, 0x61, 0x20, 0x3D, 0x20, 0x61, 
  0x77, 0x61, 0x69, 0x74, 0x20, 0x72, 0x65, 0x71, 0x75, 0x65, 0x73, 0x74, 0x28, 0x27, 0x2F, 0x61, 
  0x70, 0x69, 0x2F, 0x73, 0x65, 0x73, 0x73, 0x69, 0x6F, 0x6E, 0x27, 0x29, 0x3B, 0x0A, 0x20, 0x20, 
  0x20, 0x20, 0x20, 0x20, 0x20, 0x20, 0x20, 0x20, 0x20, 0x20, 0x20, 0x20, 0x73, 0x74, 0x61, 0x74, 
  0x65, 0x2E, 0x75, 0x73, 0x65, 0x72, 0x20, 0x3D, 0x20, 0x64, 0x61, 0x74, 0x61, 0x2E, 0x75, 0x73, 
  0x65, 0x72, 0x6E, 0x61, 0x6D, 0x65, 0x3B, 0x0A, 0x20, 0x20, 0x20, 0x20, 0x20, 0x20, 0x20, 0x20, 
  0x20, 0x20, 0x20, 0x20, 0x20, 0x20, 0x73, 0x74, 0x61, 0x74, 0x65, 0x2E, 0x72, 0x6F, 0x6C, 0x65, 
  0x20, 0x3D, 0x20, 0x64, 0x61, 0x74, 0x61, 0x2E, 0x72, 0x6F, 0x6C, 0x65, 0x3B, 0x0A, 0x20, 0x20, 
  0x20, 0x20, 0x20, 0x20, 0x20, 0x20, 0x20, 0x20, 0x20, 0x20, 0x20, 0x20, 0x72, 0x65, 0x6E, 0x64, 
  0x65, 0x72, 0x41, 0x75, 0x74, 0x68, 0x28, 0x29, 0x3B, 0x0A, 0x20, 0x20, 0x20, 0x20, 0x20, 0x20, 
  0x20, 0x20, 0x20, 0x20, 0x20, 0x20, 0x20, 0x20, 0x72, 0x65, 0x6E, 0x64, 0x65, 0x72, 0x50, 0x65, 
  0x72, 0x6D, 0x69, 0x73, 0x73, 0x69, 0x6F, 0x6E, 0x73, 0x28, 0x29, 0x3B, 0x0A, 0x20, 0x20, 0x20, 
  0x20, 0x20, 0x20, 0x20, 0x20, 0x20, 0x20, 0x20, 0x20, 0x20, 0x20, 0x61, 0x77, 0x61, 0x69, 0x74, 
  0x20, 0x6C, 0x6F, 0x61, 0x64, 0x44, 0x61, 0x73, 0x68, 0x62, 0x6F, 0x61, 0x72, 0x64, 0x28, 0x29, 
  0x3B, 0x0A, 0x20, 0x20, 0x20, 0x20, 0x20, 0x20, 0x20, 0x20, 0x20, 0x20, 0x20, 0x20, 0x7D, 0x20, 
  0x63, 0x61, 0x74, 0x63, 0x68, 0x20, 0x28, 0x65, 0x72, 0x72, 0x6F, 0x72, 0x29, 0x20, 0x7B, 0x0A, 
  0x20, 0x20, 0x20, 0x20, 0x20, 0x20, 0x20, 0x20, 0x20, 0x20, 0x20, 0x20, 0x20, 0x20, 0x73, 0x74, 
  0x61, 0x74, 0x65, 0x2E, 0x74, 0x6F, 0x6B, 0x65, 0x6E, 0x20, 0x3D, 0x20, 0x27, 0x27, 0x3B, 0x0A, 
  0x20, 0x20, 0x20, 0x20, 0x20, 0x20, 0x20, 0x20, 0x20, 0x20, 0x20, 0x20, 0x20, 0x20, 0x6C, 0x6F, 
  0x63, 0x61, 0x6C, 0x53, 0x74, 0x6F, 0x72, 0x61, 0x67, 0x65, 0x2E, 0x72, 0x65, 0x6D, 0x6F, 0x76, 
  0x65, 0x49, 0x74, 0x65, 0x6D, 0x28, 0x27, 0x6C, 0x61, 0x62, 0x54, 0x6F, 0x6B, 0x65, 0x6E, 0x27, 
  0x29, 0x3B, 0x0A, 0x20, 0x20, 0x20, 0x20, 0x20, 0x20, 0x20, 0x20, 0x20, 0x20, 0x20, 0x20, 0x20, 
  0x20, 0x74, 0x72, 0x79, 0x20, 0x7B, 0x0A, 0x20, 0x20, 0x20, 0x20, 0x20, 0x20, 0x20, 0x20, 0x20, 
  0x20, 0x20, 0x20, 0x20, 0x20, 0x20, 0x20, 0x61, 0x77, 0x61, 0x69, 0x74, 0x20, 0x6C, 0x6F, 0x61, 
  0x64, 0x43, 0x6F, 0x6E, 0x66, 0x69, 0x67, 0x28, 0x29, 0x3B, 0x0A, 0x20, 0x20, 0x20, 0x20, 0x20, 
  0x20, 0x20, 0x20, 0x20, 0x20, 0x20, 0x20, 0x20, 0x20, 0x7D, 0x20, 0x63, 0x61, 0x74, 0x63, 0x68, 
  0x20, 0x28, 0x6C, 0x6F, 0x61, 0x64, 0x45, 0x72, 0x72, 0x6F, 0x72, 0x29, 0x20, 0x7B, 0x7D, 0x0A, 
  0x20, 0x20, 0x20, 0x20, 0x20, 0x20, 0x20, 0x20, 0x20, 0x20, 0x20, 0x20, 0x20, 0x20, 0x72, 0x65, 
  0x6E, 0x64, 0x65, 0x72, 0x41, 0x75, 0x74, 0x68, 0x28, 0x29, 0x3B, 0x0A, 0x20, 0x20, 0x20, 0x20, 
  0x20, 0x20, 0x20, 0x20, 0x20, 0x20, 0x20, 0x20, 0x20, 0x20, 0x72, 0x65, 0x6E, 0x64, 0x65, 0x72, 
  0x50, 0x65, 0x72, 0x6D, 0x69, 0x73, 0x73, 0x69, 0x6F, 0x6E, 0x73, 0x28, 0x29, 0x3B, 0x0A, 0x20, 
  0x20, 0x20, 0x20, 0x20, 0x20, 0x20, 0x20, 0x20, 0x20, 0x20, 0x20, 0x7D, 0x0A, 0x20, 0x20, 0x20, 
  0x20, 0x20, 0x20, 0x20, 0x20, 0x20, 0x20, 0x7D, 0x0A, 0x0A, 0x20, 0x20, 0x20, 0x20, 0x20, 0x20, 
  0x20, 0x20, 0x20, 0x20, 0x61, 0x73, 0x79, 0x6E, 0x63, 0x20, 0x66, 0x75, 0x6E, 0x63, 0x74, 0x69, 
  0x6F, 0x6E, 0x20, 0x6C, 0x6F, 0x61, 0x64, 0x44, 0x61, 0x73, 0x68, 0x62, 0x6F, 0x61, 0x72, 0x64, 
  0x28, 0x29, 0x20, 0x7B, 0x0A, 0x20, 0x20, 0x20, 0x20, 0x20, 0x20, 0x20, 0x20, 0x20, 0x20, 0x20, 
  0x20, 0x63, 0x6F, 0x6E, 0x73, 0x74, 0x20, 0x74, 0x61, 0x73, 0x6B, 0x73, 0x20, 0x3D, 0x20, 0x5B, 
  0x6C, 0x6F, 0x61, 0x64, 0x53, 0x74, 0x61, 0x74, 0x75, 0x73, 0x28, 0x29, 0x2C, 0x20, 0x6C, 0x6F, 
  0x61, 0x64, 0x55, 0x73, 0x65, 0x72, 0x73, 0x28, 0x29, 0x2C, 0x20, 0x6C, 0x6F, 0x61, 0x64, 0x4C, 
  0x6F, 0x67, 0x73, 0x28, 0x29, 0x5D, 0x3B, 0x0A, 0x20, 0x20, 0x20, 0x20, 0x20, 0x20, 0x20, 0x20, 
  0x20, 0x20, 0x20, 0x20, 0x69, 0x66, 0x20, 0x28, 0x5B, 0x27, 0x61, 0x64, 0x6D, 0x69, 0x6E, 0x27, 
  0x2C, 0x20, 0x27, 0x75, 0x73, 0x65, 0x72, 0x27, 0x2C, 0x20, 0x27, 0x76, 0x69, 0x73, 0x69, 0x74, 
  0x6F, 0x72, 0x27, 0x5D, 0x2E, 0x69, 0x6E, 0x63, 0x6C, 0x75, 0x64, 0x65, 0x73, 0x28, 0x73, 0x74, 
  0x61, 0x74, 0x65, 0x2E, 0x72, 0x6F, 0x6C, 0x65, 0x29, 0x29, 0x20, 0x74, 0x61, 0x73, 0x6B, 0x73, 
  0x2E, 0x70, 0x75, 0x73, 0x68, 0x28, 0x6C, 0x6F, 0x61, 0x64, 0x43, 0x6F, 0x6E, 0x66, 0x69, 0x67, 
  0x28, 0x29, 0x29, 0x3B, 0x0A, 0x20, 0x20, 0x20, 0x20, 0x20, 0x20, 0x20, 0x20, 0x20, 0x20, 0x20, 
  0x20, 0x61, 0x77, 0x61, 0x69, 0x74, 0x20, 0x50, 0x72, 0x6F, 0x6D, 0x69, 0x73, 0x65, 0x2E, 0x61, 
  0x6C, 0x6C, 0x28, 0x74, 0x61, 0x73, 0x6B, 0x73, 0x29, 0x3B, 0x0A, 0x20, 0x20, 0x20, 0x20, 0x20, 
  0x20, 0x20, 0x20, 0x20, 0x20, 0x20, 0x20, 0x69, 0x66, 0x20, 0x28, 0x73, 0x74, 0x61, 0x74, 0x65, 
  0x2E, 0x72, 0x6F, 0x6C, 0x65, 0x20, 0x3D, 0x3D, 0x3D, 0x20, 0x27, 0x61, 0x64, 0x6D, 0x69, 0x6E, 
  0x27, 0x29, 0x20, 0x61, 0x77, 0x61, 0x69, 0x74, 0x20, 0x6C, 0x6F, 0x61, 0x64, 0x44, 0x61, 0x73, 
  0x68, 0x62, 0x6F, 0x61, 0x72, 0x64, 0x4C, 0x69, 0x6E, 0x6B, 0x28, 0x29, 0x3B, 0x0A, 0x20, 0x20, 
  0x20, 0x20, 0x20, 0x20, 0x20, 0x20, 0x20, 0x20, 0x20, 0x20, 0x72, 0x65, 0x6E, 0x64, 0x65, 0x72, 
  0x4F, 0x76, 0x65, 0x72, 0x76, 0x69, 0x65, 0x77, 0x28, 0x29, 0x3B, 0x0A, 0x20, 0x20, 0x20, 0x20, 
  0x20, 0x20, 0x20, 0x20, 0x20, 0x20, 0x20, 0x20, 0x72, 0x65, 0x6E, 0x64, 0x65, 0x72, 0x55, 0x73, 
  0x65, 0x72, 0x73, 0x28, 0x29, 0x3B, 0x0A, 0x20, 0x20, 0x20, 0x20, 0x20, 0x20, 0x20, 0x20, 0x20, 
  0x20, 0x20, 0x20, 0x72, 0x65, 0x6E, 0x64, 0x65, 0x72, 0x4C, 0x6F, 0x67, 0x73, 0x28, 0x29, 0x3B, 
  0x0A, 0x20, 0x20, 0x20, 0x20, 0x20, 0x20, 0x20, 0x20, 0x20, 0x20, 0x20, 0x20, 0x72, 0x65, 0x6E, 
  0x64, 0x65, 0x72, 0x50, 0x65, 0x72, 0x6D, 0x69, 0x73, 0x73, 0x69, 0x6F, 0x6E, 0x73, 0x28, 0x29, 
  0x3B, 0x0A, 0x20, 0x20, 0x20, 0x20, 0x20, 0x20, 0x20, 0x20, 0x20, 0x20, 0x7D, 0x0A, 0x0A, 0x20, 
  0x20, 0x20, 0x20, 0x20, 0x20, 0x20, 0x20, 0x20, 0x20, 0x61, 0x73, 0x79, 0x6E, 0x63, 0x20, 0x66, 
  0x75, 0x6E, 0x63, 0x74, 0x69, 0x6F, 0x6E, 0x20, 0x6C, 0x6F, 0x61, 0x64, 0x53, 0x74, 0x61, 0x74, 
  0x75, 0x73, 0x28, 0x29, 0x20, 0x7B, 0x0A, 0x20, 0x20, 0x20, 0x20, 0x20, 0x20, 0x20, 0x20, 0x20, 
  0x20, 0x20, 0x20, 0x63, 0x6F, 0x6E, 0x73, 0x74, 0x20, 0x64, 0x61, 0x74, 0x61, 0x20, 0x3D, 0x20, 
  0x61, 0x77, 0x61, 0x69, 0x74, 0x20, 0x72, 0x65, 0x71, 0x75, 0x65, 0x73, 0x74, 0x28, 0x27, 0x2F, 
  0x61, 0x70, 0x69, 0x2F, 0x73, 0x74, 0x61, 0x74, 0x75, 0x73, 0x27, 0x29, 0x3B, 0x0A, 0x20, 0x20, 
  0x20, 0x20, 0x20, 0x20, 0x20, 0x20, 0x20, 0x20, 0x20, 0x20, 0x73, 0x74, 0x61, 0x74, 0x65, 0x2E, 
  0x73, 0x74, 0x61, 0x74, 0x75, 0x73, 0x20, 0x3D, 0x20, 0x64, 0x61, 0x74, 0x61, 0x3B, 0x0A, 0x20, 
  0x20, 0x20, 0x20, 0x20, 0x20, 0x20, 0x20, 0x20, 0x20, 0x7D, 0x0A, 0x0A, 0x20, 0x20, 0x20, 0x20, 
  0x20, 0x20, 0x20, 0x20, 0x20, 0x20, 0x61, 0x73, 0x79, 0x6E, 0x63, 0x20, 0x66, 0x75, 0x6E, 0x63, 
  0x74, 0x69, 0x6F, 0x6E, 0x20, 0x6C, 0x6F, 0x61, 0x64, 0x43, 0x6F, 0x6E, 0x66, 0x69, 0x67, 0x28, 
  0x29, 0x20, 0x7B, 0x0A, 0x20, 0x20, 0x20, 0x20, 0x20, 0x20, 0x20, 0x20, 0x20, 0x20, 0x20, 0x20, 
  0x63, 0x6F, 0x6E, 0x73, 0x74, 0x20, 0x64, 0x61, 0x74, 0x61, 0x20, 0x3D, 0x20, 0x61, 0x77, 0x61, 
  0x69, 0x74, 0x20, 0x72, 0x65, 0x71, 0x75, 0x65, 0x73, 0x74, 0x28, 0x27, 0x2F, 0x61, 0x70, 0x69, 
  0x2F, 0x63, 0x6F, 0x6E, 0x66, 0x69, 0x67, 0x27, 0x29, 0x3B, 0x0A, 0x20, 0x20, 0x20, 0x20, 0x20, 
  0x20, 0x20, 0x20, 0x20, 0x20, 0x20, 0x20, 0x73, 0x74, 0x61, 0x74, 0x65, 0x2E, 0x63, 0x6F, 0x6E, 
  0x66, 0x69, 0x67, 0x20, 0x3D, 0x20, 0x64, 0x61, 0x74, 0x61, 0x3B, 0x0A, 0x20, 0x20, 0x20, 0x20, 
  0x20, 0x20, 0x20, 0x20, 0x20, 0x20, 0x20, 0x20, 0x64, 0x6F, 0x63, 0x75, 0x6D, 0x65, 0x6E, 0x74, 
  0x2E, 0x67, 0x65, 0x74, 0x45, 0x6C, 0x65, 0x6D, 0x65, 0x6E, 0x74, 0x42, 0x79, 0x49, 0x64, 0x28, 
  0x27, 0x6E, 0x6F, 0x6D, 0x65, 0x41, 0x70, 0x61, 0x72, 0x65, 0x6C, 0x68, 0x6F, 0x27, 0x29, 0x2E, 
  0x76, 0x61, 0x6C, 0x75, 0x65, 0x20, 0x3D, 0x20, 0x64, 0x61, 0x74, 0x61, 0x2E, 0x6E, 0x6F, 0x6D, 
  0x65, 0x5F, 0x61, 0x70, 0x61, 0x72, 0x65, 0x6C, 0x68, 0x6F, 0x20, 0x7C, 0x7C, 0x20, 0x27, 0x27, 
  0x3B, 0x0A, 0x20, 0x20, 0x20, 0x20, 0x20, 0x20, 0x20, 0x20, 0x20, 0x20, 0x20, 0x20, 0x64, 0x6F, 
  0x63, 0x75, 0x6D, 0x65, 0x6E, 0x74, 0x2E, 0x67, 0x65, 0x74, 0x45, 0x6C, 0x65, 0x6D, 0x65, 0x6E, 
  0x74, 0x42, 0x79, 0x49, 0x64, 0x28, 0x27, 0x74, 0x65, 0x6D, 0x70, 0x4D, 0x69, 0x6E, 0x27, 0x29, 
  0x2E, 0x76, 0x61, 0x6C, 0x75, 0x65, 0x20, 0x3D, 0x20, 0x64, 0x61, 0x74, 0x61, 0x2E, 0x74, 0x65, 
  0x6D, 0x70, 0x65, 0x72, 0x61, 0x74, 0x75, 0x72, 0x61, 0x5F, 0x6D, 0x69, 0x6E, 0x69, 0x6D, 0x61, 
  0x20, 0x3F, 0x3F, 0x20, 0x31, 0x35, 0x3B, 0x0A, 0x20, 0x20, 0x20, 0x20, 0x20, 0x20, 0x20, 0x20, 
  0x20, 0x20, 0x20, 0x20, 0x64, 0x6F, 0x63, 0x75, 0x6D, 0x65, 0x6E, 0x74, 0x2E, 0x67, 0x65, 0x74, 
  0x45, 0x6C, 0x65, 0x6D, 0x65, 0x6E, 0x74, 0x42, 0x79, 0x49, 0x64, 0x28, 0x27, 0x74, 0x65, 0x6D, 
  0x70, 0x4D, 0x61, 0x78, 0x27, 0x29, 0x2E, 0x76, 0x61, 0x6C, 0x75, 0x65, 0x20, 0x3D, 0x20, 0x64, 
  0x61, 0x74, 0x61, 0x2E, 0x74, 0x65, 0x6D, 0x70, 0x65, 0x72, 0x61, 0x74, 0x75, 0x72, 0x61, 0x5F, 
  0x6D, 0x61, 0x78, 0x69, 0x6D, 0x61, 0x20, 0x3F, 0x3F, 0x20, 0x33, 0x35, 0x3B, 0x0A, 0x20, 0x20, 
  0x20, 0x20, 0x20, 0x20, 0x20, 0x20, 0x20, 0x20, 0x20, 0x20, 0x64, 0x6F, 0x63, 0x75, 0x6D, 0x65, 
  0x6E, 0x74, 0x2E, 0x67, 0x65, 0x74, 0x45, 0x6C, 0x65, 0x6D, 0x65, 0x6E, 0x74, 0x42, 0x79, 0x49, 
  0x64, 0x28, 0x27, 0x75, 0x6D, 0x69, 0x64, 0x4D, 0x69, 0x6E, 0x27, 0x29, 0x2E, 0x76, 0x61, 0x6C, 
  0x75, 0x65, 0x20, 0x3D, 0x20, 0x64, 0x61, 0x74, 0x61, 0x2E, 0x75, 0x6D, 0x69, 0x64, 0x61, 0x64, 
  0x65, 0x5F, 0x6D, 0x69, 0x6E, 0x69, 0x6D, 0x61, 0x20, 0x3F, 0x3F, 0x20, 0x33, 0x30, 0x3B, 0x0A, 
  0x20, 0x20, 0x20, 0x20, 0x20, 0x20, 0x20, 0x20, 0x20, 0x20, 0x20, 0x20, 0x64, 0x6F, 0x63, 0x75, 
  0x6D, 0x65, 0x6E, 0x74, 0x2E, 0x67, 0x65, 0x74, 0x45, 0x6C, 0x65, 0x6D, 0x65, 0x6E, 0x74, 0x42, 
  0x79, 0x49, 0x64, 0x28, 0x27, 0x75, 0x6D, 0x69, 0x64, 0x4D, 0x61, 0x78, 0x27, 0x29, 0x2E, 0x76, 
  0x61, 0x6C, 0x75, 0x65, 0x20, 0x3D, 0x20, 0x64, 0x61, 0x74, 0x61, 0x2E, 0x75, 0x6D, 0x69, 0x64, 
  0x61, 0x64, 0x65, 0x5F, 0x6D, 0x61, 0x78, 0x69, 0x6D, 0x61, 0x20, 0x3F, 0x3F, 0x20, 0x37, 0x30, 
  0x3B, 0x0A, 0x20, 0x20, 0x20, 0x20, 0x20, 0x20, 0x20, 0x20, 0x20, 0x20, 0x20, 0x20, 0x64, 0x6F, 
  0x63, 0x75, 0x6D, 0x65, 0x6E, 0x74, 0x2E, 0x67, 0x65, 0x74, 0x45, 0x6C, 0x65, 0x6D, 0x65, 0x6E, 
  0x74, 0x42, 0x79, 0x49, 0x64, 0x28, 0x27, 0x67, 0x61, 0x73, 0x43, 0x72, 0x69, 0x74, 0x69, 0x63, 
  0x6F, 0x27, 0x29, 0x2E, 0x76, 0x61, 0x6C, 0x75, 0x65, 0x20, 0x3D, 0x20, 0x64, 0x61, 0x74, 0x61, 
  0x2E, 0x67, 0x61, 0x73, 0x5F, 0x61, 0x64, 0x63, 0x5F, 0x63, 0x72, 0x69, 0x74, 0x69, 0x63, 0x6F, 
  0x20, 0x3F, 0x3F, 0x20, 0x33, 0x38, 0x30, 0x30, 0x3B, 0x0A, 0x20, 0x20, 0x20, 0x20, 0x20, 0x20, 
  0x20, 0x20, 0x20, 0x20, 0x20, 0x20, 0x64, 0x6F, 0x63, 0x75, 0x6D, 0x65, 0x6E, 0x74, 0x2E, 0x67, 
  0x65, 0x74, 0x45, 0x6C, 0x65, 0x6D, 0x65, 0x6E, 0x74, 0x42, 0x79, 0x49, 0x64, 0x28, 0x27, 0x69, 
  0x6E, 0x74, 0x65, 0x72, 0x76, 0x61, 0x6C, 0x6F, 0x4C, 0x65, 0x69, 0x74, 0x75, 0x72, 0x61, 0x27, 
  0x29, 0x2E, 0x76, 0x61, 0x6C, 0x75, 0x65, 0x20, 0x3D, 0x20, 0x64, 0x61, 0x74, 0x61, 0x2E, 0x69, 
  0x6E, 0x74, 0x65, 0x72, 0x76, 0x61, 0x6C, 0x6F, 0x5F, 0x6C, 0x65, 0x69, 0x74, 0x75, 0x72, 0x61, 
  0x20, 0x3F, 0x3F, 0x20, 0x31, 0x3B, 0x0A, 0x20, 0x20, 0x20, 0x20, 0x20, 0x20, 0x20, 0x20, 0x20, 
  0x20, 0x20, 0x20, 0x64, 0x6F, 0x63, 0x75, 0x6D, 0x65, 0x6E, 0x74, 0x2E, 0x67, 0x65, 0x74, 0x45, 
  0x6C, 0x65, 0x6D, 0x65, 0x6E, 0x74, 0x42, 0x79, 0x49, 0x64, 0x28, 0x27, 0x61, 0x6C, 0x61, 0x72, 
  0x6D, 0x65, 0x54, 0x65, 0x6D, 0x70, 0x27, 0x29, 0x2E, 0x63, 0x68, 0x65, 0x63, 0x6B, 0x65, 0x64, 
  0x20, 0x3D, 0x20, 0x21, 0x21, 0x64, 0x61, 0x74, 0x61, 0x2E, 0x61, 0x6C, 0x61, 0x72, 0x6D, 0x65, 
  0x5F, 0x74, 0x65, 0x6D, 0x70, 0x65, 0x72, 0x61, 0x74, 0x75, 0x72, 0x61, 0x3B, 0x0A, 0x20, 0x20, 
  0x20, 0x20, 0x20, 0x20, 0x20, 0x20, 0x20, 0x20, 0x20, 0x20, 0x64, 0x6F, 0x63, 0x75, 0x6D, 0x65, 
  0x6E, 0x74, 0x2E, 0x67, 0x65, 0x74, 0x45, 0x6C, 0x65, 0x6D, 0x65, 0x6E, 0x74, 0x42, 0x79, 0x49, 
  0x64, 0x28, 0x27, 0x61, 0x6C, 0x61, 0x72, 0x6D, 0x65, 0x55, 0x6D, 0x69, 0x64, 0x27, 0x29, 0x2E, 
  0x63, 0x68, 0x65, 0x63, 0x6B, 0x65, 0x64, 0x20, 0x3D, 0x20, 0x21, 0x21, 0x64, 0x61, 0x74, 0x61, 
  0x2E, 0x61, 0x6C, 0x61, 0x72, 0x6D, 0x65, 0x5F, 0x75, 0x6D, 0x69, 0x64, 0x61, 0x64, 0x65, 0x3B, 
  0x0A, 0x20, 0x20, 0x20, 0x20, 0x20, 0x20, 0x20, 0x20, 0x20, 0x20, 0x20, 0x20, 0x64, 0x6F, 0x63, 
  0x75, 0x6D, 0x65, 0x6E, 0x74, 0x2E, 0x67, 0x65, 0x74, 0x45, 0x6C, 0x65, 0x6D, 0x65, 0x6E, 0x74, 
  0x42, 0x79, 0x49, 0x64, 0x28, 0x27, 0x61, 0x6C, 0x61, 0x72, 0x6D, 0x65, 0x47, 0x61, 0x73, 0x27, 
  0x29, 0x2E, 0x63, 0x68, 0x65, 0x63, 0x6B, 0x65, 0x64, 0x20, 0x3D, 0x20, 0x21, 0x21, 0x64, 0x61, 
  0x74, 0x61, 0x2E, 0x61, 0x6C, 0x61, 0x72, 0x6D, 0x65, 0x5F, 0x67, 0x61, 0x73, 0x3B, 0x0A, 0x20, 
  0x20, 0x20, 0x20, 0x20, 0x20, 0x20, 0x20, 0x20, 0x20, 0x20, 0x20, 0x64, 0x6F, 0x63, 0x75, 0x6D, 
  0x65, 0x6E, 0x74, 0x2E, 0x67, 0x65, 0x74, 0x45, 0x6C, 0x65, 0x6D, 0x65, 0x6E, 0x74, 0x42, 0x79, 
  0x49, 0x64, 0x28, 0x27, 0x6C, 0x65, 0x64, 0x41, 0x6C, 0x65, 0x72, 0x74, 0x61, 0x27, 0x29, 0x2E, 
  0x63, 0x68, 0x65, 0x63, 0x6B, 0x65, 0x64, 0x20, 0x3D, 0x20, 0x21, 0x21, 0x64, 0x61, 0x74, 0x61, 
  0x2E, 0x6C, 0x65, 0x64, 0x5F, 0x61, 0x6C, 0x65, 0x72, 0x74, 0x61, 0x3B, 0x0A, 0x20, 0x20, 0x20, 
  0x20, 0x20, 0x20, 0x20, 0x20, 0x20, 0x20, 0x20, 0x20, 0x64, 0x6F, 0x63, 0x75, 0x6D, 0x65, 0x6E, 
  0x74, 0x2E, 0x67, 0x65, 0x74, 0x45, 0x6C, 0x65, 0x6D, 0x65, 0x6E, 0x74, 0x42, 0x79, 0x49, 0x64, 
  0x28, 0x27, 0x62, 0x75, 0x7A, 0x7A, 0x65, 0x72, 0x27, 0x29, 0x2E, 0x63, 0x68, 0x65, 0x63, 0x6B, 
  0x65, 0x64, 0x20, 0x3D, 0x20, 0x21, 0x21, 0x64, 0x61, 0x74, 0x61, 0x2E, 0x62, 0x75, 0x7A, 0x7A, 
  0x65, 0x72, 0x3B, 0x0A, 0x20, 0x20, 0x20, 0x20, 0x20, 0x20, 0x20, 0x20, 0x20, 0x20, 0x20, 0x20, 
  0x64, 0x6F, 0x63, 0x75, 0x6D, 0x65, 0x6E, 0x74, 0x2E, 0x67, 0x65, 0x74, 0x45, 0x6C, 0x65, 0x6D, 
  0x65, 0x6E, 0x74, 0x42, 0x79, 0x49, 0x64, 0x28, 0x27, 0x70, 0x65, 0x72, 0x6D, 0x56, 0x65, 0x54, 
  0x65, 0x6D, 0x70, 0x27, 0x29, 0x2E, 0x63, 0x68, 0x65, 0x63, 0x6B, 0x65, 0x64, 0x20, 0x3D, 0x20, 
  0x21, 0x21, 0x64, 0x61, 0x74, 0x61, 0x2E, 0x75, 0x73, 0x75, 0x61, 0x72, 0x69, 0x6F, 0x5F, 0x70, 
  0x6F, 0x64, 0x65, 0x5F, 0x76, 0x65, 0x72, 0x5F, 0x74, 0x65, 0x6D, 0x70, 0x65, 0x72, 0x61, 0x74, 
  0x75, 0x72, 0x61, 0x3B, 0x0A, 0x20, 0x20, 0x20, 0x20, 0x20, 0x20, 0x20, 0x20, 0x20, 0x20, 0x20, 
  0x20, 0x64, 0x6F, 0x63, 0x75, 0x6D, 0x65, 0x6E, 0x74, 0x2E, 0x67, 0x65, 0x74, 0x45, 0x6C, 0x65, 
  0x6D, 0x65, 0x6E, 0x74, 0x42, 0x79, 0x49, 0x64, 0x28, 0x27, 0x70, 0x65, 0x72, 0x6D, 0x56, 0x65, 
  0x55, 0x6D, 0x69, 0x64, 0x27, 0x29, 0x2E, 0x63, 0x68, 0x65, 0x63, 0x6B, 0x65, 0x64, 0x20, 0x3D, 
  0x20, 0x21, 0x21, 0x64, 0x61, 0x74, 0x61, 0x2E, 0x75, 0x73, 0x75, 0x61, 0x72, 0x69, 0x6F, 0x5F, 
  0x70, 0x6F, 0x64, 0x65, 0x5F, 0x76, 0x65, 0x72, 0x5F, 0x75, 0x6D, 0x69, 0x64, 0x61, 0x64, 0x65, 
  0x3B, 0x0A, 0x20, 0x20, 0x20, 0x20, 0x20, 0x20, 0x20, 0x20, 0x20, 0x20, 0x20, 0x20, 0x64, 0x6F, 
  0x63, 0x75, 0x6D, 0x65, 0x6E, 0x74, 0x2E, 0x67, 0x65, 0x74, 0x45, 0x6C, 0x65, 0x6D, 0x65, 0x6E, 
  0x74, 0x42, 0x79, 0x49, 0x64, 0x28, 0x27, 0x70, 0x65, 0x72, 0x6D, 0x56, 0x65, 0x47, 0x61, 0x73, 
  0x27, 0x29, 0x2E, 0x63, 0x68, 0x65, 0x63, 0x6B, 0x65, 0x64, 0x20, 0x3D, 0x20, 0x21, 0x21, 0x64, 
  0x61, 0x74, 0x61, 0x2E, 0x75, 0x73, 0x75, 0x61, 0x72, 0x69, 0x6F, 0x5F, 0x70, 0x6F, 0x64, 0x65, 
  0x5F, 0x76, 0x65, 0x72, 0x5F, 0x67, 0x61, 0x73, 0x3B, 0x0A, 0x20, 0x20, 0x20, 0x20, 0x20, 0x20, 
  0x20, 0x20, 0x20, 0x20, 0x20, 0x20, 0x64, 0x6F, 0x63, 0x75, 0x6D, 0x65, 0x6E, 0x74, 0x2E, 0x67, 
  0x65, 0x74, 0x45, 0x6C, 0x65, 0x6D, 0x65, 0x6E, 0x74, 0x42, 0x79, 0x49, 0x64, 0x28, 0x27, 0x70, 
  0x65, 0x72, 0x6D, 0x56, 0x65, 0x57, 0x69, 0x66, 0x69, 0x27, 0x29, 0x2E, 0x63, 0x68, 0x65, 0x63, 
  0x6B, 0x65, 0x64, 0x20, 0x3D, 0x20, 0x21, 0x21, 0x64, 0x61, 0x74, 0x61, 0x2E, 0x75, 0x73, 0x75, 
  0x61, 0x72, 0x69, 0x6F, 0x5F, 0x70, 0x6F, 0x64, 0x65, 0x5F, 0x76, 0x65, 0x72, 0x5F, 0x77, 0x69, 
  0x66, 0x69, 0x3B, 0x0A, 0x20, 0x20, 0x20, 0x20, 0x20, 0x20, 0x20, 0x20, 0x20, 0x20, 0x20, 0x20, 
  0x64, 0x6F, 0x63, 0x75, 0x6D, 0x65, 0x6E, 0x74, 0x2E, 0x67, 0x65, 0x74, 0x45, 0x6C, 0x65, 0x6D, 
  0x65, 0x6E, 0x74, 0x42, 0x79, 0x49, 0x64, 0x28, 0x27, 0x70, 0x65, 0x72, 0x6D, 0x56, 0x65, 0x52, 
  0x65, 0x64, 0x65, 0x27, 0x29, 0x2E, 0x63, 0x68, 0x65, 0x63, 0x6B, 0x65, 0x64, 0x20, 0x3D, 0x20, 
  0x21, 0x21, 0x64, 0x61, 0x74, 0x61, 0x2E, 0x75, 0x73, 0x75, 0x61, 0x72, 0x69, 0x6F, 0x5F, 0x70, 
  0x6F, 0x64, 0x65, 0x5F, 0x76, 0x65, 0x72, 0x5F, 0x72, 0x65, 0x64, 0x65, 0x3B, 0x0A, 0x20, 0x20, 
  0x20, 0x20, 0x20, 0x20, 0x20, 0x20, 0x20, 0x20, 0x20, 0x20, 0x64, 0x6F, 0x63, 0x75, 0x6D, 0x65, 
  0x6E, 0x74, 0x2E, 0x67, 0x65, 0x74, 0x45, 0x6C, 0x65, 0x6D, 0x65, 0x6E, 0x74, 0x42, 0x79, 0x49, 
  0x64, 0x28, 0x27, 0x70, 0x65, 0x72, 0x6D, 0x56, 0x65, 0x4C, 0x6F, 0x67, 0x73, 0x27, 0x29, 0x2E, 
  0x63, 0x68, 0x65, 0x63, 0x6B, 0x65, 0x64, 0x20, 0x3D, 0x20, 0x21, 0x21, 0x64, 0x61, 0x74, 0x61, 
  0x2E, 0x75, 0x73, 0x75, 0x61, 0x72, 0x69, 0x6F, 0x5F, 0x70, 0x6F, 0x64, 0x65, 0x5F, 0x76, 0x65, 
  0x72, 0x5F, 0x6C, 0x6F, 0x67, 0x73, 0x3B, 0x0A, 0x20, 0x20, 0x20, 0x20, 0x20, 0x20, 0x20, 0x20, 
  0x20, 0x20, 0x20, 0x20, 0x64, 0x6F, 0x63, 0x75, 0x6D, 0x65, 0x6E, 0x74, 0x2E, 0x67, 0x65, 0x74, 
  0x45, 0x6C, 0x65, 0x6D, 0x65, 0x6E, 0x74, 0x42, 0x79, 0x49, 0x64, 0x28, 0x27, 0x70, 0x65, 0x72, 
  0x6D, 0x53, 0x69, 0x6C, 0x65, 0x6E, 0x63, 0x69, 0x61, 0x72, 0x27, 0x29, 0x2E, 0x63, 0x68, 0x65, 
  0x63, 0x6B, 0x65, 0x64, 0x20, 0x3D, 0x20, 0x21, 0x21, 0x64, 0x61, 0x74, 0x61, 0x2E, 0x75, 0x73, 
  0x75, 0x61, 0x72, 0x69, 0x6F, 0x5F, 0x70, 0x6F, 0x64, 0x65, 0x5F, 0x73, 0x69, 0x6C, 0x65, 0x6E, 
  0x63, 0x69, 0x61, 0x72, 0x5F, 0x61, 0x6C, 0x61, 0x72, 0x6D, 0x65, 0x3B, 0x0A, 0x20, 0x20, 0x20, 
  0x20, 0x20, 0x20, 0x20, 0x20, 0x20, 0x20, 0x20, 0x20, 0x64, 0x6F, 0x63, 0x75, 0x6D, 0x65, 0x6E, 
  0x74, 0x2E, 0x67, 0x65, 0x74, 0x45, 0x6C, 0x65, 0x6D, 0x65, 0x6E, 0x74, 0x42, 0x79, 0x49, 0x64, 
  0x28, 0x27, 0x76, 0x69, 0x73, 0x69, 0x74, 0x61, 0x6E, 0x74, 0x65, 0x56, 0x65, 0x54, 0x65, 0x6D, 
  0x70, 0x27, 0x29, 0x2E, 0x63, 0x68, 0x65, 0x63, 0x6B, 0x65, 0x64, 0x20, 0x3D, 0x20, 0x21, 0x21, 
  0x64, 0x61, 0x74, 0x61, 0x2E, 0x76, 0x69, 0x73, 0x69, 0x74, 0x61, 0x6E, 0x74, 0x65, 0x5F, 0x70, 
  0x6F, 0x64, 0x65, 0x5F, 0x76, 0x65, 0x72, 0x5F, 0x74, 0x65, 0x6D, 0x70, 0x65, 0x72, 0x61, 0x74, 
  0x75, 0x72, 0x61, 0x3B, 0x0A, 0x20, 0x20, 0x20, 0x20, 0x20, 0x20, 0x20, 0x20, 0x20, 0x20, 0x20, 
  0x20, 0x64, 0x6F, 0x63, 0x75, 0x6D, 0x65, 0x6E, 0x74, 0x2E, 0x67, 0x65, 0x74, 0x45, 0x6C, 0x65, 
  0x6D, 0x65, 0x6E, 0x74, 0x42, 0x79, 0x49, 0x64, 0x28, 0x27, 0x76, 0x69, 0x73, 0x69, 0x74, 0x61, 
  0x6E, 0x74, 0x65, 0x56, 0x65, 0x55, 0x6D, 0x69, 0x64, 0x27, 0x29, 0x2E, 0x63, 0x68, 0x65, 0x63, 
  0x6B, 0x65, 0x64, 0x20, 0x3D, 0x20, 0x21, 0x21, 0x64, 0x61, 0x74, 0x61, 0x2E, 0x76, 0x69, 0x73, 
  0x69, 0x74, 0x61, 0x6E, 0x74, 0x65, 0x5F, 0x70, 0x6F, 0x64, 0x65, 0x5F, 0x76, 0x65, 0x72, 0x5F, 
  0x75, 0x6D, 0x69, 0x64, 0x61, 0x64, 0x65, 0x3B, 0x0A, 0x20, 0x20, 0x20, 0x20, 0x20, 0x20, 0x20, 
  0x20, 0x20, 0x20, 0x20, 0x20, 0x64, 0x6F, 0x63, 0x75, 0x6D, 0x65, 0x6E, 0x74, 0x2E, 0x67, 0x65, 
  0x74, 0x45, 0x6C, 0x65, 0x6D, 0x65, 0x6E, 0x74, 0x42, 0x79, 0x49, 0x64, 0x28, 0x27, 0x76, 0x69, 
  0x73, 0x69, 0x74, 0x61, 0x6E, 0x74, 0x65, 0x56, 0x65, 0x47, 0x61, 0x73, 0x27, 0x29, 0x2E, 0x63, 
  0x68, 0x65, 0x63, 0x6B, 0x65, 0x64, 0x20, 0x3D, 0x20, 0x21, 0x21, 0x64, 0x61, 0x74, 0x61, 0x2E, 
  0x76, 0x69, 0x73, 0x69, 0x74, 0x61, 0x6E, 0x74, 0x65, 0x5F, 0x70, 0x6F, 0x64, 0x65, 0x5F, 0x76, 
  0x65, 0x72, 0x5F, 0x67, 0x61, 0x73, 0x3B, 0x0A, 0x20, 0x20, 0x20, 0x20, 0x20, 0x20, 0x20, 0x20, 
  0x20, 0x20, 0x20, 0x20, 0x64, 0x6F, 0x63, 0x75, 0x6D, 0x65, 0x6E, 0x74, 0x2E, 0x67, 0x65, 0x74, 
  0x45, 0x6C, 0x65, 0x6D, 0x65, 0x6E, 0x74, 0x42, 0x79, 0x49, 0x64, 0x28, 0x27, 0x76, 0x69, 0x73, 
  0x69, 0x74, 0x61, 0x6E, 0x74, 0x65, 0x56, 0x65, 0x57, 0x69, 0x66, 0x69, 0x27, 0x29, 0x2E, 0x63, 
  0x68, 0x65, 0x63, 0x6B, 0x65, 0x64, 0x20, 0x3D, 0x20, 0x21, 0x21, 0x64, 0x61, 0x74, 0x61, 0x2E, 
  0x76, 0x69, 0x73, 0x69, 0x74, 0x61, 0x6E, 0x74, 0x65, 0x5F, 0x70, 0x6F, 0x64, 0x65, 0x5F, 0x76, 
  0x65, 0x72, 0x5F, 0x77, 0x69, 0x66, 0x69, 0x3B, 0x0A, 0x20, 0x20, 0x20, 0x20, 0x20, 0x20, 0x20, 
  0x20, 0x20, 0x20, 0x20, 0x20, 0x64, 0x6F, 0x63, 0x75, 0x6D, 0x65, 0x6E, 0x74, 0x2E, 0x67, 0x65, 
  0x74, 0x45, 0x6C, 0x65, 0x6D, 0x65, 0x6E, 0x74, 0x42, 0x79, 0x49, 0x64, 0x28, 0x27, 0x76, 0x69, 
  0x73, 0x69, 0x74, 0x61, 0x6E, 0x74, 0x65, 0x56, 0x65, 0x52, 0x65, 0x64, 0x65, 0x27, 0x29, 0x2E, 
  0x63, 0x68, 0x65, 0x63, 0x6B, 0x65, 0x64, 0x20, 0x3D, 0x20, 0x21, 0x21, 0x64, 0x61, 0x74, 0x61, 
  0x2E, 0x76, 0x69, 0x73, 0x69, 0x74, 0x61, 0x6E, 0x74, 0x65, 0x5F, 0x70, 0x6F, 0x64, 0x65, 0x5F, 
  0x76, 0x65, 0x72, 0x5F, 0x72, 0x65, 0x64, 0x65, 0x3B, 0x0A, 0x20, 0x20, 0x20, 0x20, 0x20, 0x20, 
  0x20, 0x20, 0x20, 0x20, 0x20, 0x20, 0x64, 0x6F, 0x63, 0x75, 0x6D, 0x65, 0x6E, 0x74, 0x2E, 0x67, 
  0x65, 0x74, 0x45, 0x6C, 0x65, 0x6D, 0x65, 0x6E, 0x74, 0x42, 0x79, 0x49, 0x64, 0x28, 0x27, 0x76, 
  0x69, 0x73, 0x69, 0x74, 0x61, 0x6E, 0x74, 0x65, 0x56, 0x65, 0x4C, 0x6F, 0x67, 0x73, 0x27, 0x29, 
  0x2E, 0x63, 0x68, 0x65, 0x63, 0x6B, 0x65, 0x64, 0x20, 0x3D, 0x20, 0x21, 0x21, 0x64, 0x61, 0x74, 
  0x61, 0x2E, 0x76, 0x69, 0x73, 0x69, 0x74, 0x61, 0x6E, 0x74, 0x65, 0x5F, 0x70, 0x6F, 0x64, 0x65, 
  0x5F, 0x76, 0x65, 0x72, 0x5F, 0x6C, 0x6F, 0x67, 0x73, 0x3B, 0x0A, 0x20, 0x20, 0x20, 0x20, 0x20, 
  0x20, 0x20, 0x20, 0x20, 0x20, 0x20, 0x20, 0x64, 0x6F, 0x63, 0x75, 0x6D, 0x65, 0x6E, 0x74, 0x2E, 
  0x67, 0x65, 0x74, 0x45, 0x6C, 0x65, 0x6D, 0x65, 0x6E, 0x74, 0x42, 0x79, 0x49, 0x64, 0x28, 0x27, 
  0x76, 0x69, 0x73, 0x69, 0x74, 0x61, 0x6E, 0x74, 0x65, 0x53, 0x69, 0x6C, 0x65, 0x6E, 0x63, 0x69, 
  0x61, 0x72, 0x27, 0x29, 0x2E, 0x63, 0x68, 0x65, 0x63, 0x6B, 0x65, 0x64, 0x20, 0x3D, 0x20, 0x21, 
  0x21, 0x64, 0x61, 0x74, 0x61, 0x2E, 0x76, 0x69, 0x73, 0x69, 0x74, 0x61, 0x6E, 0x74, 0x65, 0x5F, 
  0x70, 0x6F, 0x64, 0x65, 0x5F, 0x73, 0x69, 0x6C, 0x65, 0x6E, 0x63, 0x69, 0x61, 0x72, 0x5F, 0x61, 
  0x6C, 0x61, 0x72, 0x6D, 0x65, 0x3B, 0x0A, 0x20, 0x20, 0x20, 0x20, 0x20, 0x20, 0x20, 0x20, 0x20, 
  0x20, 0x20, 0x20, 0x64, 0x6F, 0x63, 0x75, 0x6D, 0x65, 0x6E, 0x74, 0x2E, 0x67, 0x65, 0x74, 0x45, 
  0x6C, 0x65, 0x6D, 0x65, 0x6E, 0x74, 0x42, 0x79, 0x49, 0x64, 0x28, 0x27, 0x70, 0x65, 0x72, 0x6D, 
  0x56, 0x69, 0x73, 0x69, 0x74, 0x61, 0x6E, 0x74, 0x65, 0x27, 0x29, 0x2E, 0x63, 0x68, 0x65, 0x63, 
  0x6B, 0x65, 0x64, 0x20, 0x3D, 0x20, 0x21, 0x21, 0x64, 0x61, 0x74, 0x61, 0x2E, 0x70, 0x65, 0x72, 
  0x6D, 0x69, 0x74, 0x69, 0x72, 0x5F, 0x76, 0x69, 0x73, 0x69, 0x74, 0x61, 0x6E, 0x74, 0x65, 0x3B, 
  0x0A, 0x20, 0x20, 0x20, 0x20, 0x20, 0x20, 0x20, 0x20, 0x20, 0x20, 0x20, 0x20, 0x64, 0x6F, 0x63, 
  0x75, 0x6D, 0x65, 0x6E, 0x74, 0x2E, 0x67, 0x65, 0x74, 0x45, 0x6C, 0x65, 0x6D, 0x65, 0x6E, 0x74, 
  0x42, 0x79, 0x49, 0x64, 0x28, 0x27, 0x6D, 0x61, 0x6E, 0x75, 0x61, 0x6C, 0x44, 0x61, 0x74, 0x65, 
  0x54, 0x69, 0x6D, 0x65, 0x27, 0x29, 0x2E, 0x76, 0x61, 0x6C, 0x75, 0x65, 0x20, 0x3D, 0x20, 0x64, 
  0x61, 0x74, 0x61, 0x2E, 0x64, 0x61, 0x74, 0x61, 0x5F, 0x68, 0x6F, 0x72, 0x61, 0x5F, 0x6D, 0x61, 
  0x6E, 0x75, 0x61, 0x6C, 0x20, 0x7C, 0x7C, 0x20, 0x27, 0x27, 0x3B, 0x0A, 0x20, 0x20, 0x20, 0x20, 
  0x20, 0x20, 0x20, 0x20, 0x20, 0x20, 0x20, 0x20, 0x64, 0x6F, 0x63, 0x75, 0x6D, 0x65, 0x6E, 0x74, 
  0x2E, 0x67, 0x65, 0x74, 0x45, 0x6C, 0x65, 0x6D, 0x65, 0x6E, 0x74, 0x42, 0x79, 0x49, 0x64, 0x28, 
  0x27, 0x6E, 0x65, 0x74, 0x77, 0x6F, 0x72, 0x6B, 0x53, 0x73, 0x69, 0x64, 0x27, 0x29, 0x2E, 0x76, 
  0x61, 0x6C, 0x75, 0x65, 0x20, 0x3D, 0x20, 0x64, 0x61, 0x74, 0x61, 0x2E, 0x77, 0x69, 0x66, 0x69, 
  0x20, 0x26, 0x26, 0x20, 0x64, 0x61, 0x74, 0x61, 0x2E, 0x77, 0x69, 0x66, 0x69, 0x2E, 0x73, 0x73, 
  0x69, 0x64, 0x20, 0x3F, 0x20, 0x64, 0x61, 0x74, 0x61, 0x2E, 0x77, 0x69, 0x66, 0x69, 0x2E, 0x73, 
  0x73, 0x69, 0x64, 0x20, 0x3A, 0x20, 0x27, 0x27, 0x3B, 0x0A, 0x20, 0x20, 0x20, 0x20, 0x20, 0x20, 
  0x20, 0x20, 0x20, 0x20, 0x20, 0x20, 0x64, 0x6F, 0x63, 0x75, 0x6D, 0x65, 0x6E, 0x74, 0x2E, 0x67, 
  0x65, 0x74, 0x45, 0x6C, 0x65, 0x6D, 0x65, 0x6E, 0x74, 0x42, 0x79, 0x49, 0x64, 0x28, 0x27, 0x6E, 
  0x65, 0x74, 0x77, 0x6F, 0x72, 0x6B, 0x53, 0x65, 0x63, 0x75, 0x72, 0x69, 0x74, 0x79, 0x27, 0x29, 
  0x2E, 0x76, 0x61, 0x6C, 0x75, 0x65, 0x20, 0x3D, 0x20, 0x64, 0x61, 0x74, 0x61, 0x2E, 0x77, 0x69, 
  0x66, 0x69, 0x20, 0x26, 0x26, 0x20, 0x64, 0x61, 0x74, 0x61, 0x2E, 0x77, 0x69, 0x66, 0x69, 0x2E, 
  0x73, 0x65, 0x63, 0x75, 0x72, 0x69, 0x74, 0x79, 0x20, 0x3F, 0x20, 0x64, 0x61, 0x74, 0x61, 0x2E, 
  0x77, 0x69, 0x66, 0x69, 0x2E, 0x73, 0x65, 0x63, 0x75, 0x72, 0x69, 0x74, 0x79, 0x20, 0x3A, 0x20, 
  0x27, 0x4F, 0x50, 0x45, 0x4E, 0x27, 0x3B, 0x0A, 0x20, 0x20, 0x20, 0x20, 0x20, 0x20, 0x20, 0x20, 
  0x20, 0x20, 0x20, 0x20, 0x64, 0x6F, 0x63, 0x75, 0x6D, 0x65, 0x6E, 0x74, 0x2E, 0x67, 0x65, 0x74, 
  0x45, 0x6C, 0x65, 0x6D, 0x65, 0x6E, 0x74, 0x42, 0x79, 0x49, 0x64, 0x28, 0x27, 0x65, 0x6E, 0x74, 
  0x65, 0x72, 0x70, 0x72, 0x69, 0x73, 0x65, 0x49, 0x64, 0x65, 0x6E, 0x74, 0x69, 0x74, 0x79, 0x27, 
  0x29, 0x2E, 0x76, 0x61, 0x6C, 0x75, 0x65, 0x20, 0x3D, 0x20, 0x64, 0x61, 0x74, 0x61, 0x2E, 0x77, 
  0x69, 0x66, 0x69, 0x20, 0x26, 0x26, 0x20, 0x64, 0x61, 0x74, 0x61, 0x2E, 0x77, 0x69, 0x66, 0x69, 
  0x2E, 0x65, 0x6E, 0x74, 0x65, 0x72, 0x70, 0x72, 0x69, 0x73, 0x65, 0x5F, 0x69, 0x64, 0x65, 0x6E, 
  0x74, 0x69, 0x74, 0x79, 0x20, 0x3F, 0x20, 0x64, 0x61, 0x74, 0x61, 0x2E, 0x77, 0x69, 0x66, 0x69, 
  0x2E, 0x65, 0x6E, 0x74, 0x65, 0x72, 0x70, 0x72, 0x69, 0x73, 0x65, 0x5F, 0x69, 0x64, 0x65, 0x6E, 
  0x74, 0x69, 0x74, 0x79, 0x20, 0x3A, 0x20, 0x27, 0x27, 0x3B, 0x0A, 0x20, 0x20, 0x20, 0x20, 0x20, 
  0x20, 0x20, 0x20, 0x20, 0x20, 0x20, 0x20, 0x64, 0x6F, 0x63, 0x75, 0x6D, 0x65, 0x6E, 0x74, 0x2E, 
  0x67, 0x65, 0x74, 0x45, 0x6C, 0x65, 0x6D, 0x65, 0x6E, 0x74, 0x42, 0x79, 0x49, 0x64, 0x28, 0x27, 
  0x65, 0x6E, 0x74, 0x65, 0x72, 0x70, 0x72, 0x69, 0x73, 0x65, 0x55, 0x73, 0x65, 0x72, 0x6E, 0x61, 
  0x6D, 0x65, 0x27, 0x29, 0x2E, 0x76, 0x61, 0x6C, 0x75, 0x65, 0x20, 0x3D, 0x20, 0x64, 0x61, 0x74, 
  0x61, 0x2E, 0x77, 0x69, 0x66, 0x69, 0x20, 0x26, 0x26, 0x20, 0x64, 0x61, 0x74, 0x61, 0x2E, 0x77, 
  0x69, 0x66, 0x69, 0x2E, 0x65, 0x6E, 0x74, 0x65, 0x72, 0x70, 0x72, 0x69, 0x73, 0x65, 0x5F, 0x75, 
  0x73, 0x65, 0x72, 0x6E, 0x61, 0x6D, 0x65, 0x20, 0x3F, 0x20, 0x64, 0x61, 0x74, 0x61, 0x2E, 0x77, 
  0x69, 0x66, 0x69, 0x2E, 0x65, 0x6E, 0x74, 0x65, 0x72, 0x70, 0x72, 0x69, 0x73, 0x65, 0x5F, 0x75, 
  0x73, 0x65, 0x72, 0x6E, 0x61, 0x6D, 0x65, 0x20, 0x3A, 0x20, 0x27, 0x27, 0x3B, 0x0A, 0x20, 0x20, 
  0x20, 0x20, 0x20, 0x20, 0x20, 0x20, 0x20, 0x20, 0x20, 0x20, 0x64, 0x6F, 0x63, 0x75, 0x6D, 0x65, 
  0x6E, 0x74, 0x2E, 0x67, 0x65, 0x74, 0x45, 0x6C, 0x65, 0x6D, 0x65, 0x6E, 0x74, 0x42, 0x79, 0x49, 
  0x64, 0x28, 0x27, 0x65, 0x6E, 0x74, 0x65, 0x72, 0x70, 0x72, 0x69, 0x73, 0x65, 0x4D, 0x65, 0x74, 
  0x68, 0x6F, 0x64, 0x27, 0x29, 0x2E, 0x76, 0x61, 0x6C, 0x75, 0x65, 0x20, 0x3D, 0x20, 0x64, 0x61, 
  0x74, 0x61, 0x2E, 0x77, 0x69, 0x66, 0x69, 0x20, 0x26, 0x26, 0x20, 0x64, 0x61, 0x74, 0x61, 0x2E, 
  0x77, 0x69, 0x66, 0x69, 0x2E, 0x65, 0x6E, 0x74, 0x65, 0x72, 0x70, 0x72, 0x69, 0x73, 0x65, 0x5F, 
  0x6D, 0x65, 0x74, 0x68, 0x6F, 0x64, 0x20, 0x3F, 0x20, 0x64, 0x61, 0x74, 0x61, 0x2E, 0x77, 0x69, 
  0x66, 0x69, 0x2E, 0x65, 0x6E, 0x74, 0x65, 0x72, 0x70, 0x72, 0x69, 0x73, 0x65, 0x5F, 0x6D, 0x65, 
  0x74, 0x68, 0x6F, 0x64, 0x20, 0x3A, 0x20, 0x27, 0x50, 0x45, 0x41, 0x50, 0x27, 0x3B, 0x0A, 0x20, 
  0x20, 0x20, 0x20, 0x20, 0x20, 0x20, 0x20, 0x20, 0x20, 0x20, 0x20, 0x64, 0x6F, 0x63, 0x75, 0x6D, 
  0x65, 0x6E, 0x74, 0x2E, 0x67, 0x65, 0x74, 0x45, 0x6C, 0x65, 0x6D, 0x65, 0x6E, 0x74, 0x42, 0x79, 
  0x49, 0x64, 0x28, 0x27, 0x65, 0x6E, 0x74, 0x65, 0x72, 0x70, 0x72, 0x69, 0x73, 0x65, 0x54, 0x74, 
  0x6C, 0x73, 0x50, 0x68, 0x61, 0x73, 0x65, 0x32, 0x27, 0x29, 0x2E, 0x76, 0x61, 0x6C, 0x75, 0x65, 
  0x20, 0x3D, 0x20, 0x64, 0x61, 0x74, 0x61, 0x2E, 0x77, 0x69, 0x66, 0x69, 0x20, 0x26, 0x26, 0x20, 
  0x64, 0x61, 0x74, 0x61, 0x2E, 0x77, 0x69, 0x66, 0x69, 0x2E, 0x65, 0x6E, 0x74, 0x65, 0x72, 0x70, 
  0x72, 0x69, 0x73, 0x65, 0x5F, 0x74, 0x74, 0x6C, 0x73, 0x5F, 0x70, 0x68, 0x61, 0x73, 0x65, 0x32, 
  0x20, 0x3F, 0x20, 0x64, 0x61, 0x74, 0x61, 0x2E, 0x77, 0x69, 0x66, 0x69, 0x2E, 0x65, 0x6E, 0x74, 
  0x65, 0x72, 0x70, 0x72, 0x69, 0x73, 0x65, 0x5F, 0x74, 0x74, 0x6C, 0x73, 0x5F, 0x70, 0x68, 0x61, 
  0x73, 0x65, 0x32, 0x20, 0x3A, 0x20, 0x27, 0x4D, 0x53, 0x43, 0x48, 0x41, 0x50, 0x56, 0x32, 0x27, 
  0x3B, 0x0A, 0x20, 0x20, 0x20, 0x20, 0x20, 0x20, 0x20, 0x20, 0x20, 0x20, 0x20, 0x20, 0x64, 0x6F, 
  0x63, 0x75, 0x6D, 0x65, 0x6E, 0x74, 0x2E, 0x67, 0x65, 0x74, 0x45, 0x6C, 0x65, 0x6D, 0x65, 0x6E, 
  0x74, 0x42, 0x79, 0x49, 0x64, 0x28, 0x27, 0x6E, 0x65, 0x74, 0x77, 0x6F, 0x72, 0x6B, 0x53, 0x65, 
  0x63, 0x75, 0x72, 0x69, 0x74, 0x79, 0x27, 0x29, 0x2E, 0x64, 0x69, 0x73, 0x61, 0x62, 0x6C, 0x65, 
  0x64, 0x20, 0x3D, 0x20, 0x66, 0x61, 0x6C, 0x73, 0x65, 0x3B, 0x0A, 0x20, 0x20, 0x20, 0x20, 0x20, 
  0x20, 0x20, 0x20, 0x20, 0x20, 0x20, 0x20, 0x64, 0x6F, 0x63, 0x75, 0x6D, 0x65, 0x6E, 0x74, 0x2E, 
  0x67, 0x65, 0x74, 0x45, 0x6C, 0x65, 0x6D, 0x65, 0x6E, 0x74, 0x42, 0x79, 0x49, 0x64, 0x28, 0x27, 
  0x73, 0x65, 0x63, 0x75, 0x72, 0x69, 0x74, 0x79, 0x44, 0x65, 0x74, 0x65, 0x63, 0x74, 0x69, 0x6F, 
  0x6E, 0x48, 0x69, 0x6E, 0x74, 0x27, 0x29, 0x2E, 0x74, 0x65, 0x78, 0x74, 0x43, 0x6F, 0x6E, 0x74, 
  0x65, 0x6E, 0x74, 0x20, 0x3D, 0x20, 0x27, 0x53, 0x65, 0x6C, 0x65, 0x63, 0x69, 0x6F, 0x6E, 0x65, 
  0x20, 0x75, 0x6D, 0x61, 0x20, 0x72, 0x65, 0x64, 0x65, 0x20, 0x6E, 0x6F, 0x20, 0x73, 0x63, 0x61, 
  0x6E, 0x20, 0x70, 0x61, 0x72, 0x61, 0x20, 0x64, 0x65, 0x74, 0x65, 0x63, 0x74, 0x61, 0x72, 0x20, 
  0x61, 0x75, 0x74, 0x6F, 0x6D, 0x61, 0x74, 0x69, 0x63, 0x61, 0x6D, 0x65, 0x6E, 0x74, 0x65, 0x2E, 
  0x27, 0x3B, 0x0A, 0x20, 0x20, 0x20, 0x20, 0x20, 0x20, 0x20, 0x20, 0x20, 0x20, 0x20, 0x20, 0x75, 
  0x70, 0x64, 0x61, 0x74, 0x65, 0x4E, 0x65, 0x74, 0x77, 0x6F, 0x72, 0x6B, 0x53, 0x65, 0x63, 0x75, 
  0x72, 0x69, 0x74, 0x79, 0x46, 0x69, 0x65, 0x6C, 0x64, 0x73, 0x28, 0x29, 0x3B, 0x0A, 0x20, 0x20, 
  0x20, 0x20, 0x20, 0x20, 0x20, 0x20, 0x20, 0x20, 0x7D, 0x0A, 0x0A, 0x20, 0x20, 0x20, 0x20, 0x20, 
  0x20, 0x20, 0x20, 0x20, 0x20, 0x61, 0x73, 0x79, 0x6E, 0x63, 0x20, 0x66, 0x75, 0x6E, 0x63, 0x74, 
  0x69, 0x6F, 0x6E, 0x20, 0x73, 0x61, 0x76, 0x65, 0x43, 0x6F, 0x6E, 0x66, 0x69, 0x67, 0x28, 0x29, 
  0x20, 0x7B, 0x0A, 0x20, 0x20, 0x20, 0x20, 0x20, 0x20, 0x20, 0x20, 0x20, 0x20, 0x20, 0x20, 0x63, 
  0x6F, 0x6E, 0x73, 0x74, 0x20, 0x63, 0x75, 0x72, 0x72, 0x65, 0x6E, 0x74, 0x44, 0x65, 0x76, 0x69, 
  0x63, 0x65, 0x4E, 0x61, 0x6D, 0x65, 0x20, 0x3D, 0x20, 0x53, 0x74, 0x72, 0x69, 0x6E, 0x67, 0x28, 
  0x28, 0x73, 0x74, 0x61, 0x74, 0x65, 0x2E, 0x63, 0x6F, 0x6E, 0x66, 0x69, 0x67, 0x20, 0x26, 0x26, 
  0x20, 0x73, 0x74, 0x61, 0x74, 0x65, 0x2E, 0x63, 0x6F, 0x6E, 0x66, 0x69, 0x67, 0x2E, 0x6E, 0x6F, 
  0x6D, 0x65, 0x5F, 0x61, 0x70, 0x61, 0x72, 0x65, 0x6C, 0x68, 0x6F, 0x29, 0x20, 0x7C, 0x7C, 0x20, 
  0x27, 0x27, 0x29, 0x2E, 0x74, 0x72, 0x69, 0x6D, 0x28, 0x29, 0x3B, 0x0A, 0x20, 0x20, 0x20, 0x20, 
  0x20, 0x20, 0x20, 0x20, 0x20, 0x20, 0x20, 0x20, 0x63, 0x6F, 0x6E, 0x73, 0x74, 0x20, 0x6E, 0x65, 
  0x78, 0x74, 0x44, 0x65, 0x76, 0x69, 0x63, 0x65, 0x4E, 0x61, 0x6D, 0x65, 0x20, 0x3D, 0x20, 0x53, 
  0x74, 0x72, 0x69, 0x6E, 0x67, 0x28, 0x64, 0x6F, 0x63, 0x75, 0x6D, 0x65, 0x6E, 0x74, 0x2E, 0x67, 
  0x65, 0x74, 0x45, 0x6C, 0x65, 0x6D, 0x65, 0x6E, 0x74, 0x42, 0x79, 0x49, 0x64, 0x28, 0x27, 0x6E, 
  0x6F, 0x6D, 0x65, 0x41, 0x70, 0x61, 0x72, 0x65, 0x6C, 0x68, 0x6F, 0x27, 0x29, 0x2E, 0x76, 0x61, 
  0x6C, 0x75, 0x65, 0x2E, 0x74, 0x72, 0x69, 0x6D, 0x28, 0x29, 0x20, 0x7C, 0x7C, 0x20, 0x27, 0x27, 
  0x29, 0x3B, 0x0A, 0x20, 0x20, 0x20, 0x20, 0x20, 0x20, 0x20, 0x20, 0x20, 0x20, 0x20, 0x20, 0x63, 
  0x6F, 0x6E, 0x73, 0x74, 0x20, 0x6C, 0x65, 0x64, 0x41, 0x6C, 0x65, 0x72, 0x74, 0x61, 0x20, 0x3D, 
  0x20, 0x64, 0x6F, 0x63, 0x75, 0x6D, 0x65, 0x6E, 0x74, 0x2E, 0x67, 0x65, 0x74, 0x45, 0x6C, 0x65, 
  0x6D, 0x65, 0x6E, 0x74, 0x42, 0x79, 0x49, 0x64, 0x28, 0x27, 0x6C, 0x65, 0x64, 0x41, 0x6C, 0x65, 
  0x72, 0x74, 0x61, 0x27, 0x29, 0x3B, 0x0A, 0x20, 0x20, 0x20, 0x20, 0x20, 0x20, 0x20, 0x20, 0x20, 
  0x20, 0x20, 0x20, 0x63, 0x6F, 0x6E, 0x73, 0x74, 0x20, 0x62, 0x75, 0x7A, 0x7A, 0x65, 0x72, 0x20, 
  0x3D, 0x20, 0x64, 0x6F, 0x63, 0x75, 0x6D, 0x65, 0x6E, 0x74, 0x2E, 0x67, 0x65, 0x74, 0x45, 0x6C, 
  0x65, 0x6D, 0x65, 0x6E, 0x74, 0x42, 0x79, 0x49, 0x64, 0x28, 0x27, 0x62, 0x75, 0x7A, 0x7A, 0x65, 
  0x72, 0x27, 0x29, 0x3B, 0x0A, 0x20, 0x20, 0x20, 0x20, 0x20, 0x20, 0x20, 0x20, 0x20, 0x20, 0x20, 
  0x20, 0x63, 0x6F, 0x6E, 0x73, 0x74, 0x20, 0x70, 0x61, 0x79, 0x6C, 0x6F, 0x61, 0x64, 0x20, 0x3D, 
  0x20, 0x7B, 0x0A, 0x20, 0x20, 0x20, 0x20, 0x20, 0x20, 0x20, 0x20, 0x20, 0x20, 0x20, 0x20, 0x20, 
  0x20, 0x6E, 0x6F, 0x6D, 0x65, 0x5F, 0x61, 0x70, 0x61, 0x72, 0x65, 0x6C, 0x68, 0x6F, 0x3A, 0x20, 
  0x6E, 0x65, 0x78, 0x74, 0x44, 0x65, 0x76, 0x69, 0x63, 0x65, 0x4E, 0x61, 0x6D, 0x65, 0x2C, 0x0A, 
  0x20, 0x20, 0x20, 0x20, 0x20, 0x20, 0x20, 0x20, 0x20, 0x20, 0x20, 0x20, 0x20, 0x20, 0x74, 0x65, 
  0x6D, 0x70, 0x65, 0x72, 0x61, 0x74, 0x75, 0x72, 0x61, 0x5F, 0x6D, 0x69, 0x6E, 0x69, 0x6D, 0x61, 
  0x3A, 0x20, 0x4E, 0x75, 0x6D, 0x62, 0x65, 0x72, 0x28, 0x64, 0x6F, 0x63, 0x75, 0x6D, 0x65, 0x6E, 
  0x74, 0x2E, 0x67, 0x65, 0x74, 0x45, 0x6C, 0x65, 0x6D, 0x65, 0x6E, 0x74, 0x42, 0x79, 0x49, 0x64, 
  0x28, 0x27, 0x74, 0x65, 0x6D, 0x70, 0x4D, 0x69, 0x6E, 0x27, 0x29, 0x2E, 0x76, 0x61, 0x6C, 0x75, 
  0x65, 0x29, 0x2C, 0x0A, 0x20, 0x20, 0x20, 0x20, 0x20, 0x20, 0x20, 0x20, 0x20, 0x20, 0x20, 0x20, 
  0x20, 0x20, 0x74, 0x65, 0x6D, 0x70, 0x65, 0x72, 0x61, 0x74, 0x75, 0x72, 0x61, 0x5F, 0x6D, 0x61, 
  0x78, 0x69, 0x6D, 0x61, 0x3A, 0x20, 0x4E, 0x75, 0x6D, 0x62, 0x65, 0x72, 0x28, 0x64, 0x6F, 0x63, 
  0x75, 0x6D, 0x65, 0x6E, 0x74, 0x2E, 0x67, 0x65, 0x74, 0x45, 0x6C, 0x65, 0x6D, 0x65, 0x6E, 0x74, 
  0x42, 0x79, 0x49, 0x64, 0x28, 0x27, 0x74, 0x65, 0x6D, 0x70, 0x4D, 0x61, 0x78, 0x27, 0x29, 0x2E, 
  0x76, 0x61, 0x6C, 0x75, 0x65, 0x29, 0x2C, 0x0A, 0x20, 0x20, 0x20, 0x20, 0x20, 0x20, 0x20, 0x20, 
  0x20, 0x20, 0x20, 0x20, 0x20, 0x20, 0x75, 0x6D, 0x69, 0x64, 0x61, 0x64, 0x65, 0x5F, 0x6D, 0x69, 
  0x6E, 0x69, 0x6D, 0x61, 0x3A, 0x20, 0x4E, 0x75, 0x6D, 0x62, 0x65, 0x72, 0x28, 0x64, 0x6F, 0x63, 
  0x75, 0x6D, 0x65, 0x6E, 0x74, 0x2E, 0x67, 0x65, 0x74, 0x45, 0x6C, 0x65, 0x6D, 0x65, 0x6E, 0x74, 
  0x42, 0x79, 0x49, 0x64, 0x28, 0x27, 0x75, 0x6D, 0x69, 0x64, 0x4D, 0x69, 0x6E, 0x27, 0x29, 0x2E, 
  0x76, 0x61, 0x6C, 0x75, 0x65, 0x29, 0x2C, 0x0A, 0x20, 0x20, 0x20, 0x20, 0x20, 0x20, 0x20, 0x20, 
  0x20, 0x20, 0x20, 0x20, 0x20, 0x20, 0x75, 0x6D, 0x69, 0x64, 0x61, 0x64, 0x65, 0x5F, 0x6D, 0x61, 
  0x78, 0x69, 0x6D, 0x61, 0x3A, 0x20, 0x4E, 0x75, 0x6D, 0x62, 0x65, 0x72, 0x28, 0x64, 0x6F, 0x63, 
  0x75, 0x6D, 0x65, 0x6E, 0x74, 0x2E, 0x67, 0x65, 0x74, 0x45, 0x6C, 0x65, 0x6D, 0x65, 0x6E, 0x74, 
  0x42, 0x79, 0x49, 0x64, 0x28, 0x27, 0x75, 0x6D, 0x69, 0x64, 0x4D, 0x61, 0x78, 0x27, 0x29, 0x2E, 
  0x76, 0x61, 0x6C, 0x75, 0x65, 0x29, 0x2C, 0x0A, 0x20, 0x20, 0x20, 0x20, 0x20, 0x20, 0x20, 0x20, 
  0x20, 0x20, 0x20, 0x20, 0x20, 0x20, 0x67, 0x61, 0x73, 0x5F, 0x61, 0x64, 0x63, 0x5F, 0x63, 0x72, 
  0x69, 0x74, 0x69, 0x63, 0x6F, 0x3A, 0x20, 0x4E, 0x75, 0x6D, 0x62, 0x65, 0x72, 0x28, 0x64, 0x6F, 
  0x63, 0x75, 0x6D, 0x65, 0x6E, 0x74, 0x2E, 0x67, 0x65, 0x74, 0x45, 0x6C, 0x65, 0x6D, 0x65, 0x6E, 
  0x74, 0x42, 0x79, 0x49, 0x64, 0x28, 0x27, 0x67, 0x61, 0x73, 0x43, 0x72, 0x69, 0x74, 0x69, 0x63, 
  0x6F, 0x27, 0x29, 0x2E, 0x76, 0x61, 0x6C, 0x75, 0x65, 0x29, 0x2C, 0x0A, 0x20, 0x20, 0x20, 0x20, 
  0x20, 0x20, 0x20, 0x20, 0x20, 0x20, 0x20, 0x20, 0x20, 0x20, 0x61, 0x6C, 0x61, 0x72, 0x6D, 0x65, 
  0x5F, 0x74, 0x65, 0x6D, 0x70, 0x65, 0x72, 0x61, 0x74, 0x75, 0x72, 0x61, 0x3A, 0x20, 0x64, 0x6F, 
  0x63, 0x75, 0x6D, 0x65, 0x6E, 0x74, 0x2E, 0x67, 0x65, 0x74, 0x45, 0x6C, 0x65, 0x6D, 0x65, 0x6E, 
  0x74, 0x42, 0x79, 0x49, 0x64, 0x28, 0x27, 0x61, 0x6C, 0x61, 0x72, 0x6D, 0x65, 0x54, 0x65, 0x6D, 
  0x70, 0x27, 0x29, 0x2E, 0x63, 0x68, 0x65, 0x63, 0x6B, 0x65, 0x64, 0x2C, 0x0A, 0x20, 0x20, 0x20, 
  0x20, 0x20, 0x20, 0x20, 0x20, 0x20, 0x20, 0x20, 0x20, 0x20, 0x20, 0x61, 0x6C, 0x61, 0x72, 0x6D, 
  0x65, 0x5F, 0x75, 0x6D, 0x69, 0x64, 0x61, 0x64, 0x65, 0x3A, 0x20, 0x64, 0x6F, 0x63, 0x75, 0x6D, 
  0x65, 0x6E, 0x74, 0x2E, 0x67, 0x65, 0x74, 0x45, 0x6C, 0x65, 0x6D, 0x65, 0x6E, 0x74, 0x42, 0x79, 
  0x49, 0x64, 0x28, 0x27, 0x61, 0x6C, 0x61, 0x72, 0x6D, 0x65, 0x55, 0x6D, 0x69, 0x64, 0x27, 0x29, 
  0x2E, 0x63, 0x68, 0x65, 0x63, 0x6B, 0x65, 0x64, 0x2C, 0x0A, 0x20, 0x20, 0x20, 0x20, 0x20, 0x20, 
  0x20, 0x20, 0x20, 0x20, 0x20, 0x20, 0x20, 0x20, 0x61, 0x6C, 0x61, 0x72, 0x6D, 0x65, 0x5F, 0x67, 
  0x61, 0x73, 0x3A, 0x20, 0x64, 0x6F, 0x63, 0x75, 0x6D, 0x65, 0x6E, 0x74, 0x2E, 0x67, 0x65, 0x74, 
  0x45, 0x6C, 0x65, 0x6D, 0x65, 0x6E, 0x74, 0x42, 0x79, 0x49, 0x64, 0x28, 0x27, 0x61, 0x6C, 0x61, 
  0x72, 0x6D, 0x65, 0x47, 0x61, 0x73, 0x27, 0x29, 0x2E, 0x63, 0x68, 0x65, 0x63, 0x6B, 0x65, 0x64, 
  0x2C, 0x0A, 0x20, 0x20, 0x20, 0x20, 0x20, 0x20, 0x20, 0x20, 0x20, 0x20, 0x20, 0x20, 0x20, 0x20, 
  0x6C, 0x65, 0x64, 0x5F, 0x61, 0x6C, 0x65, 0x72, 0x74, 0x61, 0x3A, 0x20, 0x6C, 0x65, 0x64, 0x41, 
  0x6C, 0x65, 0x72, 0x74, 0x61, 0x20, 0x3F, 0x20, 0x6C, 0x65, 0x64, 0x41, 0x6C, 0x65, 0x72, 0x74, 
  0x61, 0x2E, 0x63, 0x68, 0x65, 0x63, 0x6B, 0x65, 0x64, 0x20, 0x3A, 0x20, 0x21, 0x21, 0x28, 0x73, 
  0x74, 0x61, 0x74, 0x65, 0x2E, 0x63, 0x6F, 0x6E, 0x66, 0x69, 0x67, 0x20, 0x26, 0x26, 0x20, 0x73, 
  0x74, 0x61, 0x74, 0x65, 0x2E, 0x63, 0x6F, 0x6E, 0x66, 0x69, 0x67, 0x2E, 0x6C, 0x65, 0x64, 0x5F, 
  0x61, 0x6C, 0x65, 0x72, 0x74, 0x61, 0x29, 0x2C, 0x0A, 0x20, 0x20, 0x20, 0x20, 0x20, 0x20, 0x20, 
  0x20, 0x20, 0x20, 0x20, 0x20, 0x20, 0x20, 0x62, 0x75, 0x7A, 0x7A, 0x65, 0x72, 0x3A, 0x20, 0x62, 
  0x75, 0x7A, 0x7A, 0x65, 0x72, 0x20, 0x3F, 0x20, 0x62, 0x75, 0x7A, 0x7A, 0x65, 0x72, 0x2E, 0x63, 
  0x68, 0x65, 0x63, 0x6B, 0x65, 0x64, 0x20, 0x3A, 0x20, 0x21, 0x21, 0x28, 0x73, 0x74, 0x61, 0x74, 
  0x65, 0x2E, 0x63, 0x6F, 0x6E, 0x66, 0x69, 0x67, 0x20, 0x26, 0x26, 0x20, 0x73, 0x74, 0x61, 0x74, 
  0x65, 0x2E, 0x63, 0x6F, 0x6E, 0x66, 0x69, 0x67, 0x2E, 0x62, 0x75, 0x7A, 0x7A, 0x65, 0x72, 0x29, 
  0x2C, 0x0A, 0x20, 0x20, 0x20, 0x20, 0x20, 0x20, 0x20, 0x20, 0x20, 0x20, 0x20, 0x20, 0x20, 0x20, 
  0x69, 0x6E, 0x74, 0x65, 0x72, 0x76, 0x61, 0x6C, 0x6F, 0x5F, 0x6C, 0x65, 0x69, 0x74, 0x75, 0x72, 
  0x61, 0x3A, 0x20, 0x4E, 0x75, 0x6D, 0x62, 0x65, 0x72, 0x28, 0x64, 0x6F, 0x63, 0x75, 0x6D, 0x65, 
  0x6E, 0x74, 0x2E, 0x67, 0x65, 0x74, 0x45, 0x6C, 0x65, 0x6D, 0x65, 0x6E, 0x74, 0x42, 0x79, 0x49, 
  0x64, 0x28, 0x27, 0x69, 0x6E, 0x74, 0x65, 0x72, 0x76, 0x61, 0x6C, 0x6F, 0x4C, 0x65, 0x69, 0x74, 
  0x75, 0x72, 0x61, 0x27, 0x29, 0x2E, 0x76, 0x61, 0x6C, 0x75, 0x65, 0x29, 0x2C, 0x0A, 0x20, 0x20, 
  0x20, 0x20, 0x20, 0x20, 0x20, 0x20, 0x20, 0x20, 0x20, 0x20, 0x20, 0x20, 0x75, 0x73, 0x75, 0x61, 
  0x72, 0x69, 0x6F, 0x5F, 0x70, 0x6F, 0x64, 0x65, 0x5F, 0x76, 0x65, 0x72, 0x5F, 0x74, 0x65, 0x6D, 
  0x70, 0x65, 0x72, 0x61, 0x74, 0x75, 0x72, 0x61, 0x3A, 0x20, 0x64, 0x6F, 0x63, 0x75, 0x6D, 0x65, 
  0x6E, 0x74, 0x2E, 0x67, 0x65, 0x74, 0x45, 0x6C, 0x65, 0x6D, 0x65, 0x6E, 0x74, 0x42, 0x79, 0x49, 
  0x64, 0x28, 0x27, 0x70, 0x65, 0x72, 0x6D, 0x56, 0x65, 0x54, 0x65, 0x6D, 0x70, 0x27, 0x29, 0x2E, 
  0x63, 0x68, 0x65, 0x63, 0x6B, 0x65, 0x64, 0x2C, 0x0A, 0x20, 0x20, 0x20, 0x20, 0x20, 0x20, 0x20, 
  0x20, 0x20, 0x20, 0x20, 0x20, 0x20, 0x20, 0x75, 0x73, 0x75, 0x61, 0x72, 0x69, 0x6F, 0x5F, 0x70, 
  0x6F, 0x64, 0x65, 0x5F, 0x76, 0x65, 0x72, 0x5F, 0x75, 0x6D, 0x69, 0x64, 0x61, 0x64, 0x65, 0x3A, 
  0x20, 0x64, 0x6F, 0x63, 0x75, 0x6D, 0x65, 0x6E, 0x74, 0x2E, 0x67, 0x65, 0x74, 0x45, 0x6C, 0x65, 
  0x6D, 0x65, 0x6E, 0x74, 0x42, 0x79, 0x49, 0x64, 0x28, 0x27, 0x70, 0x65, 0x72, 0x6D, 0x56, 0x65, 
  0x55, 0x6D, 0x69, 0x64, 0x27, 0x29, 0x2E, 0x63, 0x68, 0x65, 0x63, 0x6B, 0x65, 0x64, 0x2C, 0x0A, 
  0x20, 0x20, 0x20, 0x20, 0x20, 0x20, 0x20, 0x20, 0x20, 0x20, 0x20, 0x20, 0x20, 0x20, 0x75, 0x73, 
  0x75, 0x61, 0x72, 0x69, 0x6F, 0x5F, 0x70, 0x6F, 0x64, 0x65, 0x5F, 0x76, 0x65, 0x72, 0x5F, 0x67, 
  0x61, 0x73, 0x3A, 0x20, 0x64, 0x6F, 0x63, 0x75, 0x6D, 0x65, 0x6E, 0x74, 0x2E, 0x67, 0x65, 0x74, 
  0x45, 0x6C, 0x65, 0x6D, 0x65, 0x6E, 0x74, 0x42, 0x79, 0x49, 0x64, 0x28, 0x27, 0x70, 0x65, 0x72, 
  0x6D, 0x56, 0x65, 0x47, 0x61, 0x73, 0x27, 0x29, 0x2E, 0x63, 0x68, 0x65, 0x63, 0x6B, 0x65, 0x64, 
  0x2C, 0x0A, 0x20, 0x20, 0x20, 0x20, 0x20, 0x20, 0x20, 0x20, 0x20, 0x20, 0x20, 0x20, 0x20, 0x20, 
  0x75, 0x73, 0x75, 0x61, 0x72, 0x69, 0x6F, 0x5F, 0x70, 0x6F, 0x64, 0x65, 0x5F, 0x76, 0x65, 0x72, 
  0x5F, 0x77, 0x69, 0x66, 0x69, 0x3A, 0x20, 0x64, 0x6F, 0x63, 0x75, 0x6D, 0x65, 0x6E, 0x74, 0x2E, 
  0x67, 0x65, 0x74, 0x45, 0x6C, 0x65, 0x6D, 0x65, 0x6E, 0x74, 0x42, 0x79, 0x49, 0x64, 0x28, 0x27, 
  0x70, 0x65, 0x72, 0x6D, 0x56, 0x65, 0x57, 0x69, 0x66, 0x69, 0x27, 0x29, 0x2E, 0x63, 0x68, 0x65, 
  0x63, 0x6B, 0x65, 0x64, 0x2C, 0x0A, 0x20, 0x20, 0x20, 0x20, 0x20, 0x20, 0x20, 0x20, 0x20, 0x20, 
  0x20, 0x20, 0x20, 0x20, 0x75, 0x73, 0x75, 0x61, 0x72, 0x69, 0x6F, 0x5F, 0x70, 0x6F, 0x64, 0x65, 
  0x5F, 0x76, 0x65, 0x72, 0x5F, 0x72, 0x65, 0x64, 0x65, 0x3A, 0x20, 0x64, 0x6F, 0x63, 0x75, 0x6D, 
  0x65, 0x6E, 0x74, 0x2E, 0x67, 0x65, 0x74, 0x45, 0x6C, 0x65, 0x6D, 0x65, 0x6E, 0x74, 0x42, 0x79, 
  0x49, 0x64, 0x28, 0x27, 0x70, 0x65, 0x72, 0x6D, 0x56, 0x65, 0x52, 0x65, 0x64, 0x65, 0x27, 0x29, 
  0x2E, 0x63, 0x68, 0x65, 0x63, 0x6B, 0x65, 0x64, 0x2C, 0x0A, 0x20, 0x20, 0x20, 0x20, 0x20, 0x20, 
  0x20, 0x20, 0x20, 0x20, 0x20, 0x20, 0x20, 0x20, 0x75, 0x73, 0x75, 0x61, 0x72, 0x69, 0x6F, 0x5F, 
  0x70, 0x6F, 0x64, 0x65, 0x5F, 0x76, 0x65, 0x72, 0x5F, 0x6C, 0x6F, 0x67, 0x73, 0x3A, 0x20, 0x64, 
  0x6F, 0x63, 0x75, 0x6D, 0x65, 0x6E, 0x74, 0x2E, 0x67, 0x65, 0x74, 0x45, 0x6C, 0x65, 0x6D, 0x65, 
  0x6E, 0x74, 0x42, 0x79, 0x49, 0x64, 0x28, 0x27, 0x70, 0x65, 0x72, 0x6D, 0x56, 0x65, 0x4C, 0x6F, 
  0x67, 0x73, 0x27, 0x29, 0x2E, 0x63, 0x68, 0x65, 0x63, 0x6B, 0x65, 0x64, 0x2C, 0x0A, 0x20, 0x20, 
  0x20, 0x20, 0x20, 0x20, 0x20, 0x20, 0x20, 0x20, 0x20, 0x20, 0x20, 0x20, 0x75, 0x73, 0x75, 0x61, 
  0x72, 0x69, 0x6F, 0x5F, 0x70, 0x6F, 0x64, 0x65, 0x5F, 0x73, 0x69, 0x6C, 0x65, 0x6E, 0x63, 0x69, 
  0x61, 0x72, 0x5F, 0x61, 0x6C, 0x61, 0x72, 0x6D, 0x65, 0x3A, 0x20, 0x64, 0x6F, 0x63, 0x75, 0x6D, 
  0x65, 0x6E, 0x74, 0x2E, 0x67, 0x65, 0x74, 0x45, 0x6C, 0x65, 0x6D, 0x65, 0x6E, 0x74, 0x42, 0x79, 
  0x49, 0x64, 0x28, 0x27, 0x70, 0x65, 0x72, 0x6D, 0x53, 0x69, 0x6C, 0x65, 0x6E, 0x63, 0x69, 0x61, 
  0x72, 0x27, 0x29, 0x2E, 0x63, 0x68, 0x65, 0x63, 0x6B, 0x65, 0x64, 0x2C, 0x0A, 0x20, 0x20, 0x20, 
  0x20, 0x20, 0x20, 0x20, 0x20, 0x20, 0x20, 0x20, 0x20, 0x20, 0x20, 0x76, 0x69, 0x73, 0x69, 0x74, 
  0x61, 0x6E, 0x74, 0x65, 0x5F, 0x70, 0x6F, 0x64, 0x65, 0x5F, 0x76, 0x65, 0x72, 0x5F, 0x74, 0x65, 
  0x6D, 0x70, 0x65, 0x72, 0x61, 0x74, 0x75, 0x72, 0x61, 0x3A, 0x20, 0x64, 0x6F, 0x63, 0x75, 0x6D, 
  0x65, 0x6E, 0x74, 0x2E, 0x67, 0x65, 0x74, 0x45, 0x6C, 0x65, 0x6D, 0x65, 0x6E, 0x74, 0x42, 0x79, 
  0x49, 0x64, 0x28, 0x27, 0x76, 0x69, 0x73, 0x69, 0x74, 0x61, 0x6E, 0x74, 0x65, 0x56, 0x65, 0x54, 
  0x65, 0x6D, 0x70, 0x27, 0x29, 0x2E, 0x63, 0x68, 0x65, 0x63, 0x6B, 0x65, 0x64, 0x2C, 0x0A, 0x20, 
  0x20, 0x20, 0x20, 0x20, 0x20, 0x20, 0x20, 0x20, 0x20, 0x20, 0x20, 0x20, 0x20, 0x76, 0x69, 0x73, 
  0x69, 0x74, 0x61, 0x6E, 0x74, 0x65, 0x5F, 0x70, 0x6F, 0x64, 0x65, 0x5F, 0x76, 0x65, 0x72, 0x5F, 
  0x75, 0x6D, 0x69, 0x64, 0x61, 0x64, 0x65, 0x3A, 0x20, 0x64, 0x6F, 0x63, 0x75, 0x6D, 0x65, 0x6E, 
  0x74, 0x2E, 0x67, 0x65, 0x74, 0x45, 0x6C, 0x65, 0x6D, 0x65, 0x6E, 0x74, 0x42, 0x79, 0x49, 0x64, 
  0x28, 0x27, 0x76, 0x69, 0x73, 0x69, 0x74, 0x61, 0x6E, 0x74, 0x65, 0x56, 0x65, 0x55, 0x6D, 0x69, 
  0x64, 0x27, 0x29, 0x2E, 0x63, 0x68, 0x65, 0x63, 0x6B, 0x65, 0x64, 0x2C, 0x0A, 0x20, 0x20, 0x20, 
  0x20, 0x20, 0x20, 0x20, 0x20, 0x20, 0x20, 0x20, 0x20, 0x20, 0x20, 0x76, 0x69, 0x73, 0x69, 0x74, 
  0x61, 0x6E, 0x74, 0x65, 0x5F, 0x70, 0x6F, 0x64, 0x65, 0x5F, 0x76, 0x65, 0x72, 0x5F, 0x67, 0x61, 
  0x73, 0x3A, 0x20, 0x64, 0x6F, 0x63, 0x75, 0x6D, 0x65, 0x6E, 0x74, 0x2E, 0x67, 0x65, 0x74, 0x45, 
  0x6C, 0x65, 0x6D, 0x65, 0x6E, 0x74, 0x42, 0x79, 0x49, 0x64, 0x28, 0x27, 0x76, 0x69, 0x73, 0x69, 
  0x74, 0x61, 0x6E, 0x74, 0x65, 0x56, 0x65, 0x47, 0x61, 0x73, 0x27, 0x29, 0x2E, 0x63, 0x68, 0x65, 
  0x63, 0x6B, 0x65, 0x64, 0x2C, 0x0A, 0x20, 0x20, 0x20, 0x20, 0x20, 0x20, 0x20, 0x20, 0x20, 0x20, 
  0x20, 0x20, 0x20, 0x20, 0x76, 0x69, 0x73, 0x69, 0x74, 0x61, 0x6E, 0x74, 0x65, 0x5F, 0x70, 0x6F, 
  0x64, 0x65, 0x5F, 0x76, 0x65, 0x72, 0x5F, 0x77, 0x69, 0x66, 0x69, 0x3A, 0x20, 0x64, 0x6F, 0x63, 
  0x75, 0x6D, 0x65, 0x6E, 0x74, 0x2E, 0x67, 0x65, 0x74, 0x45, 0x6C, 0x65, 0x6D, 0x65, 0x6E, 0x74, 
  0x42, 0x79, 0x49, 0x64, 0x28, 0x27, 0x76, 0x69, 0x73, 0x69, 0x74, 0x61, 0x6E, 0x74, 0x65, 0x56, 
  0x65, 0x57, 0x69, 0x66, 0x69, 0x27, 0x29, 0x2E, 0x63, 0x68, 0x65, 0x63, 0x6B, 0x65, 0x64, 0x2C, 
  0x0A, 0x20, 0x20, 0x20, 0x20, 0x20, 0x20, 0x20, 0x20, 0x20, 0x20, 0x20, 0x20, 0x20, 0x20, 0x76, 
  0x69, 0x73, 0x69, 0x74, 0x61, 0x6E, 0x74, 0x65, 0x5F, 0x70, 0x6F, 0x64, 0x65, 0x5F, 0x76, 0x65, 
  0x72, 0x5F, 0x72, 0x65, 0x64, 0x65, 0x3A, 0x20, 0x64, 0x6F, 0x63, 0x75, 0x6D, 0x65, 0x6E, 0x74, 
  0x2E, 0x67, 0x65, 0x74, 0x45, 0x6C, 0x65, 0x6D, 0x65, 0x6E, 0x74, 0x42, 0x79, 0x49, 0x64, 0x28, 
  0x27, 0x76, 0x69, 0x73, 0x69, 0x74, 0x61, 0x6E, 0x74, 0x65, 0x56, 0x65, 0x52, 0x65, 0x64, 0x65, 
  0x27, 0x29, 0x2E, 0x63, 0x68, 0x65, 0x63, 0x6B, 0x65, 0x64, 0x2C, 0x0A, 0x20, 0x20, 0x20, 0x20, 
  0x20, 0x20, 0x20, 0x20, 0x20, 0x20, 0x20, 0x20, 0x20, 0x20, 0x76, 0x69, 0x73, 0x69, 0x74, 0x61, 
  0x6E, 0x74, 0x65, 0x5F, 0x70, 0x6F, 0x64, 0x65, 0x5F, 0x76, 0x65, 0x72, 0x5F, 0x6C, 0x6F, 0x67, 
  0x73, 0x3A, 0x20, 0x64, 0x6F, 0x63, 0x75, 0x6D, 0x65, 0x6E, 0x74, 0x2E, 0x67, 0x65, 0x74, 0x45, 
  0x6C, 0x65, 0x6D, 0x65, 0x6E, 0x74, 0x42, 0x79, 0x49, 0x64, 0x28, 0x27, 0x76, 0x69, 0x73, 0x69, 
  0x74, 0x61, 0x6E, 0x74, 0x65, 0x56, 0x65, 0x4C, 0x6F, 0x67, 0x73, 0x27, 0x29, 0x2E, 0x63, 0x68, 
  0x65, 0x63, 0x6B, 0x65, 0x64, 0x2C, 0x0A, 0x20, 0x20, 0x20, 0x20, 0x20, 0x20, 0x20, 0x20, 0x20, 
  0x20, 0x20, 0x20, 0x20, 0x20, 0x76, 0x69, 0x73, 0x69, 0x74, 0x61, 0x6E, 0x74, 0x65, 0x5F, 0x70, 
  0x6F, 0x64, 0x65, 0x5F, 0x73, 0x69, 0x6C, 0x65, 0x6E, 0x63, 0x69, 0x61, 0x72, 0x5F, 0x61, 0x6C, 
  0x61, 0x72, 0x6D, 0x65, 0x3A, 0x20, 0x64, 0x6F, 0x63, 0x75, 0x6D, 0x65, 0x6E, 0x74, 0x2E, 0x67, 
  0x65, 0x74, 0x45, 0x6C, 0x65, 0x6D, 0x65, 0x6E, 0x74, 0x42, 0x79, 0x49, 0x64, 0x28, 0x27, 0x76, 
  0x69, 0x73, 0x69, 0x74, 0x61, 0x6E, 0x74, 0x65, 0x53, 0x69, 0x6C, 0x65, 0x6E, 0x63, 0x69, 0x61, 
  0x72, 0x27, 0x29, 0x2E, 0x63, 0x68, 0x65, 0x63, 0x6B, 0x65, 0x64, 0x2C, 0x0A, 0x20, 0x20, 0x20, 
  0x20, 0x20, 0x20, 0x20, 0x20, 0x20, 0x20, 0x20, 0x20, 0x20, 0x20, 0x70, 0x65, 0x72, 0x6D, 0x69, 
  0x74, 0x69, 0x72, 0x5F, 0x76, 0x69, 0x73, 0x69, 0x74, 0x61, 0x6E, 0x74, 0x65, 0x3A, 0x20, 0x64, 
  0x6F, 0x63, 0x75, 0x6D, 0x65, 0x6E, 0x74, 0x2E, 0x67, 0x65, 0x74, 0x45, 0x6C, 0x65, 0x6D, 0x65, 
  0x6E, 0x74, 0x42, 0x79, 0x49, 0x64, 0x28, 0x27, 0x70, 0x65, 0x72, 0x6D, 0x56, 0x69, 0x73, 0x69, 
  0x74, 0x61, 0x6E, 0x74, 0x65, 0x27, 0x29, 0x2E, 0x63, 0x68, 0x65, 0x63, 0x6B, 0x65, 0x64, 0x2C, 
  0x0A, 0x20, 0x20, 0x20, 0x20, 0x20, 0x20, 0x20, 0x20, 0x20, 0x20, 0x20, 0x20, 0x20, 0x20, 0x64, 
  0x61, 0x74, 0x61, 0x5F, 0x68, 0x6F, 0x72, 0x61, 0x5F, 0x6D, 0x61, 0x6E, 0x75, 0x61, 0x6C, 0x3A, 
  0x20, 0x64, 0x6F, 0x63, 0x75, 0x6D, 0x65, 0x6E, 0x74, 0x2E, 0x67, 0x65, 0x74, 0x45, 0x6C, 0x65, 
  0x6D, 0x65, 0x6E, 0x74, 0x42, 0x79, 0x49, 0x64, 0x28, 0x27, 0x6D, 0x61, 0x6E, 0x75, 0x61, 0x6C, 
  0x44, 0x61, 0x74, 0x65, 0x54, 0x69, 0x6D, 0x65, 0x27, 0x29, 0x2E, 0x76, 0x61, 0x6C, 0x75, 0x65, 
  0x0A, 0x20, 0x20, 0x20, 0x20, 0x20, 0x20, 0x20, 0x20, 0x20, 0x20, 0x20, 0x20, 0x7D, 0x3B, 0x0A, 
  0x20, 0x20, 0x20, 0x20, 0x20, 0x20, 0x20, 0x20, 0x20, 0x20, 0x20, 0x20, 0x74, 0x72, 0x79, 0x20, 
  0x7B, 0x0A, 0x20, 0x20, 0x20, 0x20, 0x20, 0x20, 0x20, 0x20, 0x20, 0x20, 0x20, 0x20, 0x20, 0x20, 
  0x63, 0x6F, 0x6E, 0x73, 0x74, 0x20, 0x72, 0x65, 0x73, 0x75, 0x6C, 0x74, 0x20, 0x3D, 0x20, 0x61, 
  0x77, 0x61, 0x69, 0x74, 0x20, 0x72, 0x65, 0x71, 0x75, 0x65, 0x73, 0x74, 0x28, 0x27, 0x2F, 0x61, 
  0x70, 0x69, 0x2F, 0x63, 0x6F, 0x6E, 0x66, 0x69, 0x67, 0x27, 0x2C, 0x20, 0x7B, 0x20, 0x6D, 0x65, 
  0x74, 0x68, 0x6F, 0x64, 0x3A, 0x20, 0x27, 0x50, 0x4F, 0x53, 0x54, 0x27, 0x2C, 0x20, 0x68, 0x65, 
  0x61, 0x64, 0x65, 0x72, 0x73, 0x3A, 0x20, 0x7B, 0x20, 0x27, 0x43, 0x6F, 0x6E, 0x74, 0x65, 0x6E, 
  0x74, 0x2D, 0x54, 0x79, 0x70, 0x65, 0x27, 0x3A, 0x20, 0x27, 0x61, 0x70, 0x70, 0x6C, 0x69, 0x63, 
  0x61, 0x74, 0x69, 0x6F, 0x6E, 0x2F, 0x6A, 0x73, 0x6F, 0x6E, 0x27, 0x20, 0x7D, 0x2C, 0x20, 0x62, 
  0x6F, 0x64, 0x79, 0x3A, 0x20, 0x4A, 0x53, 0x4F, 0x4E, 0x2E, 0x73, 0x74, 0x72, 0x69, 0x6E, 0x67, 
  0x69, 0x66, 0x79, 0x28, 0x70, 0x61, 0x79, 0x6C, 0x6F, 0x61, 0x64, 0x29, 0x20, 0x7D, 0x29, 0x3B, 
  0x0A, 0x0A, 0x20, 0x20, 0x20, 0x20, 0x20, 0x20, 0x20, 0x20, 0x20, 0x20, 0x20, 0x20, 0x20, 0x20, 
  0x69, 0x66, 0x20, 0x28, 0x72, 0x65, 0x73, 0x75, 0x6C, 0x74, 0x2E, 0x72, 0x65, 0x73, 0x74, 0x61, 
  0x72, 0x74, 0x5F, 0x72, 0x65, 0x71, 0x75, 0x69, 0x72, 0x65, 0x64, 0x29, 0x20, 0x7B, 0x0A, 0x20, 
  0x20, 0x20, 0x20, 0x20, 0x20, 0x20, 0x20, 0x20, 0x20, 0x20, 0x20, 0x20, 0x20, 0x20, 0x20, 0x63, 
  0x6F, 0x6E, 0x73, 0x74, 0x20, 0x72, 0x65, 0x64, 0x69, 0x72, 0x65, 0x63, 0x74, 0x55, 0x72, 0x6C, 
  0x20, 0x3D, 0x20, 0x72, 0x65, 0x73, 0x75, 0x6C, 0x74, 0x2E, 0x72, 0x65, 0x64, 0x69, 0x72, 0x65, 
  0x63, 0x74, 0x5F, 0x75, 0x72, 0x6C, 0x20, 0x7C, 0x7C, 0x20, 0x62, 0x75, 0x69, 0x6C, 0x64, 0x44, 
  0x65, 0x76, 0x69, 0x63, 0x65, 0x52, 0x65, 0x64, 0x69, 0x72, 0x65, 0x63, 0x74, 0x55, 0x72, 0x6C, 
  0x28, 0x6E, 0x65, 0x78, 0x74, 0x44, 0x65, 0x76, 0x69, 0x63, 0x65, 0x4E, 0x61, 0x6D, 0x65, 0x29, 
  0x3B, 0x0A, 0x20, 0x20, 0x20, 0x20, 0x20, 0x20, 0x20, 0x20, 0x20, 0x20, 0x20, 0x20, 0x20, 0x20, 
  0x20, 0x20, 0x73, 0x68, 0x6F, 0x77, 0x4E, 0x65, 0x74, 0x77, 0x6F, 0x72, 0x6B, 0x52, 0x65, 0x73, 
  0x74, 0x61, 0x72, 0x74, 0x4F, 0x76, 0x65, 0x72, 0x6C, 0x61, 0x79, 0x28, 0x72, 0x65, 0x64, 0x69, 
  0x72, 0x65, 0x63, 0x74, 0x55, 0x72, 0x6C, 0x2C, 0x20, 0x60, 0x52, 0x65, 0x69, 0x6E, 0x69, 0x63, 
  0x69, 0x61, 0x6E, 0x64, 0x6F, 0x2C, 0x20, 0x76, 0x6F, 0x63, 0x5C, 0x75, 0x30, 0x30, 0x45, 0x41, 
  0x20, 0x73, 0x65, 0x72, 0x5C, 0x75, 0x30, 0x30, 0x45, 0x31, 0x20, 0x64, 0x69, 0x72, 0x65, 0x63, 
  0x69, 0x6F, 0x6E, 0x61, 0x64, 0x6F, 0x20, 0x61, 0x75, 0x74, 0x6F, 0x6D, 0x61, 0x74, 0x69, 0x63, 
  0x61, 0x6D, 0x65, 0x6E, 0x74, 0x65, 0x20, 0x70, 0x61, 0x72, 0x61, 0x20, 0x24, 0x7B, 0x72, 0x65, 
  0x64, 0x69, 0x72, 0x65, 0x63, 0x74, 0x55, 0x72, 0x6C, 0x2E, 0x72, 0x65, 0x70, 0x6C, 0x61, 0x63, 
  0x65, 0x28, 0x2F, 0x5E, 0x68, 0x74, 0x74, 0x70, 0x73, 0x3F, 0x3A, 0x5C, 0x2F, 0x5C, 0x2F, 0x2F, 
  0x69, 0x2C, 0x20, 0x27, 0x27, 0x29, 0x2E, 0x72, 0x65, 0x70, 0x6C, 0x61, 0x63, 0x65, 0x28, 0x2F, 
  0x5C, 0x2F, 0x24, 0x2F, 0x2C, 0x20, 0x27, 0x27, 0x29, 0x7D, 0x60, 0x29, 0x3B, 0x0A, 0x20, 0x20, 
  0x20, 0x20, 0x20, 0x20, 0x20, 0x20, 0x20, 0x20, 0x20, 0x20, 0x20, 0x20, 0x20, 0x20, 0x72, 0x65, 
  0x74, 0x75, 0x72, 0x6E, 0x3B, 0x0A, 0x20, 0x20, 0x20, 0x20, 0x20, 0x20, 0x20, 0x20, 0x20, 0x20, 
  0x20, 0x20, 0x20, 0x20, 0x7D, 0x0A, 0x0A, 0x20, 0x20, 0x20, 0x20, 0x20, 0x20, 0x20, 0x20, 0x20, 
  0x20, 0x20, 0x20, 0x20, 0x20, 0x61, 0x77, 0x61, 0x69, 0x74, 0x20, 0x6C, 0x6F, 0x61, 0x64, 0x43, 
  0x6F, 0x6E, 0x66, 0x69, 0x67, 0x28, 0x29, 0x3B, 0x0A, 0x20, 0x20, 0x20, 0x20, 0x20, 0x20, 0x20, 
  0x20, 0x20, 0x20, 0x20, 0x20, 0x20, 0x20, 0x61, 0x77, 0x61, 0x69, 0x74, 0x20, 0x6C, 0x6F, 0x61, 
  0x64, 0x53, 0x74, 0x61, 0x74, 0x75, 0x73, 0x28, 0x29, 0x3B, 0x0A, 0x20, 0x20, 0x20, 0x20, 0x20, 
  0x20, 0x20, 0x20, 0x20, 0x20, 0x20, 0x20, 0x20, 0x20, 0x72, 0x65, 0x6E, 0x64, 0x65, 0x72, 0x4F, 
  0x76, 0x65, 0x72, 0x76, 0x69, 0x65, 0x77, 0x28, 0x29, 0x3B, 0x0A, 0x20, 0x20, 0x20, 0x20, 0x20, 
  0x20, 0x20, 0x20, 0x20, 0x20, 0x20, 0x20, 0x20, 0x20, 0x72, 0x65, 0x6E, 0x64, 0x65, 0x72, 0x50, 
  0x65, 0x72, 0x6D, 0x69, 0x73, 0x73, 0x69, 0x6F, 0x6E, 0x73, 0x28, 0x29, 0x3B, 0x0A, 0x20, 0x20, 
  0x20, 0x20, 0x20, 0x20, 0x20, 0x20, 0x20, 0x20, 0x20, 0x20, 0x20, 0x20, 0x64, 0x6F, 0x63, 0x75, 
  0x6D, 0x65, 0x6E, 0x74, 0x2E, 0x67, 0x65, 0x74, 0x45, 0x6C, 0x65, 0x6D, 0x65, 0x6E, 0x74, 0x42, 
  0x79, 0x49, 0x64, 0x28, 0x27, 0x63, 0x6F, 0x6E, 0x66, 0x69, 0x67, 0x4D, 0x65, 0x73, 0x73, 0x61, 
  0x67, 0x65, 0x27, 0x29, 0x2E, 0x74, 0x65, 0x78, 0x74, 0x43, 0x6F, 0x6E, 0x74, 0x65, 0x6E, 0x74, 
  0x20, 0x3D, 0x20, 0x72, 0x65, 0x73, 0x75, 0x6C, 0x74, 0x2E, 0x6D, 0x65, 0x73, 0x73, 0x61, 0x67, 
  0x65, 0x20, 0x7C, 0x7C, 0x20, 0x27, 0x43, 0x6F, 0x6E, 0x66, 0x69, 0x67, 0x75, 0x72, 0x61, 0x5C, 
  0x75, 0x30, 0x30, 0x45, 0x37, 0x5C, 0x75, 0x30, 0x30, 0x46, 0x35, 0x65, 0x73, 0x20, 0x73, 0x61, 
  0x6C, 0x76, 0x61, 0x73, 0x2E, 0x27, 0x3B, 0x0A, 0x20, 0x20, 0x20, 0x20, 0x20, 0x20, 0x20, 0x20, 
  0x20, 0x20, 0x20, 0x20, 0x7D, 0x20, 0x63, 0x61, 0x74, 0x63, 0x68, 0x20, 0x28, 0x65, 0x72, 0x72, 
  0x6F, 0x72, 0x29, 0x20, 0x7B, 0x0A, 0x20, 0x20, 0x20, 0x20, 0x20, 0x20, 0x20, 0x20, 0x20, 0x20, 
  0x20, 0x20, 0x20, 0x20, 0x63, 0x6F, 0x6E, 0x73, 0x74, 0x20, 0x6D, 0x65, 0x73, 0x73, 0x61, 0x67, 
  0x65, 0x20, 0x3D, 0x20, 0x65, 0x72, 0x72, 0x6F, 0x72, 0x2E, 0x6D, 0x65, 0x73, 0x73, 0x61, 0x67, 
  0x65, 0x20, 0x7C, 0x7C, 0x20, 0x27, 0x4E, 0x5C, 0x75, 0x30, 0x30, 0x45, 0x33, 0x6F, 0x20, 0x66, 
  0x6F, 0x69, 0x20, 0x70, 0x6F, 0x73, 0x73, 0x5C, 0x75, 0x30, 0x30, 0x45, 0x44, 0x76, 0x65, 0x6C, 
  0x20, 0x73, 0x61, 0x6C, 0x76, 0x61, 0x72, 0x20, 0x61, 0x73, 0x20, 0x63, 0x6F, 0x6E, 0x66, 0x69, 
  0x67, 0x75, 0x72, 0x61, 0x5C, 0x75, 0x30, 0x30, 0x45, 0x37, 0x5C, 0x75, 0x30, 0x30, 0x46, 0x35, 
  0x65, 0x73, 0x2E, 0x27, 0x3B, 0x0A, 0x20, 0x20, 0x20, 0x20, 0x20, 0x20, 0x20, 0x20, 0x20, 0x20, 
  0x20, 0x20, 0x20, 0x20, 0x64, 0x6F, 0x63, 0x75, 0x6D, 0x65, 0x6E, 0x74, 0x2E, 0x67, 0x65, 0x74, 
  0x45, 0x6C, 0x65, 0x6D, 0x65, 0x6E, 0x74, 0x42, 0x79, 0x49, 0x64, 0x28, 0x27, 0x63, 0x6F, 0x6E, 
  0x66, 0x69, 0x67, 0x4D, 0x65, 0x73, 0x73, 0x61, 0x67, 0x65, 0x27, 0x29, 0x2E, 0x74, 0x65, 0x78, 
  0x74, 0x43, 0x6F, 0x6E, 0x74, 0x65, 0x6E, 0x74, 0x20, 0x3D, 0x20, 0x6D, 0x65, 0x73, 0x73, 0x61, 
  0x67, 0x65, 0x3B, 0x0A, 0x20, 0x20, 0x20, 0x20, 0x20, 0x20, 0x20, 0x20, 0x20, 0x20, 0x20, 0x20, 
  0x20, 0x20, 0x64, 0x6F, 0x63, 0x75, 0x6D, 0x65, 0x6E, 0x74, 0x2E, 0x67, 0x65, 0x74, 0x45, 0x6C, 
  0x65, 0x6D, 0x65, 0x6E, 0x74, 0x42, 0x79, 0x49, 0x64, 0x28, 0x27, 0x63, 0x6F, 0x6E, 0x66, 0x69, 
  0x67, 0x4D, 0x65, 0x73, 0x73, 0x61, 0x67, 0x65, 0x27, 0x29, 0x2E, 0x73, 0x74, 0x79, 0x6C, 0x65, 
  0x2E, 0x63, 0x6F, 0x6C, 0x6F, 0x72, 0x20, 0x3D, 0x20, 0x27, 0x76, 0x61, 0x72, 0x28, 0x2D, 0x2D, 
  0x72, 0x65, 0x64, 0x29, 0x27, 0x3B, 0x0A, 0x20, 0x20, 0x20, 0x20, 0x20, 0x20, 0x20, 0x20, 0x20, 
  0x20, 0x20, 0x20, 0x7D, 0x0A, 0x20, 0x20, 0x20, 0x20, 0x20, 0x20, 0x20, 0x20, 0x20, 0x20, 0x7D, 
  0x0A, 0x0A, 0x20, 0x20, 0x20, 0x20, 0x20, 0x20, 0x20, 0x20, 0x20, 0x20, 0x61, 0x73, 0x79, 0x6E, 
  0x63, 0x20, 0x66, 0x75, 0x6E, 0x63, 0x74, 0x69, 0x6F, 0x6E, 0x20, 0x73, 0x61, 0x76, 0x65, 0x56, 
  0x69, 0x73, 0x69, 0x74, 0x6F, 0x72, 0x41, 0x63, 0x63, 0x65, 0x73, 0x73, 0x28, 0x29, 0x20, 0x7B, 
  0x0A, 0x20, 0x20, 0x20, 0x20, 0x20, 0x20, 0x20, 0x20, 0x20, 0x20, 0x20, 0x20, 0x74, 0x72, 0x79, 
  0x20, 0x7B, 0x0A, 0x20, 0x20, 0x20, 0x20, 0x20, 0x20, 0x20, 0x20, 0x20, 0x20, 0x20, 0x20, 0x20, 
  0x20, 0x63, 0x6F, 0x6E, 0x73, 0x74, 0x20, 0x70, 0x65, 0x72, 0x6D, 0x69, 0x74, 0x69, 0x72, 0x56, 
  0x69, 0x73, 0x69, 0x74, 0x61, 0x6E, 0x74, 0x65, 0x20, 0x3D, 0x20, 0x64, 0x6F, 0x63, 0x75, 0x6D, 
  0x65, 0x6E, 0x74, 0x2E, 0x67, 0x65, 0x74, 0x45, 0x6C, 0x65, 0x6D, 0x65, 0x6E, 0x74, 0x42, 0x79, 
  0x49, 0x64, 0x28, 0x27, 0x70, 0x65, 0x72, 0x6D, 0x56, 0x69, 0x73, 0x69, 0x74, 0x61, 0x6E, 0x74, 
  0x65, 0x27, 0x29, 0x2E, 0x63, 0x68, 0x65, 0x63, 0x6B, 0x65, 0x64, 0x3B, 0x0A, 0x20, 0x20, 0x20, 
  0x20, 0x20, 0x20, 0x20, 0x20, 0x20, 0x20, 0x20, 0x20, 0x20, 0x20, 0x63, 0x6F, 0x6E, 0x73, 0x74, 
  0x20, 0x72, 0x65, 0x73, 0x75, 0x6C, 0x74, 0x20, 0x3D, 0x20, 0x61, 0x77, 0x61, 0x69, 0x74, 0x20, 
  0x72, 0x65, 0x71, 0x75, 0x65, 0x73, 0x74, 0x28, 0x27, 0x2F, 0x61, 0x70, 0x69, 0x2F, 0x76, 0x69, 
  0x73, 0x69, 0x74, 0x6F, 0x72, 0x2D, 0x61, 0x63, 0x63, 0x65, 0x73, 0x73, 0x27, 0x2C, 0x20, 0x7B, 
  0x0A, 0x20, 0x20, 0x20, 0x20, 0x20, 0x20, 0x20, 0x20, 0x20, 0x20, 0x20, 0x20, 0x20, 0x20, 0x20, 
  0x20, 0x6D, 0x65, 0x74, 0x68, 0x6F, 0x64, 0x3A, 0x20, 0x27, 0x50, 0x4F, 0x53, 0x54, 0x27, 0x2C, 
  0x0A, 0x20, 0x20, 0x20, 0x20, 0x20, 0x20, 0x20, 0x20, 0x20, 0x20, 0x20, 0x20, 0x20, 0x20, 0x20, 
  0x20, 0x68, 0x65, 0x61, 0x64, 0x65, 0x72, 0x73, 0x3A, 0x20, 0x7B, 0x20, 0x27, 0x43, 0x6F, 0x6E, 
  0x74, 0x65, 0x6E, 0x74, 0x2D, 0x54, 0x79, 0x70, 0x65, 0x27, 0x3A, 0x20, 0x27, 0x61, 0x70, 0x70, 
  0x6C, 0x69, 0x63, 0x61, 0x74, 0x69, 0x6F, 0x6E, 0x2F, 0x6A, 0x73, 0x6F, 0x6E, 0x27, 0x20, 0x7D, 
  0x2C, 0x0A, 0x20, 0x20, 0x20, 0x20, 0x20, 0x20, 0x20, 0x20, 0x20, 0x20, 0x20, 0x20, 0x20, 0x20, 
  0x20, 0x20, 0x62, 0x6F, 0x64, 0x79, 0x3A, 0x20, 0x4A, 0x53, 0x4F, 0x4E, 0x2E, 0x73, 0x74, 0x72, 
  0x69, 0x6E, 0x67, 0x69, 0x66, 0x79, 0x28, 0x7B, 0x20, 0x70, 0x65, 0x72, 0x6D, 0x69, 0x74, 0x69, 
  0x72, 0x5F, 0x76, 0x69, 0x73, 0x69, 0x74, 0x61, 0x6E, 0x74, 0x65, 0x3A, 0x20, 0x70, 0x65, 0x72, 
  0x6D, 0x69, 0x74, 0x69, 0x72, 0x56, 0x69, 0x73, 0x69, 0x74, 0x61, 0x6E, 0x74, 0x65, 0x20, 0x7D, 
  0x29, 0x0A, 0x20, 0x20, 0x20, 0x20, 0x20, 0x20, 0x20, 0x20, 0x20, 0x20, 0x20, 0x20, 0x20, 0x20, 
  0x7D, 0x29, 0x3B, 0x0A, 0x20, 0x20, 0x20, 0x20, 0x20, 0x20, 0x20, 0x20, 0x20, 0x20, 0x20, 0x20, 
  0x20, 0x20, 0x69, 0x66, 0x20, 0x28, 0x72, 0x65, 0x73, 0x75, 0x6C, 0x74, 0x2E, 0x70, 0x65, 0x72, 
  0x6D, 0x69, 0x74, 0x69, 0x72, 0x5F, 0x76, 0x69, 0x73, 0x69, 0x74, 0x61, 0x6E, 0x74, 0x65, 0x20, 
  0x21, 0x3D, 0x3D, 0x20, 0x70, 0x65, 0x72, 0x6D, 0x69, 0x74, 0x69, 0x72, 0x56, 0x69, 0x73, 0x69, 
  0x74, 0x61, 0x6E, 0x74, 0x65, 0x29, 0x20, 0x7B, 0x0A, 0x20, 0x20, 0x20, 0x20, 0x20, 0x20, 0x20, 
  0x20, 0x20, 0x20, 0x20, 0x20, 0x20, 0x20, 0x20, 0x20, 0x74, 0x68, 0x72, 0x6F, 0x77, 0x20, 0x6E, 
  0x65, 0x77, 0x20, 0x45, 0x72, 0x72, 0x6F, 0x72, 0x28, 0x27, 0x4F, 0x20, 0x64, 0x69, 0x73, 0x70, 
  0x6F, 0x73, 0x69, 0x74, 0x69, 0x76, 0x6F, 0x20, 0x6E, 0x5C, 0x75, 0x30, 0x30, 0x45, 0x33, 0x6F, 
  0x20, 0x63, 0x6F, 0x6E, 0x66, 0x69, 0x72, 0x6D, 0x6F, 0x75, 0x20, 0x61, 0x20, 0x63, 0x6F, 0x6E, 
  0x66, 0x69, 0x67, 0x75, 0x72, 0x61, 0x5C, 0x75, 0x30, 0x30, 0x45, 0x37, 0x5C, 0x75, 0x30, 0x30, 
  0x45, 0x33, 0x6F, 0x20, 0x73, 0x6F, 0x6C, 0x69, 0x63, 0x69, 0x74, 0x61, 0x64, 0x61, 0x2E, 0x27, 
  0x29, 0x3B, 0x0A, 0x20, 0x20, 0x20, 0x20, 0x20, 0x20, 0x20, 0x20, 0x20, 0x20, 0x20, 0x20, 0x20, 
  0x20, 0x7D, 0x0A, 0x20, 0x20, 0x20, 0x20, 0x20, 0x20, 0x20, 0x20, 0x20, 0x20, 0x20, 0x20, 0x20, 
  0x20, 0x61, 0x77, 0x61, 0x69, 0x74, 0x20, 0x6C, 0x6F, 0x61, 0x64, 0x43, 0x6F, 0x6E, 0x66, 0x69, 
  0x67, 0x28, 0x29, 0x3B, 0x0A, 0x20, 0x20, 0x20, 0x20, 0x20, 0x20, 0x20, 0x20, 0x20, 0x20, 0x20, 
  0x20, 0x20, 0x20, 0x72, 0x65, 0x6E, 0x64, 0x65, 0x72, 0x50, 0x65, 0x72, 0x6D, 0x69, 0x73, 0x73, 
  0x69, 0x6F, 0x6E, 0x73, 0x28, 0x66, 0x61, 0x6C, 0x73, 0x65, 0x29, 0x3B, 0x0A, 0x20, 0x20, 0x20, 
  0x20, 0x20, 0x20, 0x20, 0x20, 0x20, 0x20, 0x20, 0x20, 0x20, 0x20, 0x64, 0x6F, 0x63, 0x75, 0x6D, 
  0x65, 0x6E, 0x74, 0x2E, 0x67, 0x65, 0x74, 0x45, 0x6C, 0x65, 0x6D, 0x65, 0x6E, 0x74, 0x42, 0x79, 
  0x49, 0x64, 0x28, 0x27, 0x76, 0x69, 0x73, 0x69, 0x74, 0x6F, 0x72, 0x41, 0x63, 0x63, 0x65, 0x73, 
  0x73, 0x4D, 0x65, 0x73, 0x73, 0x61, 0x67, 0x65, 0x27, 0x29, 0x2E, 0x74, 0x65, 0x78, 0x74, 0x43, 
  0x6F, 0x6E, 0x74, 0x65, 0x6E, 0x74, 0x20, 0x3D, 0x20, 0x72, 0x65, 0x73, 0x75, 0x6C, 0x74, 0x2E, 
  0x6D, 0x65, 0x73, 0x73, 0x61, 0x67, 0x65, 0x3B, 0x0A, 0x20, 0x20, 0x20, 0x20, 0x20, 0x20, 0x20, 
  0x20, 0x20, 0x20, 0x20, 0x20, 0x7D, 0x20, 0x63, 0x61, 0x74, 0x63, 0x68, 0x20, 0x28, 0x65, 0x72, 
  0x72, 0x6F, 0x72, 0x29, 0x20, 0x7B, 0x0A, 0x20, 0x20, 0x20, 0x20, 0x20, 0x20, 0x20, 0x20, 0x20, 
  0x20, 0x20, 0x20, 0x20, 0x20, 0x64, 0x6F, 0x63, 0x75, 0x6D, 0x65, 0x6E, 0x74, 0x2E, 0x67, 0x65, 
  0x74, 0x45, 0x6C, 0x65, 0x6D, 0x65, 0x6E, 0x74, 0x42, 0x79, 0x49, 0x64, 0x28, 0x27, 0x76, 0x69, 
  0x73, 0x69, 0x74, 0x6F, 0x72, 0x41, 0x63, 0x63, 0x65, 0x73, 0x73, 0x4D, 0x65, 0x73, 0x73, 0x61, 
  0x67, 0x65, 0x27, 0x29, 0x2E, 0x74, 0x65, 0x78, 0x74, 0x43, 0x6F, 0x6E, 0x74, 0x65, 0x6E, 0x74, 
  0x20, 0x3D, 0x20, 0x65, 0x72, 0x72, 0x6F, 0x72, 0x2E, 0x6D, 0x65, 0x73, 0x73, 0x61, 0x67, 0x65, 
  0x20, 0x7C, 0x7C, 0x20, 0x27, 0x4E, 0x5C, 0x75, 0x30, 0x30, 0x45, 0x33, 0x6F, 0x20, 0x66, 0x6F, 
  0x69, 0x20, 0x70, 0x6F, 0x73, 0x73, 0x5C, 0x75, 0x30, 0x30, 0x45, 0x44, 0x76, 0x65, 0x6C, 0x20, 
  0x73, 0x61, 0x6C, 0x76, 0x61, 0x72, 0x20, 0x6F, 0x20, 0x61, 0x63, 0x65, 0x73, 0x73, 0x6F, 0x20, 
  0x76, 0x69, 0x73, 0x69, 0x74, 0x61, 0x6E, 0x74, 0x65, 0x2E, 0x27, 0x3B, 0x0A, 0x20, 0x20, 0x20, 
  0x20, 0x20, 0x20, 0x20, 0x20, 0x20, 0x20, 0x20, 0x20, 0x7D, 0x0A, 0x20, 0x20, 0x20, 0x20, 0x20, 
  0x20, 0x20, 0x20, 0x20, 0x20, 0x7D, 0x0A, 0x0A, 0x20, 0x20, 0x20, 0x20, 0x20, 0x20, 0x20, 0x20, 
  0x20, 0x20, 0x61, 0x73, 0x79, 0x6E, 0x63, 0x20, 0x66, 0x75, 0x6E, 0x63, 0x74, 0x69, 0x6F, 0x6E, 
  0x20, 0x6C, 0x6F, 0x61, 0x64, 0x55, 0x73, 0x65, 0x72, 0x73, 0x28, 0x29, 0x20, 0x7B, 0x0A, 0x20, 
  0x20, 0x20, 0x20, 0x20, 0x20, 0x20, 0x20, 0x20, 0x20, 0x20, 0x20, 0x69, 0x66, 0x20, 0x28, 0x73, 
  0x74, 0x61, 0x74, 0x65, 0x2E, 0x72, 0x6F, 0x6C, 0x65, 0x20, 0x21, 0x3D, 0x3D, 0x20, 0x27, 0x61, 
  0x64, 0x6D, 0x69, 0x6E, 0x27, 0x29, 0x20, 0x7B, 0x0A, 0x20, 0x20, 0x20, 0x20, 0x20, 0x20, 0x20, 
  0x20, 0x20, 0x20, 0x20, 0x20, 0x20, 0x20, 0x73, 0x74, 0x61, 0x74, 0x65, 0x2E, 0x75, 0x73, 0x65, 
  0x72, 0x73, 0x20, 0x3D, 0x20, 0x5B, 0x5D, 0x3B, 0x0A, 0x20, 0x20, 0x20, 0x20, 0x20, 0x20, 0x20, 
  0x20, 0x20, 0x20, 0x20, 0x20, 0x20, 0x20, 0x72, 0x65, 0x74, 0x75, 0x72, 0x6E, 0x3B, 0x0A, 0x20, 
  0x20, 0x20, 0x20, 0x20, 0x20, 0x20, 0x20, 0x20, 0x20, 0x20, 0x20, 0x7D, 0x0A, 0x20, 0x20, 0x20, 
  0x20, 0x20, 0x20, 0x20, 0x20, 0x20, 0x20, 0x20, 0x20, 0x63, 0x6F, 0x6E, 0x73, 0x74, 0x20, 0x64, 
  0x61, 0x74, 0x61, 0x20, 0x3D, 0x20, 0x61, 0x77, 0x61, 0x69, 0x74, 0x20, 0x72, 0x65, 0x71, 0x75, 
  0x65, 0x73, 0x74, 0x28, 0x27, 0x2F, 0x61, 0x70, 0x69, 0x2F, 0x75, 0x73, 0x65, 0x72, 0x73, 0x27, 
  0x29, 0x3B, 0x0A, 0x20, 0x20, 0x20, 0x20, 0x20, 0x20, 0x20, 0x20, 0x20, 0x20, 0x20, 0x20, 0x73, 
  0x74, 0x61, 0x74, 0x65, 0x2E, 0x75, 0x73, 0x65, 0x72, 0x73, 0x20, 0x3D, 0x20, 0x64, 0x61, 0x74, 
  0x61, 0x2E, 0x75, 0x73, 0x65, 0x72, 0x73, 0x20, 0x7C, 0x7C, 0x20, 0x5B, 0x5D, 0x3B, 0x0A, 0x20, 
  0x20, 0x20, 0x20, 0x20, 0x20, 0x20, 0x20, 0x20, 0x20, 0x7D, 0x0A, 0x0A, 0x20, 0x20, 0x20, 0x20, 
  0x20, 0x20, 0x20, 0x20, 0x20, 0x20, 0x61, 0x73, 0x79, 0x6E, 0x63, 0x20, 0x66, 0x75, 0x6E, 0x63, 
  0x74, 0x69, 0x6F, 0x6E, 0x20, 0x63, 0x72, 0x65, 0x61, 0x74, 0x65, 0x55, 0x73, 0x65, 0x72, 0x28, 
  0x29, 0x20, 0x7B, 0x0A, 0x20, 0x20, 0x20, 0x20, 0x20, 0x20, 0x20, 0x20, 0x20, 0x20, 0x20, 0x20, 
  0x63, 0x6F, 0x6E, 0x73, 0x74, 0x20, 0x75, 0x73, 0x65, 0x72, 0x6E, 0x61, 0x6D, 0x65, 0x20, 0x3D, 
  0x20, 0x64, 0x6F, 0x63, 0x75, 0x6D, 0x65, 0x6E, 0x74, 0x2E, 0x67, 0x65, 0x74, 0x45, 0x6C, 0x65, 
  0x6D, 0x65, 0x6E, 0x74, 0x42, 0x79, 0x49, 0x64, 0x28, 0x27, 0x6E, 0x65, 0x77, 0x55, 0x73, 0x65, 
  0x72, 0x4E, 0x61, 0x6D, 0x65, 0x27, 0x29, 0x2E, 0x76, 0x61, 0x6C, 0x75, 0x65, 0x2E, 0x74, 0x72, 
  0x69, 0x6D, 0x28, 0x29, 0x3B, 0x0A, 0x20, 0x20, 0x20, 0x20, 0x20, 0x20, 0x20, 0x20, 0x20, 0x20, 
  0x20, 0x20, 0x63, 0x6F, 0x6E, 0x73, 0x74, 0x20, 0x70, 0x61, 0x73, 0x73, 0x77, 0x6F, 0x72, 0x64, 
  0x20, 0x3D, 0x20, 0x64, 0x6F, 0x63, 0x75, 0x6D, 0x65, 0x6E, 0x74, 0x2E, 0x67, 0x65, 0x74, 0x45, 
  0x6C, 0x65, 0x6D, 0x65, 0x6E, 0x74, 0x42, 0x79, 0x49, 0x64, 0x28, 0x27, 0x6E, 0x65, 0x77, 0x55, 
  0x73, 0x65, 0x72, 0x50, 0x61, 0x73, 0x73, 0x77, 0x6F, 0x72, 0x64, 0x27, 0x29, 0x2E, 0x76, 0x61, 
  0x6C, 0x75, 0x65, 0x3B, 0x0A, 0x20, 0x20, 0x20, 0x20, 0x20, 0x20, 0x20, 0x20, 0x20, 0x20, 0x20, 
  0x20, 0x63, 0x6F, 0x6E, 0x73, 0x74, 0x20, 0x70, 0x61, 0x73, 0x73, 0x77, 0x6F, 0x72, 0x64, 0x43, 
  0x6F, 0x6E, 0x66, 0x69, 0x72, 0x6D, 0x20, 0x3D, 0x20, 0x64, 0x6F, 0x63, 0x75, 0x6D, 0x65, 0x6E, 
  0x74, 0x2E, 0x67, 0x65, 0x74, 0x45, 0x6C, 0x65, 0x6D, 0x65, 0x6E, 0x74, 0x42, 0x79, 0x49, 0x64, 
  0x28, 0x27, 0x6E, 0x65, 0x77, 0x55, 0x73, 0x65, 0x72, 0x50, 0x61, 0x73, 0x73, 0x77, 0x6F, 0x72, 
  0x64, 0x43, 0x6F, 0x6E, 0x66, 0x69, 0x72, 0x6D, 0x27, 0x29, 0x2E, 0x76, 0x61, 0x6C, 0x75, 0x65, 
  0x3B, 0x0A, 0x20, 0x20, 0x20, 0x20, 0x20, 0x20, 0x20, 0x20, 0x20, 0x20, 0x20, 0x20, 0x63, 0x6F, 
  0x6E, 0x73, 0x74, 0x20, 0x72, 0x6F, 0x6C, 0x65, 0x20, 0x3D, 0x20, 0x64, 0x6F, 0x63, 0x75, 0x6D, 
  0x65, 0x6E, 0x74, 0x2E, 0x67, 0x65, 0x74, 0x45, 0x6C, 0x65, 0x6D, 0x65, 0x6E, 0x74, 0x42, 0x79, 
  0x49, 0x64, 0x28, 0x27, 0x6E, 0x65, 0x77, 0x55, 0x73, 0x65, 0x72, 0x52, 0x6F, 0x6C, 0x65, 0x27, 
  0x29, 0x2E, 0x76, 0x61, 0x6C, 0x75, 0x65, 0x3B, 0x0A, 0x20, 0x20, 0x20, 0x20, 0x20, 0x20, 0x20, 
  0x20, 0x20, 0x20, 0x20, 0x20, 0x69, 0x66, 0x20, 0x28, 0x21, 0x75, 0x73, 0x65, 0x72, 0x6E, 0x61, 
  0x6D, 0x65, 0x20, 0x7C, 0x7C, 0x20, 0x21, 0x70, 0x61, 0x73, 0x73, 0x77, 0x6F, 0x72, 0x64, 0x29, 
  0x20, 0x7B, 0x0A, 0x20, 0x20, 0x20, 0x20, 0x20, 0x20, 0x20, 0x20, 0x20, 0x20, 0x20, 0x20, 0x20, 
  0x20, 0x73, 0x68, 0x6F, 0x77, 0x4D, 0x65, 0x73, 0x73, 0x61, 0x67, 0x65, 0x28, 0x27, 0x49, 0x6E, 
  0x66, 0x6F, 0x72, 0x6D, 0x65, 0x20, 0x75, 0x73, 0x75, 0x5C, 0x75, 0x30, 0x30, 0x45, 0x31, 0x72, 
  0x69, 0x6F, 0x20, 0x65, 0x20, 0x73, 0x65, 0x6E, 0x68, 0x61, 0x2E, 0x27, 0x29, 0x3B, 0x0A, 0x20, 
  0x20, 0x20, 0x20, 0x20, 0x20, 0x20, 0x20, 0x20, 0x20, 0x20, 0x20, 0x20, 0x20, 0x72, 0x65, 0x74, 
  0x75, 0x72, 0x6E, 0x3B, 0x0A, 0x20, 0x20, 0x20, 0x20, 0x20, 0x20, 0x20, 0x20, 0x20, 0x20, 0x20, 
  0x20, 0x7D, 0x0A, 0x20, 0x20, 0x20, 0x20, 0x20, 0x20, 0x20, 0x20, 0x20, 0x20, 0x20, 0x20, 0x69, 
  0x66, 0x20, 0x28, 0x70, 0x61, 0x73, 0x73, 0x77, 0x6F, 0x72, 0x64, 0x20, 0x21, 0x3D, 0x3D, 0x20, 
  0x70, 0x61, 0x73, 0x73, 0x77, 0x6F, 0x72, 0x64, 0x43, 0x6F, 0x6E, 0x66, 0x69, 0x72, 0x6D, 0x29, 
  0x20, 0x7B, 0x0A, 0x20, 0x20, 0x20, 0x20, 0x20, 0x20, 0x20, 0x20, 0x20, 0x20, 0x20, 0x20, 0x20, 
  0x20, 0x73, 0x68, 0x6F, 0x77, 0x4D, 0x65, 0x73, 0x73, 0x61, 0x67, 0x65, 0x28, 0x27, 0x41, 0x73, 
  0x20, 0x73, 0x65, 0x6E, 0x68, 0x61, 0x73, 0x20, 0x6E, 0x5C, 0x75, 0x30, 0x30, 0x45, 0x33, 0x6F, 
  0x20, 0x63, 0x6F, 0x6E, 0x66, 0x65, 0x72, 0x65, 0x6D, 0x2E, 0x27, 0x29, 0x3B, 0x0A, 0x20, 0x20, 
  0x20, 0x20, 0x20, 0x20, 0x20, 0x20, 0x20, 0x20, 0x20, 0x20, 0x20, 0x20, 0x72, 0x65, 0x74, 0x75, 
  0x72, 0x6E, 0x3B, 0x0A, 0x20, 0x20, 0x20, 0x20, 0x20, 0x20, 0x20, 0x20, 0x20, 0x20, 0x20, 0x20, 
  0x7D, 0x0A, 0x20, 0x20, 0x20, 0x20, 0x20, 0x20, 0x20, 0x20, 0x20, 0x20, 0x20, 0x20, 0x61, 0x77, 
  0x61, 0x69, 0x74, 0x20, 0x72, 0x65, 0x71, 0x75, 0x65, 0x73, 0x74, 0x28, 0x27, 0x2F, 0x61, 0x70, 
  0x69, 0x2F, 0x75, 0x73, 0x65, 0x72, 0x73, 0x27, 0x2C, 0x20, 0x7B, 0x0A, 0x20, 0x20, 0x20, 0x20, 
  0x20, 0x20, 0x20, 0x20, 0x20, 0x20, 0x20, 0x20, 0x20, 0x20, 0x6D, 0x65, 0x74, 0x68, 0x6F, 0x64, 
  0x3A, 0x20, 0x27, 0x50, 0x4F, 0x53, 0x54, 0x27, 0x2C, 0x0A, 0x20, 0x20, 0x20, 0x20, 0x20, 0x20, 
  0x20, 0x20, 0x20, 0x20, 0x20, 0x20, 0x20, 0x20, 0x68, 0x65, 0x61, 0x64, 0x65, 0x72, 0x73, 0x3A, 
  0x20, 0x7B, 0x20, 0x27, 0x43, 0x6F, 0x6E, 0x74, 0x65, 0x6E, 0x74, 0x2D, 0x54, 0x79, 0x70, 0x65, 
  0x27, 0x3A, 0x20, 0x27, 0x61, 0x70, 0x70, 0x6C, 0x69, 0x63, 0x61, 0x74, 0x69, 0x6F, 0x6E, 0x2F, 
  0x6A, 0x73, 0x6F, 0x6E, 0x27, 0x20, 0x7D, 0x2C, 0x0A, 0x20, 0x20, 0x20, 0x20, 0x20, 0x20, 0x20, 
  0x20, 0x20, 0x20, 0x20, 0x20, 0x20, 0x20, 0x62, 0x6F, 0x64, 0x79, 0x3A, 0x20, 0x4A, 0x53, 0x4F, 
  0x4E, 0x2E, 0x73, 0x74, 0x72, 0x69, 0x6E, 0x67, 0x69, 0x66, 0x79, 0x28, 0x7B, 0x20, 0x75, 0x73, 
  0x65, 0x72, 0x6E, 0x61, 0x6D, 0x65, 0x2C, 0x20, 0x70, 0x61, 0x73, 0x73, 0x77, 0x6F, 0x72, 0x64, 
  0x2C, 0x20, 0x70, 0x61, 0x73, 0x73, 0x77, 0x6F, 0x72, 0x64, 0x5F, 0x63, 0x6F, 0x6E, 0x66, 0x69, 
  0x72, 0x6D, 0x3A, 0x20, 0x70, 0x61, 0x73, 0x73, 0x77, 0x6F, 0x72, 0x64, 0x43, 0x6F, 0x6E, 0x66, 
  0x69, 0x72, 0x6D, 0x2C, 0x20, 0x72, 0x6F, 0x6C, 0x65, 0x20, 0x7D, 0x29, 0x0A, 0x20, 0x20, 0x20, 
  0x20, 0x20, 0x20, 0x20, 0x20, 0x20, 0x20, 0x20, 0x20, 0x7D, 0x29, 0x3B, 0x0A, 0x20, 0x20, 0x20, 
  0x20, 0x20, 0x20, 0x20, 0x20, 0x20, 0x20, 0x20, 0x20, 0x64, 0x6F, 0x63, 0x75, 0x6D, 0x65, 0x6E, 
  0x74, 0x2E, 0x67, 0x65, 0x74, 0x45, 0x6C, 0x65, 0x6D, 0x65, 0x6E, 0x74, 0x42, 0x79, 0x49, 0x64, 
  0x28, 0x27, 0x6E, 0x65, 0x77, 0x55, 0x73, 0x65, 0x72, 0x4E, 0x61, 0x6D, 0x65, 0x27, 0x29, 0x2E, 
  0x76, 0x61, 0x6C, 0x75, 0x65, 0x20, 0x3D, 0x20, 0x27, 0x27, 0x3B, 0x0A, 0x20, 0x20, 0x20, 0x20, 
  0x20, 0x20, 0x20, 0x20, 0x20, 0x20, 0x20, 0x20, 0x64, 0x6F, 0x63, 0x75, 0x6D, 0x65, 0x6E, 0x74, 
  0x2E, 0x67, 0x65, 0x74, 0x45, 0x6C, 0x65, 0x6D, 0x65, 0x6E, 0x74, 0x42, 0x79, 0x49, 0x64, 0x28, 
  0x27, 0x6E, 0x65, 0x77, 0x55, 0x73, 0x65, 0x72, 0x50, 0x61, 0x73, 0x73, 0x77, 0x6F, 0x72, 0x64, 
  0x27, 0x29, 0x2E, 0x76, 0x61, 0x6C, 0x75, 0x65, 0x20, 0x3D, 0x20, 0x27, 0x27, 0x3B, 0x0A, 0x20, 
  0x20, 0x20, 0x20, 0x20, 0x20, 0x20, 0x20, 0x20, 0x20, 0x20, 0x20, 0x64, 0x6F, 0x63, 0x75, 0x6D, 
  0x65, 0x6E, 0x74, 0x2E, 0x67, 0x65, 0x74, 0x45, 0x6C, 0x65, 0x6D, 0x65, 0x6E, 0x74, 0x42, 0x79, 
  0x49, 0x64, 0x28, 0x27, 0x6E, 0x65, 0x77, 0x55, 0x73, 0x65, 0x72, 0x50, 0x61, 0x73, 0x73, 0x77, 
  0x6F, 0x72, 0x64, 0x43, 0x6F, 0x6E, 0x66, 0x69, 0x72, 0x6D, 0x27, 0x29, 0x2E, 0x76, 0x61, 0x6C, 
  0x75, 0x65, 0x20, 0x3D, 0x20, 0x27, 0x27, 0x3B, 0x0A, 0x20, 0x20, 0x20, 0x20, 0x20, 0x20, 0x20, 
  0x20, 0x20, 0x20, 0x20, 0x20, 0x61, 0x77, 0x61, 0x69, 0x74, 0x20, 0x6C, 0x6F, 0x61, 0x64, 0x55, 
  0x73, 0x65, 0x72, 0x73, 0x28, 0x29, 0x3B, 0x0A, 0x20, 0x20, 0x20, 0x20, 0x20, 0x20, 0x20, 0x20, 
  0x20, 0x20, 0x20, 0x20, 0x72, 0x65, 0x6E, 0x64, 0x65, 0x72, 0x55, 0x73, 0x65, 0x72, 0x73, 0x28, 
  0x29, 0x3B, 0x0A, 0x20, 0x20, 0x20, 0x20, 0x20, 0x20, 0x20, 0x20, 0x20, 0x20, 0x7D, 0x0A, 0x0A, 
  0x20, 0x20, 0x20, 0x20, 0x20, 0x20, 0x20, 0x20, 0x20, 0x20, 0x61, 0x73, 0x79, 0x6E, 0x63, 0x20, 
  0x66, 0x75, 0x6E, 0x63, 0x74, 0x69, 0x6F, 0x6E, 0x20, 0x64, 0x65, 0x6C, 0x65, 0x74, 0x65, 0x55, 
  0x73, 0x65, 0x72, 0x28, 0x75, 0x73, 0x65, 0x72, 0x6E, 0x61, 0x6D, 0x65, 0x29, 0x20, 0x7B, 0x0A, 
  0x20, 0x20, 0x20, 0x20, 0x20, 0x20, 0x20, 0x20, 0x20, 0x20, 0x20, 0x20, 0x69, 0x66, 0x20, 0x28, 
  0x21, 0x75, 0x73, 0x65, 0x72, 0x6E, 0x61, 0x6D, 0x65, 0x29, 0x20, 0x72, 0x65, 0x74, 0x75, 0x72, 
  0x6E, 0x3B, 0x0A, 0x20, 0x20, 0x20, 0x20, 0x20, 0x20, 0x20, 0x20, 0x20, 0x20, 0x20, 0x20, 0x61, 
  0x77, 0x61, 0x69, 0x74, 0x20, 0x72, 0x65, 0x71, 0x75, 0x65, 0x73, 0x74, 0x28, 0x27, 0x2F, 0x61, 
  0x70, 0x69, 0x2F, 0x75, 0x73, 0x65, 0x72, 0x73, 0x27, 0x2C, 0x20, 0x7B, 0x0A, 0x20, 0x20, 0x20, 
  0x20, 0x20, 0x20, 0x20, 0x20, 0x20, 0x20, 0x20, 0x20, 0x20, 0x20, 0x6D, 0x65, 0x74, 0x68, 0x6F, 
  0x64, 0x3A, 0x20, 0x27, 0x44, 0x45, 0x4C, 0x45, 0x54, 0x45, 0x27, 0x2C, 0x0A, 0x20, 0x20, 0x20, 
  0x20, 0x20, 0x20, 0x20, 0x20, 0x20, 0x20, 0x20, 0x20, 0x20, 0x20, 0x68, 0x65, 0x61, 0x64, 0x65, 
  0x72, 0x73, 0x3A, 0x20, 0x7B, 0x20, 0x27, 0x43, 0x6F, 0x6E, 0x74, 0x65, 0x6E, 0x74, 0x2D, 0x54, 
  0x79, 0x70, 0x65, 0x27, 0x3A, 0x20, 0x27, 0x61, 0x70, 0x70, 0x6C, 0x69, 0x63, 0x61, 0x74, 0x69, 
  0x6F, 0x6E, 0x2F, 0x6A, 0x73, 0x6F, 0x6E, 0x27, 0x20, 0x7D, 0x2C, 0x0A, 0x20, 0x20, 0x20, 0x20, 
  0x20, 0x20, 0x20, 0x20, 0x20, 0x20, 0x20, 0x20, 0x20, 0x20, 0x62, 0x6F, 0x64, 0x79, 0x3A, 0x20, 
  0x4A, 0x53, 0x4F, 0x4E, 0x2E, 0x73, 0x74, 0x72, 0x69, 0x6E, 0x67, 0x69, 0x66, 0x79, 0x28, 0x7B, 
  0x20, 0x75, 0x73, 0x65, 0x72, 0x6E, 0x61, 0x6D, 0x65, 0x20, 0x7D, 0x29, 0x0A, 0x20, 0x20, 0x20, 
  0x20, 0x20, 0x20, 0x20, 0x20, 0x20, 0x20, 0x20, 0x20, 0x7D, 0x29, 0x3B, 0x0A, 0x20, 0x20, 0x20, 
  0x20, 0x20, 0x20, 0x20, 0x20, 0x20, 0x20, 0x20, 0x20, 0x61, 0x77, 0x61, 0x69, 0x74, 0x20, 0x6C, 
  0x6F, 0x61, 0x64, 0x55, 0x73, 0x65, 0x72, 0x73, 0x28, 0x29, 0x3B, 0x0A, 0x20, 0x20, 0x20, 0x20, 
  0x20, 0x20, 0x20, 0x20, 0x20, 0x20, 0x20, 0x20, 0x72, 0x65, 0x6E, 0x64, 0x65, 0x72, 0x55, 0x73, 
  0x65, 0x72, 0x73, 0x28, 0x29, 0x3B, 0x0A, 0x20, 0x20, 0x20, 0x20, 0x20, 0x20, 0x20, 0x20, 0x20, 
  0x20, 0x7D, 0x0A, 0x0A, 0x20, 0x20, 0x20, 0x20, 0x20, 0x20, 0x20, 0x20, 0x20, 0x20, 0x61, 0x73, 
  0x79, 0x6E, 0x63, 0x20, 0x66, 0x75, 0x6E, 0x63, 0x74, 0x69, 0x6F, 0x6E, 0x20, 0x63, 0x68, 0x61, 
  0x6E, 0x67, 0x65, 0x55, 0x73, 0x65, 0x72, 0x50, 0x61, 0x73, 0x73, 0x77, 0x6F, 0x72, 0x64, 0x28, 
  0x29, 0x20, 0x7B, 0x0A, 0x20, 0x20, 0x20, 0x20, 0x20, 0x20, 0x20, 0x20, 0x20, 0x20, 0x20, 0x20, 
  0x63, 0x6F, 0x6E, 0x73, 0x74, 0x20, 0x75, 0x73, 0x65, 0x72, 0x6E, 0x61, 0x6D, 0x65, 0x20, 0x3D, 
  0x20, 0x64, 0x6F, 0x63, 0x75, 0x6D, 0x65, 0x6E, 0x74, 0x2E, 0x67, 0x65, 0x74, 0x45, 0x6C, 0x65, 
  0x6D, 0x65, 0x6E, 0x74, 0x42, 0x79, 0x49, 0x64, 0x28, 0x27, 0x63, 0x68, 0x61, 0x6E, 0x67, 0x65, 
  0x50, 0x61, 0x73, 0x73, 0x77, 0x6F, 0x72, 0x64, 0x55, 0x73, 0x65, 0x72, 0x27, 0x29, 0x2E, 0x76, 
  0x61, 0x6C, 0x75, 0x65, 0x3B, 0x0A, 0x20, 0x20, 0x20, 0x20, 0x20, 0x20, 0x20, 0x20, 0x20, 0x20, 
  0x20, 0x20, 0x63, 0x6F, 0x6E, 0x73, 0x74, 0x20, 0x70, 0x61, 0x73, 0x73, 0x77, 0x6F, 0x72, 0x64, 
  0x20, 0x3D, 0x20, 0x64, 0x6F, 0x63, 0x75, 0x6D, 0x65, 0x6E, 0x74, 0x2E, 0x67, 0x65, 0x74, 0x45, 
  0x6C, 0x65, 0x6D, 0x65, 0x6E, 0x74, 0x42, 0x79, 0x49, 0x64, 0x28, 0x27, 0x63, 0x68, 0x61, 0x6E, 
  0x67, 0x65, 0x50, 0x61, 0x73, 0x73, 0x77, 0x6F, 0x72, 0x64, 0x56, 0x61, 0x6C, 0x75, 0x65, 0x27, 
  0x29, 0x2E, 0x76, 0x61, 0x6C, 0x75, 0x65, 0x3B, 0x0A, 0x20, 0x20, 0x20, 0x20, 0x20, 0x20, 0x20, 
  0x20, 0x20, 0x20, 0x20, 0x20, 0x63, 0x6F, 0x6E, 0x73, 0x74, 0x20, 0x63, 0x6F, 0x6E, 0x66, 0x69, 
  0x72, 0x6D, 0x61, 0x74, 0x69, 0x6F, 0x6E, 0x20, 0x3D, 0x20, 0x64, 0x6F, 0x63, 0x75, 0x6D, 0x65, 
  0x6E, 0x74, 0x2E, 0x67, 0x65, 0x74, 0x45, 0x6C, 0x65, 0x6D, 0x65, 0x6E, 0x74, 0x42, 0x79, 0x49, 
  0x64, 0x28, 0x27, 0x63, 0x68, 0x61, 0x6E, 0x67, 0x65, 0x50, 0x61, 0x73, 0x73, 0x77, 0x6F, 0x72, 
  0x64, 0x43, 0x6F, 0x6E, 0x66, 0x69, 0x72, 0x6D, 0x27, 0x29, 0x2E, 0x76, 0x61, 0x6C, 0x75, 0x65, 
  0x3B, 0x0A, 0x20, 0x20, 0x20, 0x20, 0x20, 0x20, 0x20, 0x20, 0x20, 0x20, 0x20, 0x20, 0x63, 0x6F, 
  0x6E, 0x73, 0x74, 0x20, 0x6D, 0x65, 0x73, 0x73, 0x61, 0x67, 0x65, 0x20, 0x3D, 0x20, 0x64, 0x6F, 
  0x63, 0x75, 0x6D, 0x65, 0x6E, 0x74, 0x2E, 0x67, 0x65, 0x74, 0x45, 0x6C, 0x65, 0x6D, 0x65, 0x6E, 
  0x74, 0x42, 0x79, 0x49, 0x64, 0x28, 0x27, 0x63, 0x68, 0x61, 0x6E, 0x67, 0x65, 0x50, 0x61, 0x73, 
  0x73, 0x77, 0x6F, 0x72, 0x64, 0x4D, 0x65, 0x73, 0x73, 0x61, 0x67, 0x65, 0x27, 0x29, 0x3B, 0x0A, 
  0x20, 0x20, 0x20, 0x20, 0x20, 0x20, 0x20, 0x20, 0x20, 0x20, 0x20, 0x20, 0x69, 0x66, 0x20, 0x28, 
  0x21, 0x75, 0x73, 0x65, 0x72, 0x6E, 0x61, 0x6D, 0x65, 0x20, 0x7C, 0x7C, 0x20, 0x21, 0x70, 0x61, 
  0x73, 0x73, 0x77, 0x6F, 0x72, 0x64, 0x29, 0x20, 0x7B, 0x0A, 0x20, 0x20, 0x20, 0x20, 0x20, 0x20, 
  0x20, 0x20, 0x20, 0x20, 0x20, 0x20, 0x20, 0x20, 0x6D, 0x65, 0x73, 0x73, 0x61, 0x67, 0x65, 0x2E, 
  0x74, 0x65, 0x78, 0x74, 0x43, 0x6F, 0x6E, 0x74, 0x65, 0x6E, 0x74, 0x20, 0x3D, 0x20, 0x27, 0x53, 
  0x65, 0x6C, 0x65, 0x63, 0x69, 0x6F, 0x6E, 0x65, 0x20, 0x75, 0x6D, 0x20, 0x75, 0x73, 0x75, 0x5C, 
  0x75, 0x30, 0x30, 0x45, 0x31, 0x72, 0x69, 0x6F, 0x20, 0x65, 0x20, 0x69, 0x6E, 0x66, 0x6F, 0x72, 
  0x6D, 0x65, 0x20, 0x61, 0x20, 0x6E, 0x6F, 0x76, 0x61, 0x20, 0x73, 0x65, 0x6E, 0x68, 0x61, 0x2E, 
  0x27, 0x3B, 0x0A, 0x20, 0x20, 0x20, 0x20, 0x20, 0x20, 0x20, 0x20, 0x20, 0x20, 0x20, 0x20, 0x20, 
  0x20, 0x72, 0x65, 0x74, 0x75, 0x72, 0x6E, 0x3B, 0x0A, 0x20, 0x20, 0x20, 0x20, 0x20, 0x20, 0x20, 
  0x20, 0x20, 0x20, 0x20, 0x20, 0x7D, 0x0A, 0x20, 0x20, 0x20, 0x20, 0x20, 0x20, 0x20, 0x20, 0x20, 
  0x20, 0x20, 0x20, 0x69, 0x66, 0x20, 0x28, 0x70, 0x61, 0x73, 0x73, 0x77, 0x6F, 0x72, 0x64, 0x20, 
  0x21, 0x3D, 0x3D, 0x20, 0x63, 0x6F, 0x6E, 0x66, 0x69, 0x72, 0x6D, 0x61, 0x74, 0x69, 0x6F, 0x6E, 
  0x29, 0x20, 0x7B, 0x0A, 0x20, 0x20, 0x20, 0x20, 0x20, 0x20, 0x20, 0x20, 0x20, 0x20, 0x20, 0x20, 
  0x20, 0x20, 0x6D, 0x65, 0x73, 0x73, 0x61, 0x67, 0x65, 0x2E, 0x74, 0x65, 0x78, 0x74, 0x43, 0x6F, 
  0x6E, 0x74, 0x65, 0x6E, 0x74, 0x20, 0x3D, 0x20, 0x27, 0x41, 0x73, 0x20, 0x73, 0x65, 0x6E, 0x68, 
  0x61, 0x73, 0x20, 0x6E, 0x5C, 0x75, 0x30, 0x30, 0x45, 0x33, 0x6F, 0x20, 0x63, 0x6F, 0x6E, 0x66, 
  0x65, 0x72, 0x65, 0x6D, 0x2E, 0x27, 0x3B, 0x0A, 0x20, 0x20, 0x20, 0x20, 0x20, 0x20, 0x20, 0x20, 
  0x20, 0x20, 0x20, 0x20, 0x20, 0x20, 0x72, 0x65, 0x74, 0x75, 0x72, 0x6E, 0x3B, 0x0A, 0x20, 0x20, 
  0x20, 0x20, 0x20, 0x20, 0x20, 0x20, 0x20, 0x20, 0x20, 0x20, 0x7D, 0x0A, 0x20, 0x20, 0x20, 0x20, 
  0x20, 0x20, 0x20, 0x20, 0x20, 0x20, 0x20, 0x20, 0x74, 0x72, 0x79, 0x20, 0x7B, 0x0A, 0x20, 0x20, 
  0x20, 0x20, 0x20, 0x20, 0x20, 0x20, 0x20, 0x20, 0x20, 0x20, 0x20, 0x20, 0x63, 0x6F, 0x6E, 0x73, 
  0x74, 0x20, 0x72, 0x65, 0x73, 0x75, 0x6C, 0x74, 0x20, 0x3D, 0x20, 0x61, 0x77, 0x61, 0x69, 0x74, 
  0x20, 0x72, 0x65, 0x71, 0x75, 0x65, 0x73, 0x74, 0x28, 0x27, 0x2F, 0x61, 0x70, 0x69, 0x2F, 0x75, 
  0x73, 0x65, 0x72, 0x73, 0x2F, 0x70, 0x61, 0x73, 0x73, 0x77, 0x6F, 0x72, 0x64, 0x27, 0x2C, 0x20, 
  0x7B, 0x0A, 0x20, 0x20, 0x20, 0x20, 0x20, 0x20, 0x20, 0x20, 0x20, 0x20, 0x20, 0x20, 0x20, 0x20, 
  0x20, 0x20, 0x6D, 0x65, 0x74, 0x68, 0x6F, 0x64, 0x3A, 0x20, 0x27, 0x50, 0x4F, 0x53, 0x54, 0x27, 
  0x2C, 0x0A, 0x20, 0x20, 0x20, 0x20, 0x20, 0x20, 0x20, 0x20, 0x20, 0x20, 0x20, 0x20, 0x20, 0x20, 
  0x20, 0x20, 0x68, 0x65, 0x61, 0x64, 0x65, 0x72, 0x73, 0x3A, 0x20, 0x7B, 0x20, 0x27, 0x43, 0x6F, 
  0x6E, 0x74, 0x65, 0x6E, 0x74, 0x2D, 0x54, 0x79, 0x70, 0x65, 0x27, 0x3A, 0x20, 0x27, 0x61, 0x70, 
  0x70, 0x6C, 0x69, 0x63, 0x61, 0x74, 0x69, 0x6F, 0x6E, 0x2F, 0x6A, 0x73, 0x6F, 0x6E, 0x27, 0x20, 
  0x7D, 0x2C, 0x0A, 0x20, 0x20, 0x20, 0x20, 0x20, 0x20, 0x20, 0x20, 0x20, 0x20, 0x20, 0x20, 0x20, 
  0x20, 0x20, 0x20, 0x62, 0x6F, 0x64, 0x79, 0x3A, 0x20, 0x4A, 0x53, 0x4F, 0x4E, 0x2E, 0x73, 0x74, 
  0x72, 0x69, 0x6E, 0x67, 0x69, 0x66, 0x79, 0x28, 0x7B, 0x20, 0x75, 0x73, 0x65, 0x72, 0x6E, 0x61, 
  0x6D, 0x65, 0x2C, 0x20, 0x70, 0x61, 0x73, 0x73, 0x77, 0x6F, 0x72, 0x64, 0x2C, 0x20, 0x70, 0x61, 
  0x73, 0x73, 0x77, 0x6F, 0x72, 0x64, 0x5F, 0x63, 0x6F, 0x6E, 0x66, 0x69, 0x72, 0x6D, 0x3A, 0x20, 
  0x63, 0x6F, 0x6E, 0x66, 0x69, 0x72, 0x6D, 0x61, 0x74, 0x69, 0x6F, 0x6E, 0x20, 0x7D, 0x29, 0x0A, 
  0x20, 0x20, 0x20, 0x20, 0x20, 0x20, 0x20, 0x20, 0x20, 0x20, 0x20, 0x20, 0x20, 0x20, 0x7D, 0x29, 
  0x3B, 0x0A, 0x20, 0x20, 0x20, 0x20, 0x20, 0x20, 0x20, 0x20, 0x20, 0x20, 0x20, 0x20, 0x20, 0x20, 
  0x64, 0x6F, 0x63, 0x75, 0x6D, 0x65, 0x6E, 0x74, 0x2E, 0x67, 0x65, 0x74, 0x45, 0x6C, 0x65, 0x6D, 
  0x65, 0x6E, 0x74, 0x42, 0x79, 0x49, 0x64, 0x28, 0x27, 0x63, 0x68, 0x61, 0x6E, 0x67, 0x65, 0x50, 
  0x61, 0x73, 0x73, 0x77, 0x6F, 0x72, 0x64, 0x56, 0x61, 0x6C, 0x75, 0x65, 0x27, 0x29, 0x2E, 0x76, 
  0x61, 0x6C, 0x75, 0x65, 0x20, 0x3D, 0x20, 0x27, 0x27, 0x3B, 0x0A, 0x20, 0x20, 0x20, 0x20, 0x20, 
  0x20, 0x20, 0x20, 0x20, 0x20, 0x20, 0x20, 0x20, 0x20, 0x64, 0x6F, 0x63, 0x75, 0x6D, 0x65, 0x6E, 
  0x74, 0x2E, 0x67, 0x65, 0x74, 0x45, 0x6C, 0x65, 0x6D, 0x65, 0x6E, 0x74, 0x42, 0x79, 0x49, 0x64, 
  0x28, 0x27, 0x63, 0x68, 0x61, 0x6E, 0x67, 0x65, 0x50, 0x61, 0x73, 0x73, 0x77, 0x6F, 0x72, 0x64, 
  0x43, 0x6F, 0x6E, 0x66, 0x69, 0x72, 0x6D, 0x27, 0x29, 0x2E, 0x76, 0x61, 0x6C, 0x75, 0x65, 0x20, 
  0x3D, 0x20, 0x27, 0x27, 0x3B, 0x0A, 0x20, 0x20, 0x20, 0x20, 0x20, 0x20, 0x20, 0x20, 0x20, 0x20, 
  0x20, 0x20, 0x20, 0x20, 0x6D, 0x65, 0x73, 0x73, 0x61, 0x67, 0x65, 0x2E, 0x74, 0x65, 0x78, 0x74, 
  0x43, 0x6F, 0x6E, 0x74, 0x65, 0x6E, 0x74, 0x20, 0x3D, 0x20, 0x72, 0x65, 0x73, 0x75, 0x6C, 0x74, 
  0x2E, 0x6D, 0x65, 0x73, 0x73, 0x61, 0x67, 0x65, 0x20, 0x7C, 0x7C, 0x20, 0x27, 0x53, 0x65, 0x6E, 
  0x68, 0x61, 0x20, 0x61, 0x6C, 0x74, 0x65, 0x72, 0x61, 0x64, 0x61, 0x20, 0x63, 0x6F, 0x6D, 0x20, 
  0x73, 0x75, 0x63, 0x65, 0x73, 0x73, 0x6F, 0x2E, 0x27, 0x3B, 0x0A, 0x20, 0x20, 0x20, 0x20, 0x20, 
  0x20, 0x20, 0x20, 0x20, 0x20, 0x20, 0x20, 0x7D, 0x20, 0x63, 0x61, 0x74, 0x63, 0x68, 0x20, 0x28, 
  0x65, 0x72, 0x72, 0x6F, 0x72, 0x29, 0x20, 0x7B, 0x0A, 0x20, 0x20, 0x20, 0x20, 0x20, 0x20, 0x20, 
  0x20, 0x20, 0x20, 0x20, 0x20, 0x20, 0x20, 0x6D, 0x65, 0x73, 0x73, 0x61, 0x67, 0x65, 0x2E, 0x74, 
  0x65, 0x78, 0x74, 0x43, 0x6F, 0x6E, 0x74, 0x65, 0x6E, 0x74, 0x20, 0x3D, 0x20, 0x65, 0x72, 0x72, 
  0x6F, 0x72, 0x2E, 0x6D, 0x65, 0x73, 0x73, 0x61, 0x67, 0x65, 0x20, 0x7C, 0x7C, 0x20, 0x27, 0x4E, 
  0x5C, 0x75, 0x30, 0x30, 0x45, 0x33, 0x6F, 0x20, 0x66, 0x6F, 0x69, 0x20, 0x70, 0x6F, 0x73, 0x73, 
  0x5C, 0x75, 0x30, 0x30, 0x45, 0x44, 0x76, 0x65, 0x6C, 0x20, 0x61, 0x6C, 0x74, 0x65, 0x72, 0x61, 
  0x72, 0x20, 0x61, 0x20, 0x73, 0x65, 0x6E, 0x68, 0x61, 0x2E, 0x27, 0x3B, 0x0A, 0x20, 0x20, 0x20, 
  0x20, 0x20, 0x20, 0x20, 0x20, 0x20, 0x20, 0x20, 0x20, 0x7D, 0x0A, 0x20, 0x20, 0x20, 0x20, 0x20, 
  0x20, 0x20, 0x20, 0x20, 0x20, 0x7D, 0x0A, 0x0A, 0x20, 0x20, 0x20, 0x20, 0x20, 0x20, 0x20, 0x20, 
  0x20, 0x20, 0x61, 0x73, 0x79, 0x6E, 0x63, 0x20, 0x66, 0x75, 0x6E, 0x63, 0x74, 0x69, 0x6F, 0x6E, 
  0x20, 0x6C, 0x6F, 0x61, 0x64, 0x4C, 0x6F, 0x67, 0x73, 0x28, 0x29, 0x20, 0x7B, 0x0A, 0x20, 0x20, 
  0x20, 0x20, 0x20, 0x20, 0x20, 0x20, 0x20, 0x20, 0x20, 0x20, 0x69, 0x66, 0x20, 0x28, 0x21, 0x5B, 
  0x27, 0x61, 0x64, 0x6D, 0x69, 0x6E, 0x27, 0x2C, 0x20, 0x27, 0x75, 0x73, 0x65, 0x72, 0x27, 0x2C, 
  0x20, 0x27, 0x76, 0x69, 0x73, 0x69, 0x74, 0x6F, 0x72, 0x27, 0x5D, 0x2E, 0x69, 0x6E, 0x63, 0x6C, 
  0x75, 0x64, 0x65, 0x73, 0x28, 0x73, 0x74, 0x61, 0x74, 0x65, 0x2E, 0x72, 0x6F, 0x6C, 0x65, 0x29, 
  0x29, 0x20, 0x7B, 0x0A, 0x20, 0x20, 0x20, 0x20, 0x20, 0x20, 0x20, 0x20, 0x20, 0x20, 0x20, 0x20, 
  0x20, 0x20, 0x73, 0x74, 0x61, 0x74, 0x65, 0x2E, 0x6C, 0x6F, 0x67, 0x73, 0x20, 0x3D, 0x20, 0x5B, 
  0x5D, 0x3B, 0x0A, 0x20, 0x20, 0x20, 0x20, 0x20, 0x20, 0x20, 0x20, 0x20, 0x20, 0x20, 0x20, 0x20, 
  0x20, 0x72, 0x65, 0x74, 0x75, 0x72, 0x6E, 0x3B, 0x0A, 0x20, 0x20, 0x20, 0x20, 0x20, 0x20, 0x20, 
  0x20, 0x20, 0x20, 0x20, 0x20, 0x7D, 0x0A, 0x20, 0x20, 0x20, 0x20, 0x20, 0x20, 0x20, 0x20, 0x20, 
  0x20, 0x20, 0x20, 0x63, 0x6F, 0x6E, 0x73, 0x74, 0x20, 0x64, 0x61, 0x74, 0x61, 0x20, 0x3D, 0x20, 
  0x61, 0x77, 0x61, 0x69, 0x74, 0x20, 0x72, 0x65, 0x71, 0x75, 0x65, 0x73, 0x74, 0x28, 0x27, 0x2F, 
  0x61, 0x70, 0x69, 0x2F, 0x6C, 0x6F, 0x67, 0x73, 0x27, 0x29, 0x3B, 0x0A, 0x20, 0x20, 0x20, 0x20, 
  0x20, 0x20, 0x20, 0x20, 0x20, 0x20, 0x20, 0x20, 0x73, 0x74, 0x61, 0x74, 0x65, 0x2E, 0x6C, 0x6F, 
  0x67, 0x73, 0x20, 0x3D, 0x20, 0x64, 0x61, 0x74, 0x61, 0x2E, 0x6C, 0x6F, 0x67, 0x73, 0x20, 0x7C, 
  0x7C, 0x20, 0x5B, 0x5D, 0x3B, 0x0A, 0x20, 0x20, 0x20, 0x20, 0x20, 0x20, 0x20, 0x20, 0x20, 0x20, 
  0x7D, 0x0A, 0x0A, 0x20, 0x20, 0x20, 0x20, 0x20, 0x20, 0x20, 0x20, 0x20, 0x20, 0x61, 0x73, 0x79, 
  0x6E, 0x63, 0x20, 0x66, 0x75, 0x6E, 0x63, 0x74, 0x69, 0x6F, 0x6E, 0x20, 0x6C, 0x6F, 0x67, 0x69, 
  0x6E, 0x28, 0x75, 0x73, 0x65, 0x72, 0x6E, 0x61, 0x6D, 0x65, 0x2C, 0x20, 0x70, 0x61, 0x73, 0x73, 
  0x77, 0x6F, 0x72, 0x64, 0x29, 0x20, 0x7B, 0x0A, 0x20, 0x20, 0x20, 0x20, 0x20, 0x20, 0x20, 0x20, 
  0x20, 0x20, 0x20, 0x20, 0x63, 0x6F, 0x6E, 0x73, 0x74, 0x20, 0x64, 0x61, 0x74, 0x61, 0x20, 0x3D, 
  0x20, 0x61, 0x77, 0x61, 0x69, 0x74, 0x20, 0x72, 0x65, 0x71, 0x75, 0x65, 0x73, 0x74, 0x28, 0x27, 
  0x2F, 0x61, 0x70, 0x69, 0x2F, 0x6C, 0x6F, 0x67, 0x69, 0x6E, 0x27, 0x2C, 0x20, 0x7B, 0x0A, 0x20, 
  0x20, 0x20, 0x20, 0x20, 0x20, 0x20, 0x20, 0x20, 0x20, 0x20, 0x20, 0x20, 0x20, 0x6D, 0x65, 0x74, 
  0x68, 0x6F, 0x64, 0x3A, 0x20, 0x27, 0x50, 0x4F, 0x53, 0x54, 0x27, 0x2C, 0x0A, 0x20, 0x20, 0x20, 
  0x20, 0x20, 0x20, 0x20, 0x20, 0x20, 0x20, 0x20, 0x20, 0x20, 0x20, 0x68, 0x65, 0x61, 0x64, 0x65, 
  0x72, 0x73, 0x3A, 0x20, 0x7B, 0x20, 0x27, 0x43, 0x6F, 0x6E, 0x74, 0x65, 0x6E, 0x74, 0x2D, 0x54, 
  0x79, 0x70, 0x65, 0x27, 0x3A, 0x20, 0x27, 0x61, 0x70, 0x70, 0x6C, 0x69, 0x63, 0x61, 0x74, 0x69, 
  0x6F, 0x6E, 0x2F, 0x6A, 0x73, 0x6F, 0x6E, 0x27, 0x20, 0x7D, 0x2C, 0x0A, 0x20, 0x20, 0x20, 0x20, 
  0x20, 0x20, 0x20, 0x20, 0x20, 0x20, 0x20, 0x20, 0x20, 0x20, 0x62, 0x6F, 0x64, 0x79, 0x3A, 0x20, 
  0x4A, 0x53, 0x4F, 0x4E, 0x2E, 0x73, 0x74, 0x72, 0x69, 0x6E, 0x67, 0x69, 0x66, 0x79, 0x28, 0x7B, 
  0x20, 0x75, 0x73, 0x65, 0x72, 0x6E, 0x61, 0x6D, 0x65, 0x2C, 0x20, 0x70, 0x61, 0x73, 0x73, 0x77, 
  0x6F, 0x72, 0x64, 0x20, 0x7D, 0x29, 0x0A, 0x20, 0x20, 0x20, 0x20, 0x20, 0x20, 0x20, 0x20, 0x20, 
  0x20, 0x20, 0x20, 0x7D, 0x29, 0x3B, 0x0A, 0x20, 0x20, 0x20, 0x20, 0x20, 0x20, 0x20, 0x20, 0x20, 
  0x20, 0x20, 0x20, 0x73, 0x74, 0x61, 0x74, 0x65, 0x2E, 0x74, 0x6F, 0x6B, 0x65, 0x6E, 0x20, 0x3D, 
  0x20, 0x64, 0x61, 0x74, 0x61, 0x2E, 0x74, 0x6F, 0x6B, 0x65, 0x6E, 0x20, 0x7C, 0x7C, 0x20, 0x27, 
  0x27, 0x3B, 0x0A, 0x20, 0x20, 0x20, 0x20, 0x20, 0x20, 0x20, 0x20, 0x20, 0x20, 0x20, 0x20, 0x73, 
  0x74, 0x61, 0x74, 0x65, 0x2E, 0x75, 0x73, 0x65, 0x72, 0x20, 0x3D, 0x20, 0x64, 0x61, 0x74, 0x61, 
  0x2E, 0x75, 0x73, 0x65, 0x72, 0x6E, 0x61, 0x6D, 0x65, 0x20, 0x7C, 0x7C, 0x20, 0x75, 0x73, 0x65, 
  0x72, 0x6E, 0x61, 0x6D, 0x65, 0x3B, 0x0A, 0x20, 0x20, 0x20, 0x20, 0x20, 0x20, 0x20, 0x20, 0x20, 
  0x20, 0x20, 0x20, 0x73, 0x74, 0x61, 0x74, 0x65, 0x2E, 0x72, 0x6F, 0x6C, 0x65, 0x20, 0x3D, 0x20, 
  0x64, 0x61, 0x74, 0x61, 0x2E, 0x72, 0x6F, 0x6C, 0x65, 0x20, 0x7C, 0x7C, 0x20, 0x27, 0x75, 0x73, 
  0x65, 0x72, 0x27, 0x3B, 0x0A, 0x20, 0x20, 0x20, 0x20, 0x20, 0x20, 0x20, 0x20, 0x20, 0x20, 0x20, 
  0x20, 0x6C, 0x6F, 0x63, 0x61, 0x6C, 0x53, 0x74, 0x6F, 0x72, 0x61, 0x67, 0x65, 0x2E, 0x73, 0x65, 
  0x74, 0x49, 0x74, 0x65, 0x6D, 0x28, 0x27, 0x6C, 0x61, 0x62, 0x54, 0x6F, 0x6B, 0x65, 0x6E, 0x27, 
  0x2C, 0x20, 0x73, 0x74, 0x61, 0x74, 0x65, 0x2E, 0x74, 0x6F, 0x6B, 0x65, 0x6E, 0x29, 0x3B, 0x0A, 
  0x20, 0x20, 0x20, 0x20, 0x20, 0x20, 0x20, 0x20, 0x20, 0x20, 0x20, 0x20, 0x72, 0x65, 0x6E, 0x64, 
  0x65, 0x72, 0x41, 0x75, 0x74, 0x68, 0x28, 0x29, 0x3B, 0x0A, 0x20, 0x20, 0x20, 0x20, 0x20, 0x20, 
  0x20, 0x20, 0x20, 0x20, 0x20, 0x20, 0x72, 0x65, 0x6E, 0x64, 0x65, 0x72, 0x50, 0x65, 0x72, 0x6D, 
  0x69, 0x73, 0x73, 0x69, 0x6F, 0x6E, 0x73, 0x28, 0x29, 0x3B, 0x0A, 0x20, 0x20, 0x20, 0x20, 0x20, 
  0x20, 0x20, 0x20, 0x20, 0x20, 0x20, 0x20, 0x61, 0x77, 0x61, 0x69, 0x74, 0x20, 0x6C, 0x6F, 0x61, 
  0x64, 0x44, 0x61, 0x73, 0x68, 0x62, 0x6F, 0x61, 0x72, 0x64, 0x28, 0x29, 0x3B, 0x0A, 0x20, 0x20, 
  0x20, 0x20, 0x20, 0x20, 0x20, 0x20, 0x20, 0x20, 0x7D, 0x0A, 0x0A, 0x20, 0x20, 0x20, 0x20, 0x20, 
  0x20, 0x20, 0x20, 0x20, 0x20, 0x64, 0x6F, 0x63, 0x75, 0x6D, 0x65, 0x6E, 0x74, 0x2E, 0x67, 0x65, 
  0x74, 0x45, 0x6C, 0x65, 0x6D, 0x65, 0x6E, 0x74, 0x42, 0x79, 0x49, 0x64, 0x28, 0x27, 0x6C, 0x6F, 
  0x67, 0x69, 0x6E, 0x42, 0x74, 0x6E, 0x27, 0x29, 0x2E, 0x61, 0x64, 0x64, 0x45, 0x76, 0x65, 0x6E, 
  0x74, 0x4C, 0x69, 0x73, 0x74, 0x65, 0x6E, 0x65, 0x72, 0x28, 0x27, 0x63, 0x6C, 0x69, 0x63, 0x6B, 
  0x27, 0x2C, 0x20, 0x61, 0x73, 0x79, 0x6E, 0x63, 0x20, 0x28, 0x29, 0x20, 0x3D, 0x3E, 0x20, 0x7B, 
  0x0A, 0x20, 0x20, 0x20, 0x20, 0x20, 0x20, 0x20, 0x20, 0x20, 0x20, 0x20, 0x20, 0x63, 0x6F, 0x6E, 
  0x73, 0x74, 0x20, 0x75, 0x73, 0x65, 0x72, 0x20, 0x3D, 0x20, 0x64, 0x6F, 0x63, 0x75, 0x6D, 0x65, 
  0x6E, 0x74, 0x2E, 0x67, 0x65, 0x74, 0x45, 0x6C, 0x65, 0x6D, 0x65, 0x6E, 0x74, 0x42, 0x79, 0x49, 
  0x64, 0x28, 0x27, 0x6C, 0x6F, 0x67, 0x69, 0x6E, 0x55, 0x73, 0x65, 0x72, 0x27, 0x29, 0x2E, 0x76, 
  0x61, 0x6C, 0x75, 0x65, 0x2E, 0x74, 0x72, 0x69, 0x6D, 0x28, 0x29, 0x3B, 0x0A, 0x20, 0x20, 0x20, 
  0x20, 0x20, 0x20, 0x20, 0x20, 0x20, 0x20, 0x20, 0x20, 0x63, 0x6F, 0x6E, 0x73, 0x74, 0x20, 0x70, 
  0x61, 0x73, 0x73, 0x77, 0x6F, 0x72, 0x64, 0x20, 0x3D, 0x20, 0x64, 0x6F, 0x63, 0x75, 0x6D, 0x65, 
  0x6E, 0x74, 0x2E, 0x67, 0x65, 0x74, 0x45, 0x6C, 0x65, 0x6D, 0x65, 0x6E, 0x74, 0x42, 0x79, 0x49, 
  0x64, 0x28, 0x27, 0x6C, 0x6F, 0x67, 0x69, 0x6E, 0x50, 0x61, 0x73, 0x73, 0x77, 0x6F, 0x72, 0x64, 
  0x27, 0x29, 0x2E, 0x76, 0x61, 0x6C, 0x75, 0x65, 0x3B, 0x0A, 0x20, 0x20, 0x20, 0x20, 0x20, 0x20, 
  0x20, 0x20, 0x20, 0x20, 0x20, 0x20, 0x74, 0x72, 0x79, 0x20, 0x7B, 0x0A, 0x20, 0x20, 0x20, 0x20, 
  0x20, 0x20, 0x20, 0x20, 0x20, 0x20, 0x20, 0x20, 0x20, 0x20, 0x61, 0x77, 0x61, 0x69, 0x74, 0x20, 
  0x6C, 0x6F, 0x67, 0x69, 0x6E, 0x28, 0x75, 0x73, 0x65, 0x72, 0x2C, 0x20, 0x70, 0x61, 0x73, 0x73, 
  0x77, 0x6F, 0x72, 0x64, 0x29, 0x3B, 0x0A, 0x20, 0x20, 0x20, 0x20, 0x20, 0x20, 0x20, 0x20, 0x20, 
  0x20, 0x20, 0x20, 0x20, 0x20, 0x73, 0x68, 0x6F, 0x77, 0x4D, 0x65, 0x73, 0x73, 0x61, 0x67, 0x65, 
  0x28, 0x27, 0x4C, 0x6F, 0x67, 0x69, 0x6E, 0x20, 0x72, 0x65, 0x61, 0x6C, 0x69, 0x7A, 0x61, 0x64, 
  0x6F, 0x20, 0x63, 0x6F, 0x6D, 0x20, 0x73, 0x75, 0x63, 0x65, 0x73, 0x73, 0x6F, 0x2E, 0x27, 0x2C, 
  0x20, 0x66, 0x61, 0x6C, 0x73, 0x65, 0x29, 0x3B, 0x0A, 0x20, 0x20, 0x20, 0x20, 0x20, 0x20, 0x20, 
  0x20, 0x20, 0x20, 0x20, 0x20, 0x7D, 0x20, 0x63, 0x61, 0x74, 0x63, 0x68, 0x20, 0x28, 0x65, 0x72, 
  0x72, 0x6F, 0x72, 0x29, 0x20, 0x7B, 0x0A, 0x20, 0x20, 0x20, 0x20, 0x20, 0x20, 0x20, 0x20, 0x20, 
  0x20, 0x20, 0x20, 0x20, 0x20, 0x73, 0x68, 0x6F, 0x77, 0x4D, 0x65, 0x73, 0x73, 0x61, 0x67, 0x65, 
  0x28, 0x65, 0x72, 0x72, 0x6F, 0x72, 0x2E, 0x6D, 0x65, 0x73, 0x73, 0x61, 0x67, 0x65, 0x20, 0x7C, 
  0x7C, 0x20, 0x27, 0x43, 0x72, 0x65, 0x64, 0x65, 0x6E, 0x63, 0x69, 0x61, 0x69, 0x73, 0x20, 0x69, 
  0x6E, 0x76, 0x5C, 0x75, 0x30, 0x30, 0x45, 0x31, 0x6C, 0x69, 0x64, 0x61, 0x73, 0x2E, 0x27, 0x29, 
  0x3B, 0x0A, 0x20, 0x20, 0x20, 0x20, 0x20, 0x20, 0x20, 0x20, 0x20, 0x20, 0x20, 0x20, 0x7D, 0x0A, 
  0x20, 0x20, 0x20, 0x20, 0x20, 0x20, 0x20, 0x20, 0x20, 0x20, 0x7D, 0x29, 0x3B, 0x0A, 0x0A, 0x20, 
  0x20, 0x20, 0x20, 0x20, 0x20, 0x20, 0x20, 0x20, 0x20, 0x64, 0x6F, 0x63, 0x75, 0x6D, 0x65, 0x6E, 
  0x74, 0x2E, 0x67, 0x65, 0x74, 0x45, 0x6C, 0x65, 0x6D, 0x65, 0x6E, 0x74, 0x42, 0x79, 0x49, 0x64, 
  0x28, 0x27, 0x76, 0x69, 0x73, 0x69, 0x74, 0x6F, 0x72, 0x42, 0x74, 0x6E, 0x27, 0x29, 0x2E, 0x61, 
  0x64, 0x64, 0x45, 0x76, 0x65, 0x6E, 0x74, 0x4C, 0x69, 0x73, 0x74, 0x65, 0x6E, 0x65, 0x72, 0x28, 
  0x27, 0x63, 0x6C, 0x69, 0x63, 0x6B, 0x27, 0x2C, 0x20, 0x61, 0x73, 0x79, 0x6E, 0x63, 0x20, 0x28, 
  0x29, 0x20, 0x3D, 0x3E, 0x20, 0x7B, 0x0A, 0x20, 0x20, 0x20, 0x20, 0x20, 0x20, 0x20, 0x20, 0x20, 
  0x20, 0x20, 0x20, 0x74, 0x72, 0x79, 0x20, 0x7B, 0x0A, 0x20, 0x20, 0x20, 0x20, 0x20, 0x20, 0x20, 
  0x20, 0x20, 0x20, 0x20, 0x20, 0x20, 0x20, 0x63, 0x6F, 0x6E, 0x73, 0x74, 0x20, 0x64, 0x61, 0x74, 
  0x61, 0x20, 0x3D, 0x20, 0x61, 0x77, 0x61, 0x69, 0x74, 0x20, 0x72, 0x65, 0x71, 0x75, 0x65, 0x73, 
  0x74, 0x28, 0x27, 0x2F, 0x61, 0x70, 0x69, 0x2F, 0x76, 0x69, 0x73, 0x69, 0x74, 0x6F, 0x72, 0x27, 
  0x2C, 0x20, 0x7B, 0x20, 0x6D, 0x65, 0x74, 0x68, 0x6F, 0x64, 0x3A, 0x20, 0x27, 0x50, 0x4F, 0x53, 
  0x54, 0x27, 0x20, 0x7D, 0x29, 0x3B, 0x0A, 0x20, 0x20, 0x20, 0x20, 0x20, 0x20, 0x20, 0x20, 0x20, 
  0x20, 0x20, 0x20, 0x20, 0x20, 0x73, 0x74, 0x61, 0x74, 0x65, 0x2E, 0x74, 0x6F, 0x6B, 0x65, 0x6E, 
  0x20, 0x3D, 0x20, 0x64, 0x61, 0x74, 0x61, 0x2E, 0x74, 0x6F, 0x6B, 0x65, 0x6E, 0x20, 0x7C, 0x7C, 
  0x20, 0x27, 0x27, 0x3B, 0x0A, 0x20, 0x20, 0x20, 0x20, 0x20, 0x20, 0x20, 0x20, 0x20, 0x20, 0x20, 
  0x20, 0x20, 0x20, 0x73, 0x74, 0x61, 0x74, 0x65, 0x2E, 0x75, 0x73, 0x65, 0x72, 0x20, 0x3D, 0x20, 
  0x27, 0x56, 0x69, 0x73, 0x69, 0x74, 0x61, 0x6E, 0x74, 0x65, 0x27, 0x3B, 0x0A, 0x20, 0x20, 0x20, 
  0x20, 0x20, 0x20, 0x20, 0x20, 0x20, 0x20, 0x20, 0x20, 0x20, 0x20, 0x73, 0x74, 0x61, 0x74, 0x65, 
  0x2E, 0x72, 0x6F, 0x6C, 0x65, 0x20, 0x3D, 0x20, 0x27, 0x76, 0x69, 0x73, 0x69, 0x74, 0x6F, 0x72, 
  0x27, 0x3B, 0x0A, 0x20, 0x20, 0x20, 0x20, 0x20, 0x20, 0x20, 0x20, 0x20, 0x20, 0x20, 0x20, 0x20, 
  0x20, 0x6C, 0x6F, 0x63, 0x61, 0x6C, 0x53, 0x74, 0x6F, 0x72, 0x61, 0x67, 0x65, 0x2E, 0x73, 0x65, 
  0x74, 0x49, 0x74, 0x65, 0x6D, 0x28, 0x27, 0x6C, 0x61, 0x62, 0x54, 0x6F, 0x6B, 0x65, 0x6E, 0x27, 
  0x2C, 0x20, 0x73, 0x74, 0x61, 0x74, 0x65, 0x2E, 0x74, 0x6F, 0x6B, 0x65, 0x6E, 0x29, 0x3B, 0x0A, 
  0x20, 0x20, 0x20, 0x20, 0x20, 0x20, 0x20, 0x20, 0x20, 0x20, 0x20, 0x20, 0x20, 0x20, 0x72, 0x65, 
  0x6E, 0x64, 0x65, 0x72, 0x41, 0x75, 0x74, 0x68, 0x28, 0x29, 0x3B, 0x0A, 0x20, 0x20, 0x20, 0x20, 
  0x20, 0x20, 0x20, 0x20, 0x20, 0x20, 0x20, 0x20, 0x20, 0x20, 0x72, 0x65, 0x6E, 0x64, 0x65, 0x72, 
  0x50, 0x65, 0x72, 0x6D, 0x69, 0x73, 0x73, 0x69, 0x6F, 0x6E, 0x73, 0x28, 0x29, 0x3B, 0x0A, 0x20, 
  0x20, 0x20, 0x20, 0x20, 0x20, 0x20, 0x20, 0x20, 0x20, 0x20, 0x20, 0x20, 0x20, 0x61, 0x77, 0x61, 
  0x69, 0x74, 0x20, 0x6C, 0x6F, 0x61, 0x64, 0x44, 0x61, 0x73, 0x68, 0x62, 0x6F, 0x61, 0x72, 0x64, 
  0x28, 0x29, 0x3B, 0x0A, 0x20, 0x20, 0x20, 0x20, 0x20, 0x20, 0x20, 0x20, 0x20, 0x20, 0x20, 0x20, 
  0x7D, 0x20, 0x63, 0x61, 0x74, 0x63, 0x68, 0x20, 0x28, 0x65, 0x72, 0x72, 0x6F, 0x72, 0x29, 0x20, 
  0x7B, 0x0A, 0x20, 0x20, 0x20, 0x20, 0x20, 0x20, 0x20, 0x20, 0x20, 0x20, 0x20, 0x20, 0x20, 0x20, 
  0x73, 0x68, 0x6F, 0x77, 0x4D, 0x65, 0x73, 0x73, 0x61, 0x67, 0x65, 0x28, 0x65, 0x72, 0x72, 0x6F, 
  0x72, 0x2E, 0x6D, 0x65, 0x73, 0x73, 0x61, 0x67, 0x65, 0x20, 0x7C, 0x7C, 0x20, 0x27, 0x4F, 0x20, 
  0x61, 0x63, 0x65, 0x73, 0x73, 0x6F, 0x20, 0x64, 0x65, 0x20, 0x76, 0x69, 0x73, 0x69, 0x74, 0x61, 
  0x6E, 0x74, 0x65, 0x20, 0x65, 0x73, 0x74, 0x5C, 0x75, 0x30, 0x30, 0x45, 0x31, 0x20, 0x64, 0x65, 
  0x73, 0x61, 0x74, 0x69, 0x76, 0x61, 0x64, 0x6F, 0x2E, 0x27, 0x29, 0x3B, 0x0A, 0x20, 0x20, 0x20, 
  0x20, 0x20, 0x20, 0x20, 0x20, 0x20, 0x20, 0x20, 0x20, 0x7D, 0x0A, 0x20, 0x20, 0x20, 0x20, 0x20, 
  0x20, 0x20, 0x20, 0x20, 0x20, 0x7D, 0x29, 0x3B, 0x0A, 0x0A, 0x20, 0x20, 0x20, 0x20, 0x20, 0x20, 
  0x20, 0x20, 0x20, 0x20, 0x64, 0x6F, 0x63, 0x75, 0x6D, 0x65, 0x6E, 0x74, 0x2E, 0x67, 0x65, 0x74, 
  0x45, 0x6C, 0x65, 0x6D, 0x65, 0x6E, 0x74, 0x42, 0x79, 0x49, 0x64, 0x28, 0x27, 0x6C, 0x6F, 0x67, 
  0x6F, 0x75, 0x74, 0x42, 0x74, 0x6E, 0x27, 0x29, 0x2E, 0x61, 0x64, 0x64, 0x45, 0x76, 0x65, 0x6E, 
  0x74, 0x4C, 0x69, 0x73, 0x74, 0x65, 0x6E, 0x65, 0x72, 0x28, 0x27, 0x63, 0x6C, 0x69, 0x63, 0x6B, 
  0x27, 0x2C, 0x20, 0x28, 0x29, 0x20, 0x3D, 0x3E, 0x20, 0x7B, 0x0A, 0x20, 0x20, 0x20, 0x20, 0x20, 
  0x20, 0x20, 0x20, 0x20, 0x20, 0x20, 0x20, 0x73, 0x74, 0x61, 0x74, 0x65, 0x2E, 0x74, 0x6F, 0x6B, 
  0x65, 0x6E, 0x20, 0x3D, 0x20, 0x27, 0x27, 0x3B, 0x0A, 0x20, 0x20, 0x20, 0x20, 0x20, 0x20, 0x20, 
  0x20, 0x20, 0x20, 0x20, 0x20, 0x73, 0x74, 0x61, 0x74, 0x65, 0x2E, 0x75, 0x73, 0x65, 0x72, 0x20, 
  0x3D, 0x20, 0x6E, 0x75, 0x6C, 0x6C, 0x3B, 0x0A, 0x20, 0x20, 0x20, 0x20, 0x20, 0x20, 0x20, 0x20, 
  0x20, 0x20, 0x20, 0x20, 0x73, 0x74, 0x61, 0x74, 0x65, 0x2E, 0x72, 0x6F, 0x6C, 0x65, 0x20, 0x3D, 
  0x20, 0x27, 0x76, 0x69, 0x73, 0x69, 0x74, 0x6F, 0x72, 0x27, 0x3B, 0x0A, 0x20, 0x20, 0x20, 0x20, 
  0x20, 0x20, 0x20, 0x20, 0x20, 0x20, 0x20, 0x20, 0x6C, 0x6F, 0x63, 0x61, 0x6C, 0x53, 0x74, 0x6F, 
  0x72, 0x61, 0x67, 0x65, 0x2E, 0x72, 0x65, 0x6D, 0x6F, 0x76, 0x65, 0x49, 0x74, 0x65, 0x6D, 0x28, 
  0x27, 0x6C, 0x61, 0x62, 0x54, 0x6F, 0x6B, 0x65, 0x6E, 0x27, 0x29, 0x3B, 0x0A, 0x20, 0x20, 0x20, 
  0x20, 0x20, 0x20, 0x20, 0x20, 0x20, 0x20, 0x20, 0x20, 0x72, 0x65, 0x6E, 0x64, 0x65, 0x72, 0x41, 
  0x75, 0x74, 0x68, 0x28, 0x29, 0x3B, 0x0A, 0x20, 0x20, 0x20, 0x20, 0x20, 0x20, 0x20, 0x20, 0x20, 
  0x20, 0x20, 0x20, 0x72, 0x65, 0x6E, 0x64, 0x65, 0x72, 0x50, 0x65, 0x72, 0x6D, 0x69, 0x73, 0x73, 
  0x69, 0x6F, 0x6E, 0x73, 0x28, 0x29, 0x3B, 0x0A, 0x20, 0x20, 0x20, 0x20, 0x20, 0x20, 0x20, 0x20, 
  0x20, 0x20, 0x7D, 0x29, 0x3B, 0x0A, 0x0A, 0x20, 0x20, 0x20, 0x20, 0x20, 0x20, 0x20, 0x20, 0x20, 
  0x20, 0x64, 0x6F, 0x63, 0x75, 0x6D, 0x65, 0x6E, 0x74, 0x2E, 0x67, 0x65, 0x74, 0x45, 0x6C, 0x65, 
  0x6D, 0x65, 0x6E, 0x74, 0x42, 0x79, 0x49, 0x64, 0x28, 0x27, 0x73, 0x61, 0x76, 0x65, 0x43, 0x6F, 
  0x6E, 0x66, 0x69, 0x67, 0x42, 0x74, 0x6E, 0x27, 0x29, 0x2E, 0x61, 0x64, 0x64, 0x45, 0x76, 0x65, 
  0x6E, 0x74, 0x4C, 0x69, 0x73, 0x74, 0x65, 0x6E, 0x65, 0x72, 0x28, 0x27, 0x63, 0x6C, 0x69, 0x63, 
  0x6B, 0x27, 0x2C, 0x20, 0x73, 0x61, 0x76, 0x65, 0x43, 0x6F, 0x6E, 0x66, 0x69, 0x67, 0x29, 0x3B, 
  0x0A, 0x20, 0x20, 0x20, 0x20, 0x20, 0x20, 0x20, 0x20, 0x20, 0x20, 0x64, 0x6F, 0x63, 0x75, 0x6D, 
  0x65, 0x6E, 0x74, 0x2E, 0x67, 0x65, 0x74, 0x45, 0x6C, 0x65, 0x6D, 0x65, 0x6E, 0x74, 0x42, 0x79, 
  0x49, 0x64, 0x28, 0x27, 0x63, 0x72, 0x65, 0x61, 0x74, 0x65, 0x55, 0x73, 0x65, 0x72, 0x42, 0x74, 
  0x6E, 0x27, 0x29, 0x2E, 0x61, 0x64, 0x64, 0x45, 0x76, 0x65, 0x6E, 0x74, 0x4C, 0x69, 0x73, 0x74, 
  0x65, 0x6E, 0x65, 0x72, 0x28, 0x27, 0x63, 0x6C, 0x69, 0x63, 0x6B, 0x27, 0x2C, 0x20, 0x63, 0x72, 
  0x65, 0x61, 0x74, 0x65, 0x55, 0x73, 0x65, 0x72, 0x29, 0x3B, 0x0A, 0x20, 0x20, 0x20, 0x20, 0x20, 
  0x20, 0x20, 0x20, 0x20, 0x20, 0x64, 0x6F, 0x63, 0x75, 0x6D, 0x65, 0x6E, 0x74, 0x2E, 0x67, 0x65, 
  0x74, 0x45, 0x6C, 0x65, 0x6D, 0x65, 0x6E, 0x74, 0x42, 0x79, 0x49, 0x64, 0x28, 0x27, 0x63, 0x68, 
  0x61, 0x6E, 0x67, 0x65, 0x50, 0x61, 0x73, 0x73, 0x77, 0x6F, 0x72, 0x64, 0x42, 0x74, 0x6E, 0x27, 
  0x29, 0x2E, 0x61, 0x64, 0x64, 0x45, 0x76, 0x65, 0x6E, 0x74, 0x4C, 0x69, 0x73, 0x74, 0x65, 0x6E, 
  0x65, 0x72, 0x28, 0x27, 0x63, 0x6C, 0x69, 0x63, 0x6B, 0x27, 0x2C, 0x20, 0x63, 0x68, 0x61, 0x6E, 
  0x67, 0x65, 0x55, 0x73, 0x65, 0x72, 0x50, 0x61, 0x73, 0x73, 0x77, 0x6F, 0x72, 0x64, 0x29, 0x3B, 
  0x0A, 0x20, 0x20, 0x20, 0x20, 0x20, 0x20, 0x20, 0x20, 0x20, 0x20, 0x64, 0x6F, 0x63, 0x75, 0x6D, 
  0x65, 0x6E, 0x74, 0x2E, 0x67, 0x65, 0x74, 0x45, 0x6C, 0x65, 0x6D, 0x65, 0x6E, 0x74, 0x42, 0x79, 
  0x49, 0x64, 0x28, 0x27, 0x73, 0x61, 0x76, 0x65, 0x56, 0x69, 0x73, 0x69, 0x74, 0x6F, 0x72, 0x41, 
  0x63, 0x63, 0x65, 0x73, 0x73, 0x42, 0x74, 0x6E, 0x27, 0x29, 0x2E, 0x61, 0x64, 0x64, 0x45, 0x76, 
  0x65, 0x6E, 0x74, 0x4C, 0x69, 0x73, 0x74, 0x65, 0x6E, 0x65, 0x72, 0x28, 0x27, 0x63, 0x6C, 0x69, 
  0x63, 0x6B, 0x27, 0x2C, 0x20, 0x73, 0x61, 0x76, 0x65, 0x56, 0x69, 0x73, 0x69, 0x74, 0x6F, 0x72, 
  0x41, 0x63, 0x63, 0x65, 0x73, 0x73, 0x29, 0x3B, 0x0A, 0x20, 0x20, 0x20, 0x20, 0x20, 0x20, 0x20, 
  0x20, 0x20, 0x20, 0x64, 0x6F, 0x63, 0x75, 0x6D, 0x65, 0x6E, 0x74, 0x2E, 0x67, 0x65, 0x74, 0x45, 
  0x6C, 0x65, 0x6D, 0x65, 0x6E, 0x74, 0x42, 0x79, 0x49, 0x64, 0x28, 0x27, 0x6E, 0x65, 0x74, 0x77, 
  0x6F, 0x72, 0x6B, 0x53, 0x65, 0x63, 0x75, 0x72, 0x69, 0x74, 0x79, 0x27, 0x29, 0x2E, 0x61, 0x64, 
  0x64, 0x45, 0x76, 0x65, 0x6E, 0x74, 0x4C, 0x69, 0x73, 0x74, 0x65, 0x6E, 0x65, 0x72, 0x28, 0x27, 
  0x63, 0x68, 0x61, 0x6E, 0x67, 0x65, 0x27, 0x2C, 0x20, 0x75, 0x70, 0x64, 0x61, 0x74, 0x65, 0x4E, 
  0x65, 0x74, 0x77, 0x6F, 0x72, 0x6B, 0x53, 0x65, 0x63, 0x75, 0x72, 0x69, 0x74, 0x79, 0x46, 0x69, 
  0x65, 0x6C, 0x64, 0x73, 0x29, 0x3B, 0x0A, 0x20, 0x20, 0x20, 0x20, 0x20, 0x20, 0x20, 0x20, 0x20, 
  0x20, 0x64, 0x6F, 0x63, 0x75, 0x6D, 0x65, 0x6E, 0x74, 0x2E, 0x67, 0x65, 0x74, 0x45, 0x6C, 0x65, 
  0x6D, 0x65, 0x6E, 0x74, 0x42, 0x79, 0x49, 0x64, 0x28, 0x27, 0x65, 0x6E, 0x74, 0x65, 0x72, 0x70, 
  0x72, 0x69, 0x73, 0x65, 0x55, 0x73, 0x65, 0x72, 0x6E, 0x61, 0x6D, 0x65, 0x27, 0x29, 0x2E, 0x61, 
  0x64, 0x64, 0x45, 0x76, 0x65, 0x6E, 0x74, 0x4C, 0x69, 0x73, 0x74, 0x65, 0x6E, 0x65, 0x72, 0x28, 
  0x27, 0x69, 0x6E, 0x70, 0x75, 0x74, 0x27, 0x2C, 0x20, 0x75, 0x70, 0x64, 0x61, 0x74, 0x65, 0x45, 
  0x6E, 0x74, 0x65, 0x72, 0x70, 0x72, 0x69, 0x73, 0x65, 0x4D, 0x65, 0x74, 0x68, 0x6F, 0x64, 0x46, 
  0x69, 0x65, 0x6C, 0x64, 0x73, 0x29, 0x3B, 0x0A, 0x20, 0x20, 0x20, 0x20, 0x20, 0x20, 0x20, 0x20, 
  0x20, 0x20, 0x64, 0x6F, 0x63, 0x75, 0x6D, 0x65, 0x6E, 0x74, 0x2E, 0x67, 0x65, 0x74, 0x45, 0x6C, 
  0x65, 0x6D, 0x65, 0x6E, 0x74, 0x42, 0x79, 0x49, 0x64, 0x28, 0x27, 0x65, 0x6E, 0x74, 0x65, 0x72, 
  0x70, 0x72, 0x69, 0x73, 0x65, 0x4D, 0x65, 0x74, 0x68, 0x6F, 0x64, 0x27, 0x29, 0x2E, 0x61, 0x64, 
  0x64, 0x45, 0x76, 0x65, 0x6E, 0x74, 0x4C, 0x69, 0x73, 0x74, 0x65, 0x6E, 0x65, 0x72, 0x28, 0x27, 
  0x63, 0x68, 0x61, 0x6E, 0x67, 0x65, 0x27, 0x2C, 0x20, 0x75, 0x70, 0x64, 0x61, 0x74, 0x65, 0x45, 
  0x6E, 0x74, 0x65, 0x72, 0x70, 0x72, 0x69, 0x73, 0x65, 0x4D, 0x65, 0x74, 0x68, 0x6F, 0x64, 0x46, 
  0x69, 0x65, 0x6C, 0x64, 0x73, 0x29, 0x3B, 0x0A, 0x20, 0x20, 0x20, 0x20, 0x20, 0x20, 0x20, 0x20, 
  0x20, 0x20, 0x64, 0x6F, 0x63, 0x75, 0x6D, 0x65, 0x6E, 0x74, 0x2E, 0x67, 0x65, 0x74, 0x45, 0x6C, 
  0x65, 0x6D, 0x65, 0x6E, 0x74, 0x42, 0x79, 0x49, 0x64, 0x28, 0x27, 0x73, 0x63, 0x61, 0x6E, 0x4E, 
  0x65, 0x74, 0x77, 0x6F, 0x72, 0x6B, 0x73, 0x42, 0x74, 0x6E, 0x27, 0x29, 0x2E, 0x61, 0x64, 0x64, 
  0x45, 0x76, 0x65, 0x6E, 0x74, 0x4C, 0x69, 0x73, 0x74, 0x65, 0x6E, 0x65, 0x72, 0x28, 0x27, 0x63, 
  0x6C, 0x69, 0x63, 0x6B, 0x27, 0x2C, 0x20, 0x73, 0x63, 0x61, 0x6E, 0x4E, 0x65, 0x74, 0x77, 0x6F, 
  0x72, 0x6B, 0x73, 0x29, 0x3B, 0x0A, 0x20, 0x20, 0x20, 0x20, 0x20, 0x20, 0x20, 0x20, 0x20, 0x20, 
  0x64, 0x6F, 0x63, 0x75, 0x6D, 0x65, 0x6E, 0x74, 0x2E, 0x67, 0x65, 0x74, 0x45, 0x6C, 0x65, 0x6D, 
  0x65, 0x6E, 0x74, 0x42, 0x79, 0x49, 0x64, 0x28, 0x27, 0x73, 0x61, 0x76, 0x65, 0x4E, 0x65, 0x74, 
  0x77, 0x6F, 0x72, 0x6B, 0x42, 0x74, 0x6E, 0x27, 0x29, 0x2E, 0x61, 0x64, 0x64, 0x45, 0x76, 0x65, 
  0x6E, 0x74, 0x4C, 0x69, 0x73, 0x74, 0x65, 0x6E, 0x65, 0x72, 0x28, 0x27, 0x63, 0x6C, 0x69, 0x63, 
  0x6B, 0x27, 0x2C, 0x20, 0x73, 0x61, 0x76, 0x65, 0x4E, 0x65, 0x74, 0x77, 0x6F, 0x72, 0x6B, 0x29, 
  0x3B, 0x0A, 0x20, 0x20, 0x20, 0x20, 0x20, 0x20, 0x20, 0x20, 0x20, 0x20, 0x64, 0x6F, 0x63, 0x75, 
  0x6D, 0x65, 0x6E, 0x74, 0x2E, 0x67, 0x65, 0x74, 0x45, 0x6C, 0x65, 0x6D, 0x65, 0x6E, 0x74, 0x42, 
  0x79, 0x49, 0x64, 0x28, 0x27, 0x64, 0x65, 0x6C, 0x65, 0x74, 0x65, 0x4E, 0x65, 0x74, 0x77, 0x6F, 
  0x72, 0x6B, 0x42, 0x74, 0x6E, 0x27, 0x29, 0x2E, 0x61, 0x64, 0x64, 0x45, 0x76, 0x65, 0x6E, 0x74, 
  0x4C, 0x69, 0x73, 0x74, 0x65, 0x6E, 0x65, 0x72, 0x28, 0x27, 0x63, 0x6C, 0x69, 0x63, 0x6B, 0x27, 
  0x2C, 0x20, 0x64, 0x65, 0x6C, 0x65, 0x74, 0x65, 0x53, 0x61, 0x76, 0x65, 0x64, 0x4E, 0x65, 0x74, 
  0x77, 0x6F, 0x72, 0x6B, 0x29, 0x3B, 0x0A, 0x20, 0x20, 0x20, 0x20, 0x20, 0x20, 0x20, 0x20, 0x20, 
  0x20, 0x64, 0x6F, 0x63, 0x75, 0x6D, 0x65, 0x6E, 0x74, 0x2E, 0x67, 0x65, 0x74, 0x45, 0x6C, 0x65, 
  0x6D, 0x65, 0x6E, 0x74, 0x42, 0x79, 0x49, 0x64, 0x28, 0x27, 0x64, 0x61, 0x73, 0x68, 0x62, 0x6F, 
  0x61, 0x72, 0x64, 0x4C, 0x69, 0x6E, 0x6B, 0x42, 0x74, 0x6E, 0x27, 0x29, 0x2E, 0x61, 0x64, 0x64, 
  0x45, 0x76, 0x65, 0x6E, 0x74, 0x4C, 0x69, 0x73, 0x74, 0x65, 0x6E, 0x65, 0x72, 0x28, 0x27, 0x63, 
  0x6C, 0x69, 0x63, 0x6B, 0x27, 0x2C, 0x20, 0x6C, 0x69, 0x6E, 0x6B, 0x44, 0x61, 0x73, 0x68, 0x62, 
  0x6F, 0x61, 0x72, 0x64, 0x29, 0x3B, 0x0A, 0x20, 0x20, 0x20, 0x20, 0x20, 0x20, 0x20, 0x20, 0x20, 
  0x20, 0x64, 0x6F, 0x63, 0x75, 0x6D, 0x65, 0x6E, 0x74, 0x2E, 0x67, 0x65, 0x74, 0x45, 0x6C, 0x65, 
  0x6D, 0x65, 0x6E, 0x74, 0x42, 0x79, 0x49, 0x64, 0x28, 0x27, 0x64, 0x61, 0x73, 0x68, 0x62, 0x6F, 
  0x61, 0x72, 0x64, 0x55, 0x6E, 0x6C, 0x69, 0x6E, 0x6B, 0x42, 0x74, 0x6E, 0x27, 0x29, 0x2E, 0x61, 
  0x64, 0x64, 0x45, 0x76, 0x65, 0x6E, 0x74, 0x4C, 0x69, 0x73, 0x74, 0x65, 0x6E, 0x65, 0x72, 0x28, 
  0x27, 0x63, 0x6C, 0x69, 0x63, 0x6B, 0x27, 0x2C, 0x20, 0x75, 0x6E, 0x6C, 0x69, 0x6E, 0x6B, 0x44, 
  0x61, 0x73, 0x68, 0x62, 0x6F, 0x61, 0x72, 0x64, 0x29, 0x3B, 0x0A, 0x20, 0x20, 0x20, 0x20, 0x20, 
  0x20, 0x20, 0x20, 0x20, 0x20, 0x64, 0x6F, 0x63, 0x75, 0x6D, 0x65, 0x6E, 0x74, 0x2E, 0x67, 0x65, 
  0x74, 0x45, 0x6C, 0x65, 0x6D, 0x65, 0x6E, 0x74, 0x42, 0x79, 0x49, 0x64, 0x28, 0x27, 0x64, 0x61, 
  0x73, 0x68, 0x62, 0x6F, 0x61, 0x72, 0x64, 0x53, 0x65, 0x72, 0x76, 0x65, 0x72, 0x55, 0x72, 0x6C, 
  0x27, 0x29, 0x2E, 0x61, 0x64, 0x64, 0x45, 0x76, 0x65, 0x6E, 0x74, 0x4C, 0x69, 0x73, 0x74, 0x65, 
  0x6E, 0x65, 0x72, 0x28, 0x27, 0x69, 0x6E, 0x70, 0x75, 0x74, 0x27, 0x2C, 0x20, 0x75, 0x70, 0x64, 
  0x61, 0x74, 0x65, 0x44, 0x61, 0x73, 0x68, 0x62, 0x6F, 0x61, 0x72, 0x64, 0x54, 0x72, 0x61, 0x6E, 
  0x73, 0x70, 0x6F, 0x72, 0x74, 0x43, 0x68, 0x6F, 0x69, 0x63, 0x65, 0x29, 0x3B, 0x0A, 0x20, 0x20, 
  0x20, 0x20, 0x20, 0x20, 0x20, 0x20, 0x20, 0x20, 0x64, 0x6F, 0x63, 0x75, 0x6D, 0x65, 0x6E, 0x74, 
  0x2E, 0x67, 0x65, 0x74, 0x45, 0x6C, 0x65, 0x6D, 0x65, 0x6E, 0x74, 0x42, 0x79, 0x49, 0x64, 0x28, 
  0x27, 0x73, 0x61, 0x76, 0x65, 0x55, 0x73, 0x65, 0x72, 0x50, 0x65, 0x72, 0x6D, 0x42, 0x74, 0x6E, 
  0x27, 0x29, 0x2E, 0x61, 0x64, 0x64, 0x45, 0x76, 0x65, 0x6E, 0x74, 0x4C, 0x69, 0x73, 0x74, 0x65, 
  0x6E, 0x65, 0x72, 0x28, 0x27, 0x63, 0x6C, 0x69, 0x63, 0x6B, 0x27, 0x2C, 0x20, 0x73, 0x61, 0x76, 
  0x65, 0x43, 0x6F, 0x6E, 0x66, 0x69, 0x67, 0x29, 0x3B, 0x0A, 0x20, 0x20, 0x20, 0x20, 0x20, 0x20, 
  0x20, 0x20, 0x20, 0x20, 0x64, 0x6F, 0x63, 0x75, 0x6D, 0x65, 0x6E, 0x74, 0x2E, 0x67, 0x65, 0x74, 
  0x45, 0x6C, 0x65, 0x6D, 0x65, 0x6E, 0x74, 0x42, 0x79, 0x49, 0x64, 0x28, 0x27, 0x62, 0x61, 0x63, 
  0x6B, 0x75, 0x70, 0x43, 0x6F, 0x6E, 0x66, 0x69, 0x67, 0x42, 0x74, 0x6E, 0x27, 0x29, 0x2E, 0x61, 
  0x64, 0x64, 0x45, 0x76, 0x65, 0x6E, 0x74, 0x4C, 0x69, 0x73, 0x74, 0x65, 0x6E, 0x65, 0x72, 0x28, 
  0x27, 0x63, 0x6C, 0x69, 0x63, 0x6B, 0x27, 0x2C, 0x20, 0x28, 0x29, 0x20, 0x3D, 0x3E, 0x20, 0x7B, 
  0x0A, 0x20, 0x20, 0x20, 0x20, 0x20, 0x20, 0x20, 0x20, 0x20, 0x20, 0x20, 0x20, 0x72, 0x65, 0x71, 
  0x75, 0x65, 0x73, 0x74, 0x28, 0x27, 0x2F, 0x61, 0x70, 0x69, 0x2F, 0x62, 0x61, 0x63, 0x6B, 0x75, 
  0x70, 0x27, 0x29, 0x2E, 0x74, 0x68, 0x65, 0x6E, 0x28, 0x28, 0x62, 0x61, 0x63, 0x6B, 0x75, 0x70, 
  0x29, 0x20, 0x3D, 0x3E, 0x20, 0x7B, 0x0A, 0x20, 0x20, 0x20, 0x20, 0x20, 0x20, 0x20, 0x20, 0x20, 
  0x20, 0x20, 0x20, 0x20, 0x20, 0x63, 0x6F, 0x6E, 0x73, 0x74, 0x20, 0x62, 0x6C, 0x6F, 0x62, 0x20, 
  0x3D, 0x20, 0x6E, 0x65, 0x77, 0x20, 0x42, 0x6C, 0x6F, 0x62, 0x28, 0x5B, 0x4A, 0x53, 0x4F, 0x4E, 
  0x2E, 0x73, 0x74, 0x72, 0x69, 0x6E, 0x67, 0x69, 0x66, 0x79, 0x28, 0x62, 0x61, 0x63, 0x6B, 0x75, 
  0x70, 0x2C, 0x20, 0x6E, 0x75, 0x6C, 0x6C, 0x2C, 0x20, 0x32, 0x29, 0x5D, 0x2C, 0x20, 0x7B, 0x20, 
  0x74, 0x79, 0x70, 0x65, 0x3A, 0x20, 0x27, 0x61, 0x70, 0x70, 0x6C, 0x69, 0x63, 0x61, 0x74, 0x69, 
  0x6F, 0x6E, 0x2F, 0x6A, 0x73, 0x6F, 0x6E, 0x27, 0x20, 0x7D, 0x29, 0x3B, 0x0A, 0x20, 0x20, 0x20, 
  0x20, 0x20, 0x20, 0x20, 0x20, 0x20, 0x20, 0x20, 0x20, 0x20, 0x20, 0x63, 0x6F, 0x6E, 0x73, 0x74, 
  0x20, 0x61, 0x20, 0x3D, 0x20, 0x64, 0x6F, 0x63, 0x75, 0x6D, 0x65, 0x6E, 0x74, 0x2E, 0x63, 0x72, 
  0x65, 0x61, 0x74, 0x65, 0x45, 0x6C, 0x65, 0x6D, 0x65, 0x6E, 0x74, 0x28, 0x27, 0x61, 0x27, 0x29, 
  0x3B, 0x0A, 0x20, 0x20, 0x20, 0x20, 0x20, 0x20, 0x20, 0x20, 0x20, 0x20, 0x20, 0x20, 0x20, 0x20, 
  0x61, 0x2E, 0x68, 0x72, 0x65, 0x66, 0x20, 0x3D, 0x20, 0x55, 0x52, 0x4C, 0x2E, 0x63, 0x72, 0x65, 
  0x61, 0x74, 0x65, 0x4F, 0x62, 0x6A, 0x65, 0x63, 0x74, 0x55, 0x52, 0x4C, 0x28, 0x62, 0x6C, 0x6F, 
  0x62, 0x29, 0x3B, 0x0A, 0x20, 0x20, 0x20, 0x20, 0x20, 0x20, 0x20, 0x20, 0x20, 0x20, 0x20, 0x20, 
  0x20, 0x20, 0x61, 0x2E, 0x64, 0x6F, 0x77, 0x6E, 0x6C, 0x6F, 0x61, 0x64, 0x20, 0x3D, 0x20, 0x27, 
  0x62, 0x61, 0x63, 0x6B, 0x75, 0x70, 0x2D, 0x6D, 0x6F, 0x6E, 0x69, 0x74, 0x6F, 0x72, 0x2D, 0x6C, 
  0x61, 0x62, 0x2E, 0x6A, 0x73, 0x6F, 0x6E, 0x27, 0x3B, 0x0A, 0x20, 0x20, 0x20, 0x20, 0x20, 0x20, 
  0x20, 0x20, 0x20, 0x20, 0x20, 0x20, 0x20, 0x20, 0x61, 0x2E, 0x63, 0x6C, 0x69, 0x63, 0x6B, 0x28, 
  0x29, 0x3B, 0x0A, 0x20, 0x20, 0x20, 0x20, 0x20, 0x20, 0x20, 0x20, 0x20, 0x20, 0x20, 0x20, 0x20, 
  0x20, 0x55, 0x52, 0x4C, 0x2E, 0x72, 0x65, 0x76, 0x6F, 0x6B, 0x65, 0x4F, 0x62, 0x6A, 0x65, 0x63, 
  0x74, 0x55, 0x52, 0x4C, 0x28, 0x61, 0x2E, 0x68, 0x72, 0x65, 0x66, 0x29, 0x3B, 0x0A, 0x20, 0x20, 
  0x20, 0x20, 0x20, 0x20, 0x20, 0x20, 0x20, 0x20, 0x20, 0x20, 0x20, 0x20, 0x64, 0x6F, 0x63, 0x75, 
  0x6D, 0x65, 0x6E, 0x74, 0x2E, 0x67, 0x65, 0x74, 0x45, 0x6C, 0x65, 0x6D, 0x65, 0x6E, 0x74, 0x42, 
  0x79, 0x49, 0x64, 0x28, 0x27, 0x6D, 0x61, 0x69, 0x6E, 0x74, 0x65, 0x6E, 0x61, 0x6E, 0x63, 0x65, 
  0x4D, 0x65, 0x73, 0x73, 0x61, 0x67, 0x65, 0x27, 0x29, 0x2E, 0x74, 0x65, 0x78, 0x74, 0x43, 0x6F, 
  0x6E, 0x74, 0x65, 0x6E, 0x74, 0x20, 0x3D, 0x20, 0x27, 0x42, 0x61, 0x63, 0x6B, 0x75, 0x70, 0x20, 
  0x63, 0x72, 0x69, 0x61, 0x64, 0x6F, 0x20, 0x63, 0x6F, 0x6D, 0x20, 0x73, 0x75, 0x63, 0x65, 0x73, 
  0x73, 0x6F, 0x2E, 0x27, 0x3B, 0x0A, 0x20, 0x20, 0x20, 0x20, 0x20, 0x20, 0x20, 0x20, 0x20, 0x20, 
  0x20, 0x20, 0x7D, 0x29, 0x2E, 0x63, 0x61, 0x74, 0x63, 0x68, 0x28, 0x28, 0x65, 0x72, 0x72, 0x6F, 
  0x72, 0x29, 0x20, 0x3D, 0x3E, 0x20, 0x7B, 0x0A, 0x20, 0x20, 0x20, 0x20, 0x20, 0x20, 0x20, 0x20, 
  0x20, 0x20, 0x20, 0x20, 0x20, 0x20, 0x64, 0x6F, 0x63, 0x75, 0x6D, 0x65, 0x6E, 0x74, 0x2E, 0x67, 
  0x65, 0x74, 0x45, 0x6C, 0x65, 0x6D, 0x65, 0x6E, 0x74, 0x42, 0x79, 0x49, 0x64, 0x28, 0x27, 0x6D, 
  0x61, 0x69, 0x6E, 0x74, 0x65, 0x6E, 0x61, 0x6E, 0x63, 0x65, 0x4D, 0x65, 0x73, 0x73, 0x61, 0x67, 
  0x65, 0x27, 0x29, 0x2E, 0x74, 0x65, 0x78, 0x74, 0x43, 0x6F, 0x6E, 0x74, 0x65, 0x6E, 0x74, 0x20, 
  0x3D, 0x20, 0x65, 0x72, 0x72, 0x6F, 0x72, 0x2E, 0x6D, 0x65, 0x73, 0x73, 0x61, 0x67, 0x65, 0x20, 
  0x7C, 0x7C, 0x20, 0x27, 0x4E, 0x5C, 0x75, 0x30, 0x30, 0x45, 0x33, 0x6F, 0x20, 0x66, 0x6F, 0x69, 
  0x20, 0x70, 0x6F, 0x73, 0x73, 0x5C, 0x75, 0x30, 0x30, 0x45, 0x44, 0x76, 0x65, 0x6C, 0x20, 0x63, 
  0x72, 0x69, 0x61, 0x72, 0x20, 0x6F, 0x20, 0x62, 0x61, 0x63, 0x6B, 0x75, 0x70, 0x2E, 0x27, 0x3B, 
  0x0A, 0x20, 0x20, 0x20, 0x20, 0x20, 0x20, 0x20, 0x20, 0x20, 0x20, 0x20, 0x20, 0x7D, 0x29, 0x3B, 
  0x0A, 0x20, 0x20, 0x20, 0x20, 0x20, 0x20, 0x20, 0x20, 0x20, 0x20, 0x7D, 0x29, 0x3B, 0x0A, 0x20, 
  0x20, 0x20, 0x20, 0x20, 0x20, 0x20, 0x20, 0x20, 0x20, 0x64, 0x6F, 0x63, 0x75, 0x6D, 0x65, 0x6E, 
  0x74, 0x2E, 0x67, 0x65, 0x74, 0x45, 0x6C, 0x65, 0x6D, 0x65, 0x6E, 0x74, 0x42, 0x79, 0x49, 0x64, 
  0x28, 0x27, 0x72, 0x65, 0x73, 0x74, 0x6F, 0x72, 0x65, 0x43, 0x6F, 0x6E, 0x66, 0x69, 0x67, 0x42, 
  0x74, 0x6E, 0x27, 0x29, 0x2E, 0x61, 0x64, 0x64, 0x45, 0x76, 0x65, 0x6E, 0x74, 0x4C, 0x69, 0x73, 
  0x74, 0x65, 0x6E, 0x65, 0x72, 0x28, 0x27, 0x63, 0x6C, 0x69, 0x63, 0x6B, 0x27, 0x2C, 0x20, 0x61, 
  0x73, 0x79, 0x6E, 0x63, 0x20, 0x28, 0x29, 0x20, 0x3D, 0x3E, 0x20, 0x7B, 0x0A, 0x20, 0x20, 0x20, 
  0x20, 0x20, 0x20, 0x20, 0x20, 0x20, 0x20, 0x20, 0x20, 0x63, 0x6F, 0x6E, 0x73, 0x74, 0x20, 0x69, 
  0x6E, 0x70, 0x75, 0x74, 0x20, 0x3D, 0x20, 0x64, 0x6F, 0x63, 0x75, 0x6D, 0x65, 0x6E, 0x74, 0x2E, 
  0x67, 0x65, 0x74, 0x45, 0x6C, 0x65, 0x6D, 0x65, 0x6E, 0x74, 0x42, 0x79, 0x49, 0x64, 0x28, 0x27, 
  0x72, 0x65, 0x73, 0x74, 0x6F, 0x72, 0x65, 0x43, 0x6F, 0x6E, 0x66, 0x69, 0x67, 0x49, 0x6E, 0x70, 
  0x75, 0x74, 0x27, 0x29, 0x3B, 0x0A, 0x20, 0x20, 0x20, 0x20, 0x20, 0x20, 0x20, 0x20, 0x20, 0x20, 
  0x20, 0x20, 0x63, 0x6F, 0x6E, 0x73, 0x74, 0x20, 0x6D, 0x65, 0x73, 0x73, 0x61, 0x67, 0x65, 0x20, 
  0x3D, 0x20, 0x64, 0x6F, 0x63, 0x75, 0x6D, 0x65, 0x6E, 0x74, 0x2E, 0x67, 0x65, 0x74, 0x45, 0x6C, 
  0x65, 0x6D, 0x65, 0x6E, 0x74, 0x42, 0x79, 0x49, 0x64, 0x28, 0x27, 0x6D, 0x61, 0x69, 0x6E, 0x74, 
  0x65, 0x6E, 0x61, 0x6E, 0x63, 0x65, 0x4D, 0x65, 0x73, 0x73, 0x61, 0x67, 0x65, 0x27, 0x29, 0x3B, 
  0x0A, 0x20, 0x20, 0x20, 0x20, 0x20, 0x20, 0x20, 0x20, 0x20, 0x20, 0x20, 0x20, 0x69, 0x66, 0x20, 
  0x28, 0x21, 0x69, 0x6E, 0x70, 0x75, 0x74, 0x2E, 0x66, 0x69, 0x6C, 0x65, 0x73, 0x2E, 0x6C, 0x65, 
  0x6E, 0x67, 0x74, 0x68, 0x29, 0x20, 0x7B, 0x0A, 0x20, 0x20, 0x20, 0x20, 0x20, 0x20, 0x20, 0x20, 
  0x20, 0x20, 0x20, 0x20, 0x20, 0x20, 0x6D, 0x65, 0x73, 0x73, 0x61, 0x67, 0x65, 0x2E, 0x74, 0x65, 
  0x78, 0x74, 0x43, 0x6F, 0x6E, 0x74, 0x65, 0x6E, 0x74, 0x20, 0x3D, 0x20, 0x27, 0x53, 0x65, 0x6C, 
  0x65, 0x63, 0x69, 0x6F, 0x6E, 0x65, 0x20, 0x75, 0x6D, 0x20, 0x61, 0x72, 0x71, 0x75, 0x69, 0x76, 
  0x6F, 0x20, 0x64, 0x65, 0x20, 0x62, 0x61, 0x63, 0x6B, 0x75, 0x70, 0x20, 0x70, 0x72, 0x69, 0x6D, 
  0x65, 0x69, 0x72, 0x6F, 0x2E, 0x27, 0x3B, 0x0A, 0x20, 0x20, 0x20, 0x20, 0x20, 0x20, 0x20, 0x20, 
  0x20, 0x20, 0x20, 0x20, 0x20, 0x20, 0x72, 0x65, 0x74, 0x75, 0x72, 0x6E, 0x3B, 0x0A, 0x20, 0x20, 
  0x20, 0x20, 0x20, 0x20, 0x20, 0x20, 0x20, 0x20, 0x20, 0x20, 0x7D, 0x0A, 0x20, 0x20, 0x20, 0x20, 
  0x20, 0x20, 0x20, 0x20, 0x20, 0x20, 0x20, 0x20, 0x74, 0x72, 0x79, 0x20, 0x7B, 0x0A, 0x20, 0x20, 
  0x20, 0x20, 0x20, 0x20, 0x20, 0x20, 0x20, 0x20, 0x20, 0x20, 0x20, 0x20, 0x63, 0x6F, 0x6E, 0x73, 
  0x74, 0x20, 0x62, 0x61, 0x63, 0x6B, 0x75, 0x70, 0x20, 0x3D, 0x20, 0x61, 0x77, 0x61, 0x69, 0x74, 
  0x20, 0x69, 0x6E, 0x70, 0x75, 0x74, 0x2E, 0x66, 0x69, 0x6C, 0x65, 0x73, 0x5B, 0x30, 0x5D, 0x2E, 
  0x74, 0x65, 0x78, 0x74, 0x28, 0x29, 0x3B, 0x0A, 0x20, 0x20, 0x20, 0x20, 0x20, 0x20, 0x20, 0x20, 
  0x20, 0x20, 0x20, 0x20, 0x20, 0x20, 0x63, 0x6F, 0x6E, 0x73, 0x74, 0x20, 0x72, 0x65, 0x73, 0x75, 
  0x6C, 0x74, 0x20, 0x3D, 0x20, 0x61, 0x77, 0x61, 0x69, 0x74, 0x20, 0x72, 0x65, 0x71, 0x75, 0x65, 
  0x73, 0x74, 0x28, 0x27, 0x2F, 0x61, 0x70, 0x69, 0x2F, 0x62, 0x61, 0x63, 0x6B, 0x75, 0x70, 0x2F, 
  0x72, 0x65, 0x73, 0x74, 0x6F, 0x72, 0x65, 0x27, 0x2C, 0x20, 0x7B, 0x0A, 0x20, 0x20, 0x20, 0x20, 
  0x20, 0x20, 0x20, 0x20, 0x20, 0x20, 0x20, 0x20, 0x20, 0x20, 0x20, 0x20, 0x6D, 0x65, 0x74, 0x68, 
  0x6F, 0x64, 0x3A, 0x20, 0x27, 0x50, 0x4F, 0x53, 0x54, 0x27, 0x2C, 0x0A, 0x20, 0x20, 0x20, 0x20, 
  0x20, 0x20, 0x20, 0x20, 0x20, 0x20, 0x20, 0x20, 0x20, 0x20, 0x20, 0x20, 0x68, 0x65, 0x61, 0x64, 
  0x65, 0x72, 0x73, 0x3A, 0x20, 0x7B, 0x20, 0x27, 0x43, 0x6F, 0x6E, 0x74, 0x65, 0x6E, 0x74, 0x2D, 
  0x54, 0x79, 0x70, 0x65, 0x27, 0x3A, 0x20, 0x27, 0x61, 0x70, 0x70, 0x6C, 0x69, 0x63, 0x61, 0x74, 
  0x69, 0x6F, 0x6E, 0x2F, 0x6A, 0x73, 0x6F, 0x6E, 0x27, 0x20, 0x7D, 0x2C, 0x0A, 0x20, 0x20, 0x20, 
  0x20, 0x20, 0x20, 0x20, 0x20, 0x20, 0x20, 0x20, 0x20, 0x20, 0x20, 0x20, 0x20, 0x62, 0x6F, 0x64, 
  0x79, 0x3A, 0x20, 0x62, 0x61, 0x63, 0x6B, 0x75, 0x70, 0x0A, 0x20, 0x20, 0x20, 0x20, 0x20, 0x20, 
  0x20, 0x20, 0x20, 0x20, 0x20, 0x20, 0x20, 0x20, 0x7D, 0x29, 0x3B, 0x0A, 0x20, 0x20, 0x20, 0x20, 
  0x20, 0x20, 0x20, 0x20, 0x20, 0x20, 0x20, 0x20, 0x20, 0x20, 0x6D, 0x65, 0x73, 0x73, 0x61, 0x67, 
  0x65, 0x2E, 0x74, 0x65, 0x78, 0x74, 0x43, 0x6F, 0x6E, 0x74, 0x65, 0x6E, 0x74, 0x20, 0x3D, 0x20, 
  0x72, 0x65, 0x73, 0x75, 0x6C, 0x74, 0x2E, 0x6D, 0x65, 0x73, 0x73, 0x61, 0x67, 0x65, 0x20, 0x7C, 
  0x7C, 0x20, 0x27, 0x42, 0x61, 0x63, 0x6B, 0x75, 0x70, 0x20, 0x72, 0x65, 0x73, 0x74, 0x61, 0x75, 
  0x72, 0x61, 0x64, 0x6F, 0x2E, 0x27, 0x3B, 0x0A, 0x20, 0x20, 0x20, 0x20, 0x20, 0x20, 0x20, 0x20, 
  0x20, 0x20, 0x20, 0x20, 0x20, 0x20, 0x61, 0x77, 0x61, 0x69, 0x74, 0x20, 0x6C, 0x6F, 0x61, 0x64, 
  0x43, 0x6F, 0x6E, 0x66, 0x69, 0x67, 0x28, 0x29, 0x3B, 0x0A, 0x20, 0x20, 0x20, 0x20, 0x20, 0x20, 
  0x20, 0x20, 0x20, 0x20, 0x20, 0x20, 0x7D, 0x20, 0x63, 0x61, 0x74, 0x63, 0x68, 0x20, 0x28, 0x65, 
  0x72, 0x72, 0x6F, 0x72, 0x29, 0x20, 0x7B, 0x0A, 0x20, 0x20, 0x20, 0x20, 0x20, 0x20, 0x20, 0x20, 
  0x20, 0x20, 0x20, 0x20, 0x20, 0x20, 0x6D, 0x65, 0x73, 0x73, 0x61, 0x67, 0x65, 0x2E, 0x74, 0x65, 
  0x78, 0x74, 0x43, 0x6F, 0x6E, 0x74, 0x65, 0x6E, 0x74, 0x20, 0x3D, 0x20, 0x65, 0x72, 0x72, 0x6F, 
  0x72, 0x2E, 0x6D, 0x65, 0x73, 0x73, 0x61, 0x67, 0x65, 0x20, 0x7C, 0x7C, 0x20, 0x27, 0x4E, 0x5C, 
  0x75, 0x30, 0x30, 0x45, 0x33, 0x6F, 0x20, 0x66, 0x6F, 0x69, 0x20, 0x70, 0x6F, 0x73, 0x73, 0x5C, 
  0x75, 0x30, 0x30, 0x45, 0x44, 0x76, 0x65, 0x6C, 0x20, 0x72, 0x65, 0x73, 0x74, 0x61, 0x75, 0x72, 
  0x61, 0x72, 0x20, 0x6F, 0x20, 0x62, 0x61, 0x63, 0x6B, 0x75, 0x70, 0x2E, 0x27, 0x3B, 0x0A, 0x20, 
  0x20, 0x20, 0x20, 0x20, 0x20, 0x20, 0x20, 0x20, 0x20, 0x20, 0x20, 0x7D, 0x0A, 0x20, 0x20, 0x20, 
  0x20, 0x20, 0x20, 0x20, 0x20, 0x20, 0x20, 0x7D, 0x29, 0x3B, 0x0A, 0x20, 0x20, 0x20, 0x20, 0x20, 
  0x20, 0x20, 0x20, 0x20, 0x20, 0x64, 0x6F, 0x63, 0x75, 0x6D, 0x65, 0x6E, 0x74, 0x2E, 0x67, 0x65, 
  0x74, 0x45, 0x6C, 0x65, 0x6D, 0x65, 0x6E, 0x74, 0x42, 0x79, 0x49, 0x64, 0x28, 0x27, 0x66, 0x61, 
  0x63, 0x74, 0x6F, 0x72, 0x79, 0x52, 0x65, 0x73, 0x65, 0x74, 0x42, 0x74, 0x6E, 0x27, 0x29, 0x2E, 
  0x61, 0x64, 0x64, 0x45, 0x76, 0x65, 0x6E, 0x74, 0x4C, 0x69, 0x73, 0x74, 0x65, 0x6E, 0x65, 0x72, 
  0x28, 0x27, 0x63, 0x6C, 0x69, 0x63, 0x6B, 0x27, 0x2C, 0x20, 0x61, 0x73, 0x79, 0x6E, 0x63, 0x20, 
  0x28, 0x29, 0x20, 0x3D, 0x3E, 0x20, 0x7B, 0x0A, 0x20, 0x20, 0x20, 0x20, 0x20, 0x20, 0x20, 0x20, 
  0x20, 0x20, 0x20, 0x20, 0x69, 0x66, 0x20, 0x28, 0x21, 0x77, 0x69, 0x6E, 0x64, 0x6F, 0x77, 0x2E, 
  0x63, 0x6F, 0x6E, 0x66, 0x69, 0x72, 0x6D, 0x28, 0x27, 0x52, 0x65, 0x73, 0x65, 0x74, 0x61, 0x72, 
  0x20, 0x6F, 0x20, 0x61, 0x70, 0x61, 0x72, 0x65, 0x6C, 0x68, 0x6F, 0x20, 0x70, 0x61, 0x72, 0x61, 
  0x20, 0x6F, 0x73, 0x20, 0x70, 0x61, 0x64, 0x72, 0x5C, 0x75, 0x30, 0x30, 0x46, 0x35, 0x65, 0x73, 
  0x20, 0x64, 0x65, 0x20, 0x66, 0x5C, 0x75, 0x30, 0x30, 0x45, 0x31, 0x62, 0x72, 0x69, 0x63, 0x61, 
  0x3F, 0x20, 0x41, 0x20, 0x72, 0x65, 0x64, 0x65, 0x20, 0x73, 0x61, 0x6C, 0x76, 0x61, 0x20, 0x73, 
  0x65, 0x72, 0x5C, 0x75, 0x30, 0x30, 0x45, 0x31, 0x20, 0x61, 0x70, 0x61, 0x67, 0x61, 0x64, 0x61, 
  0x2E, 0x27, 0x29, 0x29, 0x20, 0x72, 0x65, 0x74, 0x75, 0x72, 0x6E, 0x3B, 0x0A, 0x20, 0x20, 0x20, 
  0x20, 0x20, 0x20, 0x20, 0x20, 0x20, 0x20, 0x20, 0x20, 0x74, 0x72, 0x79, 0x20, 0x7B, 0x0A, 0x20, 
  0x20, 0x20, 0x20, 0x20, 0x20, 0x20, 0x20, 0x20, 0x20, 0x20, 0x20, 0x20, 0x20, 0x63, 0x6F, 0x6E, 
  0x73, 0x74, 0x20, 0x72, 0x65, 0x73, 0x75, 0x6C, 0x74, 0x20, 0x3D, 0x20, 0x61, 0x77, 0x61, 0x69, 
  0x74, 0x20, 0x72, 0x65, 0x71, 0x75, 0x65, 0x73, 0x74, 0x28, 0x27, 0x2F, 0x61, 0x70, 0x69, 0x2F, 
  0x66, 0x61, 0x63, 0x74, 0x6F, 0x72, 0x79, 0x2D, 0x72, 0x65, 0x73, 0x65, 0x74, 0x27, 0x2C, 0x20, 
  0x7B, 0x20, 0x6D, 0x65, 0x74, 0x68, 0x6F, 0x64, 0x3A, 0x20, 0x27, 0x50, 0x4F, 0x53, 0x54, 0x27, 
  0x20, 0x7D, 0x29, 0x3B, 0x0A, 0x20, 0x20, 0x20, 0x20, 0x20, 0x20, 0x20, 0x20, 0x20, 0x20, 0x20, 
  0x20, 0x20, 0x20, 0x64, 0x6F, 0x63, 0x75, 0x6D, 0x65, 0x6E, 0x74, 0x2E, 0x67, 0x65, 0x74, 0x45, 
  0x6C, 0x65, 0x6D, 0x65, 0x6E, 0x74, 0x42, 0x79, 0x49, 0x64, 0x28, 0x27, 0x6D, 0x61, 0x69, 0x6E, 
  0x74, 0x65, 0x6E, 0x61, 0x6E, 0x63, 0x65, 0x4D, 0x65, 0x73, 0x73, 0x61, 0x67, 0x65, 0x27, 0x29, 
  0x2E, 0x74, 0x65, 0x78, 0x74, 0x43, 0x6F, 0x6E, 0x74, 0x65, 0x6E, 0x74, 0x20, 0x3D, 0x20, 0x72, 
  0x65, 0x73, 0x75, 0x6C, 0x74, 0x2E, 0x6D, 0x65, 0x73, 0x73, 0x61, 0x67, 0x65, 0x20, 0x7C, 0x7C, 
  0x20, 0x27, 0x52, 0x65, 0x73, 0x65, 0x74, 0x20, 0x65, 0x78, 0x65, 0x63, 0x75, 0x74, 0x61, 0x64, 
  0x6F, 0x2E, 0x27, 0x3B, 0x0A, 0x20, 0x20, 0x20, 0x20, 0x20, 0x20, 0x20, 0x20, 0x20, 0x20, 0x20, 
  0x20, 0x7D, 0x20, 0x63, 0x61, 0x74, 0x63, 0x68, 0x20, 0x28, 0x65, 0x72, 0x72, 0x6F, 0x72, 0x29, 
  0x20, 0x7B, 0x0A, 0x20, 0x20, 0x20, 0x20, 0x20, 0x20, 0x20, 0x20, 0x20, 0x20, 0x20, 0x20, 0x20, 
  0x20, 0x64, 0x6F, 0x63, 0x75, 0x6D, 0x65, 0x6E, 0x74, 0x2E, 0x67, 0x65, 0x74, 0x45, 0x6C, 0x65, 
  0x6D, 0x65, 0x6E, 0x74, 0x42, 0x79, 0x49, 0x64, 0x28, 0x27, 0x6D, 0x61, 0x69, 0x6E, 0x74, 0x65, 
  0x6E, 0x61, 0x6E, 0x63, 0x65, 0x4D, 0x65, 0x73, 0x73, 0x61, 0x67, 0x65, 0x27, 0x29, 0x2E, 0x74, 
  0x65, 0x78, 0x74, 0x43, 0x6F, 0x6E, 0x74, 0x65, 0x6E, 0x74, 0x20, 0x3D, 0x20, 0x65, 0x72, 0x72, 
  0x6F, 0x72, 0x2E, 0x6D, 0x65, 0x73, 0x73, 0x61, 0x67, 0x65, 0x20, 0x7C, 0x7C, 0x20, 0x27, 0x4E, 
  0x5C, 0x75, 0x30, 0x30, 0x45, 0x33, 0x6F, 0x20, 0x66, 0x6F, 0x69, 0x20, 0x70, 0x6F, 0x73, 0x73, 
  0x5C, 0x75, 0x30, 0x30, 0x45, 0x44, 0x76, 0x65, 0x6C, 0x20, 0x65, 0x78, 0x65, 0x63, 0x75, 0x74, 
  0x61, 0x72, 0x20, 0x6F, 0x20, 0x72, 0x65, 0x73, 0x65, 0x74, 0x2E, 0x27, 0x3B, 0x0A, 0x20, 0x20, 
  0x20, 0x20, 0x20, 0x20, 0x20, 0x20, 0x20, 0x20, 0x20, 0x20, 0x7D, 0x0A, 0x20, 0x20, 0x20, 0x20, 
  0x20, 0x20, 0x20, 0x20, 0x20, 0x20, 0x7D, 0x29, 0x3B, 0x0A, 0x20, 0x20, 0x20, 0x20, 0x20, 0x20, 
  0x20, 0x20, 0x20, 0x20, 0x64, 0x6F, 0x63, 0x75, 0x6D, 0x65, 0x6E, 0x74, 0x2E, 0x67, 0x65, 0x74, 
  0x45, 0x6C, 0x65, 0x6D, 0x65, 0x6E, 0x74, 0x42, 0x79, 0x49, 0x64, 0x28, 0x27, 0x73, 0x79, 0x6E, 
  0x63, 0x54, 0x69, 0x6D, 0x65, 0x42, 0x74, 0x6E, 0x27, 0x29, 0x2E, 0x61, 0x64, 0x64, 0x45, 0x76, 
  0x65, 0x6E, 0x74, 0x4C, 0x69, 0x73, 0x74, 0x65, 0x6E, 0x65, 0x72, 0x28, 0x27, 0x63, 0x6C, 0x69, 
  0x63, 0x6B, 0x27, 0x2C, 0x20, 0x61, 0x73, 0x79, 0x6E, 0x63, 0x20, 0x28, 0x29, 0x20, 0x3D, 0x3E, 
  0x20, 0x7B, 0x0A, 0x20, 0x20, 0x20, 0x20, 0x20, 0x20, 0x20, 0x20, 0x20, 0x20, 0x20, 0x20, 0x74, 
  0x72, 0x79, 0x20, 0x7B, 0x0A, 0x20, 0x20, 0x20, 0x20, 0x20, 0x20, 0x20, 0x20, 0x20, 0x20, 0x20, 
  0x20, 0x20, 0x20, 0x63, 0x6F, 0x6E, 0x73, 0x74, 0x20, 0x64, 0x61, 0x74, 0x61, 0x20, 0x3D, 0x20, 
  0x61, 0x77, 0x61, 0x69, 0x74, 0x20, 0x72, 0x65, 0x71, 0x75, 0x65, 0x73, 0x74, 0x28, 0x27, 0x2F, 
  0x61, 0x70, 0x69, 0x2F, 0x74, 0x69, 0x6D, 0x65, 0x27, 0x29, 0x3B, 0x0A, 0x20, 0x20, 0x20, 0x20, 
  0x20, 0x20, 0x20, 0x20, 0x20, 0x20, 0x20, 0x20, 0x20, 0x20, 0x69, 0x66, 0x20, 0x28, 0x21, 0x64, 
  0x61, 0x74, 0x61, 0x2E, 0x64, 0x61, 0x74, 0x65, 0x74, 0x69, 0x6D, 0x65, 0x29, 0x20, 0x74, 0x68, 
  0x72, 0x6F, 0x77, 0x20, 0x6E, 0x65, 0x77, 0x20, 0x45, 0x72, 0x72, 0x6F, 0x72, 0x28, 0x27, 0x4F, 
  0x20, 0x73, 0x65, 0x72, 0x76, 0x69, 0x64, 0x6F, 0x72, 0x20, 0x6E, 0x5C, 0x75, 0x30, 0x30, 0x45, 
  0x33, 0x6F, 0x20, 0x72, 0x65, 0x74, 0x6F, 0x72, 0x6E, 0x6F, 0x75, 0x20, 0x75, 0x6D, 0x61, 0x20, 
  0x64, 0x61, 0x74, 0x61, 0x20, 0x76, 0x5C, 0x75, 0x30, 0x30, 0x45, 0x31, 0x6C, 0x69, 0x64, 0x61, 
  0x2E, 0x27, 0x29, 0x3B, 0x0A, 0x20, 0x20, 0x20, 0x20, 0x20, 0x20, 0x20, 0x20, 0x20, 0x20, 0x20, 
  0x20, 0x20, 0x20, 0x64, 0x6F, 0x63, 0x75, 0x6D, 0x65, 0x6E, 0x74, 0x2E, 0x67, 0x65, 0x74, 0x45, 
  0x6C, 0x65, 0x6D, 0x65, 0x6E, 0x74, 0x42, 0x79, 0x49, 0x64, 0x28, 0x27, 0x6D, 0x61, 0x6E, 0x75, 
  0x61, 0x6C, 0x44, 0x61, 0x74, 0x65, 0x54, 0x69, 0x6D, 0x65, 0x27, 0x29, 0x2E, 0x76, 0x61, 0x6C, 
  0x75, 0x65, 0x20, 0x3D, 0x20, 0x64, 0x61, 0x74, 0x61, 0x2E, 0x64, 0x61, 0x74, 0x65, 0x74, 0x69, 
  0x6D, 0x65, 0x3B, 0x0A, 0x20, 0x20, 0x20, 0x20, 0x20, 0x20, 0x20, 0x20, 0x20, 0x20, 0x20, 0x20, 
  0x20, 0x20, 0x64, 0x6F, 0x63, 0x75, 0x6D, 0x65, 0x6E, 0x74, 0x2E, 0x67, 0x65, 0x74, 0x45, 0x6C, 
  0x65, 0x6D, 0x65, 0x6E, 0x74, 0x42, 0x79, 0x49, 0x64, 0x28, 0x27, 0x74, 0x69, 0x6D, 0x65, 0x53, 
  0x6F, 0x75, 0x72, 0x63, 0x65, 0x4D, 0x65, 0x73, 0x73, 0x61, 0x67, 0x65, 0x27, 0x29, 0x2E, 0x74, 
  0x65, 0x78, 0x74, 0x43, 0x6F, 0x6E, 0x74, 0x65, 0x6E, 0x74, 0x20, 0x3D, 0x20, 0x60, 0x44, 0x61, 
  0x74, 0x61, 0x20, 0x63, 0x6F, 0x6E, 0x73, 0x75, 0x6C, 0x74, 0x61, 0x64, 0x61, 0x20, 0x65, 0x6D, 
  0x20, 0x24, 0x7B, 0x64, 0x61, 0x74, 0x61, 0x2E, 0x73, 0x6F, 0x75, 0x72, 0x63, 0x65, 0x7D, 0x2E, 
  0x60, 0x3B, 0x0A, 0x20, 0x20, 0x20, 0x20, 0x20, 0x20, 0x20, 0x20, 0x20, 0x20, 0x20, 0x20, 0x7D, 
  0x20, 0x63, 0x61, 0x74, 0x63, 0x68, 0x20, 0x28, 0x65, 0x72, 0x72, 0x6F, 0x72, 0x29, 0x20, 0x7B, 
  0x0A, 0x20, 0x20, 0x20, 0x20, 0x20, 0x20, 0x20, 0x20, 0x20, 0x20, 0x20, 0x20, 0x20, 0x20, 0x64, 
  0x6F, 0x63, 0x75, 0x6D, 0x65, 0x6E, 0x74, 0x2E, 0x67, 0x65, 0x74, 0x45, 0x6C, 0x65, 0x6D, 0x65, 
  0x6E, 0x74, 0x42, 0x79, 0x49, 0x64, 0x28, 0x27, 0x74, 0x69, 0x6D, 0x65, 0x53, 0x6F, 0x75, 0x72, 
  0x63, 0x65, 0x4D, 0x65, 0x73, 0x73, 0x61, 0x67, 0x65, 0x27, 0x29, 0x2E, 0x74, 0x65, 0x78, 0x74, 
  0x43, 0x6F, 0x6E, 0x74, 0x65, 0x6E, 0x74, 0x20, 0x3D, 0x20, 0x65, 0x72, 0x72, 0x6F, 0x72, 0x2E, 
  0x6D, 0x65, 0x73, 0x73, 0x61, 0x67, 0x65, 0x20, 0x7C, 0x7C, 0x20, 0x27, 0x4E, 0x5C, 0x75, 0x30, 
  0x30, 0x45, 0x33, 0x6F, 0x20, 0x66, 0x6F, 0x69, 0x20, 0x70, 0x6F, 0x73, 0x73, 0x5C, 0x75, 0x30, 
  0x30, 0x45, 0x44, 0x76, 0x65, 0x6C, 0x20, 0x6F, 0x62, 0x74, 0x65, 0x72, 0x20, 0x61, 0x20, 0x68, 
  0x6F, 0x72, 0x61, 0x20, 0x64, 0x61, 0x20, 0x77, 0x65, 0x62, 0x2E, 0x27, 0x3B, 0x0A, 0x20, 0x20, 
  0x20, 0x20, 0x20, 0x20, 0x20, 0x20, 0x20, 0x20, 0x20, 0x20, 0x7D, 0x0A, 0x20, 0x20, 0x20, 0x20, 
  0x20, 0x20, 0x20, 0x20, 0x20, 0x20, 0x7D, 0x29, 0x3B, 0x0A, 0x20, 0x20, 0x20, 0x20, 0x20, 0x20, 
  0x20, 0x20, 0x20, 0x20, 0x64, 0x6F, 0x63, 0x75, 0x6D, 0x65, 0x6E, 0x74, 0x2E, 0x67, 0x65, 0x74, 
  0x45, 0x6C, 0x65, 0x6D, 0x65, 0x6E, 0x74, 0x42, 0x79, 0x49, 0x64, 0x28, 0x27, 0x73, 0x61, 0x76, 
  0x65, 0x54, 0x69, 0x6D, 0x65, 0x42, 0x74, 0x6E, 0x27, 0x29, 0x2E, 0x61, 0x64, 0x64, 0x45, 0x76, 
  0x65, 0x6E, 0x74, 0x4C, 0x69, 0x73, 0x74, 0x65, 0x6E, 0x65, 0x72, 0x28, 0x27, 0x63, 0x6C, 0x69, 
  0x63, 0x6B, 0x27, 0x2C, 0x20, 0x61, 0x73, 0x79, 0x6E, 0x63, 0x20, 0x28, 0x29, 0x20, 0x3D, 0x3E, 
  0x20, 0x7B, 0x0A, 0x20, 0x20, 0x20, 0x20, 0x20, 0x20, 0x20, 0x20, 0x20, 0x20, 0x20, 0x20, 0x63, 
  0x6F, 0x6E, 0x73, 0x74, 0x20, 0x76, 0x61, 0x6C, 0x75, 0x65, 0x20, 0x3D, 0x20, 0x64, 0x6F, 0x63, 
  0x75, 0x6D, 0x65, 0x6E, 0x74, 0x2E, 0x67, 0x65, 0x74, 0x45, 0x6C, 0x65, 0x6D, 0x65, 0x6E, 0x74, 
  0x42, 0x79, 0x49, 0x64, 0x28, 0x27, 0x6D, 0x61, 0x6E, 0x75, 0x61, 0x6C, 0x44, 0x61, 0x74, 0x65, 
  0x54, 0x69, 0x6D, 0x65, 0x27, 0x29, 0x2E, 0x76, 0x61, 0x6C, 0x75, 0x65, 0x3B, 0x0A, 0x20, 0x20, 
  0x20, 0x20, 0x20, 0x20, 0x20, 0x20, 0x20, 0x20, 0x20, 0x20, 0x73, 0x74, 0x61, 0x74, 0x65, 0x2E, 
  0x63, 0x6F, 0x6E, 0x66, 0x69, 0x67, 0x2E, 0x64, 0x61, 0x74, 0x61, 0x5F, 0x68, 0x6F, 0x72, 0x61, 
  0x5F, 0x6D, 0x61, 0x6E, 0x75, 0x61, 0x6C, 0x20, 0x3D, 0x20, 0x76, 0x61, 0x6C, 0x75, 0x65, 0x3B, 
  0x0A, 0x20, 0x20, 0x20, 0x20, 0x20, 0x20, 0x20, 0x20, 0x20, 0x20, 0x20, 0x20, 0x61, 0x77, 0x61, 
  0x69, 0x74, 0x20, 0x72, 0x65, 0x71, 0x75, 0x65, 0x73, 0x74, 0x28, 0x27, 0x2F, 0x61, 0x70, 0x69, 
  0x2F, 0x63, 0x6F, 0x6E, 0x66, 0x69, 0x67, 0x27, 0x2C, 0x20, 0x7B, 0x20, 0x6D, 0x65, 0x74, 0x68, 
  0x6F, 0x64, 0x3A, 0x20, 0x27, 0x50, 0x4F, 0x53, 0x54, 0x27, 0x2C, 0x20, 0x68, 0x65, 0x61, 0x64, 
  0x65, 0x72, 0x73, 0x3A, 0x20, 0x7B, 0x20, 0x27, 0x43, 0x6F, 0x6E, 0x74, 0x65, 0x6E, 0x74, 0x2D, 
  0x54, 0x79, 0x70, 0x65, 0x27, 0x3A, 0x20, 0x27, 0x61, 0x70, 0x70, 0x6C, 0x69, 0x63, 0x61, 0x74, 
  0x69, 0x6F, 0x6E, 0x2F, 0x6A, 0x73, 0x6F, 0x6E, 0x27, 0x20, 0x7D, 0x2C, 0x20, 0x62, 0x6F, 0x64, 
  0x79, 0x3A, 0x20, 0x4A, 0x53, 0x4F, 0x4E, 0x2E, 0x73, 0x74, 0x72, 0x69, 0x6E, 0x67, 0x69, 0x66, 
  0x79, 0x28, 0x7B, 0x0A, 0x20, 0x20, 0x20, 0x20, 0x20, 0x20, 0x20, 0x20, 0x20, 0x20, 0x20, 0x20, 
  0x20, 0x20, 0x64, 0x61, 0x74, 0x61, 0x5F, 0x68, 0x6F, 0x72, 0x61, 0x5F, 0x6D, 0x61, 0x6E, 0x75, 
  0x61, 0x6C, 0x3A, 0x20, 0x76, 0x61, 0x6C, 0x75, 0x65, 0x0A, 0x20, 0x20, 0x20, 0x20, 0x20, 0x20, 
  0x20, 0x20, 0x20, 0x20, 0x20, 0x20, 0x7D, 0x29, 0x20, 0x7D, 0x29, 0x3B, 0x0A, 0x20, 0x20, 0x20, 
  0x20, 0x20, 0x20, 0x20, 0x20, 0x20, 0x20, 0x20, 0x20, 0x64, 0x6F, 0x63, 0x75, 0x6D, 0x65, 0x6E, 
  0x74, 0x2E, 0x67, 0x65, 0x74, 0x45, 0x6C, 0x65, 0x6D, 0x65, 0x6E, 0x74, 0x42, 0x79, 0x49, 0x64, 
  0x28, 0x27, 0x74, 0x69, 0x6D, 0x65, 0x53, 0x6F, 0x75, 0x72, 0x63, 0x65, 0x4D, 0x65, 0x73, 0x73, 
  0x61, 0x67, 0x65, 0x27, 0x29, 0x2E, 0x74, 0x65, 0x78, 0x74, 0x43, 0x6F, 0x6E, 0x74, 0x65, 0x6E, 
  0x74, 0x20, 0x3D, 0x20, 0x27, 0x44, 0x61, 0x74, 0x61, 0x20, 0x65, 0x20, 0x68, 0x6F, 0x72, 0x61, 
  0x20, 0x73, 0x61, 0x6C, 0x76, 0x61, 0x73, 0x20, 0x6E, 0x6F, 0x20, 0x61, 0x70, 0x61, 0x72, 0x65, 
  0x6C, 0x68, 0x6F, 0x2E, 0x27, 0x3B, 0x0A, 0x20, 0x20, 0x20, 0x20, 0x20, 0x20, 0x20, 0x20, 0x20, 
  0x20, 0x7D, 0x29, 0x3B, 0x0A, 0x20, 0x20, 0x20, 0x20, 0x20, 0x20, 0x20, 0x20, 0x20, 0x20, 0x64, 
  0x6F, 0x63, 0x75, 0x6D, 0x65, 0x6E, 0x74, 0x2E, 0x67, 0x65, 0x74, 0x45, 0x6C, 0x65, 0x6D, 0x65, 
  0x6E, 0x74, 0x42, 0x79, 0x49, 0x64, 0x28, 0x27, 0x73, 0x69, 0x6C, 0x65, 0x6E, 0x63, 0x65, 0x41, 
  0x6C, 0x61, 0x72, 0x6D, 0x42, 0x74, 0x6E, 0x27, 0x29, 0x2E, 0x61, 0x64, 0x64, 0x45, 0x76, 0x65, 
  0x6E, 0x74, 0x4C, 0x69, 0x73, 0x74, 0x65, 0x6E, 0x65, 0x72, 0x28, 0x27, 0x63, 0x6C, 0x69, 0x63, 
  0x6B, 0x27, 0x2C, 0x20, 0x61, 0x73, 0x79, 0x6E, 0x63, 0x20, 0x28, 0x29, 0x20, 0x3D, 0x3E, 0x20, 
  0x7B, 0x0A, 0x20, 0x20, 0x20, 0x20, 0x20, 0x20, 0x20, 0x20, 0x20, 0x20, 0x20, 0x20, 0x69, 0x66, 
  0x20, 0x28, 0x73, 0x74, 0x61, 0x74, 0x65, 0x2E, 0x72, 0x6F, 0x6C, 0x65, 0x20, 0x3D, 0x3D, 0x3D, 
  0x20, 0x27, 0x76, 0x69, 0x73, 0x69, 0x74, 0x6F, 0x72, 0x27, 0x29, 0x20, 0x72, 0x65, 0x74, 0x75, 
  0x72, 0x6E, 0x3B, 0x0A, 0x20, 0x20, 0x20, 0x20, 0x20, 0x20, 0x20, 0x20, 0x20, 0x20, 0x20, 0x20, 
  0x63, 0x6F, 0x6E, 0x73, 0x74, 0x20, 0x6E, 0x6F, 0x76, 0x6F, 0x45, 0x73, 0x74, 0x61, 0x64, 0x6F, 
  0x20, 0x3D, 0x20, 0x21, 0x73, 0x74, 0x61, 0x74, 0x65, 0x2E, 0x73, 0x74, 0x61, 0x74, 0x75, 0x73, 
  0x2E, 0x62, 0x75, 0x7A, 0x7A, 0x65, 0x72, 0x5F, 0x73, 0x69, 0x6C, 0x65, 0x6E, 0x63, 0x69, 0x61, 
  0x64, 0x6F, 0x3B, 0x0A, 0x20, 0x20, 0x20, 0x20, 0x20, 0x20, 0x20, 0x20, 0x20, 0x20, 0x20, 0x20, 
  0x74, 0x72, 0x79, 0x20, 0x7B, 0x0A, 0x20, 0x20, 0x20, 0x20, 0x20, 0x20, 0x20, 0x20, 0x20, 0x20, 
  0x20, 0x20, 0x20, 0x20, 0x63, 0x6F, 0x6E, 0x73, 0x74, 0x20, 0x72, 0x65, 0x73, 0x75, 0x6C, 0x74, 
  0x20, 0x3D, 0x20, 0x61, 0x77, 0x61, 0x69, 0x74, 0x20, 0x72, 0x65, 0x71, 0x75, 0x65, 0x73, 0x74, 
  0x28, 0x27, 0x2F, 0x61, 0x70, 0x69, 0x2F, 0x73, 0x74, 0x61, 0x74, 0x75, 0x73, 0x27, 0x2C, 0x20, 
  0x7B, 0x0A, 0x20, 0x20, 0x20, 0x20, 0x20, 0x20, 0x20, 0x20, 0x20, 0x20, 0x20, 0x20, 0x20, 0x20, 
  0x20, 0x20, 0x6D, 0x65, 0x74, 0x68, 0x6F, 0x64, 0x3A, 0x20, 0x27, 0x50, 0x4F, 0x53, 0x54, 0x27, 
  0x2C, 0x0A, 0x20, 0x20, 0x20, 0x20, 0x20, 0x20, 0x20, 0x20, 0x20, 0x20, 0x20, 0x20, 0x20, 0x20, 
  0x20, 0x20, 0x68, 0x65, 0x61, 0x64, 0x65, 0x72, 0x73, 0x3A, 0x20, 0x7B, 0x20, 0x27, 0x43, 0x6F, 
  0x6E, 0x74, 0x65, 0x6E, 0x74, 0x2D, 0x54, 0x79, 0x70, 0x65, 0x27, 0x3A, 0x20, 0x27, 0x61, 0x70, 
  0x70, 0x6C, 0x69, 0x63, 0x61, 0x74, 0x69, 0x6F, 0x6E, 0x2F, 0x6A, 0x73, 0x6F, 0x6E, 0x27, 0x20, 
  0x7D, 0x2C, 0x0A, 0x20, 0x20, 0x20, 0x20, 0x20, 0x20, 0x20, 0x20, 0x20, 0x20, 0x20, 0x20, 0x20, 
  0x20, 0x20, 0x20, 0x62, 0x6F, 0x64, 0x79, 0x3A, 0x20, 0x4A, 0x53, 0x4F, 0x4E, 0x2E, 0x73, 0x74, 
  0x72, 0x69, 0x6E, 0x67, 0x69, 0x66, 0x79, 0x28, 0x7B, 0x20, 0x62, 0x75, 0x7A, 0x7A, 0x65, 0x72, 
  0x5F, 0x73, 0x69, 0x6C, 0x65, 0x6E, 0x63, 0x69, 0x61, 0x64, 0x6F, 0x3A, 0x20, 0x6E, 0x6F, 0x76, 
  0x6F, 0x45, 0x73, 0x74, 0x61, 0x64, 0x6F, 0x20, 0x7D, 0x29, 0x0A, 0x20, 0x20, 0x20, 0x20, 0x20, 
  0x20, 0x20, 0x20, 0x20, 0x20, 0x20, 0x20, 0x20, 0x20, 0x7D, 0x29, 0x3B, 0x0A, 0x20, 0x20, 0x20, 
  0x20, 0x20, 0x20, 0x20, 0x20, 0x20, 0x20, 0x20, 0x20, 0x20, 0x20, 0x73, 0x74, 0x61, 0x74, 0x65, 
  0x2E, 0x73, 0x74, 0x61, 0x74, 0x75, 0x73, 0x2E, 0x62, 0x75, 0x7A, 0x7A, 0x65, 0x72, 0x5F, 0x73, 
  0x69, 0x6C, 0x65, 0x6E, 0x63, 0x69, 0x61, 0x64, 0x6F, 0x20, 0x3D, 0x20, 0x6E, 0x6F, 0x76, 0x6F, 
  0x45, 0x73, 0x74, 0x61, 0x64, 0x6F, 0x3B, 0x0A, 0x20, 0x20, 0x20, 0x20, 0x20, 0x20, 0x20, 0x20, 
  0x20, 0x20, 0x20, 0x20, 0x20, 0x20, 0x72, 0x65, 0x6E, 0x64, 0x65, 0x72, 0x4F, 0x76, 0x65, 0x72, 
  0x76, 0x69, 0x65, 0x77, 0x28, 0x29, 0x3B, 0x0A, 0x20, 0x20, 0x20, 0x20, 0x20, 0x20, 0x20, 0x20, 
  0x20, 0x20, 0x20, 0x20, 0x20, 0x20, 0x64, 0x6F, 0x63, 0x75, 0x6D, 0x65, 0x6E, 0x74, 0x2E, 0x67, 
  0x65, 0x74, 0x45, 0x6C, 0x65, 0x6D, 0x65, 0x6E, 0x74, 0x42, 0x79, 0x49, 0x64, 0x28, 0x27, 0x6E, 
  0x65, 0x74, 0x77, 0x6F, 0x72, 0x6B, 0x4D, 0x65, 0x73, 0x73, 0x61, 0x67, 0x65, 0x27, 0x29, 0x2E, 
  0x74, 0x65, 0x78, 0x74, 0x43, 0x6F, 0x6E, 0x74, 0x65, 0x6E, 0x74, 0x20, 0x3D, 0x20, 0x72, 0x65, 
  0x73, 0x75, 0x6C, 0x74, 0x2E, 0x6D, 0x65, 0x73, 0x73, 0x61, 0x67, 0x65, 0x20, 0x7C, 0x7C, 0x20, 
  0x27, 0x41, 0x6C, 0x61, 0x72, 0x6D, 0x65, 0x20, 0x73, 0x6F, 0x6E, 0x6F, 0x72, 0x6F, 0x20, 0x64, 
  0x65, 0x73, 0x61, 0x74, 0x69, 0x76, 0x61, 0x64, 0x6F, 0x2E, 0x27, 0x3B, 0x0A, 0x20, 0x20, 0x20, 
  0x20, 0x20, 0x20, 0x20, 0x20, 0x20, 0x20, 0x20, 0x20, 0x7D, 0x20, 0x63, 0x61, 0x74, 0x63, 0x68, 
  0x20, 0x28, 0x65, 0x72, 0x72, 0x6F, 0x72, 0x29, 0x20, 0x7B, 0x0A, 0x20, 0x20, 0x20, 0x20, 0x20, 
  0x20, 0x20, 0x20, 0x20, 0x20, 0x20, 0x20, 0x20, 0x20, 0x64, 0x6F, 0x63, 0x75, 0x6D, 0x65, 0x6E, 
  0x74, 0x2E, 0x67, 0x65, 0x74, 0x45, 0x6C, 0x65, 0x6D, 0x65, 0x6E, 0x74, 0x42, 0x79, 0x49, 0x64, 
  0x28, 0x27, 0x6E, 0x65, 0x74, 0x77, 0x6F, 0x72, 0x6B, 0x4D, 0x65, 0x73, 0x73, 0x61, 0x67, 0x65, 
  0x27, 0x29, 0x2E, 0x74, 0x65, 0x78, 0x74, 0x43, 0x6F, 0x6E, 0x74, 0x65, 0x6E, 0x74, 0x20, 0x3D, 
  0x20, 0x65, 0x72, 0x72, 0x6F, 0x72, 0x2E, 0x6D, 0x65, 0x73, 0x73, 0x61, 0x67, 0x65, 0x20, 0x7C, 
  0x7C, 0x20, 0x27, 0x4E, 0x5C, 0x75, 0x30, 0x30, 0x45, 0x33, 0x6F, 0x20, 0x66, 0x6F, 0x69, 0x20, 
  0x70, 0x6F, 0x73, 0x73, 0x5C, 0x75, 0x30, 0x30, 0x45, 0x44, 0x76, 0x65, 0x6C, 0x20, 0x64, 0x65, 
  0x73, 0x61, 0x74, 0x69, 0x76, 0x61, 0x72, 0x20, 0x6F, 0x20, 0x61, 0x6C, 0x61, 0x72, 0x6D, 0x65, 
  0x20, 0x73, 0x6F, 0x6E, 0x6F, 0x72, 0x6F, 0x2E, 0x27, 0x3B, 0x0A, 0x20, 0x20, 0x20, 0x20, 0x20, 
  0x20, 0x20, 0x20, 0x20, 0x20, 0x20, 0x20, 0x7D, 0x0A, 0x20, 0x20, 0x20, 0x20, 0x20, 0x20, 0x20, 
  0x20, 0x20, 0x20, 0x7D, 0x29, 0x3B, 0x0A, 0x20, 0x20, 0x20, 0x20, 0x20, 0x20, 0x20, 0x20, 0x20, 
  0x20, 0x64, 0x6F, 0x63, 0x75, 0x6D, 0x65, 0x6E, 0x74, 0x2E, 0x67, 0x65, 0x74, 0x45, 0x6C, 0x65, 
  0x6D, 0x65, 0x6E, 0x74, 0x42, 0x79, 0x49, 0x64, 0x28, 0x27, 0x63, 0x6C, 0x65, 0x61, 0x72, 0x4C, 
  0x6F, 0x67, 0x73, 0x42, 0x74, 0x6E, 0x27, 0x29, 0x2E, 0x61, 0x64, 0x64, 0x45, 0x76, 0x65, 0x6E, 
  0x74, 0x4C, 0x69, 0x73, 0x74, 0x65, 0x6E, 0x65, 0x72, 0x28, 0x27, 0x63, 0x6C, 0x69, 0x63, 0x6B, 
  0x27, 0x2C, 0x20, 0x61, 0x73, 0x79, 0x6E, 0x63, 0x20, 0x28, 0x29, 0x20, 0x3D, 0x3E, 0x20, 0x7B, 
  0x0A, 0x20, 0x20, 0x20, 0x20, 0x20, 0x20, 0x20, 0x20, 0x20, 0x20, 0x20, 0x20, 0x74, 0x72, 0x79, 
  0x20, 0x7B, 0x0A, 0x20, 0x20, 0x20, 0x20, 0x20, 0x20, 0x20, 0x20, 0x20, 0x20, 0x20, 0x20, 0x20, 
  0x20, 0x61, 0x77, 0x61, 0x69, 0x74, 0x20, 0x72, 0x65, 0x71, 0x75, 0x65, 0x73, 0x74, 0x28, 0x27, 
  0x2F, 0x61, 0x70, 0x69, 0x2F, 0x6C, 0x6F, 0x67, 0x73, 0x2F, 0x63, 0x6C, 0x65, 0x61, 0x72, 0x27, 
  0x2C, 0x20, 0x7B, 0x20, 0x6D, 0x65, 0x74, 0x68, 0x6F, 0x64, 0x3A, 0x20, 0x27, 0x50, 0x4F, 0x53, 
  0x54, 0x27, 0x20, 0x7D, 0x29, 0x3B, 0x0A, 0x20, 0x20, 0x20, 0x20, 0x20, 0x20, 0x20, 0x20, 0x20, 
  0x20, 0x20, 0x20, 0x20, 0x20, 0x61, 0x77, 0x61, 0x69, 0x74, 0x20, 0x6C, 0x6F, 0x61, 0x64, 0x4C, 
  0x6F, 0x67, 0x73, 0x28, 0x29, 0x3B, 0x0A, 0x20, 0x20, 0x20, 0x20, 0x20, 0x20, 0x20, 0x20, 0x20, 
  0x20, 0x20, 0x20, 0x20, 0x20, 0x72, 0x65, 0x6E, 0x64, 0x65, 0x72, 0x4C, 0x6F, 0x67, 0x73, 0x28, 
  0x29, 0x3B, 0x0A, 0x20, 0x20, 0x20, 0x20, 0x20, 0x20, 0x20, 0x20, 0x20, 0x20, 0x20, 0x20, 0x20, 
  0x20, 0x72, 0x65, 0x6E, 0x64, 0x65, 0x72, 0x4F, 0x76, 0x65, 0x72, 0x76, 0x69, 0x65, 0x77, 0x28, 
  0x29, 0x3B, 0x0A, 0x20, 0x20, 0x20, 0x20, 0x20, 0x20, 0x20, 0x20, 0x20, 0x20, 0x20, 0x20, 0x20, 
  0x20, 0x64, 0x6F, 0x63, 0x75, 0x6D, 0x65, 0x6E, 0x74, 0x2E, 0x67, 0x65, 0x74, 0x45, 0x6C, 0x65, 
  0x6D, 0x65, 0x6E, 0x74, 0x42, 0x79, 0x49, 0x64, 0x28, 0x27, 0x6C, 0x6F, 0x67, 0x73, 0x43, 0x6F, 
  0x6E, 0x74, 0x61, 0x69, 0x6E, 0x65, 0x72, 0x27, 0x29, 0x2E, 0x69, 0x6E, 0x73, 0x65, 0x72, 0x74, 
  0x41, 0x64, 0x6A, 0x61, 0x63, 0x65, 0x6E, 0x74, 0x48, 0x54, 0x4D, 0x4C, 0x28, 0x27, 0x61, 0x66, 
  0x74, 0x65, 0x72, 0x62, 0x65, 0x67, 0x69, 0x6E, 0x27, 0x2C, 0x20, 0x27, 0x3C, 0x64, 0x69, 0x76, 
  0x20, 0x63, 0x6C, 0x61, 0x73, 0x73, 0x3D, 0x22, 0x6D, 0x75, 0x74, 0x65, 0x64, 0x22, 0x3E, 0x4C, 
  0x6F, 0x67, 0x73, 0x20, 0x61, 0x70, 0x61, 0x67, 0x61, 0x64, 0x6F, 0x73, 0x20, 0x63, 0x6F, 0x6D, 
  0x20, 0x73, 0x75, 0x63, 0x65, 0x73, 0x73, 0x6F, 0x2E, 0x3C, 0x2F, 0x64, 0x69, 0x76, 0x3E, 0x27, 
  0x29, 0x3B, 0x0A, 0x20, 0x20, 0x20, 0x20, 0x20, 0x20, 0x20, 0x20, 0x20, 0x20, 0x20, 0x20, 0x7D, 
  0x20, 0x63, 0x61, 0x74, 0x63, 0x68, 0x20, 0x28, 0x65, 0x72, 0x72, 0x6F, 0x72, 0x29, 0x20, 0x7B, 
  0x0A, 0x20, 0x20, 0x20, 0x20, 0x20, 0x20, 0x20, 0x20, 0x20, 0x20, 0x20, 0x20, 0x20, 0x20, 0x63, 
  0x6F, 0x6E, 0x73, 0x74, 0x20, 0x63, 0x6F, 0x6E, 0x74, 0x61, 0x69, 0x6E, 0x65, 0x72, 0x20, 0x3D, 
  0x20, 0x64, 0x6F, 0x63, 0x75, 0x6D, 0x65, 0x6E, 0x74, 0x2E, 0x67, 0x65, 0x74, 0x45, 0x6C, 0x65, 
  0x6D, 0x65, 0x6E, 0x74, 0x42, 0x79, 0x49, 0x64, 0x28, 0x27, 0x6C, 0x6F, 0x67, 0x73, 0x43, 0x6F, 
  0x6E, 0x74, 0x61, 0x69, 0x6E, 0x65, 0x72, 0x27, 0x29, 0x3B, 0x0A, 0x20, 0x20, 0x20, 0x20, 0x20, 
  0x20, 0x20, 0x20, 0x20, 0x20, 0x20, 0x20, 0x20, 0x20, 0x63, 0x6F, 0x6E, 0x74, 0x61, 0x69, 0x6E, 
  0x65, 0x72, 0x2E, 0x69, 0x6E, 0x73, 0x65, 0x72, 0x74, 0x41, 0x64, 0x6A, 0x61, 0x63, 0x65, 0x6E, 
  0x74, 0x48, 0x54, 0x4D, 0x4C, 0x28, 0x27, 0x61, 0x66, 0x74, 0x65, 0x72, 0x62, 0x65, 0x67, 0x69, 
  0x6E, 0x27, 0x2C, 0x20, 0x60, 0x3C, 0x64, 0x69, 0x76, 0x20, 0x63, 0x6C, 0x61, 0x73, 0x73, 0x3D, 
  0x22, 0x6D, 0x75, 0x74, 0x65, 0x64, 0x22, 0x3E, 0x24, 0x7B, 0x65, 0x72, 0x72, 0x6F, 0x72, 0x2E, 
  0x6D, 0x65, 0x73, 0x73, 0x61, 0x67, 0x65, 0x20, 0x7C, 0x7C, 0x20, 0x27, 0x4E, 0x5C, 0x75, 0x30, 
  0x30, 0x45, 0x33, 0x6F, 0x20, 0x66, 0x6F, 0x69, 0x20, 0x70, 0x6F, 0x73, 0x73, 0x5C, 0x75, 0x30, 
  0x30, 0x45, 0x44, 0x76, 0x65, 0x6C, 0x20, 0x61, 0x70, 0x61, 0x67, 0x61, 0x72, 0x20, 0x6F, 0x73, 
  0x20, 0x6C, 0x6F, 0x67, 0x73, 0x2E, 0x27, 0x7D, 0x3C, 0x2F, 0x64, 0x69, 0x76, 0x3E, 0x60, 0x29, 
  0x3B, 0x0A, 0x20, 0x20, 0x20, 0x20, 0x20, 0x20, 0x20, 0x20, 0x20, 0x20, 0x20, 0x20, 0x7D, 0x0A, 
  0x20, 0x20, 0x20, 0x20, 0x20, 0x20, 0x20, 0x20, 0x20, 0x20, 0x7D, 0x29, 0x3B, 0x0A, 0x0A, 0x20, 
  0x20, 0x20, 0x20, 0x20, 0x20, 0x20, 0x20, 0x20, 0x20, 0x64, 0x6F, 0x63, 0x75, 0x6D, 0x65, 0x6E, 
  0x74, 0x2E, 0x71, 0x75, 0x65, 0x72, 0x79, 0x53, 0x65, 0x6C, 0x65, 0x63, 0x74, 0x6F, 0x72, 0x41, 
  0x6C, 0x6C, 0x28, 0x27, 0x2E, 0x6E, 0x61, 0x76, 0x2D, 0x62, 0x74, 0x6E, 0x27, 0x29, 0x2E, 0x66, 
  0x6F, 0x72, 0x45, 0x61, 0x63, 0x68, 0x28, 0x28, 0x62, 0x74, 0x6E, 0x29, 0x20, 0x3D, 0x3E, 0x20, 
  0x7B, 0x0A, 0x20, 0x20, 0x20, 0x20, 0x20, 0x20, 0x20, 0x20, 0x20, 0x20, 0x20, 0x20, 0x62, 0x74, 
  0x6E, 0x2E, 0x61, 0x64, 0x64, 0x45, 0x76, 0x65, 0x6E, 0x74, 0x4C, 0x69, 0x73, 0x74, 0x65, 0x6E, 
  0x65, 0x72, 0x28, 0x27, 0x63, 0x6C, 0x69, 0x63, 0x6B, 0x27, 0x2C, 0x20, 0x28, 0x29, 0x20, 0x3D, 
  0x3E, 0x20, 0x73, 0x65, 0x74, 0x54, 0x61, 0x62, 0x28, 0x62, 0x74, 0x6E, 0x2E, 0x64, 0x61, 0x74, 
  0x61, 0x73, 0x65, 0x74, 0x2E, 0x74, 0x61, 0x62, 0x29, 0x29, 0x3B, 0x0A, 0x20, 0x20, 0x20, 0x20, 
  0x20, 0x20, 0x20, 0x20, 0x20, 0x20, 0x7D, 0x29, 0x3B, 0x0A, 0x0A, 0x20, 0x20, 0x20, 0x20, 0x20, 
  0x20, 0x20, 0x20, 0x20, 0x20, 0x64, 0x6F, 0x63, 0x75, 0x6D, 0x65, 0x6E, 0x74, 0x2E, 0x67, 0x65, 
  0x74, 0x45, 0x6C, 0x65, 0x6D, 0x65, 0x6E, 0x74, 0x42, 0x79, 0x49, 0x64, 0x28, 0x27, 0x6C, 0x61, 
  0x6E, 0x67, 0x75, 0x61, 0x67, 0x65, 0x53, 0x65, 0x6C, 0x65, 0x63, 0x74, 0x27, 0x29, 0x2E, 0x61, 
  0x64, 0x64, 0x45, 0x76, 0x65, 0x6E, 0x74, 0x4C, 0x69, 0x73, 0x74, 0x65, 0x6E, 0x65, 0x72, 0x28, 
  0x27, 0x63, 0x68, 0x61, 0x6E, 0x67, 0x65, 0x27, 0x2C, 0x20, 0x28, 0x65, 0x76, 0x65, 0x6E, 0x74, 
  0x29, 0x20, 0x3D, 0x3E, 0x20, 0x7B, 0x0A, 0x20, 0x20, 0x20, 0x20, 0x20, 0x20, 0x20, 0x20, 0x20, 
  0x20, 0x20, 0x20, 0x73, 0x74, 0x61, 0x74, 0x65, 0x2E, 0x6C, 0x61, 0x6E, 0x67, 0x75, 0x61, 0x67, 
  0x65, 0x20, 0x3D, 0x20, 0x65, 0x76, 0x65, 0x6E, 0x74, 0x2E, 0x74, 0x61, 0x72, 0x67, 0x65, 0x74, 
  0x2E, 0x76, 0x61, 0x6C, 0x75, 0x65, 0x3B, 0x0A, 0x20, 0x20, 0x20, 0x20, 0x20, 0x20, 0x20, 0x20, 
  0x20, 0x20, 0x20, 0x20, 0x6C, 0x6F, 0x63, 0x61, 0x6C, 0x53, 0x74, 0x6F, 0x72, 0x61, 0x67, 0x65, 
  0x2E, 0x73, 0x65, 0x74, 0x49, 0x74, 0x65, 0x6D, 0x28, 0x27, 0x6C, 0x61, 0x62, 0x4C, 0x61, 0x6E, 
  0x67, 0x75, 0x61, 0x67, 0x65, 0x27, 0x2C, 0x20, 0x73, 0x74, 0x61, 0x74, 0x65, 0x2E, 0x6C, 0x61, 
  0x6E, 0x67, 0x75, 0x61, 0x67, 0x65, 0x29, 0x3B, 0x0A, 0x20, 0x20, 0x20, 0x20, 0x20, 0x20, 0x20, 
  0x20, 0x20, 0x20, 0x20, 0x20, 0x61, 0x70, 0x70, 0x6C, 0x79, 0x4C, 0x61, 0x6E, 0x67, 0x75, 0x61, 
  0x67, 0x65, 0x28, 0x29, 0x3B, 0x0A, 0x20, 0x20, 0x20, 0x20, 0x20, 0x20, 0x20, 0x20, 0x20, 0x20, 
  0x20, 0x20, 0x72, 0x65, 0x6E, 0x64, 0x65, 0x72, 0x4F, 0x76, 0x65, 0x72, 0x76, 0x69, 0x65, 0x77, 
  0x28, 0x29, 0x3B, 0x0A, 0x20, 0x20, 0x20, 0x20, 0x20, 0x20, 0x20, 0x20, 0x20, 0x20, 0x20, 0x20, 
  0x72, 0x65, 0x6E, 0x64, 0x65, 0x72, 0x55, 0x73, 0x65, 0x72, 0x73, 0x28, 0x29, 0x3B, 0x0A, 0x20, 
  0x20, 0x20, 0x20, 0x20, 0x20, 0x20, 0x20, 0x20, 0x20, 0x20, 0x20, 0x72, 0x65, 0x6E, 0x64, 0x65, 
  0x72, 0x4C, 0x6F, 0x67, 0x73, 0x28, 0x29, 0x3B, 0x0A, 0x20, 0x20, 0x20, 0x20, 0x20, 0x20, 0x20, 
  0x20, 0x20, 0x20, 0x7D, 0x29, 0x3B, 0x0A, 0x0A, 0x20, 0x20, 0x20, 0x20, 0x20, 0x20, 0x20, 0x20, 
  0x20, 0x20, 0x64, 0x6F, 0x63, 0x75, 0x6D, 0x65, 0x6E, 0x74, 0x2E, 0x67, 0x65, 0x74, 0x45, 0x6C, 
  0x65, 0x6D, 0x65, 0x6E, 0x74, 0x42, 0x79, 0x49, 0x64, 0x28, 0x27, 0x6C, 0x6F, 0x67, 0x69, 0x6E, 
  0x4C, 0x61, 0x6E, 0x67, 0x75, 0x61, 0x67, 0x65, 0x53, 0x65, 0x6C, 0x65, 0x63, 0x74, 0x27, 0x29, 
  0x2E, 0x61, 0x64, 0x64, 0x45, 0x76, 0x65, 0x6E, 0x74, 0x4C, 0x69, 0x73, 0x74, 0x65, 0x6E, 0x65, 
  0x72, 0x28, 0x27, 0x63, 0x68, 0x61, 0x6E, 0x67, 0x65, 0x27, 0x2C, 0x20, 0x28, 0x65, 0x76, 0x65, 
  0x6E, 0x74, 0x29, 0x20, 0x3D, 0x3E, 0x20, 0x7B, 0x0A, 0x20, 0x20, 0x20, 0x20, 0x20, 0x20, 0x20, 
  0x20, 0x20, 0x20, 0x20, 0x20, 0x73, 0x74, 0x61, 0x74, 0x65, 0x2E, 0x6C, 0x61, 0x6E, 0x67, 0x75, 
  0x61, 0x67, 0x65, 0x20, 0x3D, 0x20, 0x65, 0x76, 0x65, 0x6E, 0x74, 0x2E, 0x74, 0x61, 0x72, 0x67, 
  0x65, 0x74, 0x2E, 0x76, 0x61, 0x6C, 0x75, 0x65, 0x3B, 0x0A, 0x20, 0x20, 0x20, 0x20, 0x20, 0x20, 
  0x20, 0x20, 0x20, 0x20, 0x20, 0x20, 0x6C, 0x6F, 0x63, 0x61, 0x6C, 0x53, 0x74, 0x6F, 0x72, 0x61, 
  0x67, 0x65, 0x2E, 0x73, 0x65, 0x74, 0x49, 0x74, 0x65, 0x6D, 0x28, 0x27, 0x6C, 0x61, 0x62, 0x4C, 
  0x61, 0x6E, 0x67, 0x75, 0x61, 0x67, 0x65, 0x27, 0x2C, 0x20, 0x73, 0x74, 0x61, 0x74, 0x65, 0x2E, 
  0x6C, 0x61, 0x6E, 0x67, 0x75, 0x61, 0x67, 0x65, 0x29, 0x3B, 0x0A, 0x20, 0x20, 0x20, 0x20, 0x20, 
  0x20, 0x20, 0x20, 0x20, 0x20, 0x20, 0x20, 0x61, 0x70, 0x70, 0x6C, 0x79, 0x4C, 0x61, 0x6E, 0x67, 
  0x75, 0x61, 0x67, 0x65, 0x28, 0x29, 0x3B, 0x0A, 0x20, 0x20, 0x20, 0x20, 0x20, 0x20, 0x20, 0x20, 
  0x20, 0x20, 0x7D, 0x29, 0x3B, 0x0A, 0x0A, 0x20, 0x20, 0x20, 0x20, 0x20, 0x20, 0x20, 0x20, 0x20, 
  0x20, 0x61, 0x73, 0x79, 0x6E, 0x63, 0x20, 0x66, 0x75, 0x6E, 0x63, 0x74, 0x69, 0x6F, 0x6E, 0x20, 
  0x70, 0x6F, 0x6C, 0x6C, 0x53, 0x74, 0x61, 0x74, 0x75, 0x73, 0x28, 0x29, 0x20, 0x7B, 0x0A, 0x20, 
  0x20, 0x20, 0x20, 0x20, 0x20, 0x20, 0x20, 0x20, 0x20, 0x20, 0x20, 0x74, 0x72, 0x79, 0x20, 0x7B, 
  0x0A, 0x20, 0x20, 0x20, 0x20, 0x20, 0x20, 0x20, 0x20, 0x20, 0x20, 0x20, 0x20, 0x20, 0x20, 0x69, 
  0x66, 0x20, 0x28, 0x21, 0x73, 0x74, 0x61, 0x74, 0x65, 0x2E, 0x74, 0x6F, 0x6B, 0x65, 0x6E, 0x29, 
  0x20, 0x72, 0x65, 0x74, 0x75, 0x72, 0x6E, 0x3B, 0x0A, 0x20, 0x20, 0x20, 0x20, 0x20, 0x20, 0x20, 
  0x20, 0x20, 0x20, 0x20, 0x20, 0x20, 0x20, 0x61, 0x77, 0x61, 0x69, 0x74, 0x20, 0x6C, 0x6F, 0x61, 
  0x64, 0x53, 0x74, 0x61, 0x74, 0x75, 0x73, 0x28, 0x29, 0x3B, 0x0A, 0x20, 0x20, 0x20, 0x20, 0x20, 
  0x20, 0x20, 0x20, 0x20, 0x20, 0x20, 0x20, 0x20, 0x20, 0x72, 0x65, 0x6E, 0x64, 0x65, 0x72, 0x4F, 
  0x76, 0x65, 0x72, 0x76, 0x69, 0x65, 0x77, 0x28, 0x29, 0x3B, 0x0A, 0x20, 0x20, 0x20, 0x20, 0x20, 
  0x20, 0x20, 0x20, 0x20, 0x20, 0x20, 0x20, 0x20, 0x20, 0x69, 0x66, 0x20, 0x28, 0x73, 0x74, 0x61, 
  0x74, 0x65, 0x2E, 0x72, 0x6F, 0x6C, 0x65, 0x20, 0x3D, 0x3D, 0x3D, 0x20, 0x27, 0x61, 0x64, 0x6D, 
  0x69, 0x6E, 0x27, 0x20, 0x26, 0x26, 0x20, 0x21, 0x64, 0x6F, 0x63, 0x75, 0x6D, 0x65, 0x6E, 0x74, 
  0x2E, 0x67, 0x65, 0x74, 0x45, 0x6C, 0x65, 0x6D, 0x65, 0x6E, 0x74, 0x42, 0x79, 0x49, 0x64, 0x28, 
  0x27, 0x74, 0x61, 0x62, 0x2D, 0x6E, 0x65, 0x74, 0x77, 0x6F, 0x72, 0x6B, 0x27, 0x29, 0x2E, 0x63, 
  0x6C, 0x61, 0x73, 0x73, 0x4C, 0x69, 0x73, 0x74, 0x2E, 0x63, 0x6F, 0x6E, 0x74, 0x61, 0x69, 0x6E, 
  0x73, 0x28, 0x27, 0x68, 0x69, 0x64, 0x64, 0x65, 0x6E, 0x27, 0x29, 0x29, 0x20, 0x7B, 0x0A, 0x20, 
  0x20, 0x20, 0x20, 0x20, 0x20, 0x20, 0x20, 0x20, 0x20, 0x20, 0x20, 0x20, 0x20, 0x20, 0x20, 0x61, 
  0x77, 0x61, 0x69, 0x74, 0x20, 0x6C, 0x6F, 0x61, 0x64, 0x44, 0x61, 0x73, 0x68, 0x62, 0x6F, 0x61, 
  0x72, 0x64, 0x4C, 0x69, 0x6E, 0x6B, 0x28, 0x29, 0x3B, 0x0A, 0x20, 0x20, 0x20, 0x20, 0x20, 0x20, 
  0x20, 0x20, 0x20, 0x20, 0x20, 0x20, 0x20, 0x20, 0x7D, 0x0A, 0x20, 0x20, 0x20, 0x20, 0x20, 0x20, 
  0x20, 0x20, 0x20, 0x20, 0x20, 0x20, 0x7D, 0x20, 0x63, 0x61, 0x74, 0x63, 0x68, 0x20, 0x28, 0x65, 
  0x72, 0x72, 0x6F, 0x72, 0x29, 0x20, 0x7B, 0x7D, 0x0A, 0x20, 0x20, 0x20, 0x20, 0x20, 0x20, 0x20, 
  0x20, 0x20, 0x20, 0x7D, 0x0A, 0x0A, 0x20, 0x20, 0x20, 0x20, 0x20, 0x20, 0x20, 0x20, 0x20, 0x20, 
  0x61, 0x70, 0x70, 0x6C, 0x79, 0x4C, 0x61, 0x6E, 0x67, 0x75, 0x61, 0x67, 0x65, 0x28, 0x29, 0x3B, 
  0x0A, 0x20, 0x20, 0x20, 0x20, 0x20, 0x20, 0x20, 0x20, 0x20, 0x20, 0x68, 0x79, 0x64, 0x72, 0x61, 
  0x74, 0x65, 0x53, 0x65, 0x73, 0x73, 0x69, 0x6F, 0x6E, 0x28, 0x29, 0x3B, 0x0A, 0x20, 0x20, 0x20, 
  0x20, 0x20, 0x20, 0x20, 0x20, 0x20, 0x20, 0x73, 0x65, 0x74, 0x49, 0x6E, 0x74, 0x65, 0x72, 0x76, 
  0x61, 0x6C, 0x28, 0x70, 0x6F, 0x6C, 0x6C, 0x53, 0x74, 0x61, 0x74, 0x75, 0x73, 0x2C, 0x20, 0x33, 
  0x30, 0x30, 0x30, 0x29, 0x3B, 0x0A, 0x00
};
constexpr size_t WEB_SCRIPT_LEN = 54486;

const uint8_t WEB_LOGO[] PROGMEM = {
  0xFF, 0xD8, 0xFF, 0xE0, 0x00, 0x10, 0x4A, 0x46, 0x49, 0x46, 0x00, 0x01, 0x01, 0x00, 0x00, 0x01, 
  0x00, 0x01, 0x00, 0x00, 0xFF, 0xEC, 0x00, 0x11, 0x44, 0x75, 0x63, 0x6B, 0x79, 0x00, 0x01, 0x00, 
  0x04, 0x00, 0x00, 0x00, 0x3C, 0x00, 0x00, 0xFF, 0xE1, 0x00, 0x18, 0x45, 0x78, 0x69, 0x66, 0x00, 
  0x00, 0x49, 0x49, 0x2A, 0x00, 0x08, 0x00, 0x00, 0x00, 0x00, 0x00, 0x00, 0x00, 0x00, 0x00, 0x00, 
  0x00, 0xFF, 0xE1, 0x03, 0x29, 0x68, 0x74, 0x74, 0x70, 0x3A, 0x2F, 0x2F, 0x6E, 0x73, 0x2E, 0x61, 
  0x64, 0x6F, 0x62, 0x65, 0x2E, 0x63, 0x6F, 0x6D, 0x2F, 0x78, 0x61, 0x70, 0x2F, 0x31, 0x2E, 0x30, 
  0x2F, 0x00, 0x3C, 0x3F, 0x78, 0x70, 0x61, 0x63, 0x6B, 0x65, 0x74, 0x20, 0x62, 0x65, 0x67, 0x69, 
  0x6E, 0x3D, 0x22, 0xEF, 0xBB, 0xBF, 0x22, 0x20, 0x69, 0x64, 0x3D, 0x22, 0x57, 0x35, 0x4D, 0x30, 
  0x4D, 0x70, 0x43, 0x65, 0x68, 0x69, 0x48, 0x7A, 0x72, 0x65, 0x53, 0x7A, 0x4E, 0x54, 0x63, 0x7A, 
  0x6B, 0x63, 0x39, 0x64, 0x22, 0x3F, 0x3E, 0x20, 0x3C, 0x78, 0x3A, 0x78, 0x6D, 0x70, 0x6D, 0x65, 
  0x74, 0x61, 0x20, 0x78, 0x6D, 0x6C, 0x6E, 0x73, 0x3A, 0x78, 0x3D, 0x22, 0x61, 0x64, 0x6F, 0x62, 
  0x65, 0x3A, 0x6E, 0x73, 0x3A, 0x6D, 0x65, 0x74, 0x61, 0x2F, 0x22, 0x20, 0x78, 0x3A, 0x78, 0x6D, 
  0x70, 0x74, 0x6B, 0x3D, 0x22, 0x41, 0x64, 0x6F, 0x62, 0x65, 0x20, 0x58, 0x4D, 0x50, 0x20, 0x43, 
  0x6F, 0x72, 0x65, 0x20, 0x35, 0x2E, 0x30, 0x2D, 0x63, 0x30, 0x36, 0x30, 0x20, 0x36, 0x31, 0x2E, 
  0x31, 0x33, 0x34, 0x37, 0x37, 0x37, 0x2C, 0x20, 0x32, 0x30, 0x31, 0x30, 0x2F, 0x30, 0x32, 0x2F, 
  0x31, 0x32, 0x2D, 0x31, 0x37, 0x3A, 0x33, 0x32, 0x3A, 0x30, 0x30, 0x20, 0x20, 0x20, 0x20, 0x20, 
  0x20, 0x20, 0x20, 0x22, 0x3E, 0x20, 0x3C, 0x72, 0x64, 0x66, 0x3A, 0x52, 0x44, 0x46, 0x20, 0x78, 
  0x6D, 0x6C, 0x6E, 0x73, 0x3A, 0x72, 0x64, 0x66, 0x3D, 0x22, 0x68, 0x74, 0x74, 0x70, 0x3A, 0x2F, 
  0x2F, 0x77, 0x77, 0x77, 0x2E, 0x77, 0x33, 0x2E, 0x6F, 0x72, 0x67, 0x2F, 0x31, 0x39, 0x39, 0x39, 
  0x2F, 0x30, 0x32, 0x2F, 0x32, 0x32, 0x2D, 0x72, 0x64, 0x66, 0x2D, 0x73, 0x79, 0x6E, 0x74, 0x61, 
  0x78, 0x2D, 0x6E, 0x73, 0x23, 0x22, 0x3E, 0x20, 0x3C, 0x72, 0x64, 0x66, 0x3A, 0x44, 0x65, 0x73, 
  0x63, 0x72, 0x69, 0x70, 0x74, 0x69, 0x6F, 0x6E, 0x20, 0x72, 0x64, 0x66, 0x3A, 0x61, 0x62, 0x6F, 
  0x75, 0x74, 0x3D, 0x22, 0x22, 0x20, 0x78, 0x6D, 0x6C, 0x6E, 0x73, 0x3A, 0x78, 0x6D, 0x70, 0x3D, 
  0x22, 0x68, 0x74, 0x74, 0x70, 0x3A, 0x2F, 0x2F, 0x6E, 0x73, 0x2E, 0x61, 0x64, 0x6F, 0x62, 0x65, 
  0x2E, 0x63, 0x6F, 0x6D, 0x2F, 0x78, 0x61, 0x70, 0x2F, 0x31, 0x2E, 0x30, 0x2F, 0x22, 0x20, 0x78, 
  0x6D, 0x6C, 0x6E, 0x73, 0x3A, 0x78, 0x6D, 0x70, 0x4D, 0x4D, 0x3D, 0x22, 0x68, 0x74, 0x74, 0x70, 
  0x3A, 0x2F, 0x2F, 0x6E, 0x73, 0x2E, 0x61, 0x64, 0x6F, 0x62, 0x65, 0x2E, 0x63, 0x6F, 0x6D, 0x2F, 
  0x78, 0x61, 0x70, 0x2F, 0x31, 0x2E, 0x30, 0x2F, 0x6D, 0x6D, 0x2F, 0x22, 0x20, 0x78, 0x6D, 0x6C, 
  0x6E, 0x73, 0x3A, 0x73, 0x74, 0x52, 0x65, 0x66, 0x3D, 0x22, 0x68, 0x74, 0x74, 0x70, 0x3A, 0x2F, 
  0x2F, 0x6E, 0x73, 0x2E, 0x61, 0x64, 0x6F, 0x62, 0x65, 0x2E, 0x63, 0x6F, 0x6D, 0x2F, 0x78, 0x61, 
  0x70, 0x2F, 0x31, 0x2E, 0x30, 0x2F, 0x73, 0x54, 0x79, 0x70, 0x65, 0x2F, 0x52, 0x65, 0x73, 0x6F, 
  0x75, 0x72, 0x63, 0x65, 0x52, 0x65, 0x66, 0x23, 0x22, 0x20, 0x78, 0x6D, 0x70, 0x3A, 0x43, 0x72, 
  0x65, 0x61, 0x74, 0x6F, 0x72, 0x54, 0x6F, 0x6F, 0x6C, 0x3D, 0x22, 0x41, 0x64, 0x6F, 0x62, 0x65, 
  0x20, 0x50, 0x68, 0x6F, 0x74, 0x6F, 0x73, 0x68, 0x6F, 0x70, 0x20, 0x43, 0x53, 0x35, 0x20, 0x57, 
  0x69, 0x6E, 0x64, 0x6F, 0x77, 0x73, 0x22, 0x20, 0x78, 0x6D, 0x70, 0x4D, 0x4D, 0x3A, 0x49, 0x6E, 
  0x73, 0x74, 0x61, 0x6E, 0x63, 0x65, 0x49, 0x44, 0x3D, 0x22, 0x78, 0x6D, 0x70, 0x2E, 0x69, 0x69, 
  0x64, 0x3A, 0x30, 0x45, 0x31, 0x35, 0x44, 0x45, 0x45, 0x36, 0x32, 0x42, 0x39, 0x39, 0x31, 0x31, 
  0x45, 0x33, 0x42, 0x37, 0x30, 0x45, 0x45, 0x35, 0x43, 0x34, 0x36, 0x41, 0x43, 0x36, 0x33, 0x44, 
  0x41, 0x34, 0x22, 0x20, 0x78, 0x6D, 0x70, 0x4D, 0x4D, 0x3A, 0x44, 0x6F, 0x63, 0x75, 0x6D, 0x65, 
  0x6E, 0x74, 0x49, 0x44, 0x3D, 0x22, 0x78, 0x6D, 0x70, 0x2E, 0x64, 0x69, 0x64, 0x3A, 0x30, 0x45, 
  0x31, 0x35, 0x44, 0x45, 0x45, 0x37, 0x32, 0x42, 0x39, 0x39, 0x31, 0x31, 0x45, 0x33, 0x42, 0x37, 
  0x30, 0x45, 0x45, 0x35, 0x43, 0x34, 0x36, 0x41, 0x43, 0x36, 0x33, 0x44, 0x41, 0x34, 0x22, 0x3E, 
  0x20, 0x3C, 0x78, 0x6D, 0x70, 0x4D, 0x4D, 0x3A, 0x44, 0x65, 0x72, 0x69, 0x76, 0x65, 0x64, 0x46, 
  0x72, 0x6F, 0x6D, 0x20, 0x73, 0x74, 0x52, 0x65, 0x66, 0x3A, 0x69, 0x6E, 0x73, 0x74, 0x61, 0x6E, 
  0x63, 0x65, 0x49, 0x44, 0x3D, 0x22, 0x78, 0x6D, 0x70, 0x2E, 0x69, 0x69, 0x64, 0x3A, 0x30, 0x45, 
  0x31, 0x35, 0x44, 0x45, 0x45, 0x34, 0x32, 0x42, 0x39, 0x39, 0x31, 0x31, 0x45, 0x33, 0x42, 0x37, 
  0x30, 0x45, 0x45, 0x35, 0x43, 0x34, 0x36, 0x41, 0x43, 0x36, 0x33, 0x44, 0x41, 0x34, 0x22, 0x20, 
  0x73, 0x74, 0x52, 0x65, 0x66, 0x3A, 0x64, 0x6F, 0x63, 0x75, 0x6D, 0x65, 0x6E, 0x74, 0x49, 0x44, 
  0x3D, 0x22, 0x78, 0x6D, 0x70, 0x2E, 0x64, 0x69, 0x64, 0x3A, 0x30, 0x45, 0x31, 0x35, 0x44, 0x45, 
  0x45, 0x35, 0x32, 0x42, 0x39, 0x39, 0x31, 0x31, 0x45, 0x33, 0x42, 0x37, 0x30, 0x45, 0x45, 0x35, 
  0x43, 0x34, 0x36, 0x41, 0x43, 0x36, 0x33, 0x44, 0x41, 0x34, 0x22, 0x2F, 0x3E, 0x20, 0x3C, 0x2F, 
  0x72, 0x64, 0x66, 0x3A, 0x44, 0x65, 0x73, 0x63, 0x72, 0x69, 0x70, 0x74, 0x69, 0x6F, 0x6E, 0x3E, 
  0x20, 0x3C, 0x2F, 0x72, 0x64, 0x66, 0x3A, 0x52, 0x44, 0x46, 0x3E, 0x20, 0x3C, 0x2F, 0x78, 0x3A, 
  0x78, 0x6D, 0x70, 0x6D, 0x65, 0x74, 0x61, 0x3E, 0x20, 0x3C, 0x3F, 0x78, 0x70, 0x61, 0x63, 0x6B, 
  0x65, 0x74, 0x20, 0x65, 0x6E, 0x64, 0x3D, 0x22, 0x72, 0x22, 0x3F, 0x3E, 0xFF, 0xDB, 0x00, 0x43, 
  0x00, 0x04, 0x03, 0x03, 0x04, 0x03, 0x03, 0x04, 0x04, 0x04, 0x04, 0x05, 0x05, 0x04, 0x05, 0x07, 
  0x0B, 0x07, 0x07, 0x06, 0x06, 0x07, 0x0E, 0x0A, 0x0A, 0x08, 0x0B, 0x10, 0x0E, 0x11, 0x11, 0x10, 
  0x0E, 0x10, 0x0F, 0x12, 0x14, 0x1A, 0x16, 0x12, 0x13, 0x18, 0x13, 0x0F, 0x10, 0x16, 0x1F, 0x17, 
  0x18, 0x1B, 0x1B, 0x1D, 0x1D, 0x1D, 0x11, 0x16, 0x20, 0x22, 0x1F, 0x1C, 0x22, 0x1A, 0x1C, 0x1D, 
  0x1C, 0xFF, 0xDB, 0x00, 0x43, 0x01, 0x05, 0x05, 0x05, 0x07, 0x06, 0x07, 0x0D, 0x07, 0x07, 0x0D, 
  0x1C, 0x12, 0x10, 0x12, 0x1C, 0x1C, 0x1C, 0x1C, 0x1C, 0x1C, 0x1C, 0x1C, 0x1C, 0x1C, 0x1C, 0x1C, 
  0x1C, 0x1C, 0x1C, 0x1C, 0x1C, 0x1C, 0x1C, 0x1C, 0x1C, 0x1C, 0x1C, 0x1C, 0x1C, 0x1C, 0x1C, 0x1C, 
  0x1C, 0x1C, 0x1C, 0x1C, 0x1C, 0x1C, 0x1C, 0x1C, 0x1C, 0x1C, 0x1C, 0x1C, 0x1C, 0x1C, 0x1C, 0x1C, 
  0x1C, 0x1C, 0x1C, 0x1C, 0x1C, 0x1C, 0xFF, 0xC0, 0x00, 0x11, 0x08, 0x01, 0x2C, 0x01, 0x11, 0x03, 
  0x01, 0x11, 0x00, 0x02, 0x11, 0x01, 0x03, 0x11, 0x01, 0xFF, 0xC4, 0x00, 0x1D, 0x00, 0x01, 0x00, 
  0x02, 0x03, 0x01, 0x01, 0x01, 0x01, 0x00, 0x00, 0x00, 0x00, 0x00, 0x00, 0x00, 0x00, 0x00, 0x07, 
  0x08, 0x04, 0x05, 0x06, 0x02, 0x03, 0x01, 0x09, 0xFF, 0xC4, 0x00, 0x57, 0x10, 0x00, 0x01, 0x03, 
  0x03, 0x02, 0x03, 0x04, 0x07, 0x02, 0x07, 0x0A, 0x09, 0x0B, 0x05, 0x01, 0x00, 0x01, 0x02, 0x03, 
  0x04, 0x00, 0x05, 0x11, 0x06, 0x07, 0x12, 0x21, 0x31, 0x13, 0x41, 0x51, 0x61, 0x08, 0x14, 0x22, 
  0x32, 0x71, 0x81, 0x91, 0x42, 0xA1, 0x15, 0x16, 0x52, 0x62, 0xB1, 0xC1, 0xD2, 0x17, 0x23, 0x33, 
  0x55, 0x72, 0x82, 0x92, 0x94, 0xB3, 0xD1, 0x43, 0x53, 0x54, 0x56, 0x73, 0x74, 0x93, 0xA2, 0xC2, 
  0x24, 0x34, 0x36, 0x37, 0x44, 0x63, 0x75, 0x95, 0xA5, 0xB2, 0xE1, 0x18, 0x26, 0x65, 0xC3, 0xD3, 
  0xF2, 0xFF, 0xC4, 0x00, 0x1B, 0x01, 0x01, 0x00, 0x02, 0x03, 0x01, 0x01, 0x00, 0x00, 0x00, 0x00, 
  0x00, 0x00, 0x00, 0x00, 0x00, 0x00, 0x00, 0x05, 0x06, 0x03, 0x04, 0x07, 0x02, 0x01, 0xFF, 0xC4, 
  0x00, 0x47, 0x11, 0x00, 0x01, 0x03, 0x02, 0x02, 0x06, 0x08, 0x04, 0x02, 0x07, 0x07, 0x04, 0x02, 
  0x03, 0x01, 0x00, 0x01, 0x00, 0x02, 0x03, 0x04, 0x11, 0x05, 0x21, 0x12, 0x31, 0x41, 0x51, 0x61, 
  0x71, 0x06, 0x13, 0x81, 0x91, 0xA1, 0xB1, 0xC1, 0xD1, 0x14, 0x22, 0xE1, 0xF0, 0x15, 0x32, 0x16, 
  0x23, 0x33, 0x34, 0x52, 0x53, 0xF1, 0x24, 0x42, 0x54, 0x62, 0x72, 0x92, 0xA2, 0x35, 0x43, 0x63, 
  0x82, 0xB2, 0xE2, 0x25, 0x83, 0xC2, 0xD2, 0xFF, 0xDA, 0x00, 0x0C, 0x03, 0x01, 0x00, 0x02, 0x11, 
  0x03, 0x11, 0x00, 0x3F, 0x00, 0xBF, 0xD4, 0x44, 0xA2, 0x25, 0x11, 0x28, 0x89, 0x44, 0x4A, 0x22, 
  0x51, 0x12, 0x88, 0x94, 0x44, 0xA2, 0x25, 0x11, 0x3A, 0x51, 0x16, 0x14, 0x3B, 0xCD, 0xBA, 0xE2, 
  0xB5, 0x22, 0x24, 0xF8, 0xB2, 0x16, 0x9E, 0xA9, 0x65, 0xE4, 0xAC, 0x8F, 0x90, 0x35, 0x89, 0x93, 
  0xC5, 0x21, 0xB3, 0x1C, 0x0F, 0x22, 0xB3, 0x49, 0x4D, 0x34, 0x42, 0xF2, 0x30, 0x8E, 0x60, 0x85, 
  0x9B, 0x59, 0x56, 0x14, 0xA2, 0x2E, 0x43, 0x50, 0x6B, 0xB8, 0xD6, 0x8D, 0x4B, 0x66, 0xB0, 0x32, 
  0x12, 0xEC, 0xE9, 0xEF, 0x24, 0x39, 0x93, 0xC9, 0x96, 0xCE, 0x79, 0x9F, 0xCE, 0x38, 0xC0, 0x1F, 
  0x3F, 0x8C, 0x75, 0x4E, 0x20, 0xD8, 0xA7, 0x8E, 0x9C, 0x66, 0xE7, 0x1E, 0xE1, 0xF5, 0xD8, 0xA5, 
  0xE8, 0xF0, 0x97, 0xD4, 0x52, 0xCB, 0x56, 0xEC, 0x9A, 0xC1, 0x97, 0x13, 0xEC, 0x36, 0xF7, 0x2E, 
  0xBC, 0x74, 0xA9, 0x15, 0x10, 0x94, 0x44, 0xA2, 0x25, 0x11, 0x28, 0x89, 0x44, 0x4A, 0x22, 0x51, 
  0x12, 0x88, 0x94, 0x44, 0xA2, 0x25, 0x11, 0x28, 0x89, 0x44, 0x4A, 0x22, 0x51, 0x12, 0x88, 0x94, 
  0x44, 0xA2, 0x25, 0x11, 0x28, 0x89, 0x44, 0x4A, 0x22, 0x51, 0x12, 0x88, 0x94, 0x44, 0xA2, 0x25, 
  0x11, 0x28, 0x89, 0x44, 0x4A, 0x22, 0x86, 0xF7, 0x7B, 0x40, 0x36, 0x86, 0x1C, 0xD5, 0x36, 0x74, 
  0x98, 0xF3, 0x63, 0x9E, 0x39, 0x41, 0x9F, 0x64, 0xAD, 0x3F, 0xE3, 0x06, 0x3A, 0x28, 0x77, 0xF8, 
  0x8F, 0x85, 0x56, 0xB1, 0xAC, 0x34, 0x00, 0x6A, 0xE0, 0xC9, 0xC3, 0x5D, 0xBC, 0xF9, 0x85, 0x72, 
  0xE8, 0xDE, 0x30, 0x4B, 0x85, 0x05, 0x4F, 0xCC, 0xD7, 0x64, 0xDB, 0xE7, 0x6E, 0x1C, 0x8E, 0xCD, 
  0xC5, 0x7E, 0x6D, 0x4E, 0xEA, 0x3F, 0x74, 0x92, 0xDD, 0x8E, 0xF8, 0xEF, 0x1C, 0xA5, 0x8C, 0x46, 
  0x94, 0xAE, 0x45, 0xC2, 0x3E, 0xC2, 0xBF, 0x3B, 0xC0, 0xF7, 0xFC, 0x7A, 0xFC, 0xC1, 0xF1, 0x87, 
  0x4A, 0xE1, 0x4F, 0x50, 0x73, 0xD8, 0x77, 0xF0, 0x3C, 0x57, 0xDE, 0x90, 0x74, 0x7D, 0xB0, 0x34, 
  0xD5, 0xD2, 0x8B, 0x37, 0x68, 0xDD, 0xC4, 0x70, 0xDE, 0x36, 0x72, 0x53, 0x27, 0x75, 0x59, 0x95, 
  0x31, 0x54, 0x0D, 0x47, 0x7D, 0x93, 0x37, 0x58, 0x5C, 0x2E, 0xE8, 0x70, 0xA6, 0x40, 0x98, 0xA7, 
  0x1A, 0x57, 0xE4, 0xF0, 0x2B, 0x08, 0xFA, 0x04, 0x8A, 0xE6, 0xF5, 0x55, 0x0E, 0x7D, 0x53, 0xA6, 
  0x07, 0x3B, 0xE5, 0xD8, 0x72, 0x5D, 0x8A, 0x86, 0x8D, 0x91, 0xD1, 0x32, 0x98, 0x8C, 0xB4, 0x6C, 
  0x7B, 0x46, 0x7E, 0x6A, 0xD0, 0xE8, 0xDD, 0x4F, 0x1F, 0x57, 0x58, 0x23, 0x5C, 0x98, 0xC2, 0x56, 
  0xA1, 0xC2, 0xF3, 0x79, 0xFE, 0x0D, 0xC1, 0xEF, 0x27, 0xF5, 0x8F, 0x22, 0x2A, 0xFB, 0x43, 0x56, 
  0xDA, 0xB8, 0x44, 0xAD, 0xED, 0xE0, 0x57, 0x2C, 0xC4, 0xA8, 0x1F, 0x41, 0x50, 0xE8, 0x1F, 0xB3, 
  0x51, 0xDE, 0x36, 0x1F, 0xBD, 0xAB, 0x7F, 0x5B, 0x6B, 0x41, 0x73, 0x3A, 0x83, 0x59, 0x46, 0xB2, 
  0xDE, 0xAC, 0xD6, 0x64, 0xA4, 0x3B, 0x70, 0xB9, 0xBC, 0x94, 0x04, 0x67, 0x01, 0xB6, 0xF3, 0xCD, 
  0x67, 0xE8, 0x40, 0x1D, 0xE7, 0xE1, 0x5A, 0x35, 0x35, 0xCC, 0x86, 0x58, 0xE0, 0x19, 0xB9, 0xC7, 
  0xB8, 0x6F, 0xF6, 0x52, 0x74, 0x78, 0x64, 0x95, 0x30, 0x4B, 0x52, 0x72, 0x63, 0x07, 0x79, 0xDD, 
  0xEE, 0xBA, 0x61, 0xCE, 0xB7, 0x94, 0x62, 0x51, 0x12, 0x88, 0x94, 0x44, 0xA2, 0x25, 0x11, 0x28, 
  0x89, 0x44, 0x4A, 0x22, 0x51, 0x12, 0x88, 0x94, 0x44, 0xA2, 0x25, 0x11, 0x28, 0x89, 0x44, 0x4A, 
  0x22, 0x51, 0x12, 0x88, 0x94, 0x44, 0xA2, 0x25, 0x11, 0x28, 0x89, 0x44, 0x4A, 0x22, 0x51, 0x12, 
  0x88, 0x94, 0x45, 0xA9, 0xD4, 0xF2, 0xA3, 0x42, 0xD3, 0xB7, 0x47, 0xE6, 0x29, 0x22, 0x32, 0x23, 
  0x39, 0xC7, 0xC5, 0xD0, 0x82, 0x92, 0x31, 0xF3, 0xE9, 0xF3, 0xAD, 0x7A, 0xB7, 0xB5, 0x90, 0x3D, 
  0xCF, 0xD5, 0x62, 0xB6, 0xA8, 0x63, 0x7C, 0x95, 0x31, 0xB2, 0x3F, 0xCC, 0x48, 0xB7, 0x7A, 0xA7, 
  0x2C, 0x3C, 0xE4, 0x55, 0xB4, 0xF3, 0x4A, 0x28, 0x79, 0x92, 0x16, 0x85, 0x0E, 0xA9, 0x50, 0xE6, 
  0x0F, 0xD4, 0x57, 0x34, 0x6B, 0x8B, 0x48, 0x70, 0xD6, 0x17, 0x67, 0x7B, 0x1B, 0x20, 0x2D, 0x76, 
  0x60, 0xE5, 0xD8, 0x55, 0xCF, 0xB4, 0x4C, 0x37, 0x1B, 0x4C, 0x19, 0x8A, 0x18, 0x32, 0x18, 0x6D, 
  0xD2, 0x3C, 0x38, 0x92, 0x0F, 0xEB, 0xAE, 0x9D, 0x0B, 0xFA, 0xC8, 0xDA, 0xFD, 0xE0, 0x15, 0xC5, 
  0x2A, 0x22, 0xEA, 0xA6, 0x7C, 0x63, 0x61, 0x23, 0xB8, 0xD9, 0x54, 0x4D, 0x53, 0x6F, 0x36, 0xAD, 
  0x4B, 0x77, 0x84, 0xAF, 0xF0, 0x12, 0x9C, 0x48, 0xF3, 0x1C, 0x44, 0x8F, 0xB8, 0x8A, 0xE7, 0x35, 
  0x71, 0xF5, 0x53, 0xBD, 0x9B, 0x89, 0x5D, 0x83, 0x0F, 0x98, 0x4F, 0x4B, 0x14, 0xA3, 0x6B, 0x47, 
  0x92, 0xEA, 0xF6, 0x83, 0x56, 0xAB, 0x4E, 0xEA, 0x66, 0xE2, 0x3C, 0xBC, 0x5B, 0xEE, 0x44, 0x32, 
  0xE0, 0x27, 0x92, 0x1C, 0xFB, 0x0A, 0xFA, 0xFB, 0x27, 0xC8, 0xF9, 0x54, 0x86, 0x09, 0x5A, 0x69, 
  0xE7, 0xD0, 0x71, 0xF9, 0x5D, 0x97, 0x6E, 0xC3, 0xE8, 0xA2, 0x7A, 0x49, 0x87, 0x0A, 0xBA, 0x53, 
  0x23, 0x47, 0xCE, 0xCC, 0xC7, 0x2D, 0xA3, 0xD5, 0x59, 0xCE, 0xEA, 0xBD, 0xAE, 0x5E, 0xAA, 0x7E, 
  0xA4, 0xD5, 0x2F, 0xBD, 0xB8, 0x52, 0xAF, 0x89, 0x25, 0x6A, 0x8B, 0x34, 0x16, 0x53, 0xF9, 0x8D, 
  0x2B, 0x01, 0x3F, 0x30, 0x9F, 0xBE, 0xB9, 0xED, 0x55, 0x63, 0x8D, 0x69, 0xA8, 0x1B, 0x1D, 0x97, 
  0x20, 0x57, 0x5A, 0xA1, 0xC3, 0xD8, 0xDC, 0x35, 0xB4, 0xA7, 0xFB, 0xCD, 0xCF, 0x9B, 0x86, 0xB5, 
  0x69, 0xED, 0x97, 0x08, 0xF7, 0x6B, 0x7C, 0x69, 0xD1, 0x5C, 0x0E, 0x47, 0x90, 0xDA, 0x5C, 0x42, 
  0x87, 0x78, 0x23, 0x35, 0x7E, 0x8A, 0x46, 0xCA, 0xC1, 0x23, 0x0D, 0xC1, 0xCD, 0x72, 0xA9, 0xA1, 
  0x7C, 0x12, 0x3A, 0x29, 0x05, 0x8B, 0x4D, 0x8A, 0xF5, 0xEB, 0xCC, 0x7A, 0xF1, 0x85, 0xDA, 0x0F, 
  0x59, 0xEC, 0xFB, 0x6E, 0x0E, 0xF2, 0x8C, 0xE3, 0x3F, 0x5F, 0xD2, 0x2B, 0xEF, 0x58, 0xDD, 0x3D, 
  0x0B, 0xE7, 0xAD, 0x7C, 0xEA, 0x9F, 0xA1, 0xD6, 0x5B, 0x2B, 0xDA, 0xFC, 0x75, 0xAC, 0x8A, 0xF6, 
  0xB1, 0xA5, 0x11, 0x28, 0x89, 0x44, 0x4A, 0x22, 0x51, 0x12, 0x88, 0x94, 0x44, 0xA2, 0x25, 0x11, 
  0x28, 0x89, 0x44, 0x4A, 0x22, 0x51, 0x12, 0x88, 0x94, 0x44, 0xA2, 0x25, 0x11, 0x28, 0x89, 0x44, 
  0x5C, 0x4E, 0xE2, 0x6E, 0x9D, 0x83, 0x6D, 0x62, 0x36, 0xE5, 0xD5, 0xD5, 0xB9, 0x2D, 0xF0, 0x4B, 
  0x10, 0xD8, 0x01, 0x4E, 0xB8, 0x07, 0x7F, 0x32, 0x02, 0x53, 0xE6, 0x7E, 0x59, 0xAD, 0xFA, 0x0C, 
  0x36, 0x6A, 0xD7, 0x11, 0x18, 0xC8, 0x6B, 0x27, 0x52, 0x8D, 0xC4, 0x71, 0x5A, 0x7C, 0x3D, 0xB7, 
  0x94, 0xE6, 0x75, 0x01, 0xAD, 0x72, 0x3A, 0x0B, 0xD2, 0x3B, 0x4E, 0xEB, 0x4B, 0xC3, 0x76, 0x97, 
  0xE2, 0xC8, 0xB5, 0x4C, 0x90, 0xAE, 0x08, 0xE5, 0xF5, 0xA5, 0x6D, 0xBA, 0xAE, 0xE4, 0xF1, 0x0E, 
  0x8A, 0x3D, 0xC0, 0x8E, 0x7D, 0x33, 0x9A, 0xDD, 0xAD, 0xC0, 0x67, 0xA5, 0x8C, 0xCA, 0x08, 0x70, 
  0x1A, 0xED, 0xB1, 0x47, 0xE1, 0xFD, 0x24, 0xA7, 0xAB, 0x93, 0xA9, 0x70, 0x2D, 0x27, 0x55, 0xF5, 
  0x1F, 0xAA, 0x99, 0x2A, 0x0D, 0x58, 0x92, 0x88, 0x94, 0x45, 0xA3, 0xD5, 0x3A, 0xB6, 0xD9, 0xA4, 
  0x2D, 0xC6, 0x65, 0xC5, 0xEE, 0x1E, 0x2E, 0x4D, 0xB4, 0x8E, 0x6E, 0x3A, 0xAF, 0x04, 0x8F, 0xD7, 
  0xD0, 0x56, 0xAD, 0x5D, 0x64, 0x54, 0x8C, 0xD3, 0x94, 0xF2, 0x1B, 0x4F, 0x25, 0xBD, 0x87, 0xE1, 
  0xD3, 0xD7, 0xCB, 0xD5, 0x40, 0x39, 0x9D, 0x83, 0x9A, 0xAD, 0xFA, 0xDF, 0x72, 0x2E, 0x9A, 0xD5, 
  0x7D, 0x8B, 0x80, 0x45, 0xB6, 0xA1, 0x5C, 0x48, 0x8A, 0xD9, 0xCE, 0x4F, 0x71, 0x59, 0xFB, 0x47, 
  0xEE, 0x15, 0x49, 0xAF, 0xC5, 0x25, 0xAC, 0x3A, 0x27, 0x26, 0xEE, 0xF7, 0xDE, 0xBA, 0x4E, 0x13, 
  0x81, 0xC1, 0x87, 0x0D, 0x21, 0xF3, 0x3C, 0xEB, 0x27, 0xD0, 0x6C, 0xF3, 0x58, 0x3A, 0x2F, 0x45, 
  0xCE, 0xD6, 0x77, 0x44, 0x46, 0x8E, 0xDA, 0x93, 0x0D, 0x2A, 0x1E, 0xB1, 0x27, 0x1E, 0xCB, 0x49, 
  0xEF, 0xE7, 0xDE, 0xA2, 0x3A, 0x0F, 0xD5, 0x58, 0xA8, 0x28, 0x24, 0xAC, 0x93, 0x45, 0xA3, 0x2D, 
  0xA7, 0x77, 0xD5, 0x6C, 0x62, 0x98, 0xA4, 0x58, 0x74, 0x45, 0xEF, 0x3F, 0x36, 0xC1, 0xB4, 0x9F, 
  0x6D, 0xE5, 0x5B, 0x58, 0xEC, 0x37, 0x12, 0x33, 0x6C, 0xB6, 0x38, 0x5A, 0x69, 0x01, 0x09, 0x1E, 
  0x00, 0x0C, 0x0F, 0xD1, 0x5D, 0x0D, 0xAD, 0x0D, 0x68, 0x68, 0xD4, 0x17, 0x22, 0x73, 0x8B, 0xDC, 
  0x5C, 0xED, 0x65, 0x54, 0xBD, 0xC0, 0xB9, 0xC7, 0xBC, 0x6B, 0x3B, 0xCC, 0xC8, 0xAA, 0x0A, 0x8E, 
  0xB7, 0xB8, 0x50, 0xB4, 0xF4, 0x58, 0x4A, 0x42, 0x78, 0x87, 0x91, 0x29, 0x35, 0xCF, 0x31, 0x29, 
  0x9B, 0x35, 0x54, 0x8F, 0x66, 0xAB, 0xF9, 0x64, 0xBA, 0xE6, 0x0B, 0x4E, 0xFA, 0x7A, 0x18, 0xA3, 
  0x93, 0x58, 0x1E, 0x64, 0x95, 0xCD, 0x71, 0x29, 0x1E, 0xD2, 0x49, 0x0A, 0x4F, 0x30, 0x47, 0x71, 
  0xEE, 0xAD, 0x1B, 0xDB, 0x30, 0xA5, 0x2C, 0x0E, 0x45, 0x5C, 0xFB, 0x24, 0xA5, 0xCF, 0xB3, 0x5B, 
  0xE5, 0x2F, 0xDF, 0x7E, 0x3B, 0x6E, 0x2B, 0xE2, 0x52, 0x09, 0xAE, 0x9B, 0x4E, 0xF2, 0xF8, 0x9A, 
  0xF3, 0xB4, 0x02, 0xB8, 0xA5, 0x54, 0x62, 0x29, 0xDF, 0x18, 0xD4, 0x09, 0x1D, 0xC4, 0xAA, 0x85, 
  0xA8, 0x23, 0x18, 0x57, 0xFB, 0xAC, 0x75, 0x75, 0x6A, 0x5B, 0xA8, 0xFA, 0x2C, 0xD7, 0x38, 0xA9, 
  0x66, 0x84, 0xCF, 0x6E, 0xE2, 0x7C, 0xD7, 0x61, 0xA2, 0x90, 0x49, 0x4D, 0x1B, 0xC6, 0xD6, 0x8F, 
  0x25, 0x22, 0xED, 0x0E, 0xE3, 0x26, 0xC2, 0xF0, 0xB1, 0xDD, 0x1D, 0x09, 0xB6, 0xBE, 0xBC, 0xB0, 
  0xF2, 0xCF, 0x26, 0x16, 0x4F, 0x30, 0x7C, 0x12, 0x4F, 0xD0, 0xFC, 0x79, 0x4D, 0x60, 0x98, 0xA0, 
  0x80, 0xF5, 0x13, 0x1F, 0x94, 0xEA, 0x3B, 0x8F, 0xB1, 0xF0, 0x55, 0xBE, 0x92, 0x60, 0x86, 0xA4, 
  0x7C, 0x55, 0x38, 0xF9, 0xC6, 0xB1, 0xBC, 0x6F, 0xE6, 0x3C, 0x42, 0x90, 0x77, 0x62, 0x0C, 0xF8, 
  0xF0, 0x21, 0x6A, 0x6B, 0x3B, 0xAA, 0x6E, 0xE1, 0x66, 0x51, 0x52, 0x8A, 0x46, 0x78, 0x99, 0x56, 
  0x38, 0x81, 0x1D, 0xE0, 0x60, 0x12, 0x3C, 0x33, 0x53, 0x38, 0xCC, 0x72, 0x35, 0x8D, 0xAA, 0x84, 
  0xD9, 0xCC, 0xF2, 0x3A, 0xD5, 0x7B, 0xA3, 0xB2, 0xC2, 0xF9, 0x1F, 0x43, 0x52, 0x2E, 0xC9, 0x7F, 
  0xF9, 0x0D, 0x5F, 0x7B, 0xD6, 0x46, 0x82, 0xDD, 0x2B, 0x76, 0xAE, 0x42, 0x22, 0xC8, 0xE0, 0x87, 
  0x77, 0x03, 0x9B, 0x0A, 0x3E, 0xCB, 0xBE, 0x6D, 0x93, 0xD7, 0xE1, 0xD4, 0x79, 0xF5, 0xAF, 0x78, 
  0x76, 0x2F, 0x15, 0x58, 0xD0, 0x77, 0xCA, 0xFD, 0xDB, 0xF9, 0x7B, 0x6B, 0x58, 0xF1, 0x7E, 0x8F, 
  0xCD, 0x40, 0x4C, 0x8C, 0xF9, 0xA3, 0xDF, 0xBB, 0x9F, 0xBE, 0xA5, 0xDF, 0x54, 0xBA, 0x80, 0x4A, 
  0x22, 0x51, 0x17, 0xE2, 0xD6, 0x94, 0x24, 0xA9, 0x44, 0x25, 0x29, 0x19, 0x24, 0x9C, 0x00, 0x28, 
  0x05, 0xD7, 0xC2, 0x6D, 0x99, 0x55, 0xDF, 0x57, 0x7A, 0x4F, 0x76, 0x37, 0xD3, 0x6B, 0xD2, 0x16, 
  0x64, 0xDD, 0xC3, 0x6B, 0x28, 0x32, 0x16, 0x54, 0x43, 0xC4, 0x75, 0xEC, 0xD0, 0x81, 0x92, 0x39, 
  0x7B, 0xDD, 0xFE, 0x18, 0xE7, 0x56, 0x7A, 0x5E, 0x8E, 0xDE, 0x3E, 0xB2, 0xA9, 0xFA, 0x3C, 0x37, 
  0x73, 0xBF, 0x92, 0xA8, 0xD5, 0xF4, 0xA6, 0xD3, 0x75, 0x54, 0x6C, 0xD3, 0xE3, 0xBF, 0x90, 0x1E, 
  0x6B, 0xBF, 0xDA, 0xBD, 0xE4, 0xB5, 0xEE, 0x5B, 0x6F, 0xC5, 0x0C, 0x2E, 0xDF, 0x7B, 0x8A, 0x9E, 
  0x27, 0xA1, 0x38, 0xAE, 0x2C, 0xA7, 0x38, 0x2A, 0x42, 0xB9, 0x64, 0x67, 0x91, 0xC8, 0x04, 0x67, 
  0x9F, 0x8D, 0x46, 0xE2, 0x58, 0x54, 0x94, 0x24, 0x3A, 0xFA, 0x4D, 0x3A, 0x8F, 0xBA, 0x96, 0xC2, 
  0x71, 0xA8, 0xB1, 0x00, 0x5B, 0x6D, 0x17, 0x8D, 0x63, 0xD4, 0x29, 0x2A, 0xA2, 0x94, 0xCA, 0x51, 
  0x12, 0x88, 0x94, 0x44, 0xA2, 0x25, 0x11, 0x28, 0x89, 0x44, 0x4A, 0x22, 0x51, 0x12, 0x88, 0x94, 
  0x45, 0x8E, 0xCC, 0xF8, 0xB2, 0x64, 0xC9, 0x8C, 0xCC, 0x96, 0x5C, 0x93, 0x14, 0xA4, 0x3C, 0xD2, 
  0x16, 0x0A, 0x9A, 0x2A, 0x19, 0x4F, 0x10, 0xEA, 0x32, 0x39, 0x8C, 0xD7, 0xA2, 0xC7, 0x00, 0x1C, 
  0x46, 0x47, 0x52, 0xF0, 0xD9, 0x1A, 0xE2, 0x5A, 0x0E, 0x63, 0x5F, 0x0E, 0x6A, 0xA5, 0xEE, 0x2C, 
  0xD6, 0x34, 0xE7, 0xA4, 0x73, 0x57, 0x3D, 0x55, 0x17, 0xD6, 0x6C, 0xBC, 0x4C, 0xB8, 0x84, 0xB8, 
  0x8E, 0x24, 0x06, 0x7B, 0x3E, 0x10, 0xA0, 0x9E, 0xF0, 0x85, 0xF1, 0x12, 0x3C, 0x41, 0xAB, 0x9D, 
  0x03, 0x0C, 0xD8, 0x49, 0x8E, 0x98, 0xD9, 0xD9, 0xF7, 0xDF, 0xD4, 0x2A, 0x0E, 0x24, 0xF1, 0x06, 
  0x34, 0x25, 0xAA, 0x17, 0x66, 0x5D, 0xD6, 0xB5, 0xFB, 0x0E, 0x6B, 0xB7, 0xDF, 0x5D, 0x9F, 0x8B, 
  0xA8, 0x2D, 0x03, 0x57, 0x69, 0x56, 0x1A, 0x17, 0x06, 0x1B, 0x0F, 0x3C, 0xDC, 0x40, 0x00, 0x96, 
  0xD6, 0x32, 0x16, 0x9E, 0x1E, 0xAB, 0x03, 0x98, 0x23, 0xDE, 0x1E, 0x60, 0x56, 0x86, 0x0B, 0x8A, 
  0xBA, 0x17, 0xFC, 0x35, 0x41, 0xF9, 0x4E, 0xFD, 0x87, 0x77, 0x2F, 0x25, 0x27, 0x8F, 0x60, 0xCC, 
  0x9E, 0x3F, 0x8C, 0xA5, 0x1F, 0x30, 0xCF, 0x2D, 0xA3, 0x7F, 0x3F, 0x30, 0xB7, 0xBB, 0x05, 0xBB, 
  0xC3, 0x5C, 0xDA, 0x7F, 0x03, 0xDD, 0x9F, 0x07, 0x50, 0xC1, 0x40, 0xCA, 0xD4, 0x79, 0xCB, 0x68, 
  0x72, 0x0E, 0x0F, 0xCE, 0x1C, 0x82, 0xBE, 0x47, 0xBC, 0xE3, 0x5B, 0x1A, 0xC2, 0xFE, 0x11, 0xFD, 
  0x6C, 0x43, 0xE4, 0x3E, 0x07, 0x77, 0xB2, 0xDA, 0xE8, 0xFE, 0x31, 0xF1, 0xB1, 0xF5, 0x33, 0x1F, 
  0xD6, 0x37, 0xC4, 0x6F, 0xE7, 0xBF, 0xBD, 0x4D, 0x15, 0x04, 0xAC, 0x8B, 0x06, 0xF3, 0x76, 0x8D, 
  0x62, 0xB5, 0x4B, 0xB8, 0xCB, 0x57, 0x0C, 0x78, 0xAD, 0x97, 0x15, 0x8E, 0xA7, 0x1D, 0xC3, 0xCC, 
  0x9C, 0x0F, 0x9D, 0x62, 0x9E, 0x66, 0xC1, 0x1B, 0xA5, 0x7E, 0xA0, 0xB3, 0xD2, 0xD3, 0xBE, 0xA6, 
  0x66, 0xC3, 0x1E, 0xB7, 0x1B, 0x2A, 0x9F, 0x7A, 0xBC, 0x5D, 0xB5, 0xF6, 0xA2, 0xED, 0x96, 0xDB, 
  0x8F, 0xCC, 0x92, 0xAE, 0xCD, 0x88, 0xCD, 0xF3, 0x0D, 0xA7, 0xB9, 0x09, 0x1E, 0x03, 0xA9, 0x3F, 
  0x12, 0x6B, 0x9E, 0xCF, 0x3C, 0xD5, 0xD3, 0xE9, 0x1C, 0xC9, 0xD4, 0x37, 0x70, 0xFB, 0xE6, 0xBA, 
  0xD5, 0x25, 0x2D, 0x3E, 0x17, 0x4B, 0xA2, 0x0D, 0x9A, 0xDC, 0xC9, 0x3B, 0x4E, 0xF3, 0xE9, 0xDC, 
  0x14, 0xBD, 0xA3, 0xB6, 0x3A, 0x14, 0x36, 0x9B, 0x95, 0xA8, 0x94, 0x25, 0xC9, 0x20, 0x1F, 0x55, 
  0x42, 0x88, 0x69, 0x1E, 0x44, 0xF5, 0x51, 0xFA, 0x0F, 0x8D, 0x58, 0xE8, 0x7A, 0x3F, 0x1B, 0x06, 
  0x9D, 0x4E, 0x67, 0x76, 0xCF, 0xAF, 0x92, 0xA7, 0x62, 0x5D, 0x2B, 0x96, 0x42, 0x59, 0x47, 0xF2, 
  0xB7, 0x7E, 0xD3, 0xED, 0xE6, 0xA4, 0x1B, 0x8D, 0xF3, 0x4F, 0xE8, 0xA8, 0x08, 0x44, 0x99, 0x11, 
  0x2D, 0xF1, 0xD0, 0x3F, 0x7B, 0x61, 0x00, 0x02, 0x7F, 0x92, 0x84, 0xF3, 0x3F, 0x21, 0x53, 0x12, 
  0xD4, 0x53, 0x51, 0xB2, 0xCE, 0x21, 0xA3, 0x77, 0xB0, 0x55, 0xE8, 0x29, 0x2A, 0xF1, 0x19, 0x09, 
  0x8D, 0xA5, 0xE7, 0x69, 0xF7, 0x25, 0x42, 0x7A, 0xF7, 0x78, 0xE4, 0xEA, 0x06, 0x1D, 0xB7, 0x59, 
  0xD0, 0xE4, 0x3B, 0x7B, 0x83, 0x85, 0xC7, 0x94, 0x70, 0xEB, 0xC9, 0xF0, 0xE5, 0xEE, 0xA4, 0xFD, 
  0x4F, 0x95, 0x55, 0xF1, 0x1C, 0x71, 0xD5, 0x00, 0xC5, 0x07, 0xCA, 0xDD, 0xFB, 0x4F, 0xB2, 0xBC, 
  0x60, 0xFD, 0x19, 0x65, 0x2B, 0x84, 0xD5, 0x24, 0x39, 0xE3, 0x50, 0xD8, 0x3D, 0xCF, 0x82, 0x8B, 
  0x2A, 0x01, 0x5A, 0xD6, 0xC2, 0xC5, 0x65, 0x91, 0xA8, 0x6E, 0xD1, 0x2D, 0x91, 0x52, 0x54, 0xF4, 
  0xA5, 0x84, 0x64, 0x0F, 0x74, 0x7D, 0xA5, 0x1F, 0x20, 0x32, 0x6B, 0x35, 0x3C, 0x0E, 0xA8, 0x91, 
  0xB1, 0x33, 0x59, 0x5A, 0xD5, 0x75, 0x4C, 0xA4, 0x85, 0xD3, 0xC9, 0xA9, 0xA3, 0xFA, 0x0E, 0xD2, 
  0xAE, 0x44, 0x48, 0xC8, 0x87, 0x15, 0x98, 0xED, 0xF2, 0x6D, 0x94, 0x25, 0xB4, 0xFC, 0x00, 0xC0, 
  0xFD, 0x15, 0xD2, 0xD8, 0xD0, 0xC6, 0x86, 0x8D, 0x41, 0x71, 0x99, 0x1E, 0x64, 0x79, 0x7B, 0xB5, 
  0x9C, 0xD5, 0x43, 0xD6, 0x6F, 0x22, 0x46, 0xAF, 0xBF, 0x3A, 0xD9, 0xCA, 0x17, 0x35, 0xE2, 0x08, 
  0xEF, 0xF6, 0x88, 0xFD, 0x55, 0xCE, 0x2B, 0x9C, 0x1D, 0x53, 0x21, 0x1F, 0xC4, 0x7C, 0xD7, 0x60, 
  0xC2, 0xDA, 0x59, 0x45, 0x0B, 0x4E, 0xBD, 0x11, 0xE4, 0xB4, 0x75, 0xAA, 0xB7, 0xD4, 0xA3, 0xA0, 
  0x37, 0x50, 0xDB, 0x23, 0x0B, 0x1E, 0xA1, 0xE2, 0x93, 0x67, 0x71, 0x25, 0xA4, 0xBC, 0x7D, 0xA5, 
  0xB2, 0x92, 0x31, 0xC2, 0x7B, 0xD4, 0x8C, 0x7C, 0xC7, 0x9F, 0x4A, 0x9F, 0xC3, 0x71, 0x8E, 0xA9, 
  0xBD, 0x45, 0x4E, 0x6C, 0x39, 0x5F, 0x77, 0xB8, 0xF2, 0x55, 0x4C, 0x63, 0xA3, 0xDD, 0x73, 0xBE, 
  0x2A, 0x8F, 0xE5, 0x90, 0x67, 0x6D, 0x84, 0xEF, 0x1B, 0x8F, 0x81, 0x51, 0xAC, 0x96, 0xD1, 0x16, 
  0x6B, 0xCD, 0xC7, 0x7B, 0x8D, 0xB6, 0x5D, 0x50, 0x6D, 0xD4, 0x1F, 0x78, 0x05, 0x1E, 0x15, 0x03, 
  0xF0, 0x00, 0xD4, 0x1B, 0xC0, 0x6B, 0xC8, 0x69, 0xC8, 0x1C, 0x8A, 0xB3, 0xC6, 0x4B, 0xE3, 0x05, 
  0xE2, 0xC4, 0x81, 0x71, 0xE6, 0x14, 0xCB, 0xB6, 0xDB, 0xC2, 0xE7, 0x6A, 0xCD, 0xA7, 0x51, 0xBD, 
  0xC4, 0x95, 0x10, 0x86, 0x67, 0xAC, 0xF3, 0x07, 0xB9, 0x2E, 0x7E, 0xD7, 0xD7, 0xC6, 0xAC, 0xB8, 
  0x56, 0x36, 0x6E, 0x21, 0xA9, 0x3C, 0x8F, 0xBF, 0xBF, 0x7A, 0xA5, 0x63, 0x9D, 0x1A, 0x00, 0x1A, 
  0x8A, 0x21, 0xCD, 0xBE, 0xAD, 0xF6, 0xEE, 0xDC, 0xA7, 0x21, 0xCE, 0xAD, 0x6A, 0x8C, 0x94, 0x45, 
  0x5C, 0xBD, 0x24, 0x37, 0x3E, 0x44, 0x72, 0x34, 0x35, 0x8D, 0x4B, 0x54, 0xD9, 0x89, 0x48, 0x9C, 
  0xA6, 0xB2, 0x56, 0x12, 0xAF, 0x75, 0x94, 0xE3, 0x9E, 0x55, 0x90, 0x4F, 0x91, 0x03, 0xBC, 0xD5, 
  0xA3, 0x00, 0xC3, 0x9A, 0xEF, 0xED, 0x93, 0x6A, 0x1A, 0xBB, 0x36, 0xF6, 0x2A, 0x77, 0x49, 0x71, 
  0x57, 0x37, 0xFB, 0x0C, 0x1F, 0x99, 0xDA, 0xFB, 0x76, 0x76, 0xF9, 0x73, 0x5D, 0x3E, 0xD8, 0x6D, 
  0xF5, 0xAB, 0x66, 0x34, 0x6C, 0xAB, 0xFD, 0xFD, 0x4D, 0x22, 0xEA, 0x58, 0xED, 0xA6, 0xC8, 0x3C, 
  0xFD, 0x5D, 0x1D, 0xCC, 0xA0, 0xFC, 0x70, 0x0E, 0x3D, 0xE5, 0x1F, 0x85, 0x6A, 0x62, 0x35, 0xD2, 
  0x62, 0x75, 0x02, 0x18, 0x7F, 0x2D, 0xEC, 0x06, 0xFE, 0x27, 0xEF, 0x20, 0xB7, 0xB0, 0xAC, 0x3A, 
  0x2C, 0x26, 0x98, 0xD4, 0x4F, 0xF9, 0xAD, 0x72, 0x77, 0x70, 0x1F, 0x79, 0x95, 0x19, 0x6C, 0x6F, 
  0xAE, 0xEB, 0x9D, 0xEA, 0xBC, 0xEB, 0x04, 0x47, 0xF5, 0x68, 0x2D, 0xF6, 0xCF, 0xBA, 0x00, 0xF6, 
  0x41, 0x74, 0x14, 0xA1, 0xB2, 0x7B, 0xCE, 0x32, 0xA3, 0xFC, 0x92, 0x6A, 0x5B, 0x18, 0xD0, 0xA5, 
  0xC3, 0xD9, 0x4A, 0x4D, 0xCE, 0x43, 0xBB, 0x59, 0x50, 0xB8, 0x0E, 0x9D, 0x6E, 0x26, 0xFA, 0xC0, 
  0x2C, 0xD1, 0x73, 0xDF, 0x90, 0x1F, 0x7B, 0x95, 0x85, 0x77, 0x73, 0x34, 0xDB, 0x1A, 0xD1, 0x1A, 
  0x45, 0xCB, 0x82, 0x13, 0x78, 0x5B, 0x61, 0x41, 0x27, 0xDC, 0xE2, 0x3D, 0x1B, 0x2A, 0xEE, 0x59, 
  0x1C, 0xC2, 0x7C, 0x3C, 0xC8, 0x15, 0x59, 0x18, 0x7D, 0x41, 0xA7, 0xF8, 0xA0, 0xDF, 0x97, 0xEF, 
  0x3E, 0x5C, 0x55, 0xB4, 0xE2, 0x74, 0xC2, 0xA7, 0xE1, 0x0B, 0xBE, 0x7F, 0xBC, 0xB9, 0xF0, 0x5D, 
  0x75, 0x69, 0x29, 0x04, 0xA2, 0x25, 0x11, 0x28, 0x89, 0x44, 0x4A, 0x22, 0x51, 0x12, 0x88, 0x94, 
  0x44, 0xA2, 0x2E, 0x6E, 0xE7, 0xB8, 0x1A, 0x66, 0xCD, 0x7D, 0x66, 0xC7, 0x70, 0xBD, 0x43, 0x8B, 
  0x73, 0x79, 0x01, 0xC4, 0xB2, 0xF3, 0x9C, 0x3C, 0x8F, 0x4C, 0xA8, 0xF2, 0x04, 0xF7, 0x02, 0x41, 
  0x35, 0xB5, 0x1D, 0x0D, 0x44, 0xB1, 0x99, 0x98, 0xC2, 0x5A, 0x36, 0xAD, 0x39, 0x71, 0x0A, 0x68, 
  0xA5, 0x10, 0x48, 0xF0, 0x1C, 0x76, 0x1F, 0xBB, 0x2A, 0xEB, 0xB8, 0x1A, 0x3B, 0x54, 0x6C, 0xDE, 
  0xAA, 0x7B, 0x5D, 0x69, 0x89, 0xB2, 0x26, 0xDA, 0xA4, 0xB8, 0x5C, 0x92, 0xA7, 0x94, 0x5C, 0x29, 
  0xE2, 0x39, 0x28, 0x7B, 0xF2, 0xDB, 0x27, 0xA2, 0xFA, 0x8E, 0x5D, 0x0E, 0x09, 0xB3, 0xD0, 0xD5, 
  0x53, 0xE2, 0x50, 0x0A, 0x3A, 0x81, 0x67, 0x0D, 0x5B, 0x3B, 0xB7, 0x1E, 0x0A, 0x9F, 0x88, 0x51, 
  0xD5, 0x61, 0x55, 0x06, 0xBA, 0x95, 0xC5, 0xCD, 0x3A, 0xEF, 0x9E, 0xBD, 0x87, 0x78, 0xE3, 0xEB, 
  0x9A, 0xED, 0x6E, 0x27, 0x4F, 0x7A, 0x4A, 0x68, 0x55, 0x98, 0x45, 0x10, 0xF5, 0x3D, 0xB9, 0x3C, 
  0x68, 0x69, 0xD3, 0xED, 0xC7, 0x70, 0xF5, 0x49, 0x3F, 0x69, 0xA5, 0xE3, 0x1C, 0x43, 0xC8, 0xF5, 
  0x18, 0xAD, 0x08, 0xFA, 0xFC, 0x12, 0xA7, 0xE7, 0xCD, 0x8E, 0xF1, 0x1E, 0xE1, 0x49, 0x49, 0xF0, 
  0xDD, 0x20, 0xA4, 0xF9, 0x32, 0x91, 0xBE, 0x07, 0xD8, 0xEF, 0x5C, 0xB6, 0xC1, 0x6E, 0x74, 0xAD, 
  0x31, 0x75, 0x5E, 0xDF, 0xEA, 0x9E, 0x38, 0xE5, 0xB7, 0x4B, 0x30, 0xD4, 0xF9, 0xC1, 0x61, 0xDC, 
  0xF3, 0x61, 0x5E, 0x44, 0xFB, 0xA7, 0xC4, 0xE3, 0xA1, 0x15, 0xB9, 0x8D, 0xE1, 0xCD, 0x9D, 0x9F, 
  0x1B, 0x4D, 0x9E, 0x57, 0x36, 0xDA, 0x37, 0xFB, 0xAD, 0x1E, 0x8F, 0x62, 0x8F, 0xA7, 0x93, 0xF0, 
  0xFA, 0xBC, 0xB3, 0xB0, 0xBE, 0xC3, 0xBB, 0xD9, 0x65, 0xEE, 0x2E, 0xCA, 0xDF, 0xAD, 0x3A, 0xFE, 
  0xDB, 0xA9, 0xB6, 0xFD, 0xA0, 0xD3, 0x92, 0xA4, 0xF1, 0xAD, 0x09, 0x50, 0x42, 0x22, 0x3D, 0xCC, 
  0x95, 0x9F, 0xFB, 0xA5, 0x0C, 0xE4, 0x73, 0xE6, 0x48, 0xC7, 0x30, 0x2B, 0xC5, 0x06, 0x2F, 0x0C, 
  0x94, 0xAE, 0xA7, 0xAD, 0xCE, 0xC3, 0xBC, 0x6E, 0xE6, 0x36, 0x7D, 0x16, 0x4C, 0x4B, 0x03, 0x9E, 
  0x2A, 0xC6, 0xD5, 0x61, 0xF9, 0x5C, 0xF7, 0x1D, 0xFC, 0x8F, 0xD3, 0x6A, 0xB2, 0x31, 0x3B, 0x7F, 
  0x55, 0x63, 0xD6, 0xBB, 0x3F, 0x59, 0xE0, 0x4F, 0x6B, 0xD9, 0x67, 0x83, 0x8F, 0x1C, 0xF8, 0x73, 
  0xCF, 0x19, 0xCE, 0x33, 0x55, 0x67, 0x5A, 0xE7, 0x47, 0x52, 0xB9, 0x33, 0x4B, 0x44, 0x69, 0xEB, 
  0x51, 0x96, 0xFC, 0xCD, 0x5C, 0x7D, 0x25, 0x1A, 0x3A, 0x09, 0x09, 0x93, 0x2D, 0x29, 0x5F, 0x98, 
  0x4A, 0x54, 0xAC, 0x7D, 0x40, 0xFA, 0x55, 0x7B, 0xA4, 0x52, 0x16, 0xD3, 0x06, 0x8D, 0xA7, 0xDC, 
  0xAB, 0x67, 0x44, 0x22, 0x0F, 0xAD, 0x73, 0xCF, 0xF7, 0x5A, 0x7C, 0x48, 0x0B, 0xE9, 0xB3, 0xFA, 
  0x1D, 0xAB, 0x05, 0x95, 0x17, 0x89, 0x8D, 0x8F, 0xC2, 0x53, 0x91, 0xC6, 0x0A, 0x87, 0x36, 0x5A, 
  0x3C, 0xC2, 0x47, 0x81, 0x3D, 0x4F, 0xC8, 0x77, 0x57, 0xAC, 0x13, 0x0F, 0x10, 0x45, 0xD7, 0x3C, 
  0x7C, 0xCE, 0xF0, 0x1F, 0x7A, 0xD7, 0x8E, 0x92, 0xE2, 0xAE, 0xAA, 0x9C, 0xD3, 0x46, 0x7E, 0x46, 
  0x1E, 0xF3, 0xB4, 0xF6, 0x6A, 0x0B, 0x9A, 0xD7, 0xFB, 0xD0, 0xF2, 0x9E, 0x7A, 0xDB, 0xA6, 0xD6, 
  0x10, 0xDA, 0x09, 0x43, 0x93, 0xF1, 0x92, 0xA3, 0xDE, 0x1B, 0x1D, 0x31, 0xF9, 0xC7, 0xE5, 0xE3, 
  0x5A, 0x38, 0x96, 0x3A, 0xEB, 0x98, 0xA9, 0x4F, 0xFE, 0xDE, 0xDE, 0xFD, 0xCA, 0x53, 0x06, 0xE8, 
  0xBB, 0x74, 0x44, 0xF5, 0xA3, 0x5E, 0xA6, 0xFB, 0xFB, 0x77, 0xA8, 0x6A, 0x44, 0x87, 0xA5, 0xBE, 
  0xE4, 0x89, 0x0E, 0xB8, 0xEB, 0xCE, 0x1C, 0xA9, 0xC7, 0x14, 0x54, 0xA5, 0x7C, 0x49, 0xAA, 0xCB, 
  0x9C, 0xE7, 0x92, 0xE7, 0x1B, 0x95, 0x74, 0x8D, 0x8D, 0x63, 0x43, 0x18, 0x2C, 0x06, 0xC0, 0xBC, 
  0xB0, 0xC3, 0xB2, 0x97, 0xC0, 0xC3, 0x6B, 0x79, 0x67, 0xEC, 0xB6, 0x92, 0xA3, 0xF4, 0x15, 0xF1, 
  0xAD, 0x2E, 0x36, 0x68, 0xBA, 0xFA, 0xF7, 0xB5, 0x82, 0xEF, 0x36, 0xE7, 0x92, 0xEB, 0xAC, 0x9B, 
  0x5B, 0xAA, 0x2F, 0x8B, 0x4F, 0x05, 0xB1, 0xC8, 0xAC, 0xAB, 0x19, 0x7A, 0x5F, 0xEF, 0x49, 0x03, 
  0xC7, 0x07, 0xDA, 0x3F, 0x21, 0x52, 0x34, 0xF8, 0x45, 0x5C, 0xC7, 0x26, 0x58, 0x6F, 0x39, 0x7D, 
  0x54, 0x3D, 0x57, 0x48, 0x28, 0x29, 0x81, 0xBC, 0x9A, 0x47, 0x73, 0x73, 0xFA, 0x78, 0xA9, 0xE7, 
  0x41, 0x6D, 0xCC, 0x0D, 0x13, 0x1D, 0x4E, 0x25, 0x5E, 0xB3, 0x72, 0x79, 0x38, 0x76, 0x4A, 0x93, 
  0x8E, 0x5F, 0x92, 0x91, 0xDC, 0x9F, 0xBC, 0xF7, 0xD5, 0xBB, 0x0E, 0xC2, 0xE3, 0xA2, 0x6D, 0xC6, 
  0x6E, 0x3A, 0xCF, 0xA0, 0xE0, 0xA8, 0x38, 0xBE, 0x35, 0x36, 0x22, 0xEB, 0x1F, 0x95, 0x83, 0x50, 
  0xF5, 0x3B, 0xCF, 0x92, 0xCA, 0xD7, 0xFA, 0xC6, 0x3E, 0x8E, 0xB0, 0xBD, 0x25, 0x4B, 0x49, 0x9C, 
  0xE8, 0x28, 0x8A, 0xD6, 0x79, 0xAD, 0x78, 0xEB, 0x8F, 0x01, 0xD4, 0xFF, 0x00, 0xF3, 0x5E, 0xF1, 
  0x1A, 0xE6, 0xD1, 0xC2, 0x5E, 0x7F, 0x31, 0xD4, 0x38, 0xFD, 0x16, 0x2C, 0x1F, 0x0C, 0x7E, 0x21, 
  0x50, 0x23, 0x1F, 0x94, 0x66, 0xE3, 0xB8, 0x7B, 0x9D, 0x8A, 0xA6, 0x29, 0x4A, 0x5A, 0x94, 0xA5, 
  0x28, 0xA9, 0x4A, 0x39, 0x24, 0xF5, 0x27, 0xBC, 0xD7, 0x3C, 0xBD, 0xF5, 0xAE, 0xB8, 0x00, 0x02, 
  0xC1, 0x7E, 0x51, 0x7D, 0x4A, 0x22, 0x51, 0x12, 0x88, 0xAC, 0xEE, 0xCD, 0xDF, 0xDF, 0xBE, 0x68, 
  0xE6, 0xD1, 0x25, 0x65, 0x6F, 0xC0, 0x74, 0xC6, 0xE3, 0x51, 0xC9, 0x52, 0x40, 0x05, 0x24, 0xFC, 
  0x88, 0x1F, 0x2A, 0xBD, 0xE0, 0x75, 0x2E, 0x9E, 0x94, 0x07, 0xEB, 0x69, 0xB7, 0xB2, 0xE5, 0xDD, 
  0x26, 0xA3, 0x65, 0x35, 0x69, 0x31, 0x8B, 0x07, 0x8D, 0x2E, 0xDD, 0xBE, 0x22, 0xEA, 0x41, 0xEE, 
  0xA9, 0x85, 0x5E, 0x55, 0x12, 0xFA, 0x5A, 0xDB, 0x6F, 0x48, 0x57, 0xEF, 0xDA, 0xAE, 0x24, 0x87, 
  0xAD, 0x72, 0x1F, 0x76, 0x54, 0x59, 0x08, 0x47, 0x18, 0xF6, 0x93, 0x84, 0x28, 0x0E, 0xF2, 0x83, 
  0xC8, 0x8E, 0xA3, 0x00, 0xF8, 0x66, 0xEB, 0x0D, 0xEB, 0x70, 0xA1, 0x0D, 0x31, 0x01, 0xC0, 0x00, 
  0x47, 0x9F, 0x7A, 0xE7, 0xF3, 0xDB, 0x0F, 0xC6, 0x0C, 0xF5, 0x60, 0x96, 0x92, 0x48, 0x3C, 0xF5, 
  0x77, 0x2C, 0x5D, 0xC1, 0xD7, 0xD7, 0x8D, 0xF8, 0xD4, 0xD0, 0xB4, 0xBE, 0x97, 0x8A, 0xFA, 0x2D, 
  0x29, 0x5F, 0x12, 0x50, 0xE7, 0xB2, 0x5C, 0x23, 0xAB, 0xCE, 0xE3, 0xDD, 0x42, 0x41, 0xE4, 0x3F, 
  0x59, 0x00, 0x7B, 0xA1, 0xA2, 0x8B, 0x09, 0x85, 0xD5, 0x15, 0x07, 0xE6, 0xFB, 0xC8, 0x71, 0x3F, 
  0x79, 0x2C, 0x78, 0x8E, 0x23, 0x36, 0x35, 0x3B, 0x69, 0x69, 0x41, 0xD0, 0xF3, 0xE2, 0x77, 0x01, 
  0xF7, 0x9A, 0x94, 0xAF, 0x93, 0xEC, 0xFB, 0x29, 0xB5, 0xD7, 0x1B, 0x26, 0x99, 0xB9, 0xC0, 0x56, 
  0xA4, 0x8E, 0xD0, 0x5A, 0xD2, 0xA7, 0x91, 0xDB, 0xAD, 0xC5, 0x29, 0x21, 0x6F, 0x16, 0xF3, 0x9C, 
  0x80, 0x72, 0x07, 0x70, 0x03, 0xB8, 0x54, 0x3C, 0x2C, 0x97, 0x13, 0xAC, 0x6C, 0xB5, 0x0D, 0x3A, 
  0x04, 0xEE, 0x36, 0xB6, 0x76, 0x17, 0x53, 0x93, 0xC9, 0x0E, 0x11, 0x40, 0xE8, 0x29, 0x9C, 0x3A, 
  0xC0, 0x37, 0x8B, 0xDC, 0xEB, 0x36, 0xF2, 0x5C, 0x76, 0xCB, 0x68, 0x4B, 0x55, 0x9A, 0xCA, 0x77, 
  0x4B, 0x58, 0xCF, 0x42, 0x86, 0x57, 0x22, 0x31, 0x7D, 0x5C, 0x41, 0x07, 0x88, 0x82, 0xEA, 0x8F, 
  0x55, 0x38, 0x54, 0x0F, 0x08, 0xF1, 0x39, 0xE6, 0x48, 0xC6, 0xFE, 0x2F, 0x5B, 0x24, 0x92, 0x7E, 
  0x1D, 0x4A, 0xDE, 0x06, 0xDE, 0x43, 0x70, 0xDF, 0xEC, 0xA3, 0xB0, 0x3C, 0x3E, 0x28, 0xA2, 0xFC, 
  0x52, 0xB1, 0xDC, 0x45, 0xFC, 0xCE, 0xF3, 0x7D, 0x5E, 0xEA, 0x4C, 0xDA, 0xAD, 0xED, 0x63, 0x72, 
  0xEF, 0x97, 0x8B, 0x73, 0x76, 0x99, 0x31, 0x51, 0x17, 0xF7, 0xD8, 0xEF, 0x63, 0x89, 0x2A, 0x6B, 
  0xA0, 0x0E, 0x11, 0xC9, 0x0B, 0x27, 0x98, 0x1D, 0x08, 0xCF, 0x81, 0xCC, 0x4E, 0x25, 0x84, 0x3A, 
  0x8A, 0x36, 0x3C, 0xB8, 0x1B, 0xEB, 0xE7, 0xC3, 0x78, 0x53, 0x78, 0x4E, 0x38, 0xDC, 0x42, 0x57, 
  0xC6, 0x18, 0x45, 0xB5, 0x1E, 0x1C, 0x77, 0x1F, 0xBD, 0x8A, 0x58, 0xA8, 0x65, 0x3C, 0x94, 0x44, 
  0xA2, 0x25, 0x11, 0x28, 0x89, 0x44, 0x4A, 0x22, 0x51, 0x16, 0xBE, 0x65, 0xEE, 0xDB, 0x02, 0x7C, 
  0x28, 0x12, 0xA7, 0x47, 0x66, 0x6C, 0xE2, 0xA1, 0x19, 0x97, 0x16, 0x12, 0xA7, 0x8A, 0x7A, 0xF0, 
  0x83, 0xD7, 0x19, 0x15, 0x91, 0xB0, 0xBD, 0xED, 0x73, 0xDA, 0x09, 0x03, 0x5F, 0x05, 0x85, 0xF3, 
  0xC6, 0xC7, 0xB6, 0x37, 0x38, 0x02, 0xED, 0x43, 0x7F, 0x25, 0x4E, 0xF7, 0xD7, 0x68, 0xEE, 0xFA, 
  0x4E, 0xF1, 0x33, 0x50, 0x21, 0xF9, 0x17, 0x3B, 0x34, 0xE7, 0x4A, 0xD7, 0x29, 0xD3, 0xC4, 0xE3, 
  0x0B, 0x51, 0xF7, 0x5C, 0x3E, 0x1D, 0xC1, 0x5D, 0x3A, 0x0E, 0x47, 0x19, 0xBC, 0xE0, 0xB8, 0xA4, 
  0x55, 0x11, 0x88, 0x08, 0x0D, 0x70, 0xD9, 0xB0, 0xF2, 0xF5, 0x0B, 0x9D, 0xE3, 0xF8, 0x3C, 0xD4, 
  0xD2, 0x9A, 0x90, 0x4B, 0x98, 0xE3, 0xAF, 0x68, 0xE7, 0xE8, 0x57, 0x8D, 0x07, 0x70, 0xD7, 0xD6, 
  0xAB, 0x0A, 0xE6, 0x69, 0x29, 0xA9, 0xBF, 0xD9, 0x50, 0x9E, 0x09, 0x96, 0x77, 0x13, 0xDB, 0x16, 
  0x01, 0x1C, 0xD2, 0xB8, 0xEA, 0xF6, 0x82, 0x48, 0xCE, 0x14, 0xD9, 0x20, 0x8F, 0x98, 0xA5, 0x6C, 
  0x74, 0x52, 0x4B, 0xA1, 0x52, 0xDD, 0x07, 0x6C, 0x76, 0xAB, 0xF2, 0x3E, 0xFA, 0x93, 0x0F, 0x92, 
  0xBE, 0x28, 0x74, 0xE9, 0x1D, 0xD6, 0x33, 0x6B, 0x75, 0xDB, 0x9B, 0x75, 0xD8, 0xF0, 0xD6, 0xB8, 
  0x9F, 0xC6, 0xC5, 0x69, 0xED, 0x50, 0xD5, 0xF3, 0x4C, 0x30, 0xFD, 0x8E, 0x73, 0x4A, 0x3D, 0xAC, 
  0x4E, 0x2E, 0x36, 0xDB, 0x56, 0x7D, 0xA4, 0x8C, 0xE0, 0x96, 0xCF, 0xE4, 0x28, 0x72, 0xE9, 0x93, 
  0xC8, 0x89, 0x01, 0x4B, 0xD7, 0x42, 0x61, 0xA8, 0x21, 0xE3, 0x7E, 0xDF, 0xEB, 0xC4, 0x28, 0xC3, 
  0x59, 0xF0, 0xF5, 0x02, 0x7A, 0x60, 0x58, 0x76, 0x8D, 0x9F, 0xD3, 0x81, 0xD5, 0xC5, 0x4E, 0xE9, 
  0xD2, 0x36, 0xDF, 0x49, 0x18, 0x16, 0xED, 0x4E, 0xC0, 0x76, 0xC5, 0x78, 0x8A, 0xEA, 0x62, 0xDD, 
  0x14, 0x96, 0x8A, 0x90, 0xFA, 0x52, 0x33, 0x96, 0xD5, 0xD0, 0xA8, 0x72, 0xC1, 0x3C, 0xC0, 0x38, 
  0x39, 0xC0, 0xCD, 0x73, 0xE2, 0xA4, 0xC1, 0x5C, 0xEA, 0x73, 0xF3, 0xB4, 0xE6, 0xDE, 0x1C, 0xFE, 
  0xF3, 0xD9, 0xB5, 0x5A, 0x85, 0x1C, 0x58, 0xFB, 0x19, 0x54, 0xDF, 0x91, 0xC0, 0xD9, 0xD9, 0x64, 
  0x79, 0x7D, 0xE5, 0xB7, 0x62, 0xB1, 0xD0, 0x62, 0xFA, 0x8C, 0x28, 0xF1, 0xBB, 0x57, 0x5E, 0xEC, 
  0x1B, 0x4B, 0x7D, 0xAB, 0xCA, 0xE2, 0x71, 0x78, 0x18, 0xCA, 0x8F, 0x79, 0x3D, 0xE6, 0xAA, 0xEE, 
  0x76, 0x93, 0x8B, 0xAD, 0x6B, 0xAB, 0x84, 0x6C, 0xD0, 0x68, 0x6D, 0xEF, 0x6D, 0xFA, 0xD6, 0x45, 
  0x79, 0x5E, 0xD7, 0x21, 0xB8, 0x7A, 0x50, 0xEA, 0xDB, 0x5C, 0x08, 0xA9, 0x4E, 0x7B, 0x19, 0xCC, 
  0xBA, 0xBF, 0x36, 0xF8, 0xB8, 0x57, 0xFE, 0xEA, 0x89, 0xF9, 0x54, 0x76, 0x27, 0x47, 0xF1, 0x71, 
  0xB5, 0x9B, 0x9C, 0x0F, 0x66, 0xDF, 0x05, 0x2F, 0x83, 0x62, 0x3F, 0x03, 0x2B, 0xDF, 0xBD, 0xAE, 
  0x1D, 0xB6, 0xB8, 0xF1, 0x0B, 0x49, 0xBC, 0x37, 0xD9, 0x76, 0xFB, 0x24, 0x5B, 0x25, 0xAD, 0x0E, 
  0x2A, 0x75, 0xDD, 0x65, 0x94, 0xA1, 0x91, 0x95, 0xF6, 0x60, 0x7B, 0x40, 0x01, 0xE3, 0x90, 0x3E, 
  0x04, 0xD6, 0xA6, 0x37, 0x50, 0xF8, 0xE1, 0x10, 0x45, 0xF9, 0x9F, 0x96, 0x5B, 0xB6, 0xFB, 0x2D, 
  0xEE, 0x8D, 0x52, 0x47, 0x2C, 0xEE, 0xAA, 0x9C, 0xFC, 0xB1, 0xE7, 0x9E, 0xAB, 0xEC, 0xBF, 0x2D, 
  0x7C, 0xEC, 0xB9, 0x4D, 0x27, 0xB1, 0x0B, 0x7D, 0xA4, 0x49, 0xD4, 0x32, 0x54, 0xCE, 0x46, 0x44, 
  0x48, 0xC4, 0x71, 0x0F, 0xE5, 0x2F, 0xA0, 0xF8, 0x27, 0xEB, 0x51, 0xF4, 0x7D, 0x1D, 0x24, 0x69, 
  0x54, 0x9B, 0x70, 0x1E, 0xA7, 0xDB, 0xBD, 0x4B, 0x62, 0x1D, 0x2E, 0x0D, 0x25, 0x94, 0x4D, 0xBF, 
  0xF9, 0x8F, 0xA0, 0xF7, 0xEE, 0x52, 0x55, 0xB7, 0x6D, 0x74, 0xAD, 0xA8, 0x0E, 0xC2, 0xCB, 0x15, 
  0x6B, 0x4F, 0xDB, 0x7D, 0x3D, 0xAA, 0xBE, 0xAA, 0xCD, 0x4E, 0x45, 0x85, 0x52, 0x45, 0xF9, 0x63, 
  0x1D, 0xB9, 0xF9, 0xAA, 0xD4, 0xF8, 0xE6, 0x21, 0x37, 0xE7, 0x94, 0xF6, 0x65, 0xE5, 0x65, 0xB4, 
  0x7A, 0xE7, 0x64, 0xB0, 0x36, 0x50, 0xF4, 0xA8, 0x10, 0x50, 0x9F, 0xB2, 0xA7, 0x10, 0xDF, 0xDD, 
  0xCA, 0xB6, 0x1D, 0x2C, 0x10, 0x0B, 0x39, 0xC1, 0xBD, 0xC1, 0x6A, 0x32, 0x0A, 0xAA, 0xA3, 0x76, 
  0xB5, 0xCF, 0xEC, 0x25, 0x68, 0x66, 0xEE, 0xD6, 0x90, 0x84, 0x95, 0x66, 0xEE, 0xDB, 0xCB, 0x1F, 
  0x66, 0x3A, 0x14, 0xE1, 0x3F, 0x41, 0x8F, 0xBE, 0xB4, 0xDF, 0x8C, 0xD1, 0x33, 0xFB, 0xF7, 0xE5, 
  0x72, 0xA4, 0x22, 0xE8, 0xEE, 0x23, 0x27, 0xFD, 0xA2, 0x39, 0xD8, 0x2E, 0x22, 0xFF, 0x00, 0xBF, 
  0xCD, 0xF0, 0x2D, 0xAB, 0x1D, 0xB5, 0x6A, 0x59, 0xE4, 0x1F, 0x98, 0x70, 0x07, 0xC1, 0x00, 0xE4, 
  0xFC, 0xC8, 0xA8, 0xAA, 0x8E, 0x91, 0x8B, 0x11, 0x03, 0x3B, 0x4F, 0xB2, 0x9C, 0xA3, 0xE8, 0x73, 
  0xAF, 0xA5, 0x55, 0x27, 0x63, 0x7D, 0xCF, 0xB2, 0x87, 0x2F, 0x37, 0xB9, 0xFA, 0x82, 0x7A, 0xE6, 
  0xDC, 0xA5, 0x2E, 0x44, 0x95, 0xF2, 0xE2, 0x57, 0x44, 0x8F, 0x00, 0x3A, 0x01, 0xE4, 0x2A, 0xB7, 
  0x3D, 0x44, 0x93, 0xBC, 0xC9, 0x29, 0xB9, 0x57, 0x2A, 0x5A, 0x48, 0x69, 0x23, 0x11, 0x40, 0xDB, 
  0x0F, 0xBD, 0x7B, 0xCA, 0xC0, 0xAC, 0x2B, 0x65, 0x28, 0x89, 0x44, 0x4A, 0x22, 0x51, 0x15, 0xA7, 
  0xDA, 0x8D, 0x34, 0xF6, 0x9A, 0xD2, 0x0C, 0x35, 0x29, 0x05, 0x12, 0xE5, 0xAC, 0xC9, 0x75, 0x07, 
  0xAA, 0x38, 0x80, 0xC2, 0x4F, 0x98, 0x48, 0x19, 0xF3, 0xCD, 0x5F, 0xB0, 0x6A, 0x47, 0x53, 0x53, 
  0x00, 0xFD, 0x67, 0x33, 0xF7, 0xC9, 0x72, 0x9E, 0x90, 0xD7, 0x36, 0xB2, 0xB5, 0xCE, 0x8C, 0xDD, 
  0xAD, 0xC8, 0x71, 0xB6, 0xDE, 0xFB, 0xAE, 0xC9, 0xA9, 0x2D, 0x3C, 0xEB, 0xED, 0xA1, 0x60, 0xAD, 
  0x85, 0x04, 0xAC, 0x7E, 0x49, 0x20, 0x11, 0xF7, 0x11, 0x52, 0x61, 0xC0, 0x92, 0x06, 0xC5, 0x0A, 
  0xE6, 0x39, 0xA0, 0x12, 0x32, 0x3A, 0xBC, 0x96, 0x15, 0xEF, 0x4F, 0xDA, 0xF5, 0x24, 0x15, 0x42, 
  0xBB, 0xC0, 0x8D, 0x3A, 0x2A, 0x8E, 0x7B, 0x27, 0xDB, 0x0A, 0x00, 0xF8, 0x8C, 0xF4, 0x3E, 0x62, 
  0xB3, 0xC3, 0x3C, 0x90, 0xBB, 0x4E, 0x27, 0x10, 0x78, 0x2D, 0x79, 0xE9, 0xE2, 0xA8, 0x6E, 0x84, 
  0xAD, 0x0E, 0x1C, 0x54, 0x77, 0xAF, 0xE0, 0x42, 0xDA, 0x7D, 0xB2, 0xBF, 0xCE, 0xD1, 0xF6, 0x98, 
  0xD6, 0xF9, 0x7C, 0x09, 0x4F, 0x6B, 0x1D, 0xBF, 0x69, 0x3C, 0x4B, 0x09, 0x2B, 0x27, 0xA9, 0xE1, 
  0x04, 0x91, 0x9E, 0x86, 0xA4, 0xE8, 0x5E, 0xFC, 0x42, 0xB1, 0x8C, 0xAA, 0x79, 0x70, 0xE3, 0xDF, 
  0x6E, 0xD5, 0x11, 0x88, 0x46, 0xCC, 0x32, 0x86, 0x47, 0xD1, 0xB0, 0x34, 0xF0, 0xE2, 0x6D, 0x7E, 
  0xC5, 0x03, 0xED, 0xA6, 0xDC, 0x69, 0x3B, 0xDE, 0x8B, 0xBC, 0x6B, 0x2D, 0x67, 0x79, 0x75, 0x2C, 
  0x34, 0xEA, 0xDB, 0x28, 0x69, 0xEC, 0x2D, 0xB5, 0xFE, 0x52, 0x8E, 0x09, 0x53, 0x8A, 0x27, 0xD9, 
  0x4F, 0x7F, 0x9E, 0x79, 0x58, 0xF1, 0x0C, 0x42, 0xA6, 0x2A, 0x86, 0xD2, 0xD2, 0x33, 0x3C, 0xB6, 
  0x7D, 0xE4, 0x36, 0xAA, 0xAE, 0x17, 0x86, 0xD2, 0x4D, 0x4A, 0xFA, 0xDA, 0xD9, 0x32, 0xCF, 0x6F, 
  0x9F, 0x13, 0xB0, 0x2E, 0x53, 0x44, 0x69, 0x5D, 0x45, 0xB9, 0x73, 0x11, 0xA5, 0xED, 0x33, 0x25, 
  0x9D, 0x3D, 0x12, 0x42, 0xA4, 0x15, 0xC8, 0xE4, 0xD4, 0x54, 0xA8, 0xE3, 0x8D, 0x49, 0x07, 0x1C, 
  0x64, 0x0E, 0x49, 0x07, 0xA9, 0x38, 0xE5, 0x93, 0x5B, 0x95, 0x95, 0x30, 0x50, 0xB4, 0xD4, 0x48, 
  0x06, 0x99, 0x16, 0xCB, 0x59, 0xE1, 0xCB, 0x8A, 0xD0, 0xA0, 0xA4, 0xA9, 0xC4, 0x1D, 0xF0, 0xB0, 
  0xB8, 0xF5, 0x60, 0xDF, 0x3D, 0x43, 0x8F, 0x3E, 0x1F, 0x52, 0xAC, 0x1E, 0xA0, 0xD6, 0xDA, 0x4F, 
  0xD1, 0xEB, 0x4E, 0x23, 0x4E, 0xD8, 0x58, 0x44, 0xCB, 0xD9, 0x4F, 0x1A, 0x99, 0x2A, 0xCA, 0x8A, 
  0xC8, 0xFE, 0x15, 0xF5, 0x0E, 0x99, 0xEE, 0x4F, 0x5C, 0x60, 0x0C, 0x0E, 0x75, 0x59, 0x82, 0x8E, 
  0xA7, 0x18, 0x94, 0xCF, 0x31, 0xB3, 0x77, 0xFA, 0x37, 0xEF, 0xC5, 0x5B, 0x6A, 0x2B, 0xA9, 0x30, 
  0x28, 0x3E, 0x1E, 0x01, 0x77, 0xEE, 0xE3, 0xBD, 0xDE, 0xDE, 0x41, 0x76, 0xFB, 0x3B, 0xAC, 0x2F, 
  0x5A, 0xD7, 0x46, 0x47, 0xB9, 0x5F, 0x6D, 0xCB, 0x89, 0x2C, 0xA8, 0xA5, 0x2F, 0x70, 0x70, 0x22, 
  0x52, 0x3A, 0x87, 0x10, 0x9E, 0xA0, 0x77, 0x78, 0x72, 0xC8, 0xE5, 0x5A, 0x18, 0xAD, 0x2C, 0x54, 
  0xD5, 0x06, 0x38, 0x5D, 0x71, 0xE5, 0xC1, 0x4A, 0x60, 0xD5, 0x93, 0x55, 0xD3, 0x09, 0x67, 0x6D, 
  0x8F, 0x9F, 0x10, 0xBB, 0xFA, 0x8D, 0x52, 0xA9, 0x44, 0x4A, 0x22, 0x51, 0x12, 0x88, 0x94, 0x44, 
  0xA2, 0x28, 0x43, 0x7B, 0xB6, 0x4A, 0x5E, 0xBB, 0x92, 0x9B, 0xFD, 0x96, 0x7B, 0x82, 0xF5, 0x19, 
  0xB0, 0x84, 0xC5, 0x7D, 0xCC, 0x36, 0xB4, 0xA7, 0x24, 0x04, 0x2B, 0xFC, 0x1A, 0xB3, 0xCF, 0xC0, 
  0x9F, 0x0E, 0xB5, 0x3F, 0x83, 0xE2, 0xED, 0xA4, 0x06, 0x19, 0x5B, 0xF2, 0x9D, 0xBB, 0x7B, 0x77, 
  0x85, 0x59, 0xC7, 0x30, 0x37, 0xD6, 0x9E, 0xBE, 0x07, 0x7C, 0xE3, 0x61, 0xD5, 0xD9, 0xB8, 0xF8, 
  0x72, 0x5C, 0x36, 0x83, 0xDF, 0x79, 0x96, 0x47, 0x5E, 0xD2, 0x3B, 0x97, 0x11, 0xD7, 0x19, 0x4E, 
  0x63, 0xB9, 0x26, 0x4B, 0x5C, 0x4E, 0x36, 0x0F, 0x2E, 0x17, 0x90, 0x7D, 0xF4, 0xE3, 0xED, 0x0E, 
  0x78, 0xFC, 0xAE, 0xB5, 0x23, 0x5B, 0x82, 0xB2, 0x51, 0xF1, 0x58, 0x79, 0xE3, 0x61, 0xE8, 0x76, 
  0x1E, 0x1E, 0x4A, 0x2F, 0x0F, 0xC7, 0xDF, 0x09, 0x34, 0x78, 0x98, 0xCB, 0x55, 0xC8, 0xCF, 0xB4, 
  0x6D, 0x1C, 0x7C, 0xD6, 0x0E, 0xB5, 0xD0, 0x17, 0x2D, 0xAC, 0xB9, 0x31, 0xAF, 0xB6, 0xEE, 0x69, 
  0x7E, 0xC0, 0xA1, 0xDA, 0x10, 0xCA, 0xBB, 0x54, 0xB2, 0x83, 0xD5, 0x2A, 0xC7, 0xF0, 0x8C, 0x9F, 
  0x1E, 0xA9, 0xEF, 0xE8, 0x0D, 0x64, 0xA3, 0xAE, 0x8E, 0xBD, 0x86, 0x8A, 0xB8, 0x59, 0xFD, 0xD7, 
  0xF6, 0x77, 0x9F, 0x82, 0xC5, 0x5D, 0x87, 0x49, 0x86, 0xBC, 0x62, 0x18, 0x73, 0xAE, 0xCE, 0x19, 
  0xD8, 0x7A, 0xB7, 0xEF, 0x8A, 0x94, 0x34, 0xE3, 0x3A, 0x33, 0xD2, 0x17, 0x4C, 0x9B, 0x8D, 0xCA, 
  0xC4, 0x96, 0xAE, 0x4C, 0x10, 0xCC, 0x87, 0x10, 0x92, 0x87, 0x5A, 0x73, 0x19, 0xF6, 0x1E, 0x1E, 
  0xF2, 0x71, 0xCF, 0x07, 0x38, 0xEF, 0x15, 0x11, 0x39, 0xAB, 0xC1, 0xE6, 0xEA, 0xE3, 0x7F, 0xCA, 
  0x73, 0x1B, 0x88, 0xE2, 0x36, 0x29, 0xCA, 0x61, 0x45, 0x8E, 0x41, 0xD6, 0x49, 0x1F, 0xCC, 0x32, 
  0x3B, 0xC1, 0xE7, 0xB5, 0x4B, 0x16, 0x6B, 0x3C, 0x1D, 0x3F, 0x6B, 0x8B, 0x6C, 0xB6, 0xC6, 0x6E, 
  0x34, 0x18, 0xA8, 0x0D, 0xB4, 0xD2, 0x06, 0x02, 0x47, 0xEB, 0x3D, 0xE4, 0xF5, 0x27, 0x9D, 0x43, 
  0x4B, 0x2B, 0xE5, 0x79, 0x92, 0x43, 0x72, 0x54, 0xF4, 0x30, 0xB2, 0x08, 0xC4, 0x71, 0x8B, 0x00, 
  0xB3, 0xAB, 0x1A, 0xCA, 0x94, 0x44, 0xA2, 0x2E, 0x37, 0x53, 0xEB, 0x7D, 0x2F, 0xA6, 0x26, 0x89, 
  0x13, 0xDF, 0x6D, 0xCB, 0xA3, 0x48, 0x2D, 0xA5, 0xB6, 0x53, 0xDA, 0x3C, 0x94, 0x93, 0x92, 0x3F, 
  0x37, 0x24, 0x0E, 0xA4, 0x54, 0x6D, 0x5D, 0x7D, 0x25, 0x33, 0xB4, 0xA4, 0x37, 0x70, 0xDD, 0x99, 
  0xFA, 0x29, 0x8A, 0x0C, 0x2A, 0xBE, 0xB5, 0x9A, 0x10, 0x82, 0x18, 0x4D, 0xEE, 0x72, 0x17, 0xF5, 
  0xEC, 0xBA, 0x8C, 0xAF, 0x9B, 0xF9, 0x71, 0x90, 0x54, 0xDD, 0xA2, 0xDE, 0xCC, 0x46, 0xFA, 0x07, 
  0x64, 0x1E, 0xD1, 0x7F, 0xD1, 0x18, 0x03, 0xEF, 0xA8, 0x1A, 0x8E, 0x91, 0xCA, 0xEC, 0xA1, 0x68, 
  0x1C, 0xF3, 0x3E, 0xCA, 0xD3, 0x49, 0xD0, 0xF8, 0x5B, 0x9D, 0x4B, 0xCB, 0x8E, 0xE1, 0x90, 0xEF, 
  0xD7, 0xE4, 0xB8, 0x0B, 0xAE, 0xB8, 0xD4, 0x57, 0xA2, 0xAF, 0x5D, 0xBC, 0x4B, 0x5A, 0x15, 0xD5, 
  0xB4, 0x2F, 0xB3, 0x47, 0xF4, 0x53, 0x81, 0x51, 0x13, 0x62, 0x15, 0x33, 0x7E, 0xD2, 0x43, 0xE5, 
  0xE4, 0xAC, 0x14, 0xF8, 0x4D, 0x15, 0x37, 0xEC, 0xA2, 0x1C, 0xED, 0x73, 0xDE, 0x6E, 0xB9, 0xF3, 
  0xCC, 0x95, 0x1E, 0x6A, 0x3D, 0xE7, 0xAD, 0x69, 0xA9, 0x1D, 0x42, 0xC1, 0x28, 0x89, 0x44, 0x4A, 
  0x22, 0x51, 0x12, 0x88, 0x94, 0x45, 0xFA, 0x90, 0x54, 0xA0, 0x94, 0x82, 0x54, 0x4E, 0x00, 0x03, 
  0x24, 0x9A, 0x0C, 0xD7, 0xC2, 0x6D, 0x99, 0x53, 0x8E, 0xD7, 0xED, 0x2B, 0x91, 0xDD, 0x66, 0xF5, 
  0xA8, 0x19, 0xE1, 0x71, 0x04, 0x2E, 0x3C, 0x25, 0x8E, 0x69, 0x3D, 0xCB, 0x58, 0xF1, 0xF0, 0x4F, 
  0x77, 0x7F, 0x3E, 0x55, 0x6B, 0xC2, 0x30, 0x62, 0xD2, 0x27, 0xA9, 0x19, 0xEC, 0x1E, 0xA7, 0xD9, 
  0x51, 0x31, 0xFE, 0x91, 0x87, 0xB4, 0xD2, 0xD1, 0x9C, 0xB6, 0xBB, 0xD0, 0x7A, 0x9E, 0xE5, 0x2E, 
  0xDE, 0x2F, 0x10, 0xEC, 0x36, 0xE7, 0xE7, 0xCF, 0x7D, 0x2C, 0xC6, 0x64, 0x65, 0x4A, 0x3F, 0xA0, 
  0x78, 0x93, 0xDC, 0x2A, 0xC7, 0x34, 0xCC, 0x81, 0x86, 0x49, 0x0D, 0x80, 0x55, 0x0A, 0x6A, 0x69, 
  0x2A, 0x64, 0x11, 0x42, 0x2E, 0xE3, 0xF7, 0xDC, 0xA3, 0xED, 0xA1, 0xD4, 0x2F, 0xEA, 0x69, 0xDA, 
  0xB2, 0xE0, 0xF0, 0x29, 0x4B, 0xF2, 0xDB, 0x71, 0x08, 0x27, 0xDC, 0x4F, 0x01, 0x00, 0x7C, 0x92, 
  0x94, 0xD4, 0x36, 0x09, 0x52, 0xEA, 0x97, 0xCF, 0x23, 0xB6, 0x91, 0xE5, 0xEC, 0x15, 0x8B, 0xA4, 
  0x74, 0x4D, 0xA3, 0x8E, 0x9A, 0x16, 0xEC, 0x69, 0x07, 0x8E, 0x77, 0xBF, 0x79, 0x2A, 0x50, 0xA9, 
  0xE5, 0x56, 0x5F, 0x29, 0x31, 0x99, 0x99, 0x1D, 0xD8, 0xF2, 0x1A, 0x43, 0xCC, 0x3C, 0x92, 0x87, 
  0x1B, 0x71, 0x21, 0x49, 0x5A, 0x48, 0xC1, 0x04, 0x1E, 0xA0, 0x8A, 0xFA, 0xD7, 0x16, 0x90, 0xE6, 
  0x9C, 0xC2, 0xF2, 0xE6, 0x87, 0xB4, 0xB5, 0xC2, 0xE0, 0xAA, 0xBB, 0xAB, 0xFD, 0x18, 0xA7, 0x9D, 
  0x58, 0xCB, 0x5A, 0x7A, 0x52, 0x59, 0xD3, 0x13, 0x9C, 0xED, 0x5E, 0x2F, 0x2F, 0x3E, 0xA3, 0xC3, 
  0x9F, 0xB2, 0x7D, 0xF1, 0x82, 0x42, 0x4F, 0x51, 0x9C, 0x12, 0x07, 0x33, 0x6F, 0xA5, 0xE9, 0x13, 
  0x04, 0x04, 0xCE, 0x2E, 0xF1, 0xAB, 0x8F, 0xB7, 0x1F, 0x05, 0x47, 0xAC, 0xE8, 0xB3, 0xCD, 0x40, 
  0x14, 0xE6, 0xD1, 0xBB, 0x33, 0xFE, 0x5F, 0x7E, 0x1E, 0x3B, 0xD7, 0xCF, 0x53, 0xEE, 0xAD, 0xAB, 
  0x6F, 0xED, 0x49, 0xD0, 0xFB, 0x60, 0xC8, 0x7A, 0x47, 0x17, 0x64, 0xF5, 0xCD, 0x09, 0xED, 0x14, 
  0xB7, 0x4F, 0x23, 0xC1, 0x8F, 0xE1, 0x1C, 0x27, 0x97, 0x17, 0x41, 0xD1, 0x20, 0xF7, 0x29, 0xB0, 
  0xC9, 0x2A, 0xDF, 0xF1, 0x98, 0x81, 0xB0, 0xDD, 0xAB, 0x2E, 0x3B, 0x87, 0x0D, 0x7B, 0xD7, 0xCA, 
  0xAC, 0x5A, 0x2A, 0x18, 0xFE, 0x07, 0x0C, 0x17, 0x3B, 0x5D, 0xAF, 0x3E, 0x1B, 0xCF, 0x1D, 0x5B, 
  0x96, 0xE3, 0x6B, 0x76, 0x05, 0xB8, 0x92, 0x18, 0xD4, 0x5A, 0xF9, 0x68, 0x7A, 0x7C, 0x97, 0x02, 
  0xD9, 0xB7, 0xC8, 0x73, 0x88, 0x17, 0x0F, 0x30, 0x5D, 0x27, 0xDF, 0x59, 0xEB, 0xC1, 0xCF, 0xCF, 
  0x3D, 0x06, 0x1C, 0x4B, 0x1B, 0x2E, 0x06, 0x0A, 0x2C, 0x80, 0xDA, 0x37, 0x70, 0xDC, 0x38, 0xAD, 
  0x8C, 0x27, 0xA3, 0xC1, 0x8E, 0x15, 0x15, 0xE6, 0xEE, 0x3A, 0x81, 0xDF, 0xC7, 0x79, 0xE1, 0xDE, 
  0xBB, 0x0D, 0xFD, 0x9D, 0xAB, 0xF4, 0xE5, 0x92, 0xDB, 0x7D, 0xD3, 0x33, 0xD4, 0xC4, 0x0B, 0x6B, 
  0xE9, 0x5C, 0xD8, 0xCD, 0xA0, 0x65, 0x43, 0x3E, 0xCA, 0x94, 0x7A, 0x96, 0xF3, 0xEC, 0xA9, 0x3F, 
  0x9C, 0x0F, 0x75, 0x68, 0xE0, 0x91, 0xD2, 0xCD, 0x23, 0xA1, 0xA8, 0x6D, 0xCB, 0x86, 0x47, 0xEF, 
  0x6E, 0xE2, 0xA4, 0x7A, 0x41, 0x25, 0x5D, 0x3C, 0x4D, 0x9E, 0x99, 0xD6, 0x6B, 0x4E, 0x63, 0xCB, 
  0xB3, 0x78, 0x5D, 0xF6, 0x82, 0xD6, 0x90, 0xB5, 0xEE, 0x97, 0x87, 0x7B, 0x83, 0xEC, 0xA5, 0xE1, 
  0xC2, 0xEB, 0x44, 0xE4, 0xB2, 0xE8, 0xF7, 0x90, 0x7E, 0x07, 0xEA, 0x08, 0x3D, 0xF5, 0x1B, 0x5B, 
  0x48, 0xFA, 0x49, 0x8C, 0x2F, 0xD9, 0xE2, 0x37, 0xA9, 0x5C, 0x3E, 0xB5, 0x95, 0xB0, 0x36, 0x76, 
  0x6D, 0xD7, 0xC0, 0xED, 0x0B, 0xA5, 0xAD, 0x55, 0xBA, 0x94, 0x44, 0xA2, 0x25, 0x11, 0x28, 0x8A, 
  0xBB, 0x7A, 0x49, 0x6B, 0xCD, 0x5B, 0xA5, 0x6E, 0x16, 0x56, 0x6C, 0xAB, 0x95, 0x6E, 0xB7, 0x60, 
  0xBA, 0x67, 0x34, 0x47, 0x0B, 0xEE, 0xF3, 0x1D, 0x99, 0xEA, 0x30, 0x07, 0x3C, 0x1E, 0xB9, 0xCF, 
  0x75, 0x59, 0xFA, 0x3F, 0x45, 0x4D, 0x50, 0xD7, 0x99, 0x6C, 0xE3, 0xBB, 0x70, 0xDF, 0xF7, 0xA9, 
  0x53, 0xFA, 0x4D, 0x88, 0x55, 0xD2, 0xB9, 0x82, 0x0B, 0xB5, 0xBB, 0xF7, 0x9D, 0xDF, 0x7A, 0xFB, 
  0x17, 0x29, 0xA7, 0x7D, 0x26, 0xF5, 0x65, 0xA2, 0x24, 0x67, 0xF5, 0x15, 0x95, 0xAB, 0x8D, 0xBD, 
  0xEC, 0x84, 0x4C, 0x6D, 0x26, 0x3A, 0x97, 0x8E, 0x47, 0x0A, 0x00, 0xA0, 0x91, 0xE1, 0x81, 0x5B, 
  0x93, 0xF4, 0x7A, 0x9A, 0x47, 0x16, 0xC0, 0xFD, 0x12, 0x36, 0x6B, 0xFA, 0xAD, 0x1A, 0x6E, 0x94, 
  0x55, 0xC4, 0xD0, 0xEA, 0x88, 0xF4, 0x9A, 0x76, 0xEA, 0xFA, 0x2E, 0x96, 0xFD, 0xAD, 0x76, 0xA7, 
  0x7A, 0x60, 0xB7, 0x1E, 0xEF, 0x25, 0xCB, 0x25, 0xE1, 0x29, 0xE1, 0x62, 0x5C, 0xA6, 0xC3, 0x6B, 
  0x68, 0xF8, 0x76, 0x83, 0x28, 0x52, 0x73, 0xF6, 0x54, 0x47, 0x96, 0x0F, 0x3A, 0xD5, 0x82, 0x8F, 
  0x12, 0xC3, 0x1D, 0xA5, 0x10, 0xD3, 0x6E, 0xD0, 0x33, 0xBF, 0x66, 0xBB, 0xF1, 0x0B, 0x76, 0x7A, 
  0xDC, 0x27, 0x17, 0x66, 0x8C, 0xC7, 0x41, 0xDB, 0x09, 0xC8, 0x8E, 0xDD, 0x56, 0xE6, 0xB4, 0xBB, 
  0x67, 0xA7, 0xB7, 0x07, 0x41, 0x6B, 0x48, 0x96, 0x18, 0x2A, 0x8F, 0x75, 0xD2, 0x97, 0x15, 0x29, 
  0xC5, 0xBE, 0x15, 0xDA, 0xC1, 0x5B, 0x23, 0xDF, 0x71, 0x2A, 0x19, 0xE0, 0x5E, 0x39, 0x70, 0xF7, 
  0x92, 0x33, 0x91, 0xCE, 0xB3, 0xE2, 0x13, 0xD0, 0xD5, 0xD3, 0x99, 0x9F, 0xF2, 0xC8, 0xDD, 0x9A, 
  0x9D, 0x7D, 0x83, 0x88, 0xE3, 0xB1, 0x6B, 0x61, 0x74, 0xD8, 0x85, 0x15, 0x48, 0x82, 0x3B, 0x3E, 
  0x27, 0x6D, 0xD6, 0xDB, 0x6D, 0x3C, 0x0F, 0x0D, 0xBC, 0x55, 0x9A, 0xB3, 0xD9, 0x6D, 0xFA, 0x7E, 
  0xDE, 0xDC, 0x0B, 0x5C, 0x36, 0x61, 0xC3, 0x6B, 0x25, 0x0C, 0xB2, 0x90, 0x94, 0xA7, 0x27, 0x27, 
  0x97, 0xC4, 0xD5, 0x4E, 0x59, 0x5F, 0x2B, 0x8B, 0xE4, 0x37, 0x25, 0x5D, 0x61, 0x82, 0x38, 0x18, 
  0x23, 0x89, 0xB6, 0x1B, 0x82, 0xCF, 0xAC, 0x6B, 0x2A, 0x51, 0x17, 0xCD, 0xF7, 0xDA, 0x8A, 0xC3, 
  0x8F, 0xBC, 0xE2, 0x5B, 0x69, 0xA4, 0x95, 0xAD, 0x6A, 0x38, 0x09, 0x03, 0x99, 0x24, 0xF8, 0x72, 
  0xAF, 0x2E, 0x70, 0x68, 0x2E, 0x71, 0xB0, 0x0B, 0xD3, 0x1A, 0x5E, 0xE0, 0xD6, 0x8B, 0x92, 0xAB, 
  0xD6, 0xBD, 0xDE, 0x39, 0xB7, 0x87, 0x1D, 0x83, 0x61, 0x71, 0xC8, 0x96, 0xE1, 0xEC, 0x99, 0x09, 
  0xF6, 0x5D, 0x7F, 0xCC, 0x1F, 0xB0, 0x9F, 0xBC, 0xF9, 0x74, 0xAA, 0x76, 0x23, 0x8E, 0x3E, 0x62, 
  0x63, 0xA7, 0x36, 0x6E, 0xFD, 0xA7, 0xD8, 0x78, 0xAE, 0x87, 0x83, 0xF4, 0x62, 0x28, 0x00, 0x96, 
  0xAC, 0x69, 0x3F, 0x76, 0xC1, 0xEE, 0x7C, 0x14, 0x56, 0x49, 0x24, 0x92, 0x72, 0x49, 0xC9, 0x27, 
  0xBC, 0xD5, 0x7D, 0x5B, 0x35, 0x2F, 0xCA, 0x2F, 0xA9, 0x44, 0x5D, 0x46, 0x98, 0xDB, 0xEB, 0xF6, 
  0xAC, 0xC3, 0x90, 0x62, 0x70, 0xC4, 0x27, 0x1E, 0xB4, 0xF9, 0xE0, 0x6F, 0xE4, 0x7A, 0xAB, 0xE4, 
  0x0D, 0x6F, 0xD2, 0x61, 0xB5, 0x15, 0x59, 0xC6, 0xDC, 0xB7, 0x9C, 0x87, 0xD7, 0xB1, 0x45, 0x57, 
  0xE3, 0x34, 0x94, 0x3F, 0x2C, 0xAE, 0xBB, 0xB7, 0x0C, 0xCF, 0xD3, 0xB5, 0x74, 0x9A, 0x83, 0x40, 
  0x58, 0x74, 0x24, 0x36, 0xD7, 0x7D, 0xBA, 0x3F, 0x3A, 0xE2, 0xF0, 0xCB, 0x50, 0x61, 0x80, 0xD7, 
  0x17, 0x99, 0x51, 0xC9, 0x09, 0xF3, 0xE5, 0xE4, 0x2B, 0x76, 0xA7, 0x0D, 0xA7, 0xA1, 0x68, 0x35, 
  0x0F, 0x2E, 0x71, 0xD4, 0x06, 0x5E, 0x39, 0xE4, 0xA3, 0x28, 0xB1, 0x9A, 0xBC, 0x4D, 0xE4, 0x52, 
  0x46, 0x18, 0xC1, 0xAD, 0xCE, 0xCF, 0xC0, 0x5B, 0x3E, 0x1D, 0xEA, 0x36, 0x79, 0x68, 0x71, 0xD5, 
  0xA9, 0xB6, 0x92, 0xD2, 0x09, 0xE4, 0xDA, 0x49, 0x21, 0x23, 0xC3, 0x27, 0x99, 0xA8, 0x47, 0x10, 
  0x4D, 0xC0, 0xB2, 0xB3, 0x30, 0x16, 0xB6, 0xC4, 0xDC, 0xEF, 0x5E, 0x2B, 0xE2, 0xF4, 0xBE, 0xB1, 
  0xA3, 0x3D, 0x32, 0x43, 0x71, 0xE3, 0xB4, 0xB7, 0x9F, 0x75, 0x5C, 0x28, 0x6D, 0xB4, 0x95, 0x29, 
  0x47, 0xC0, 0x01, 0x5E, 0x98, 0xC7, 0x3D, 0xC1, 0xAD, 0x17, 0x25, 0x78, 0x7C, 0x8D, 0x8D, 0xA5, 
  0xEF, 0x36, 0x03, 0x59, 0x2B, 0x36, 0xF7, 0x65, 0x7E, 0xC1, 0x2C, 0x42, 0x98, 0xB6, 0xFD, 0x75, 
  0x28, 0x0A, 0x75, 0xA4, 0x1E, 0x2E, 0xC4, 0x9E, 0x61, 0x2A, 0x3D, 0x38, 0xB1, 0x82, 0x40, 0xE9, 
  0x9A, 0xCB, 0x3C, 0x0E, 0x81, 0xDA, 0x0F, 0xD7, 0xB4, 0x6E, 0xE1, 0xCD, 0x60, 0xA4, 0xAA, 0x65, 
  0x53, 0x3A, 0xD8, 0xC7, 0xCB, 0xB0, 0xEF, 0xE2, 0x38, 0x2D, 0x6D, 0x60, 0x5B, 0x4B, 0xA7, 0xD1, 
  0xDA, 0xB9, 0x9D, 0x23, 0x25, 0x52, 0xC5, 0x96, 0x24, 0xE9, 0x80, 0xFE, 0xF6, 0xFB, 0xEE, 0x28, 
  0x16, 0x87, 0xE6, 0x8E, 0x60, 0x1F, 0x3E, 0xB5, 0xBD, 0x43, 0x5A, 0xDA, 0x47, 0x69, 0xF5, 0x61, 
  0xC7, 0x79, 0xD8, 0xA2, 0xB1, 0x3C, 0x35, 0xD5, 0xED, 0xEA, 0xCC, 0xA5, 0xAD, 0xDA, 0x00, 0x19, 
  0xF3, 0xF6, 0xD4, 0xBB, 0x19, 0x7B, 0xFB, 0x7C, 0x75, 0x0A, 0x4C, 0x6B, 0x75, 0xBD, 0x82, 0x7E, 
  0xD2, 0x8A, 0xDC, 0x23, 0xEF, 0x02, 0xA4, 0x9F, 0xD2, 0x3A, 0x82, 0x2C, 0xD6, 0x81, 0xDE, 0x54, 
  0x34, 0x7D, 0x0F, 0xA5, 0x69, 0xBB, 0xE4, 0x71, 0xEE, 0x1E, 0xEA, 0x3F, 0xBF, 0xEA, 0xAB, 0xBE, 
  0xA7, 0x7C, 0x3D, 0x75, 0x9C, 0xE4, 0x8E, 0x0E, 0x68, 0x41, 0xF6, 0x5B, 0x47, 0xC1, 0x23, 0x90, 
  0xF8, 0xF5, 0xA8, 0x8A, 0x9A, 0xC9, 0xAA, 0x4D, 0xE6, 0x75, 0xFC, 0xBB, 0x95, 0x86, 0x8B, 0x0F, 
  0xA6, 0xA2, 0x6E, 0x8D, 0x3B, 0x2D, 0x7E, 0xF3, 0xCC, 0xEB, 0x56, 0x0B, 0x66, 0x34, 0xEB, 0xB6, 
  0x3D, 0x22, 0x97, 0xE4, 0x20, 0xA2, 0x45, 0xC5, 0xCF, 0x58, 0x29, 0x50, 0xC1, 0x4A, 0x30, 0x02, 
  0x01, 0xF9, 0x0C, 0xFF, 0x00, 0x3A, 0xAE, 0x38, 0x15, 0x29, 0x82, 0x9B, 0x49, 0xDA, 0xDD, 0x9F, 
  0x66, 0xC5, 0xCF, 0x3A, 0x4F, 0x5A, 0xDA, 0x9A, 0xD2, 0xD6, 0x1B, 0x86, 0x0B, 0x76, 0xED, 0xF1, 
  0xCB, 0xB1, 0x48, 0x95, 0x32, 0xAB, 0xA9, 0x44, 0x58, 0xF3, 0xA0, 0xC7, 0xB9, 0x42, 0x91, 0x0A, 
  0x5B, 0x49, 0x7A, 0x2C, 0x96, 0xD4, 0xD3, 0xAD, 0xAB, 0xA2, 0xD2, 0xA1, 0x82, 0x0F, 0xC4, 0x1A, 
  0xF4, 0xC7, 0xB9, 0x8E, 0x0E, 0x69, 0xB1, 0x0B, 0xC4, 0x8C, 0x6C, 0x8D, 0x2C, 0x78, 0xB8, 0x39, 
  0x15, 0x5E, 0x5E, 0xB6, 0xE8, 0xEF, 0x47, 0x1B, 0xED, 0xB9, 0xE7, 0x6D, 0x93, 0xAE, 0x52, 0x2E, 
  0xAF, 0xA8, 0x26, 0xE4, 0xF8, 0x1C, 0x10, 0x18, 0xCE, 0x0A, 0x51, 0xE2, 0xB0, 0x08, 0xCF, 0x2C, 
  0x91, 0x9E, 0x63, 0xA5, 0x59, 0x84, 0x95, 0x58, 0xCC, 0x6E, 0x01, 0xC1, 0xA1, 0xA3, 0x50, 0xDA, 
  0x78, 0xF0, 0xF2, 0xF1, 0x55, 0x23, 0x15, 0x1E, 0x03, 0x2B, 0x5C, 0x58, 0x5C, 0x5E, 0x7F, 0x31, 
  0xFE, 0xE8, 0xE1, 0xC7, 0xCF, 0xC1, 0x6D, 0x7D, 0x24, 0x6C, 0x2D, 0x5C, 0x34, 0xC5, 0xB3, 0x57, 
  0x40, 0xBB, 0xA6, 0x34, 0xCB, 0x4A, 0xD2, 0xE4, 0x73, 0xEB, 0x18, 0x4B, 0xE9, 0x51, 0x04, 0x16, 
  0xF9, 0xE0, 0xAC, 0x1C, 0x28, 0x11, 0xCC, 0x8C, 0xF9, 0x56, 0x1C, 0x02, 0x62, 0xC9, 0x9D, 0x4C, 
  0xF6, 0x5C, 0x3B, 0x5E, 0x5A, 0xB9, 0xF0, 0xD8, 0x56, 0x7E, 0x92, 0xC0, 0x1F, 0x03, 0x6A, 0xE3, 
  0x7D, 0x8B, 0x35, 0x67, 0xAF, 0x97, 0x1D, 0xAA, 0x34, 0xBB, 0xEF, 0x5E, 0xB7, 0xDD, 0x38, 0x71, 
  0x74, 0xB6, 0x9F, 0xB6, 0x96, 0xA4, 0xC9, 0x8E, 0x1A, 0x9A, 0x62, 0x8E, 0x25, 0xC8, 0x24, 0x61, 
  0x67, 0x27, 0x93, 0x4D, 0x9E, 0xFF, 0x00, 0x8F, 0x5A, 0x95, 0x8B, 0x08, 0xA4, 0xA0, 0x71, 0xA8, 
  0x9D, 0xD9, 0x03, 0x95, 0xF6, 0x6E, 0xE6, 0x7E, 0xEC, 0xA1, 0x26, 0xC7, 0x2B, 0xB1, 0x26, 0x0A, 
  0x5A, 0x76, 0x66, 0x45, 0x8D, 0xB6, 0xEF, 0xE4, 0x3E, 0xEE, 0xA6, 0x8D, 0x91, 0xDA, 0x99, 0x9B, 
  0x5F, 0x6D, 0x9A, 0xFD, 0xCE, 0xED, 0xDA, 0xC8, 0x9C, 0x94, 0xA9, 0xE8, 0xAD, 0x1F, 0xF9, 0x3B, 
  0x1C, 0x3D, 0xF9, 0x3C, 0xCA, 0xB1, 0xC8, 0xAB, 0x90, 0xC7, 0x8E, 0x33, 0x50, 0x58, 0xBE, 0x26, 
  0xDA, 0xE7, 0x81, 0x1B, 0x6C, 0x06, 0xA3, 0xB4, 0xAB, 0x26, 0x05, 0x84, 0xBF, 0x0E, 0x8D, 0xC6, 
  0x57, 0xDC, 0xBB, 0x58, 0xD8, 0x3E, 0xAA, 0x5C, 0x07, 0x23, 0x23, 0xA5, 0x42, 0xAB, 0x02, 0x51, 
  0x12, 0x88, 0x94, 0x45, 0xA6, 0xD4, 0xFA, 0xAE, 0xD1, 0xA3, 0xAD, 0xA2, 0xE3, 0x7B, 0x98, 0x98, 
  0x90, 0xCB, 0xA8, 0x64, 0x38, 0xA4, 0x93, 0xED, 0x28, 0xF2, 0x18, 0x00, 0x9E, 0xE2, 0x7E, 0x00, 
  0x9A, 0xCF, 0x4F, 0x4D, 0x2D, 0x4B, 0xFA, 0xB8, 0x85, 0xCE, 0xB5, 0xAD, 0x55, 0x57, 0x0D, 0x2B, 
  0x3A, 0xC9, 0x9D, 0x61, 0x7B, 0x2C, 0x79, 0xB1, 0x74, 0xF6, 0xE2, 0xE9, 0xC7, 0xA3, 0x2D, 0x71, 
  0x2E, 0xB6, 0x89, 0x89, 0xC1, 0x53, 0x4E, 0x05, 0xA7, 0xC8, 0x85, 0x0E, 0x8A, 0x1D, 0x41, 0xEA, 
  0x0D, 0x7A, 0x63, 0xA7, 0xA3, 0x94, 0x38, 0x5D, 0xAE, 0x0B, 0xCB, 0xD9, 0x4F, 0x5F, 0x09, 0x69, 
  0xB3, 0x98, 0x7E, 0xFB, 0xD5, 0x60, 0xBA, 0x5A, 0xB5, 0x07, 0xA3, 0xB6, 0xA3, 0x59, 0xEC, 0x85, 
  0xE7, 0x44, 0xDC, 0x9C, 0xE1, 0x5B, 0x32, 0x12, 0x14, 0xD3, 0xC3, 0xF2, 0x56, 0x08, 0xC2, 0x1D, 
  0x03, 0xA2, 0xB1, 0x85, 0x01, 0xF1, 0x02, 0xDD, 0x14, 0x90, 0x63, 0x31, 0x6B, 0xD0, 0x95, 0xBB, 
  0x46, 0xB1, 0xCB, 0x78, 0xF2, 0x54, 0x89, 0x62, 0xA8, 0xC0, 0x66, 0xD5, 0xA7, 0x0B, 0xB6, 0x1D, 
  0x47, 0x81, 0xDC, 0x7C, 0xFB, 0xC2, 0x91, 0x5A, 0xDA, 0x1D, 0xB4, 0xDD, 0xAB, 0x2A, 0x6F, 0x7A, 
  0x70, 0x39, 0x6D, 0x53, 0xDC, 0x94, 0x61, 0x28, 0x27, 0xB2, 0x5F, 0x7A, 0x1C, 0x64, 0xE5, 0x20, 
  0x8C, 0xF4, 0x18, 0xCF, 0x50, 0x71, 0xCE, 0xA2, 0xCE, 0x29, 0x88, 0x61, 0xF2, 0x75, 0x33, 0xFC, 
  0xD6, 0xDF, 0xE8, 0x54, 0xC0, 0xC1, 0xB0, 0xCC, 0x52, 0x2E, 0xBE, 0x9F, 0xE5, 0xBE, 0xED, 0x87, 
  0x71, 0x1A, 0xBB, 0xAC, 0xA4, 0x2D, 0xAB, 0xDB, 0x48, 0x9B, 0x63, 0xA7, 0x9C, 0xB6, 0xB1, 0x23, 
  0xD6, 0xA4, 0xBE, 0xE9, 0x7A, 0x44, 0x92, 0x8E, 0x0E, 0xD0, 0xF4, 0x48, 0x09, 0xC9, 0xC0, 0x09, 
  0xC0, 0xEB, 0xD7, 0x27, 0xBE, 0xA3, 0x31, 0x2C, 0x41, 0xF5, 0xD2, 0xF5, 0x8E, 0x16, 0x03, 0x20, 
  0x14, 0xB6, 0x13, 0x86, 0x33, 0x0E, 0x84, 0xC6, 0xD3, 0x72, 0x4D, 0xC9, 0xDE, 0xBB, 0x9A, 0x8F, 
  0x52, 0x89, 0x44, 0x4A, 0x22, 0x88, 0xF7, 0xEA, 0xFC, 0xF4, 0x2B, 0x2C, 0x1B, 0x53, 0x2B, 0x29, 
  0x17, 0x05, 0xA9, 0x4F, 0x11, 0xDE, 0x84, 0x63, 0xD9, 0xF8, 0x12, 0x47, 0xD2, 0xAB, 0x9D, 0x22, 
  0xA8, 0x73, 0x22, 0x6C, 0x2D, 0xFE, 0xF6, 0xBE, 0x41, 0x5B, 0xFA, 0x21, 0x46, 0xD9, 0x27, 0x7D, 
  0x43, 0xBF, 0xB8, 0x32, 0xE6, 0x76, 0xF7, 0x79, 0xAA, 0xFB, 0x54, 0xF5, 0xD0, 0xD2, 0x88, 0x94, 
  0x45, 0xDF, 0xED, 0x26, 0x90, 0x8B, 0xAA, 0xF5, 0x0B, 0xA6, 0x7A, 0x42, 0xE1, 0x41, 0x6C, 0x3A, 
  0xB6, 0x8F, 0x47, 0x54, 0x4E, 0x12, 0x93, 0xE5, 0xC8, 0x93, 0xF0, 0xC5, 0x4B, 0xE0, 0xB4, 0x4C, 
  0xAA, 0x9C, 0xF5, 0x9F, 0x95, 0xB9, 0xDB, 0x7E, 0xE5, 0x5E, 0xE9, 0x1E, 0x25, 0x25, 0x0D, 0x30, 
  0x11, 0x64, 0xE7, 0x9B, 0x5F, 0x70, 0xDB, 0xDA, 0xAC, 0xEB, 0x6D, 0xA1, 0xA6, 0xD2, 0xDB, 0x69, 
  0x09, 0x42, 0x40, 0x4A, 0x52, 0x91, 0x80, 0x00, 0xE8, 0x00, 0xAB, 0xD8, 0x00, 0x0B, 0x05, 0xCB, 
  0xC9, 0x24, 0xDC, 0xAA, 0xB1, 0xBA, 0xF0, 0xAE, 0x11, 0x75, 0xC5, 0xCD, 0xC9, 0xE1, 0x7C, 0x32, 
  0x14, 0x17, 0x1D, 0x67, 0xDD, 0x53, 0x58, 0xC0, 0x03, 0xE1, 0xD0, 0x8F, 0x1F, 0x8D, 0x50, 0x71, 
  0x98, 0xE4, 0x6D, 0x5B, 0xCC, 0x9B, 0x75, 0x72, 0x5D, 0x57, 0xA3, 0x92, 0xC2, 0xFC, 0x3D, 0x8D, 
  0x87, 0x66, 0xBE, 0x7B, 0x6F, 0xCD, 0x71, 0x55, 0x16, 0xA7, 0x17, 0xA6, 0x9B, 0x5B, 0xCE, 0x21, 
  0xB6, 0xD0, 0x56, 0xE2, 0xD4, 0x12, 0x94, 0xA4, 0x73, 0x51, 0x27, 0x00, 0x0A, 0xFA, 0x01, 0x26, 
  0xC1, 0x79, 0x73, 0x83, 0x41, 0x73, 0x8D, 0x80, 0x56, 0x53, 0x48, 0xE8, 0xC8, 0x5B, 0x6F, 0xA6, 
  0xA5, 0xDD, 0xA5, 0xB6, 0x87, 0xAE, 0xCD, 0xC7, 0x53, 0xCF, 0xBA, 0x79, 0xF0, 0x61, 0x24, 0xF6, 
  0x68, 0xF0, 0x1C, 0xB1, 0x9E, 0xF3, 0xF2, 0xAB, 0xBD, 0x15, 0x03, 0x30, 0xE8, 0x1D, 0x33, 0xC5, 
  0xDE, 0x05, 0xC9, 0xF4, 0x1F, 0x79, 0xAE, 0x65, 0x89, 0x62, 0x92, 0xE2, 0xF5, 0x4D, 0xA7, 0x61, 
  0xB4, 0x64, 0x80, 0x07, 0x6D, 0xAE, 0x78, 0xF9, 0x2A, 0xDF, 0x2E, 0x5B, 0xD3, 0xE5, 0x3F, 0x2E, 
  0x42, 0xCA, 0xE4, 0x48, 0x59, 0x75, 0xC5, 0x1E, 0xF5, 0x13, 0x93, 0x54, 0x97, 0xBD, 0xD2, 0x38, 
  0xBD, 0xDA, 0xCE, 0x6B, 0xA5, 0xC5, 0x13, 0x62, 0x60, 0x8D, 0x82, 0xC0, 0x0B, 0x0E, 0xC5, 0xF1, 
  0xAF, 0x2B, 0x22, 0x1E, 0x43, 0x24, 0xE0, 0x79, 0xD1, 0x16, 0xC6, 0xD5, 0x60, 0xBA, 0x5F, 0x1C, 
  0x0D, 0xDB, 0xAD, 0xF2, 0x65, 0x28, 0xF7, 0xB4, 0xD9, 0x29, 0x1F, 0x15, 0x74, 0x1F, 0x5A, 0xCD, 
  0x0D, 0x34, 0xB3, 0x1B, 0x44, 0xD2, 0x7B, 0x16, 0xB5, 0x45, 0x65, 0x3D, 0x30, 0xBC, 0xCF, 0x0D, 
  0xE6, 0x7D, 0x35, 0xA9, 0x8F, 0x42, 0xEC, 0x91, 0x8B, 0x21, 0xAB, 0x86, 0xA4, 0x2D, 0xAD, 0x4D, 
  0x90, 0xA4, 0x41, 0x41, 0xE2, 0x4E, 0x7F, 0x3D, 0x5D, 0x0F, 0xC0, 0x72, 0xF1, 0x27, 0xA5, 0x59, 
  0x70, 0xEC, 0x03, 0x44, 0x89, 0x2A, 0xBB, 0xBD, 0xFD, 0x95, 0x33, 0x16, 0xE9, 0x57, 0x58, 0xD3, 
  0x0D, 0x16, 0x57, 0xD6, 0xE3, 0xAF, 0xB0, 0x6C, 0xE6, 0x73, 0x53, 0x50, 0x18, 0x18, 0x15, 0x68, 
  0x54, 0x94, 0xA2, 0x25, 0x11, 0x28, 0x8B, 0x94, 0xDC, 0x5D, 0x0D, 0x0F, 0x70, 0x74, 0xB4, 0xBB, 
  0x34, 0xBC, 0x21, 0xC5, 0x0E, 0xD2, 0x3B, 0xF8, 0xC9, 0x61, 0xD1, 0x9E, 0x15, 0xFE, 0xA3, 0xE2, 
  0x09, 0x15, 0xB9, 0x41, 0x58, 0xFA, 0x39, 0x84, 0xAD, 0xED, 0x1B, 0xC2, 0xD0, 0xC4, 0xA8, 0x19, 
  0x5D, 0x4E, 0xE8, 0x5F, 0xD8, 0x77, 0x1D, 0xFF, 0x00, 0x7B, 0x15, 0x61, 0xD3, 0xBB, 0x1D, 0xAB, 
  0x35, 0x1A, 0xD3, 0xF8, 0xE7, 0x70, 0x76, 0xCF, 0xA7, 0xAC, 0xBC, 0x51, 0xC3, 0xB3, 0x1E, 0x07, 
  0x85, 0x09, 0x27, 0x21, 0x90, 0xA3, 0x84, 0xA3, 0xF3, 0xCE, 0x07, 0x4C, 0x66, 0xAD, 0xB3, 0xE3, 
  0x14, 0xD0, 0x0F, 0xEC, 0x8D, 0xD2, 0x7B, 0xF3, 0xC8, 0x79, 0xF1, 0xE1, 0xE4, 0xA9, 0x14, 0xF8, 
  0x0D, 0x5D, 0x41, 0xFE, 0xDA, 0xED, 0x08, 0xD9, 0x96, 0x67, 0x67, 0x0B, 0xEC, 0xE3, 0xAB, 0x9A, 
  0xEC, 0x9F, 0xDE, 0x6D, 0x03, 0xB5, 0x36, 0xC5, 0xD9, 0xF4, 0x25, 0xB0, 0x5C, 0xA4, 0xF2, 0x0B, 
  0x92, 0x09, 0x4B, 0x6E, 0x2F, 0xF2, 0x96, 0xE9, 0xF6, 0x9C, 0x3F, 0x01, 0x8F, 0x02, 0x2B, 0x45, 
  0xB8, 0x4D, 0x6E, 0x20, 0xFE, 0xB6, 0xB1, 0xDA, 0x23, 0x76, 0xDE, 0xC1, 0xA8, 0x29, 0x27, 0x63, 
  0x54, 0x18, 0x63, 0x3A, 0x9A, 0x16, 0x69, 0x1D, 0xFB, 0x3B, 0x4E, 0xB3, 0xE5, 0xB9, 0x43, 0x7A, 
  0xFB, 0x71, 0x35, 0xB6, 0xB1, 0x99, 0xEA, 0x77, 0xD9, 0x12, 0x59, 0x43, 0xBC, 0x25, 0x36, 0xC6, 
  0x50, 0x5A, 0x47, 0xB5, 0xEE, 0x82, 0xD8, 0xE6, 0xA2, 0x73, 0xCB, 0x8B, 0x27, 0x9D, 0x4E, 0xD0, 
  0xD0, 0x51, 0xD3, 0xB7, 0x4E, 0x10, 0x0D, 0xBF, 0xBC, 0x73, 0xF1, 0xF6, 0x55, 0xCC, 0x43, 0x12, 
  0xAE, 0xAA, 0x7F, 0x57, 0x39, 0x22, 0xFF, 0x00, 0xDD, 0x19, 0x78, 0x7B, 0xAB, 0x9D, 0xB6, 0x0D, 
  0xDF, 0x18, 0xD0, 0x76, 0x46, 0x75, 0x1B, 0x5D, 0x95, 0xD9, 0xA8, 0xE1, 0x0E, 0x24, 0xAB, 0x2A, 
  0xE1, 0x1C, 0x91, 0xC5, 0xE0, 0xAE, 0x1C, 0x64, 0x73, 0xE7, 0x9A, 0xA2, 0x62, 0x06, 0x13, 0x52, 
  0xF3, 0x01, 0xBB, 0x6F, 0xFD, 0x7B, 0x2F, 0xA9, 0x74, 0x8C, 0x2C, 0x4E, 0x29, 0x23, 0x15, 0x02, 
  0xCE, 0x03, 0xFA, 0x5F, 0x8D, 0xB5, 0xAE, 0xB6, 0xB4, 0x96, 0xFA, 0x51, 0x12, 0x88, 0xAB, 0x26, 
  0xF3, 0x49, 0x7B, 0x73, 0xF7, 0x56, 0xC3, 0xB7, 0xF0, 0x1E, 0x50, 0x89, 0x0D, 0x5C, 0x73, 0x1C, 
  0x6F, 0x9F, 0x02, 0xC8, 0xE2, 0x5A, 0xBC, 0x32, 0x86, 0xFA, 0x79, 0xAF, 0x15, 0x6C, 0xC2, 0x5A, 
  0x28, 0x68, 0xA4, 0xAD, 0x78, 0xCC, 0xEA, 0xF4, 0xEF, 0x3E, 0x4A, 0x95, 0x8D, 0xB9, 0xD8, 0x8D, 
  0x7C, 0x78, 0x7C, 0x67, 0x21, 0xAF, 0xD7, 0xB8, 0x78, 0xAE, 0x3F, 0x5C, 0xED, 0x8E, 0xA3, 0xD8, 
  0xCE, 0x1B, 0xFD, 0x8F, 0x53, 0xF0, 0xC2, 0x71, 0xE4, 0xB2, 0x95, 0x36, 0xB2, 0xCB, 0xC5, 0x47, 
  0x24, 0x25, 0x48, 0xE6, 0x95, 0x8C, 0x03, 0x9F, 0x87, 0x4A, 0xDE, 0xA2, 0xC4, 0x60, 0xC5, 0x7F, 
  0x51, 0x34, 0x79, 0xDB, 0x98, 0xEF, 0xD6, 0x14, 0x75, 0x7E, 0x17, 0x53, 0x83, 0x7F, 0x68, 0x82, 
  0x5C, 0xAF, 0x6D, 0xC7, 0xBB, 0x51, 0xFB, 0xC9, 0x6D, 0x2D, 0x9E, 0x91, 0x6E, 0xCE, 0xB7, 0xB9, 
  0x62, 0xDC, 0x4D, 0x3C, 0x8B, 0x85, 0xBE, 0x53, 0x60, 0x38, 0xE3, 0x2D, 0xF6, 0x4E, 0x29, 0x07, 
  0x98, 0x51, 0x6C, 0xE0, 0x1E, 0xE2, 0x14, 0x92, 0x9E, 0xE2, 0x2B, 0x0C, 0x98, 0x08, 0x6B, 0xBA, 
  0xEA, 0x19, 0x34, 0x48, 0xED, 0x1D, 0xFE, 0xF7, 0x59, 0xE2, 0xE9, 0x21, 0x7B, 0x0C, 0x18, 0x8C, 
  0x7A, 0x4D, 0x23, 0x91, 0xEE, 0xF6, 0xB2, 0xEB, 0x36, 0x0B, 0x43, 0xC5, 0x87, 0xAA, 0xAE, 0x9A, 
  0x87, 0x4D, 0xEA, 0x27, 0x26, 0x69, 0x45, 0x37, 0xD9, 0x36, 0xCE, 0x14, 0x87, 0x14, 0xE9, 0xE7, 
  0xD9, 0xBC, 0x82, 0x3A, 0xB6, 0x0E, 0x42, 0x87, 0x5E, 0x21, 0x8E, 0xF1, 0x5A, 0x58, 0xD5, 0x63, 
  0x9D, 0x0B, 0x60, 0xA8, 0x8E, 0xD2, 0x6F, 0xD9, 0x6D, 0xE0, 0xF1, 0xDC, 0xB7, 0xFA, 0x3F, 0x40, 
  0xC6, 0x4E, 0xFA, 0x8A, 0x69, 0x6F, 0x16, 0xAB, 0x6D, 0xBE, 0xE2, 0x38, 0x7D, 0xED, 0x0A, 0xC5, 
  0xD5, 0x61, 0x5C, 0x12, 0x88, 0x94, 0x44, 0xA2, 0x28, 0x83, 0x7F, 0x2C, 0x6F, 0x4B, 0xB4, 0xDB, 
  0xAE, 0xAC, 0xA0, 0xA9, 0x10, 0x56, 0xA6, 0xDE, 0xC7, 0xD9, 0x4A, 0xF1, 0x85, 0x7C, 0x38, 0x92, 
  0x07, 0xCE, 0xAB, 0x7D, 0x23, 0xA7, 0x73, 0xE2, 0x6C, 0xC3, 0xFB, 0xBA, 0xFB, 0x55, 0xC7, 0xA1, 
  0xF5, 0x6D, 0x8E, 0x67, 0xD3, 0xB8, 0xFE, 0x70, 0x08, 0xE6, 0x36, 0x77, 0x1F, 0x05, 0x00, 0x55, 
  0x41, 0x74, 0x14, 0xA2, 0x25, 0x11, 0x74, 0xDA, 0x17, 0x58, 0xBF, 0xA2, 0xAF, 0x62, 0x73, 0x6D, 
  0xF6, 0xD1, 0xDC, 0x4F, 0x65, 0x21, 0x9C, 0xE0, 0xAD, 0x19, 0xCF, 0x23, 0xDC, 0x41, 0xE6, 0x3F, 
  0xF9, 0xAD, 0xEC, 0x3A, 0xB9, 0xD4, 0x72, 0xF5, 0x80, 0x5C, 0x1C, 0x88, 0xE0, 0xA2, 0xF1, 0x6C, 
  0x31, 0x98, 0x8D, 0x3F, 0x54, 0x4D, 0x88, 0xCC, 0x1E, 0x3E, 0xC5, 0x59, 0xBD, 0x35, 0xAC, 0x6C, 
  0xFA, 0xB1, 0x82, 0xE5, 0xB2, 0x62, 0x5C, 0x5A, 0x40, 0x2B, 0x65, 0x5E, 0xCB, 0x8D, 0xFF, 0x00, 
  0x29, 0x27, 0x9F, 0xCF, 0xA7, 0x9D, 0x5E, 0xA9, 0x6B, 0xA1, 0xAA, 0x6D, 0xE2, 0x75, 0xF8, 0x6D, 
  0x1D, 0x8B, 0x97, 0xD7, 0x61, 0xB5, 0x34, 0x2E, 0xD1, 0x9D, 0xB6, 0xDC, 0x76, 0x1E, 0x47, 0xEC, 
  0xAC, 0xAB, 0xEE, 0x9E, 0xB6, 0xEA, 0x48, 0x4A, 0x87, 0x73, 0x88, 0xDC, 0x86, 0x4F, 0x31, 0xC5, 
  0xC8, 0xA4, 0xF8, 0xA4, 0x8E, 0x60, 0xF9, 0x8A, 0xC9, 0x51, 0x4D, 0x15, 0x43, 0x34, 0x25, 0x6D, 
  0xC2, 0xC5, 0x49, 0x59, 0x3D, 0x1C, 0x9D, 0x64, 0x0E, 0xB1, 0xFB, 0xD7, 0xBD, 0x57, 0xCD, 0xC6, 
  0xDA, 0xA7, 0x74, 0x83, 0x26, 0xE5, 0x01, 0xE5, 0xC9, 0xB5, 0x15, 0x04, 0xAF, 0xB4, 0x1F, 0xBE, 
  0x30, 0x49, 0xC0, 0xC9, 0x1D, 0x41, 0xE9, 0x9E, 0x5E, 0x7E, 0x35, 0x4E, 0xC5, 0x30, 0x73, 0x48, 
  0x3A, 0xD8, 0xCD, 0xD9, 0xE2, 0x17, 0x43, 0xC1, 0x3A, 0x42, 0xDA, 0xF7, 0x75, 0x13, 0x0D, 0x17, 
  0xF0, 0xD4, 0x7D, 0x8F, 0x05, 0xCE, 0xED, 0xD7, 0x63, 0xF8, 0xF3, 0x61, 0xED, 0xF1, 0xD9, 0xFA, 
  0xD2, 0x71, 0x9F, 0xCA, 0xC1, 0xE1, 0xFF, 0x00, 0x7B, 0x15, 0xA5, 0x85, 0xE8, 0xFC, 0x5C, 0x7A, 
  0x5B, 0xFF, 0x00, 0xA7, 0x8A, 0x92, 0xC6, 0xF4, 0xBF, 0x0F, 0x9B, 0x43, 0x5E, 0x8F, 0xF5, 0xF0, 
  0x56, 0x73, 0x58, 0x5B, 0xDD, 0xBA, 0xE9, 0x4B, 0xC4, 0x36, 0x41, 0x2F, 0x3F, 0x15, 0xC4, 0x20, 
  0x0E, 0xF5, 0x70, 0x9C, 0x0A, 0xBD, 0xD6, 0xC6, 0x65, 0xA7, 0x91, 0x8D, 0xD6, 0x41, 0x5C, 0xBF, 
  0x0D, 0x99, 0xB0, 0x55, 0xC5, 0x2B, 0xB5, 0x07, 0x0F, 0x35, 0x4F, 0x7A, 0xF7, 0x63, 0xCA, 0xB9, 
  0xB2, 0xEC, 0x8B, 0xB3, 0xD0, 0x1B, 0x77, 0x33, 0x5C, 0x49, 0x71, 0x61, 0xCF, 0x56, 0xB6, 0xC7, 
  0x21, 0x2E, 0xC8, 0x29, 0xC9, 0x27, 0xF2, 0x52, 0x3B, 0xCE, 0x3E, 0x42, 0xA4, 0xF0, 0xDC, 0x31, 
  0xF5, 0xAE, 0x26, 0xF6, 0x68, 0xD6, 0x7D, 0x02, 0x84, 0xC6, 0x31, 0xA8, 0xF0, 0xD6, 0x81, 0x6D, 
  0x27, 0x9D, 0x43, 0xD4, 0xF0, 0xF3, 0x53, 0xED, 0x87, 0x6C, 0xB4, 0xCE, 0x9F, 0x4A, 0x4B, 0x36, 
  0xD6, 0xDF, 0x7C, 0x7F, 0x87, 0x94, 0x3B, 0x55, 0x9F, 0x3E, 0x7C, 0x87, 0xC8, 0x0A, 0xB7, 0xD3, 
  0xE1, 0x34, 0xB0, 0x7E, 0x56, 0x5C, 0xEF, 0x39, 0x95, 0xCF, 0xEA, 0xF1, 0xDA, 0xEA, 0xA3, 0xF3, 
  0xC8, 0x40, 0xDC, 0x32, 0x1F, 0x7C, 0xD7, 0x58, 0x84, 0x25, 0xB4, 0x84, 0xA5, 0x21, 0x29, 0x1C, 
  0x80, 0x03, 0x00, 0x54, 0x80, 0x00, 0x64, 0x14, 0x49, 0x24, 0x9B, 0x95, 0xEA, 0xBE, 0xAF, 0x89, 
  0x44, 0x4A, 0x22, 0x51, 0x12, 0x88, 0x94, 0x45, 0x12, 0xEE, 0xFE, 0xCE, 0xCA, 0xDC, 0xEB, 0x95, 
  0x9D, 0xC6, 0xAF, 0x6B, 0x83, 0x0A, 0x30, 0x52, 0x24, 0xB2, 0xAE, 0x25, 0xA5, 0x43, 0x39, 0x4A, 
  0x90, 0x8C, 0x84, 0xF1, 0xF5, 0x04, 0x9E, 0xEC, 0x78, 0x54, 0xCE, 0x15, 0x8A, 0xB6, 0x85, 0xAF, 
  0x05, 0x97, 0x27, 0x57, 0xD4, 0xEE, 0x50, 0x18, 0xC6, 0x0C, 0xFC, 0x45, 0xEC, 0x22, 0x4D, 0x10, 
  0x35, 0xFD, 0x06, 0xF5, 0x16, 0x6A, 0xF7, 0x74, 0x9E, 0xCE, 0x29, 0x16, 0x0D, 0x19, 0x6F, 0x17, 
  0x4D, 0x72, 0xEE, 0x10, 0xAB, 0x83, 0xE9, 0x12, 0x1D, 0x88, 0x4F, 0x4E, 0x14, 0xE3, 0x01, 0xC3, 
  0xDC, 0x94, 0x8E, 0x59, 0xC9, 0xCF, 0x20, 0x66, 0x29, 0x45, 0x4E, 0x25, 0xFA, 0xEA, 0xB7, 0x68, 
  0xC4, 0x36, 0x0C, 0x81, 0xFA, 0x6F, 0x27, 0xB1, 0x41, 0x56, 0x3A, 0x93, 0x09, 0xFE, 0xCF, 0x44, 
  0xDD, 0x29, 0x8E, 0xD3, 0x99, 0x1F, 0x5D, 0xC0, 0x76, 0xAD, 0x66, 0x92, 0x9D, 0xA4, 0xB6, 0x95, 
  0xD7, 0x2F, 0xDA, 0x9E, 0x59, 0xBF, 0xEB, 0xA7, 0x09, 0x70, 0x43, 0x8C, 0xB0, 0xF0, 0x86, 0xA3, 
  0xD4, 0xB8, 0xE9, 0x3C, 0x3D, 0xA1, 0xEF, 0x39, 0x24, 0x74, 0x03, 0xBC, 0xE6, 0xA9, 0x65, 0x4E, 
  0x20, 0x3A, 0x9A, 0x61, 0xA1, 0x16, 0xF3, 0x95, 0xF9, 0x0D, 0x76, 0xDC, 0xB0, 0xD1, 0xBE, 0x93, 
  0x0B, 0x26, 0x7A, 0xA7, 0x75, 0x93, 0x1D, 0x83, 0x3B, 0x73, 0x3A, 0xAF, 0xBF, 0x5D, 0x97, 0x7B, 
  0xB6, 0x9B, 0xAB, 0xAF, 0xB7, 0x0B, 0x5A, 0x46, 0x94, 0x2C, 0x41, 0x9D, 0x20, 0x42, 0xDB, 0x77, 
  0xB3, 0x46, 0x10, 0x8C, 0x8F, 0x65, 0x7D, 0xAA, 0xF1, 0xC6, 0xA0, 0x40, 0x18, 0x4F, 0x71, 0x3C, 
  0xAA, 0x37, 0x10, 0xC3, 0x28, 0xA8, 0xE9, 0xCB, 0x74, 0xEF, 0x27, 0xDE, 0xC1, 0xAB, 0xB5, 0x4A, 
  0xE1, 0x78, 0xB5, 0x7D, 0x75, 0x48, 0x77, 0x57, 0x68, 0xB6, 0xFB, 0xDC, 0xEB, 0x3C, 0xBB, 0x95, 
  0x83, 0xAA, 0xD2, 0xB6, 0xA5, 0x11, 0x61, 0x5E, 0x2E, 0xB1, 0xEC, 0x76, 0x99, 0xD7, 0x39, 0x47, 
  0x11, 0xA1, 0x32, 0xB7, 0xDC, 0x23, 0xF2, 0x52, 0x92, 0x4F, 0xE8, 0xAC, 0x91, 0x46, 0xE9, 0x5E, 
  0xD8, 0xDB, 0xAC, 0x9B, 0x77, 0xAC, 0x53, 0x4A, 0xD8, 0x63, 0x74, 0xAF, 0xD4, 0xD0, 0x4F, 0x72, 
  0x89, 0x34, 0xBE, 0xEF, 0xED, 0x65, 0xE2, 0xF6, 0x6F, 0x28, 0x54, 0x6B, 0x4D, 0xF9, 0xF6, 0xFB, 
  0x25, 0xBD, 0x36, 0x3F, 0x62, 0xE2, 0x92, 0x48, 0x24, 0x29, 0xC1, 0x94, 0x9E, 0x60, 0x73, 0x27, 
  0xBA, 0xA6, 0x6A, 0x30, 0xAC, 0x46, 0x38, 0xFA, 0xA3, 0x77, 0x30, 0x67, 0x91, 0xBF, 0x86, 0xB5, 
  0x01, 0x49, 0x8C, 0xE1, 0x72, 0xCB, 0xD7, 0x0B, 0x31, 0xE4, 0x5A, 0xE4, 0x58, 0xF7, 0xEA, 0xF1, 
  0x59, 0x9B, 0x9D, 0xB6, 0xCB, 0xDD, 0xD9, 0x9A, 0x76, 0x4C, 0x3B, 0xEC, 0x55, 0x58, 0xA1, 0x3B, 
  0xC4, 0xFB, 0x08, 0xF6, 0xC3, 0xA9, 0x52, 0x87, 0x1A, 0x92, 0xB4, 0x92, 0x38, 0xB8, 0x47, 0x08, 
  0x07, 0xC4, 0xF3, 0xAF, 0x18, 0x76, 0x21, 0xF8, 0x73, 0x64, 0x6B, 0x98, 0x74, 0xC8, 0xC8, 0xEE, 
  0xEC, 0x2B, 0x2E, 0x29, 0x86, 0x9C, 0x51, 0xD1, 0xB9, 0x92, 0x0D, 0x06, 0x9C, 0xC6, 0xFD, 0xF6, 
  0x23, 0x6D, 0x97, 0x33, 0xE9, 0x41, 0x73, 0xB7, 0xC2, 0xD3, 0x16, 0x8B, 0x0B, 0x10, 0x23, 0x3D, 
  0x74, 0x9E, 0xEA, 0x51, 0x18, 0xF6, 0x40, 0xAD, 0x86, 0x90, 0x46, 0x42, 0x0E, 0x32, 0x09, 0x25, 
  0x29, 0xE5, 0xDC, 0x4D, 0x6D, 0xF4, 0x72, 0x37, 0xBA, 0x67, 0xCC, 0x5C, 0x43, 0x5A, 0x33, 0xE2, 
  0x4E, 0xFF, 0x00, 0x35, 0xA3, 0xD2, 0x99, 0x23, 0x6C, 0x0C, 0x81, 0xAD, 0x05, 0xCE, 0x39, 0x65, 
  0x98, 0x03, 0x77, 0x97, 0x7A, 0x95, 0x76, 0xCF, 0x47, 0xA3, 0x42, 0xE8, 0xAB, 0x5D, 0x98, 0x01, 
  0xEB, 0x0D, 0x37, 0xC7, 0x21, 0x43, 0xED, 0xBC, 0xAE, 0x6B, 0x3F, 0x53, 0x81, 0xE4, 0x05, 0x43, 
  0xE2, 0x15, 0x46, 0xAA, 0xA1, 0xD2, 0xEC, 0x3A, 0xB9, 0x6C, 0x53, 0xD8, 0x5D, 0x18, 0xA3, 0xA5, 
  0x64, 0x3B, 0x46, 0xBE, 0x67, 0x5A, 0xEB, 0x6B, 0x49, 0x6F, 0xA5, 0x11, 0x28, 0x89, 0x44, 0x5F, 
  0x29, 0x31, 0x99, 0x99, 0x1D, 0xD8, 0xEF, 0xB6, 0x97, 0x59, 0x75, 0x25, 0x0B, 0x42, 0xC6, 0x42, 
  0x81, 0xEA, 0x08, 0xAF, 0x2E, 0x68, 0x7B, 0x4B, 0x5C, 0x2E, 0x0A, 0xF4, 0xC7, 0xBA, 0x37, 0x07, 
  0xB0, 0xD8, 0x85, 0x05, 0x6B, 0x0D, 0x8C, 0x92, 0xC3, 0xAE, 0x49, 0xD3, 0x8E, 0x25, 0xE6, 0x09, 
  0xCF, 0xA9, 0xBC, 0xBC, 0x2D, 0x1E, 0x49, 0x51, 0xE4, 0x47, 0x91, 0xC1, 0xF3, 0x35, 0x54, 0xAD, 
  0xE8, 0xF3, 0x81, 0x2F, 0xA5, 0x37, 0x1B, 0x8F, 0xA1, 0xF7, 0x57, 0xCC, 0x33, 0xA5, 0x8C, 0x73, 
  0x44, 0x75, 0xA2, 0xC7, 0xF8, 0x86, 0xA3, 0xCC, 0x6C, 0xEC, 0x51, 0x55, 0xCE, 0xC7, 0x73, 0xB2, 
  0xB8, 0x5B, 0xB8, 0xC0, 0x93, 0x15, 0x43, 0xFC, 0x73, 0x65, 0x20, 0xFC, 0x0F, 0x43, 0xF5, 0xAA, 
  0xFC, 0xB4, 0xF2, 0xC2, 0x6D, 0x2B, 0x48, 0xE6, 0x15, 0xB2, 0x9E, 0xAE, 0x0A, 0x91, 0x78, 0x5E, 
  0x1D, 0xC8, 0xFD, 0x95, 0x80, 0x08, 0x3D, 0x08, 0x3F, 0x0A, 0xC2, 0xB6, 0x17, 0xEE, 0x0F, 0x85, 
  0x17, 0xC5, 0x95, 0x6C, 0xBA, 0x4C, 0xB2, 0x4E, 0x66, 0x7C, 0x17, 0x94, 0xC4, 0xA6, 0x0F, 0x12, 
  0x16, 0x3F, 0x41, 0xF1, 0x07, 0xBC, 0x56, 0x48, 0x66, 0x7C, 0x2F, 0x12, 0x46, 0x6C, 0x42, 0xC5, 
  0x51, 0x4F, 0x1D, 0x4C, 0x66, 0x19, 0x45, 0xDA, 0x7E, 0xFB, 0xF7, 0x2B, 0x89, 0x64, 0xB8, 0x2A, 
  0xEB, 0x66, 0x81, 0x39, 0x6D, 0x16, 0x95, 0x29, 0x84, 0x3A, 0x5B, 0x3F, 0x64, 0xA9, 0x20, 0xE3, 
  0xEF, 0xAE, 0x93, 0x4F, 0x27, 0x5B, 0x13, 0x64, 0x22, 0xD7, 0x00, 0xAE, 0x35, 0x55, 0x08, 0x82, 
  0x67, 0xC4, 0x0D, 0xF4, 0x49, 0x17, 0xE4, 0x57, 0x3D, 0xBA, 0x72, 0x1B, 0x8D, 0xA0, 0x2F, 0x65, 
  0xD0, 0x08, 0x5B, 0x3D, 0x9A, 0x41, 0xEF, 0x52, 0x94, 0x00, 0xFB, 0xEB, 0x4F, 0x17, 0x70, 0x6D, 
  0x1C, 0x97, 0xDD, 0x65, 0x23, 0xD1, 0xF6, 0x39, 0xF8, 0x8C, 0x3A, 0x3B, 0x0D, 0xFB, 0xAE, 0xAA, 
  0xA3, 0x6E, 0x2D, 0x97, 0x52, 0xEB, 0x6A, 0x52, 0x1C, 0x42, 0x82, 0x92, 0xA4, 0xF5, 0x49, 0x07, 
  0x20, 0x8A, 0xE7, 0xE0, 0x90, 0x6E, 0x17, 0x58, 0x2D, 0x0E, 0x05, 0xAE, 0xCC, 0x15, 0x6A, 0x36, 
  0xE7, 0x5D, 0xB1, 0xAD, 0x2D, 0x03, 0xB4, 0x52, 0x51, 0x75, 0x8E, 0x90, 0x99, 0x2C, 0xF4, 0xC9, 
  0xFC, 0xB4, 0xFE, 0x69, 0xFB, 0x8F, 0x2A, 0xBF, 0xE1, 0x78, 0x83, 0x6B, 0x22, 0xCF, 0xF3, 0x0D, 
  0x63, 0xD7, 0x91, 0x5C, 0xA3, 0x1A, 0xC2, 0x5F, 0x87, 0x4D, 0x61, 0x9B, 0x0E, 0xA3, 0xE8, 0x78, 
  0x8F, 0x1D, 0x6A, 0x38, 0xDC, 0xDD, 0xA5, 0x94, 0xDC, 0xC9, 0x17, 0x9B, 0x0B, 0x05, 0xE8, 0xEF, 
  0x12, 0xE3, 0xF1, 0x1B, 0x1E, 0xDB, 0x6A, 0x3D, 0x54, 0x81, 0xDE, 0x0F, 0x5C, 0x0E, 0x63, 0xBB, 
  0x97, 0x48, 0x5C, 0x5B, 0x06, 0x78, 0x71, 0x9E, 0x9C, 0x5C, 0x1D, 0x63, 0xDB, 0xD9, 0x59, 0x70, 
  0x1E, 0x91, 0x46, 0x58, 0x29, 0xAA, 0xCD, 0x88, 0xC8, 0x38, 0xEA, 0x23, 0x71, 0xE3, 0xC5, 0x76, 
  0x1B, 0x1C, 0xFB, 0x4B, 0xD1, 0x8A, 0x8E, 0x13, 0xC0, 0xFC, 0x69, 0x4E, 0xA1, 0xE4, 0x91, 0x85, 
  0x05, 0x12, 0x14, 0x32, 0x3E, 0x04, 0x7D, 0x2A, 0x47, 0xA3, 0xEE, 0x06, 0x97, 0x47, 0x68, 0x26, 
  0xEA, 0x1F, 0xA5, 0x6C, 0x70, 0xAE, 0xD3, 0xD8, 0xE6, 0x8B, 0x79, 0x79, 0xA9, 0x2A, 0xA7, 0x15, 
  0x65, 0x28, 0x89, 0x44, 0x4A, 0x22, 0x51, 0x12, 0x88, 0x94, 0x44, 0xA2, 0x2F, 0x84, 0xC6, 0x15, 
  0x2A, 0x24, 0x86, 0x10, 0xF3, 0x8C, 0x29, 0xD6, 0xD4, 0x80, 0xEB, 0x7E, 0xF2, 0x09, 0x04, 0x71, 
  0x0F, 0x31, 0xD6, 0xBD, 0x30, 0xE8, 0xB8, 0x12, 0x2E, 0xBC, 0xBD, 0xA5, 0xCD, 0x2D, 0x06, 0xD7, 
  0x54, 0x9A, 0xCF, 0xB0, 0x9A, 0xF2, 0xF3, 0xA8, 0xE7, 0xC7, 0x2C, 0x2E, 0x2A, 0x63, 0xC8, 0x71, 
  0xA7, 0x6E, 0x72, 0xD6, 0x50, 0x87, 0x79, 0x9C, 0xAD, 0x27, 0xDE, 0x5F, 0x10, 0xE7, 0x91, 0xD7, 
  0x3C, 0xCD, 0x5F, 0xA5, 0xC6, 0xE8, 0xA3, 0x85, 0xAE, 0xBD, 0xEE, 0x07, 0xCA, 0x36, 0x7A, 0x0B, 
  0x2E, 0x67, 0x0F, 0x47, 0xAB, 0xE5, 0x9D, 0xCD, 0xB5, 0xAC, 0x48, 0x2E, 0x3B, 0x79, 0x6D, 0x37, 
  0x53, 0x8E, 0x98, 0xD8, 0x2D, 0x11, 0xB7, 0xB0, 0x4D, 0xD7, 0x51, 0xBE, 0xD5, 0xC5, 0xD8, 0xE3, 
  0x8D, 0x72, 0x2E, 0x04, 0x37, 0x19, 0xAF, 0x83, 0x79, 0xC7, 0xF4, 0x8A, 0xAA, 0xBD, 0x51, 0x8D, 
  0xD5, 0xD6, 0x3B, 0xAB, 0x80, 0x68, 0xDF, 0x60, 0xD7, 0xDF, 0xED, 0x65, 0x68, 0xA5, 0xE8, 0xFD, 
  0x0D, 0x0B, 0x7A, 0xDA, 0x93, 0xA4, 0x46, 0xD3, 0x90, 0xEE, 0xF7, 0xBA, 0xE5, 0xB5, 0xD7, 0xA4, 
  0xBA, 0x78, 0xBF, 0x02, 0xE8, 0x18, 0x25, 0xE7, 0x4F, 0xEF, 0x2D, 0xCD, 0x5B, 0x24, 0x8C, 0xF4, 
  0x01, 0x96, 0x7A, 0x9F, 0x22, 0xA1, 0xFC, 0xD3, 0x5B, 0x94, 0x5D, 0x1E, 0xCB, 0xAD, 0xAD, 0x75, 
  0x86, 0xBB, 0x5F, 0xCC, 0xFD, 0xF3, 0x5A, 0x35, 0xFD, 0x27, 0x17, 0xEA, 0x28, 0x1B, 0x73, 0xAA, 
  0xF6, 0xF2, 0x1E, 0xFD, 0xCA, 0x7C, 0xD1, 0x93, 0x2E, 0x57, 0x0D, 0x29, 0x67, 0x93, 0x78, 0x8C, 
  0xEC, 0x6B, 0xA3, 0x91, 0x9B, 0x32, 0x5A, 0x74, 0x00, 0xA4, 0xB9, 0x8C, 0x2B, 0x20, 0x74, 0xC9, 
  0x19, 0xC7, 0x9D, 0x57, 0x2A, 0x99, 0x1B, 0x26, 0x7B, 0x62, 0x37, 0x6D, 0xCD, 0xB9, 0x2B, 0x55, 
  0x13, 0xE4, 0x7D, 0x3B, 0x1D, 0x30, 0xB3, 0xAC, 0x2F, 0xCD, 0x6F, 0x2B, 0x5D, 0x6D, 0x2E, 0x33, 
  0x72, 0xB5, 0x96, 0x9A, 0xD2, 0x36, 0x34, 0x0D, 0x50, 0xD9, 0x7A, 0xDF, 0x71, 0x59, 0x8C, 0x58, 
  0x0C, 0xF6, 0xA1, 0xCC, 0xi­Xª­ÃÙ1çäé¢ýšdK„;•§U¨¸‰¤8èÊÚ"5&OêžÄò¥„îSæN3 GéîøPö ƒµß ·ùòX.BÊÓVîdc¡Z•²kÅ‰+ùD÷Êl îøØDc­eæJœt!ÌÆŽ—¥°pëûù`ß]éÏOªJ$Â 7{ÊQøTJVhª7WXöjzcrxZÅzGëÇhé-Ù5´÷šFQ§+yŒ%Úñk¹¶ b†SÁJm€È$øÔTïs•åþYrD{Dð˜ ÜœŸTÈ‰wÀU~¨·oíÚErº2…¹}0ÃÝÝú©)KÖ° •³î°×â£S ”Ó–f.Jéo?¬c¥î
ãV;ú÷JS²âƒÔ’cq•eý…aVæŸðOU¾ÿÏÓÔ^#XÎž¼&°¿6Œ9¼shrî>µïÇlæ»A	©ý‘k|Ù¥/(Œ”¿9`ÿÌ,½I¨…¾PSšôÞÜÀ&e `n*nªåöƒ»d…·œ›uú×µèi·ý¤ÜJ Üºf¹íP®ò'î<›/,
%´ˆQJªË]RÂ Ig‚’¨±
¡ZP˜…61º6ÍÒÂ!s'Iû,lKWvªÇ}²”+’Å×T°Á²v^6×–ò8ž^¤™«?Â)ÜQ±T‹íQ–A:Ww@©vÙb_)e~u¯ªc03æ˜Ô´ŽÍ¤„ÌV¨@±#»XEàËÞQ¹#$“_k£+ ‹“Ï‹êii “ƒ
æˆÿØ`æñÄTd?zËWû\M£ÁnÄ÷Üê'6ÖÅŠ §C0ê‹È(c›úH­ïå^PÌë3Ù3\ûvÿ›ûeTì	ÌÛ9”;õTýc	©tòŸQŽ¯á=‘ù;O~Îñ"Ï?ã%8Yÿå«ü5ŸVšãƒ®vŒ¦n-Ë^”ÄøÝ?Ž tWì‘&í>Æð –ÆZ³Ë¬o¦½)i+R²qÀFçÔ‘ºÿ{m©‡ ç³ýá™ØYXÈòÛÛsgfÅ¼›T§Êt&¡•ä<X¹»Ý:1‚¶%M‹/j™Ù'ßh"$sÆdÕyå·C¤ý¶?/»dQ$u„ZõjG/`i"69ËS~Úý%iß÷Þð0“"óz¨âÃjÓ ¹÷ó©"5ê…Ü!—êM¿DÑ¨ÕûÎœAá£JµÊ¨êˆèQ#PSû©x‹:{«ÚÀN²±YnÌ»Ø s[pù	âBØŽä®CL\ý£ùòÎoYPÀ‹LªÑfbËPšÌ¸/FsX²?©iÕqz
XÙ0þ*ˆ<ÎzSlxkÑÃ¥ÞÛ4ù£Ê_÷Áåèà¼‚…ù‡¹0ÿé„ŠILÅ$Uê¬¡:]ÃAu·¥·ô¼£÷¦˜¥½ÇÛ‹.nàü/Õ•è€ÿÄØ_œÕ´¶CL2˜<ðD}†f®è”ÞKëT)Þ@`C¥ÙtÛ–·ÿj–”Þ¹ÈPñžŽ?ÕºÕ?üå¶ !dõ]ÊdRw€áð§¯"·žË/²c.zZmz˜\kA<6!±§H>€!+Uo?ú"$x˜;+²¾ùöenNÓQ ~Â¿gçsÒìÐÌ¢ÝGá?ˆÕãnÌ©<}+gˆ%J|†¶¿Öe?ÄÖâVànž)«àO0‹J¦Á4Ï4]âÀ¥1^ËFD#Ü \ ÈñR}y&%ÛÈ‹O|”íT#Ön*Õ÷/,¦þQ3û,ýžèö”Ó;„/,a‹D‡L½eµsiÓÇþI¢¹Úü´½]lØÒ2Š<OÛû¸ƒÊQüø½Œ–ûrs‚Ó°UuxÁ7î¶Ã{)ç.úŠLBNûIk¡­²ðrtÿ‚ju2µÆü¢ZŒžÑÞ¤Z”_¡¿`{,1•*çãwU½&úy”_(PÄeåT¼ÒUàI·ÝŒ+ò•+ñißÌÛyUNËøUx7:XƒÔ=üm#^U~	$o…ÿÈlp"X24Â{–caÑœD-³õŠö	-Þ€¼ü{›d,]´Õg\`\X+“,>¥f,½_ŠEf/n¸ÐAæ4µ(w­Õ–ÜÒ,šÎÚ\A`ˆ‹CÏáÇ_Ð´E"¢-=¶S"'É£g—~–(¢¡Ÿ4‰Eeù"ä’î…YtŒ“jøknrRÝÅêº(ƒ#ÉôGøŸ:›5©ŒßWñináüG¿©ð¼ É¥‡ Wî¡+<9d ¯–öl¼„ØÕä—ŸõÏv³íLél®1ˆ¢Åg™—jL`l3˜ý Á÷ûú¼dãu}Vø"pIhX5OR({Å~·	¼¨GN8@³@jÇ€žªw™Jz8:^ˆ½‡ÈeÎu1¬Ö§J»UØØƒdÝ{èTð+¾érk¹“Á¹ÚLc†]D¥·§AŠ„½TÅÇjŒ‹ä †ÌëÜÌÖ¤­3fËlt¼¶È¯¶zi:*Õf—À`<*5o/¤;»®dK qº2ršòÃu2ŸLNþQ%æ¥fYIÒË„W½\·ly#z%ÏØ‡ÐD¯õv_²ÿ0dÖPy!DÊÏÌ„öÌ§ø ,]Â¨ø’«Ú5Â®^ª³hü0RÀ²?MŒú+R	îšçëP™×ûÕ JPt /T×bc±C¸™êfe‡÷
Ê(B>6U¨É<™ÇA-pbvøhÁ@ìšù_…¤Sbg	E/D&%VÏ­¹?hµ¥IO(dÖ‚ÜoxuxŠˆÝR Î¶¯Mð@“êîg‹U—¿
aNÔì‹‹îW0q<m€@óýßCXJÑš.~0igÛb†š­+ãd«Œ
_ñ¡FÞÑpà^êÊ:òîû_ÈÁVÞy‡'ÌMOTî|†clãSå¦‘[ °ŽfãE‹ËðQD¨¨|1ˆ`iª€¦ JNÔ’CÆkŒŠõJ$´ÉD¥¶˜¦²a,Ï”»Ø¯¥«Xr~ ""%y«ä²çs_Ÿ9t‹ÍHºÄáQŠè_!rí×Ü`ôwÿó"ÂTù*[« ¥w%ŠeáŸ†g ©9aK<¢ÿœMYßÇq­_\±žñöe	ø%‹vƒ]ÁÐô{ç!kC¯£<}™A:ÐðáçÄ\Q&ÊH~†3QîÔ÷ ˜Ì	(> «¼Ä²úÎî¹ÈZ(ê&Ö45©Ç˜Ó_n5	ý$zîˆ	Ú¦îÆaL‹‹œ,˜ÔGé-Ú÷6BJK%¡–©ë>v.è`NTÜ“|v EêPT“žÉÆSáyI¨ÔM!dÕë¹O\2õÌ}¼¡‹Öæltšg©G°¾Ð„äuˆÏ0 …Š"8Q¤Ç>[¡3Œ¼¤÷8÷P¢.«v8jžDøç“OøþÎ¶Pr“M’°:ñNÒ§¥ë^!LRÒ>#966ñÞøŒ«S7Ý<¨Õ­*Þ-Ð!éÿ“ÅRŠ ˆ{•°ÃÃµîH¤< Ä>šýßß _›!rXPµæ‹”ÿÁb2¶–WPáïˆÄÎy9Y’Û¬_x›|:VöÜc×;Óqm¯ˆ¯ýÄ2VU¸(YäK”q÷+-À•6Mé¯(Ö(&ì;£¯ÔË‡…s0‹Èk^*´âö{äß	cÐ¶øð¦ù1ër¬Æ#zâ7¿’Â¸îw­ÈJ½ÉM¨—IN!¸Ef—”çŽ×sÏ<hÑ{ â Ì×Ï¢LÕB1ìÃ"è$70c–
fwv!8”ƒ`–é¡¬E‘è>i…b¶\j-¿Ì/>¥B‰DvS5{ÙzŒË^ ¦Ícêqv„D~ô¡ëÉzÖ5Ãj©&E4ÐÅ¤ßwòÊÝ¢Œ'…W[fNCº3žD@]xñˆNtò€üDhôiÎÕW·ëw0Êé‰*ºÌÙÝ¢3¿ÞŽ,Dr›Qµ*×c†±(¨Íúæò2ÙnIöQ€…‡CŠü}{ÄMAËAÛ)ZW‹Pè'¦WôwÐ±Êæ¤é|‡^¶eÌûÀVï¥Pú(ÐäLÀDõl¾±ã‚Ê¶ÓhS¥‘æ„#ì1ÆÂVYAÙéLÈ‰—b·BçšG#óÂÆ…Äë•
1¼Ó9o‚ÃV0…?‡›W{œŠ{§ë}¬Cni™@*:ÂÎf“”½æo­H÷cÊt&lr³¨\aCjöÁRž”¸ý@!U§Æ=¾uäÛzÊ™Ñ³µK¸Ëlº)µÿW¾8¬ý\Í‚Žü²3Œš¬?‘yo¿°g‰jQŽQÆZƒ²	¹–k‹.c…z9)NNÊ‚NçÛnîýyêOÝ©ØŒÜªP]/vM¸ú>H,ÂhîÉ(B@„iê›¼¥ié–®Ú‡”·]Þ½‹<×þSž>æ|Í‰/#ßöBµ(º¹-Ïã<‡D´EÃÚ©ê§˜ãã÷¬o—g€Úƒò¼.l·ŠºR$ÏdqÑÒ¢¥ÝÂ$—Á÷?É½yJ?žÉ¶+µ †o_£…¿ÞPßV>y£g²´¬n§²ß'iÇkÔÐi'F5ˆÓ>Š÷½eã:[±6Í¦
°.­íCÿnGâpq|El?i
°Öb	@ÑÀ’õP$KwY:¢x€/Æ{¿5Å|ä[”%åzªš.»Ü%Z÷S-LÂIíBÝ7¡‘ù*}o:§3ël<ªeõD8b äÞÖ7/
ðôkÝfÞ™ºôÖéÝSCw?÷õj*Óç'sÑ2ô¸g¶ƒ´xŽ±;lA±#ö(¯J–Ù_N/ï’ªá Bäx9¨ *Â%¯ƒrÅŒnE„'dÏ±;
c!Ï.¶9»uŽàþMU vU¨-ôI¿…‡B¸²+¡QÛM¡ÅãD3?è(ýië#ª´;Wól‘…€äåÁ`Ø"ý¨t¶¼yYÿÑ…­ [UªÎé0öA„suXÀU2ç3–Z‚‚ÚãZ¨KôàÓ›ûKÇ–J
û¦X8J0Ïu™¬ü§"µmñ1éß¥•,Êç—«iV@Ç-ÿ·/õeÁÎéìž"ÆFXÒãY|DUµtoH–ue>ŒšæŠŸÓÚ1V²F:?qF_¥âk1L[Ðhƒü:û7Ò@ºÍEå¿±€§·ì	f¦¹;æ*2¬!juI mèè	Íñ:ŠùŽØÓÙ“Ã"_DÄ·°Ó2)u¸Œóøß›¡†"¶¼Èµüšš†÷›ðtRK}©ònÆ‚ %ÇŸ PE/²8!&´°n”‹PÜg¥–©—”&àÖLYÅßM3úAw-ó'×Àn+	äõû‚Ñg©~Y±ãµ×ûHP¬U‹OµþD0Îg\	†
ËfÓú9¬Ð†Ik9JK	U0+Káü/WPŒÅŸ¢Þ#³´&øqœjÄ:£øî¢`$ë¼qŠ=çòBÅ9—îRY”l¤>§ÓÚq/E ïf²5Î¬ïºo×V*H­€LRÊ7½ìj¼Mip7æ÷b…ŠÕlÿOð[ÇmÃcÄß‹˜-©®ÜÙì*PÄ^ÆdVíCö.‹av‹ùâÈ\ašžßAmi"ß»š„^¥á¢xÚ+RÛì§‡–h_M”­3ˆÁ§kã½ù (ÿÃæ:F›¼4ö9ä]½÷bŸ© ±›[B¤2ö<­:Õ’e=ó®ª—½µî¸—mº‘Õ·7/¼ÆVO"Kºe˜'pêS‰ oý+¤€qDÃKZT$ÚÜÃ¬W]º£àAPJØLòø>ü¼t5(Z=ß›ÅJ
®Èü„QÖ•ÌËºl‚ªËQ\x¼þ¯Y§èó^¬u;l]Á­ô}it{ç,@N4³‰+ß€ë)DÀO3Œ‚GÞR‹Üfðc‚ˆYU%ƒèÔÞÆ6yøQ¯~S $f=&V;ì:‰Â‹/ƒ¿Ã/H€ðWÙ½öf­©§ûa@¨ªe783ZÌ¨¼ÓXq$Iç 4¦a‘˜šJiï«‘©ÒÕ ñky¹†UBé]%öR·z2þ8	+Ým¬O™·‚e4bd}#Íùº'z_t¿‚$–™ü×iš¹þ$²EÖƒ …\ IO}ûVwò.ö©¸ÆÌŠ¨®;påqû˜÷”:)Nl²ô¶»ÿuwG£xHñ^‚tÒÙcÏ%…êÿÞÌ™å
Ž¸ÛýPK‰wbÝ¦50±ÑŽú@ª—Ñà'¸Á]¥´  ÍÆUãïè)¡TQ¤ézÉ(WÑš‡^}q~ö-Wè "wYÓå•…NÌ=ÕÒ÷Òu Š•–ñij".ûc¿/²á¶–0ª 0â³£´f.á_B”\õ -7ö}îM…ë½Ð¦FìÖf‰¥ÁUÞìe*ç%ôÑËþíéâu*iÜ(˜ø!Ô‹JE¿—üuÝÅ¥EÙ9õšðÑBïÒ@¹DÅ`ŒúÌqÃ&cEÝB¢Öñ¢m¿3Èð†°°¥ž„:Êhy¼˜­‰‰qä:0ØIÒg3@ðl*ÿ¯’ßàŽPü¬·3©Âö/ãÇ&Sô‰}3{Û%ð—+eÃ[EÁv+rI_î‰–‚Ö9Ì¢)
ËŒZ^Ä¹<B½%¼È…'7~„©E´  ˆÅR¶ø¾ûp*Ñ«Ë´€C3Åvzµ]2†–©o‡¹:_¡ËÇ-œ½0$¤ûh*×|ÜÇÈäTH·©±EqóhŠ•‹”,}0²ræ½Û§6rOt¾;›³¸«÷äTí'”ø¤Dá°ÐkíŠn#¿{L“º Ž*è–m¤ÝºX|ƒ$ÈFšœÈ|¼îÙÌÞÚñ}Æ;E•)ð‹äõgð}x¿Ž
^¸œF§Ú”Q½uM‚ïÿBÎ†Ì€+ÜQ{,Ml9MNSûa«¼ˆñ¯~z_Z¤ä]šºÐ­\áñHÓ3}ÞC½™û„èÞÎ^SÅôê’»œ 5å,MDdn‚Û—“òE˜QÒ4¬&u¬²Q™ë¯	g(¥¹ÆRþogFÄ–õ÷Ae‹ˆ‡“ý½f³¾–ºeR—pY¤S™«àíÉ(3þ”,dkÒµ•ñrüdY‚ÍFêTÄ?„#¨ô*úÎ¯à°p~]ròíˆánÚùÑîã´ä<;"7îa/aILBÈÿ[U²ÝÞyeËæ¢TYˆ£™ÙFÐ%\SV%N@Ë]EŸs°</º£XUgûˆGT(é…È¬qµ
|}yƒ"ˆ
¢‹^°b'þ„PÞOfåÃ‚½ŠŸ~FÝ£XIÈŠ?;¯ˆ~¿“Tê(2€HNPßÒ4Ðdï 9Ù»£”`,¸ŽA IâDmìEz&[ÅJ¸Æ@òépW÷é©~¢]^–M0CrÂð—YÙ„žÉ÷å•ßéZ„ïµ ³7" @ˆK§°€	þ=Ø+¾MÜ¡%	ó€74©Az"âŸ8^I¹îøÉÜ_¾Š´¿ýËgœä^Öå¢ºÞ¡tWCDÏ\¾[A…Ó Ö&4’.Vañ »CöÓö‹x
–µ~3‘=½¸Ñ‘b4êrá—_§Ç¿ýã|ÞccOôˆ•õ'9“æ@éÀ!˜êWê³$âKh1‰®«û‹{¤÷‰†Nƒá9ÂÞ¡—,~mpë0b8Ž5uáL¬¾5ÿ—ŠÎ€³r¡#²q1Ø˜ˆ°•Plûƒ"‰
-S3Þ¯åŸË\‹/«3ÃáBµcCû”[ô_Ór‹¾rO9²¹†X¿1†Ká;ýÌe¿£Êi›m <·FðxhÿÌCygZ’GÉöA^ pœÒ)É¦”Â‚nžºâ‰IÄ1Àx\ï³Ãj'ìfDUGt9Ðe\ª©ô-Ð înèÇýUU)Õ	¤[ø•)ÝÇ„`7@5‰¥•Uw`™—×“¿ä.šÊM¾	”_ÊƒTX8ã@áµoá9×‹NsxñÌf€™°KùÔ~°pÁ81YÛƒ]Ÿ¡+ ëâH ³8ÇÍ0b               7|AúC‘Ë¶IÓÂÖuä²zÏÁÃh}oAÏ¦ê/¹¿Öhh½ßãÓ¯§Ây{eCÎIze‰hð
	sÅBÇC)ë¹nº©ÜbÒ"Á£m?Ä´:-ò´Ksª@Žˆ –ÔÂóeÆ=ù`nBUxj[ÊA´$åñdP¦é¿3Îb&<hh”¥ïŠ²XpJïí7…²®Þ?ôI™>8Üt¥Ø§/½yÃ‘ÜQ÷ø1¡tW+Åmí¼--	œ\¥šÔ¤B
`É’µé½/p—Õ‹ˆ-ÿƒ4˜$Ñ²æxfÞ¦ã—}9¡$*µ-²U¡gk‰ô;FŒ…i/ûAç£v.¼¹ x˜%üø2«²»²tP
Ÿ	ÿ¡”9°:I<tqnõs—0HøJõ6Þú‰.·£C`½Þ)“·ì„¿#ÀÑgSd0Ž¬Žš\Î;MÅø` Ÿ$;ë˜uàS-ÉUoýr6?Ï*Òº—ÃÒêëdh”R`w2vâZ¸z:86ª• z!a4ìšcç˜GTzùŠ´«Vr¿¶1²¤
Z¡¥ÂŽêÎå%]Û¼ÁsDOÌi²E|r0?ä×èë÷ŠšfCYAÔç²CélàÊß3€	Œf3dœÝÊsõúR{¶º_hA÷5®l³LÑö¾ŸˆUÎ±Ã•Ö¿¡—é2Ö‹8‚¼¼aÐq”øizxÓ²è›¸ñot˜5¨(œ©"Î®Ìž0š¯É”Ú3U•Lp¨Ø¥øÿyEŸ™rã	Áù·­½lÞMë-½N	!Ç5eù"ÉlÒØüX¯¼°éa.Ö%ýW»ÿíóäøp5·koVN²*Yåçìª I
ò¾ìÑI¡A›R‰ÐÓÕÇÑ¼Äu¥6©Y(EOÐ|Ø{Ì	o·–&ð}dµW·M¹ºò,]Žâ¾ÐÄ`5éÀqßœ×JfCbçûøÝˆÌ^6ú’kÆÐ9çå¡G9p'më‡¨ h5NÇŽ¯Ý$î°BàWAh¿Vuzƒ7Ñ¡Ëù‡_ÓG°mÞ•¹YÐ†9*a™ëq× {ëÊpL–°£W¯¥O}Õ?ÔxãôÝy´`-SRYïÔ¦ÀùòÓë:)r§­šRyïAQâ°b•4ã™¶‡BýºMx—¹šh´Åø30Îâ'²8B¯àèš»%ãÑ™Òj˜i JmzèìI]ÒàyèíÔ•ûºÏŸÝHzÎ°¶Ä{RiÜÅBl‡¸ºK&DNŽ~T;~NÃ2‚+±÷uý9“µbölD4æç› Š*°aÆþé@j6nQ&ÖÐº‘¤b=p®,r)™ä:$±ßæ3"8ÊR°“fàõË~sÖàl‡”m,–,“¸‹­€è’ˆx5GtÈ¡_UÓË€êQ›[F—y¿höö[´ÊS'<äš§.Nï8f$Ð€çÃÃÅP•ª ›l hµ`{[YŒØAD=#)ÌêQŠ­šñûŠ“Ó×u¢Þ± ¥'RU{PuðÎä‘ZÚ
ÎõÍ+D{ô¶<VOT.Dj‹ß%ôøSŸP`œ	k—¢xfœì7î®9 Ì]-j·¨Â›%V¡­ì?"!Ðø‘Žg»r_Ïß’DwHã™š#Pcœ³~q¹K@Ä½‰"ãöœÞ%ìXçŽµÂÎ?­Ê*]3Û€b¦Ž5N! ôd 7uô'Óµ¶ßüÀæ.'D>Û‹Éé%§7»\ŸßYM.2‚+E×'HAVsü((›ÈÇ˜¼¤!.Jþµ4WÉÙ“îˆ¸t‡ä‡W)b„ë‚²òù“\±•þ·@6‰ªNïeM,›}+¯q‰´ª/*¾¨ÂÇ×|±ÑÓ„	›Ëooð·ùAô€Èw¹~[sšKñ—%rÒ…¨pVºQö–Ã,s„0´„L¯Âö#ŒÓ—>vX…ˆàéú'ŠÄdOY3ï‘Óö23ƒÂ4J‘4Ml‰þ„Ô3¶«Áï²¨êC. PqObžšð~cìQÁÑ¹±5ÀQEt,ì²úÿÑ
÷þõ0Þ	âöKI€Ÿ'H9'UQ9;š÷Ú$ÀN²™LF'þášû¤FðöAô %fã^]Ï¸¦Þ*ïŠ®}`>"ß×lw›ðÜØb…çtY{Ä2"$òü»e¬†Q¯Q@U2úsØy¯± %®5¶k‹ëÓÅWß *ÓO^÷¹W!èÑ‚{ÀÅÜ¼õ0KkÂ‹Á=àB½
Û`p‚ƒ&%åP²Qÿ¬*sagAØ%CÅ2õHÃGn4¸´ÓŽhg¡µ
ðÈß—äHNãz·:m[·VÀêmæï˜“¬ ilöcH®w³Â#%ª"Ø´¶éù*Ãùúßt{+ùœ‰ÿÐ+}Zµ;ÑpL†,¯pˆPmŽ¬éŠÿ=­½òI¹TˆíÓ¹¨-ÕOýž…ìïòYEÌe·Ü½ío9/gbÝÊÞ÷‘Nk'ÏØj:2‡ÿJy³nVùåþ¹–Ñ¸^—@*áÌyqªj ZOÿ‹k=$¯(f1¹æ#6'•eºÑ9›’Ê«*,Ý(MU2L^#%;ÑŠíe!;;eû%8ŽY15)-¼a.Ç¨MM¯„Ö‚MfWy”¸ñŸêYéÂj±½M=RýûdÇ³;w5!àaXê/Ë0|éT/ôhP4Ò˜ÓŒï¸².0\êÀ™7_«Àþ«XªËpÜEfÖšFÈ85®ýcâŠÝ©LÆÕ¯p0Ö"Ã=+ŽOoæj¤¢†ƒ`o+Nšõº<Ëðûg%ÓðòO4ˆ¸]m!l‘Aa1EÒqUAöªH×‰£LI'd#j»kà¥²Ä’þ‰XÕÇí(¹Ÿ;>Ô‘T73ˆ®ß¸ç0ÿmuÒðSlÎq†,ŒuW5uBNä«Ò~NxºÖÇ¼í*`‰¸ôÇÞ+r’7¢Xð²;í	ó¹R^ã)Csfç?ž‘Ò4þÜ5¾„ÑÈtU>eY“þ^Ìµ€±¢â9ê1Í[
¨ÈhˆQþî§>	5Êç] ¶&‹ñÊ4ë_»eËyù&^Í¡Z­„ÇyË÷(´ð$tz¤à¡'êYiXì4sHÍ ÃMÏ½^TîˆŽßõqãÝN¿aÛoé‚)‹n‰½•Ùãu^Þ¹‰ñÓ&NœŒCá®M]ÇÞÔ•ýÔÐ¢ž{1cáŸR·Ç%øhÒA¹-A½D ESZmÿDï îBÚ»rýÇØRS1S%h78³þSÌ—±A„J¡æfÎð"ßÍ¤=~rƒ½˜ñŽ®qÑµ)L!Ý/¤Ú"F2öÝö.l›V[$çÄ}%]eÄÿýªnèöõ¤ªµ‹2$sŸwËÚ=ý‚ýarŽŸs`oç» ¶ùöþj„»>Jìä/ÿÚ_ÉÍ¸£Yy%3À«éÒ±±2P<@,p·‰ÙWkcÌ­hÚT½ªêšzØOÊa¾Þ	+H@oªY2jÊ}1n]SÉ¿#½åf¼§nµEnØü@ î¤hé‡ä…R˜Ê Y]!2Lä[…›e}#b„OàóªA+Ë<EÑë±[M¡˜lÄï£ÖOr"ÏûëÍ+LÓšÒÊ¼‘3€KE\Ní:¹WÒÄÒƒŠú*Kv±”8©þefvÂÚaˆmt§òŒn*ŠÜd]báÎ¦à~e3ä.5E«Mè‘ƒx-$Á~ª·åzã"·§V­SÑÿc"íÐæéÔ¿)ú`†¹f+;ž¬äû¨zó1†ìhœÉ6Ýãž@Â”È./ï™òù)g Eu1Mõ¨ú‹^FÝ»»ê’Ïb©”/ÿ¢ÔÜ\°GŒp#’÷&S"u)’Œ/ª„E_Û€(r}`ä¯o7ÁÓ¢Ž·áiÅ¨¶wÉþš}HïY§{¡6£ZÏVë0ÇN‚kÌ>:‡Æ§ó¾œéK#Uêô7„Ï±W“hz A¬ÑÐ_<³Ÿ *A67_H…!L§Aþ‰&- ,˜_53_éëÂfJQÂÒFÛãvë¥¤õm$OxPá|«ëA©'>ffŸäñÈs +p$Ç¸ùø/\qÍXi^ÞŸÕ˜ªœø_¤4®ÊÚÕRóhÝçµ5t4íFŽ¢%«¦fš²tÓïˆÊ›‰´ïª°Ðw”’¿eÒï_ÛqGPIÉf–_“¥´³¤YÔ\è,ò&†­Ç-‘È[ &˜FŸs7• pÛ{…îaxØîF)Pjqþ©ÆïÄjçXZÖ›Ö¿¯Ò6G q‘6$"hf‹­Ê®jõ@Ö>÷ÿf“7\á3®.úJlwï_aZX¾AÛ«òJÑžímQ¯É0¬ÆMh  ø‰ëQÆ\Ø5¶oÛ*m¯7ßüìžišüšÓIAÆ¬(¹28 ô¶"èÉ:E¥Ž£§ó™Â"È‘0çj[ldtùÍZwÿ (ã²P§fF™]¼IäÌWY@±xï´y(eßaæíQkñB4s7àh:¼	Üqsµa"Zl´‘ñÕš p”»ÒøÛù=€p.ƒ}aù7™×Œ<gð3oÄ·¶ë¦‘iM;!„ó‡d˜mtFÏ1>³uÌ„Þ•´†ZU!,Kä®¹Ø,²iºÞqž`¸•ž‘y!æ{•®è}Xyœ”?ÉßŽ @nÈÂ7:ãS£X¢ÿœV¸H=øþUoÏ	^õã:xd+c	)©ñl¥¦lw£4ÏŠ±’û;íGÃm¾H}YJÕüÏÐ‰VnMZxÍUê²¡iüÈ(Œ#Yáðßiv6‹{CÅð1"T,HB;ÕT!„‡ta•ÈäCÆD¾Bý>´>²K o£åU¢>óõLãÒ¥ô9ïT’ÉäÏ¬ÐïäÖ&?Ú‘v, N.òn÷ß€U8üàóóhé³® ÈŠ#ú…½žGfÿÎ?¼Mþ·_(µ¶W—n­ì–V'ÐPÈ×È×?(ÉJitÿÍ'w\1(©€Ä0BXw‰q·Krå@“±\C9‰ökßÔ~¥è#r:Þ‡‰ñq„”Ýõ.Ôx–„ëkûÐBsh‘êÙ|-¸üC¿Q!8,Ìµy }Z¢d±`D` ³ÝW×[×xÞâ!>â½’4;E_V`Áˆ^ó¥boOO¸VÏôPéìÓáIúsjŠH‚''Qú$£k³EAv-Ó×A&ÒZ¹"±y¿g±EH"zEÆ·S(åêŸSôà`#óXQUhfŽ9	éF	¦3/ã’½)œÕw ’NÄ[¥Âg}É[²bÎ‹&HÑaß„Ë
hà„ñuíc’ùÓlÄžØï•
¥Bk;°²àêBÐïêÁjŽQgd9K{©†w^÷œ…µ¹Øˆ5Ù›ž/¥Ð·ß›gxÉfeÏ„Et³58~‚àV`o;­âÚ.,(Y	ÿsù2ŸîÇ­kˆü9žü²Ù~ÈM ú3ot¸£©ðóý¤Ò…úmÈFqí¿IœõÝ6J®€?D|‘o3“Â»ôŽ·í‹•ÃÿÏã’"Ã´àú’Ê•‰„#NÑýn„ði
ðã+Ö”	àâ^{G%´$ÒößÁ_gv4jÑ%/!-)þ›^J$ó Â¨†Ü-›]à3I§m¦\65~ãÎ¹#DHG¬Â+R­0X.“ävDÉ)·²?_ÑÌðõÌ~ ÖÈˆ‘–)õíÇv¯ñ—b~ç˜îøžÞœ"ã;!AÅ“ á3N“5MçåJ¸*ÙŒÎðZ[ê]#üKÒrÖâ|„ÖÂõ²½‘Åõà8&zA´×¾Ý¢Ô\ÚÛ•>HPTÜjã Ê!Ý,MÌq<lµ6X`ÜÓ#¬!DH3—wl¾b%a¾hMO×Òœrö¯÷jÍì?ô‘ çGplºÉÙ3Ž†ü!q\öT¢ÿ?jvå;úKA“ZúÛòþHTU´kËsÇ{ŸSö}ÌdU_I7¢Ä:Ò„ìT±ÐUèß¾¹8¤°]oÉ*„´Ásjö¡ŽqFR+ƒ“;\ÈW¶/éMœèÓkÑr»fŒÊ/XŒó}¼Î«‚&õr¾"2òâF2„QÉïˆÅúw2Ë__0&?E‚— õ9Ùœ5A¸2§ÕÆéè…U	9=É”7™Ù&-™(ƒ:ÝÜd%ñxô+ŽCéÏË¯þ0ÿÁ“rŠua| f¶˜
$ØÉ4[Û£ñ‹{¸68ÙSäãº¬6`D†®,WrdãÛ'™ýŸobŠCòÊQ¦5_þ´ÜV5MQ--(UOW£ˆQšBÒúò!ÝjƒÁn6©&æ ÚŸž[¹1Øs3n ¸°õ·Ú2Þ|UÉÑ„úòÃ,û°ÜÞRt=%kÇóðójãêYtîC¿…`,­¡õ}´œW×5zFH{fyn8$ï¹¦ªÝîˆ"~û?ép¿¬i\˜ó¶Î6º„“±pI[gÁº™€˜„CI0¢þÅ6ò?C6ùmEJye“cÜ(H
1F¸[dÜ{5kÞ	D”aÉj8ôj Þª ÑÞ~|À´Þ[”^Ž9sžo.h ×2©ÛGmí º©Fì!hÊR‹Å‹¥}Úž‹r— gÀúÒKIçšü"ê9‰©­PÔ ;â•æýmÜ.¦G”¹‹âéÞ©xX3n­„ÎEµå`s-{Qþæ5w#ÐYÚÆ¢°qGÓoñòîÜlÞ{‚ 0Ü0éWÊp:Øæ=Œ¯pÁŠ„¸Á·:Lß1|W¾.³ô2²ù”À¼ušiåÏœ†l³öý’š¥´×®H4HÛNÚÐÑ×€Õ˜²‚ÿšÀ(+ˆôý,=ƒ$æÑ£ö±waéßôºÊñ×	?)\ƒÑâö#®üòÜT˜V¦¯
Ì×ÿó¸Þ-³>=ÜCÏ4ž¡\«|jˆÎš¾)ãÔ~úuï›ð`ïà°èá<ç2ž•Åˆh°¬¿!õø¦ä‚Ç›ÛwªÚŒI„éÄc§ü»N@í&‡drf/©™Þí,„kçï;ûõ*0œ3T‚lèKIqgðâÆ%ðé…yh%Š™;1ž‡OiG»¤ô†˜á÷Í¡½¼/Â!c;ä¶€D°·¬[¬’QWÝÍ1˜88t9¬Ê¡Üí˜«Æß2µzwßHIEpjX§šÅá\Hö‰žq|Šef|3n[²êo‘×W	*×w~^–	.yÉ`×çÄMú	åçëÊôÈêëètâäZÁ‚ŸqðÜÃ€rT”K"µ/3¥{j`Á­ØÏ¹X©Â¼+w>Žsä¯(`c9Ú/ÃI2*cö­À<	yG“–«›QÅá ïÖ0–¡/ßägçÍù¢8@•Î¤VW¨Œ¹ªl,„Gé7*¾ý,Á»òfƒ9Ø¤‹êØät<ú“	Îßº]Áe¥â]š>%xë•Ž¼0ˆÿ)ßY–ª8ÎŒ	˜¬îÅkôs mzìÏb•^Ç´—÷¨˜ :¹§Ë›í…ô
¤ýË6£¥‰8%ã<ÕB¢s7M~<ZÞ?5áøápô³¯UkÅ‰³ßàé£‡õ\?Zày#¿w7_°$é.€#m¦¼ñÉ·wPh* kBÈÍä›U¦toŒ«C|w,<	ƒ¥×6WBöEÆx¢ü»$©syNÖ­È]5£_Yã‹ªYÎ›[L—ýt¡	½¹8+^©%:7û9ÅÄÙ
:XNG'®jPo7¨Â9É¾î3‹!²ÃýAý²9r0¬&œr›Â-ÜÆÔ¤;‚þ’m©×¸BTM—êGIstœJH‰qnêìž~ ~3ùÌ"Þ?‹GÞ$çwj!Xå#ýÂLÅ>œØpè6F¾z!7öã)õØ“NèÀ’»OÎXÏÚþÿ7ôZ…C¹šº	ù—Då)>…JCÁUvi«¶Ç‘„@X>íÝ\PUœá²YPÿ±äñâíŠU¢
Ã)64‡Í\h»mËsD‹Æ CAþŽV xUÀ@éÜSÁ[‘GÝa"™MX·kÂ³wb%Ç|2!<<ym:/3ïƒr¾é5Ä¶°ñQö7úËL¨Ùö3Ø¦e¼tw[ŽàÇ±üÞ{N„™Ðª[(±XhÏrÖ3þ†üo]„¨—Žnc@îœgÛ¸¯ÖA	),a@UÌÕòŠøe¯–dïN$„S¶GJÔ[´ó¼zÖÍ7æå	Ó»¡Lf}vZ2ãƒF’rÖD—}ý õ_Ö>&¿ÿ£nö\·†³c((ßý÷_:w+­{^ÖGaÙå«©†dŒàüW&(‹øgqžSB¼õi3ãÁZQw4ÿ2‰Ö¤™pÃY_(k”Æ÷@¼m-ÌE+½f7ô”«ÎéÒÙYyõ#¦ªnãU8z]ûvèoR¸9X“É@Ã'0Ò 	¯"O -ÉÂ

â>›¨-ê	ë×¥²¶y_H4ý|®xÑŽÂ¥AwŸ <Ç<*W(/I ÞÁ$mÒ³eõ…{QÂªemW!L¿cójm·œ)à™«{­Wè}”Üx²Vaø!jGøÕÅôüÆÒsU¯l/á™ë]%¬0z)Jk°F±å'@ŠvÆÎÐ”Uo!xZ¾},\•$¡ëëÁ‘¯r5ˆnðiu"þêfüqúê+Ÿ¼F£go®N× òÓävíšàlÔâwd‹"Æ´§Ò=]oºDŒmg¶ÛÀÁqõúÿÙXµ©wÄŠ›Ì
5~Ô)üHcˆ¶Í}†â=­Ü¾ëž»Îš±Ñœ$Ê}šÉ(è{sxÑói¦å;GäI[„Çßšâò§v>†ü[/­ÙBT¶¡ûÙjªX…)Suz»ÆÛ
Ðe]"|0>Hþó>ÀR˜Rrã°-7bÂ5gFm"Qx+ÏáY`°(P}ž¼‘dCÏ°³PúœèÌûÚ{”k	Þ›Ÿ¹±.š©Üæs<Ë“¢«EywËi¢À\Ò:¸šß_KMêP*ïœìÈÞúÒò»ÑèU1’%J.È”ˆ£ªTR&\%xÐ‡;ÂÐjJO£Âräj/²1ùØÏrï8¿yã2Â¥‹¸[66ØlÞ$™M€Ø„jÁ(X	–Tl ^Àiÿà:J×ÅGófRÃ2W|oóôéÉe±JÄÝ¶‚.ÚD¶ÊôSÇ]µzb>áe2t¤€—WËql®Œh~æ»:sÈŒCÑ
á,å<#×äŒI.Éªë*nòBþŒ¼öíÓ¼ Ši¼¬CØ|ýýõV
àˆäbuPÛ:U=÷†$Êv%ÃÌqµÉtÚŸ5r¶”HÌ0	wH»*–‰ÍÛ¡Ïs3¢üR]}ÃÐhÐ¿vò¯a§ôñ„ñR,:‚å@àÅÇj>
T²Uÿú°›C”<Ý<"ï5è¤ç~ÛÑ˜EÅj;+½$+gÌû´L‚q°Øxoq\4‹˜1˜OµN²gCW(MlEQs­n¨0Hk}`JcÆ=%Ò„St”hÃ¼,q 'äÇJÂþÌ~ÀsñšÑé4°S˜Jp ßzßCûNýö~·ôüäð¼‚ªŸ!d:,Ž¿ìØØlH8¶^ÓÞAlc¥ñÕ8––W¹õÂ÷z6lsI¯¥ÙÇŽÌ¥ØˆÒa¡CÏ“Bâ¤5³n¯+cÌa:ÁBÓ|º({9ëµ—½ú§éÃ9ÅaÖ¼&Ó®Ý)ÎkÃ÷Gì³¦£Ÿ×¨XùÒï\ZØ”ã¹â´?B!#ñ¦‡‹õµZ³5Î·JWh·ÎöÛˆ«Þ°‡iåF%÷[„æ”­-EŒ‡lÃ`,¦´h&G›fVÙ":Ÿ˜eÇ:(o'bŸW8´}5<Œ%×ø(´lŒ¡wŽ”Þ&•šùlãÆè3¬ðë³áã?í2OÌ µ`pZožWDj{‚ Ý7›rœ×÷	OH\’!ç48%$'	–EØ	P{¦€âÞß|âýÆ#ÛB½Dt|ûæÙÑ™`æ ®N$üð¤N0Ö­ èŽb´SæDÖ×¾Içá—{—ž'S^:2»#9ÀîN>~YTNS>¡‰|ôîã h!irð bG	‚dã!/oçõáò:÷ÿà³PàVu[’6TéU¨FõW`{Ì¤1™j"˜ü­5ÍGò‘Êí]¡EÊ<ô©ÛÁ¸2“dÁÌ—PÀ²,*9ÜÊæ§Ñ*25QÎ]ëÄŠ´s9œ×…LûÇÕ²ìò½X|!ÿû4ÎçäÁ~¯¥Ø¼uÌòÊ)Ü¥½ÜžžíÌbÏy‘õ¤ïX&ìáÙ?‹Vºl°ÚÔ;‹ÇrÀ=Æ	Ä”\©^0wÏxJ'±ÒK‡¥VsQì$XcrZìqr‰|«ç¦šæÖs»¹÷æ$ÙÂú¸YÓí©C°’óp›ÕÓ*;F³¶ÒVùû³Dv‚¥<ìÊœÃù@ YŒvàšM¯Î†Õ~>;ù[”„6ð±5àÒz¶‹}êkjs·(aõLEŒ—uí¨®r©'B¾’"‹õ'Þ'?4Öµ‚Ë+.scšÜÝ…#	Ý?,ØÜ.|P6ØF™:O¨mÒÔ@Ð ÂIt¹ùN,¨”ûÏóÊ ÃØ´Öáœû²¶IÎøÍþ]ìµƒe^¡Ñ¼íï9Î‘"´Å;èv†Ÿó&‹("y`™jÀÅ§±‚L6þŸT•kû­ÎlÉ‡cáU¹ÕÔSÚ´×ùˆg´9¬ÓŒŽ¡u³[^ê"Ã-‡¯6¦¸	ˆa¢+þ`³ëkÀ¥’C˜ô`§yë†ûr2¢º¾sz]šA4¤ÞÒz‚¹L²<šP„Bì€´9	²däüt3°¥¦LŒ$£1¢ŒXPm]c õ‰¹d;dðS;Ü…†>–pË€Þ	ˆóÒ6©Vö¥º5y™Å®Dã¤D¿³pêÐ)…å3A=}Ô,ü…½†>âc¯ä8j½Œ|ôB¹éMŠ@Hþ&.Ýÿ×Ë{”æ)†ñQ5ž%VSó VP»N.oã®˜*.Li\…(£@2[3´ÒgšQâr÷©qh¡yÁûSW¬”ê2ïtóg´dÐÙ#ŽìräYKîQZÛÆLÐcˆÿôCá£ØZ¶(†l
W¬þŒgtù³$±,VŸœé6I`|t8ødŽñqnml»<g¢N6Ž&2,Í¸Ù5Á¶óú•ñÜÞ¹tãÎXôÏ‡ï×2kØV%ŒÀòØ{³ÙcüÑ;“jC…Ã >+—s>j&hH7L3V.hë[Œ$ÆR?6¦’–WúLƒ
ïü_»Ód¨:õ‡-@Ú&õƒÆà3ÄrÒoïFNø¡5OÜ
ŠÚ?¬½®ªÉü!·š‰f:^½ºG ¯¥ ×ŒÃY¨ååê#2Ì³!Î×¿¨5Ñ•7Gžê€k^2NOÑ§Q„ßytK_:ÆVæùêT«4Êë6EWÁ8¶X$-w¤”<¨³ñýáŸ¾Žât¡*sýæâËs(þÐú©ÐÜP¯ÅSw€Œ5Åñ@—È2Œ¯”:	Lœë:õ’Ôû˜´Éñ—k©è›ä‘)R°Ç‡9ãGÁ ûä7>;›TVe1FSí˜šºn<¶w)æÝ›:£h›Óë¾ yáé+œn#h„ƒWqÚSŠnÜVøs|%÷‘{•.o"DR8j^,ÝJàS"3!×µÊ´,Ÿ’'J‰²ô_ŠÖíàßU äq«­DDÖ½òÔ¬×¦’*»$¸J~êà–ÁX¥ëa&ZTv¢4—42HƒÇðx‰a:`Þk#!ý‚ÎCîª²ÇáýâØ& ËOaïã†²g! ÷"[-ó»>Ë#Oy’à›gÿÙ–¢»z9†¨–üWîü»‘šw/)w*‹€‹¹Æß“Òˆñg(|g|RL©Ü0¶‚œrJÈ%è²<f`PˆÖ¸ÙuéE^0Búˆ›P*!XpOb}i§ú=ÉË !k’ô{´¹MZðŒ,Ø~›ïâ Û	ð,Œ`¸’@yÝô6	} õ¹­ªGðÌJ¤Ó:r;"”ÒÁÚ÷¼áÞÕ•ÿú!1§v‘©.ò„ë"Ù:'¤’4ÓÓÿq÷'•“q‹}ûië‹„VÅáî»ëwPLÙ¾¹¥­yµK€åX{Ú
óÕw+†‰ÁË¼™…²§EïAª°¼Clýæ*µMå•ÙxÚßéi0+ôû]n%àª±7åÝ«®ÈlVÏošbêO@LÉÌowŸä­„Jeo;+È˜÷e·'`UFÕ[6¦K¹€©úQÉë”ew„uSWZ	…„ØT•¹®B¬åéµ ^@ç‹õ÷¢ÍäóuÎOÆ|WÑ¥G¸Äí‹EÜû@‚S3øôsž¶k—ïjúÚ-V·XNpöÓ¶LÆÓ€£{S9Ñ:æ5ýík‘.Éøü$t|ˆ²ôh©šÕ÷Ç5¢Ÿ’·nº ÕM·ó}g os<uŠ½óÞs9y¼,|?v‡3(Kü ï‹>‘û¯û®ïzÆð¤‰ M‹#–!–Êê{ °"î`I~ÿíIHÂØ•Ð/*}•ë9×À/òyŽ‚0Ö¼Àúÿä¿Áš}¼ù+Jú&²irÅœø–Æ6d
Þ•|ë7p…ˆ$ãzòdGøÈJ#†åÇ˜©V/=VƒüçÉwJÅæ÷‰_¢ÊHî2(á\ôéžyƒˆÛIì%\«j<»j1·µ¯\2„Yñ¯¢ñlò§ ´!­~÷±pVªuü¨5úÜP”–|0)^×¯£|si+pp†]ëj$}ëBÍ3¡ŽAŠÏâ4ó¥×`LªëüË¢y@N<B?ïg°Š¢(wÖ (<[-Z$J;ÐÇÄÄ‡¶PÑ¤<á‹ÆåqUíÙ/í*Ý1*ÌÝxH=Å%õ‡$2N6©¹=hÌhTr<‰·±.*èúkL:'År2ÜŸÆeâ"¸QV¹ïß¡!8(*ê¦ÎTµÐK¼
¾ñû½oÇø0YŒ U4ƒåŠŽOîÄR¢hÏúŽßoxÿÂ#4õQ\QÚuIæ´\fØ5£s–ÈÌ¨·møÞ;k_¯½õSKan[£NèJ¼Ü3û¼8/Nš!sõþOzîBÒ‚3M#G¹Ñ Åßº©®øàhêºÉtã­Âw,¥ì±øµ0G`ˆ–(Aœ}Dõ+y?Ø®¶”¸¤  râj|•Á|½+Û \+þUm£Á´‹ñ“ž¶bF\Ül'¶^k—©®"¯G’pM\M¹Ã¤=fÂ·ñ%p8]aÇ3Øc!a1övý@^rì·U^l[ãÁ>fŽbÂE8ÈÊN@·~€TÔQä¢è!Ã—|²%ò†Å×‹mW–}&¼Ö÷8íŠEChøW31uíõ\ã´½Ž¦,ã’DÜátÔô¸æÏÜÂw…Òã‚ø±Õù}žÒ6V$ótÏ™”#Ì¡‚
‹²¦ôx		3†ùÕ~µý¦[g*¼ÿ;j&$Ì¸¢.È£eq½´Ô“!pW5ôqìƒýL0µÛrEEê$M…|åŽ	6”òÎe[/'ö —ZúVgÆù¤zzL’·ÔY›¿ƒäirj/: /â9“ŸñÉƒÔ,ÑäîÖ”¸îŸ7ò½¯±D_DÐ6IŠÍ5(G¯|J/#~àâyÆhßaoäø7S5|	ë—$¸)™Ý<híÁ£²ö¯zj"q4ú~Ÿzþtêä•æ8¾.KùïK˜€ròg²znU´¯r]¬8Ã¢õÇ¼ÅÙ =XSWæOy+€ß:RL æ9ásÓpËç»â|—ôsëO‡éÏéÝL>Ë8¿]‹¾Æ—®ÿ9%·´55‰”Ùá4A1wÛÕ¿O‚CÉ{ÀCjÂ+O¤]Ñ0UÜ°œ bÛ}è‹‚¥Nêˆn#¡üˆlŽÙ‰Ö”´'Û}Wø¸·‹LŒjƒfë2~tvÕpP9QƒX$~9<ÇKY_Á!¡T“œ”*Ö˜ ™,C=Ee=Ìb/ ÆóVv®iÖ—x&Ù $š	èÁåéyG,Äõ±ü.5×d]Ã$¼‰NIC/D¼~©NF–‡ë²=zý{ }oýgýIýqs/×Ðî›¯`ôèA¹°	¼(òH¶	w^[•“šX´4Y+já!Mxï§ÃŒüWyÆ&5_±nefdŸ´j§!Û ŽÑ¿¢É5}‘¨Å›#ü8µ‰³Ž–y'ÃàÊ7Ã­«¿Bþ rú¬\ð¨p<}ÚÎ=`zÑëõ¦7kiTVîñ<•´êÞYˆ“>µJ?»¼DçèU@[_—®+&†}oø@¿ÖØjàˆ:‰ ,ÿZ+/ƒÌ)f–S8K}éy–Ó–Yºa4n³ó3£h‡÷Ÿ#„VûÅõ7a·í<‡nPL@„ô±
j¨Åû‘PÐ€W¢l'Ðv{)ØäÙôµ¬•þ ìÛ(«ÑÕœÐ¯ˆø¶‘þ%=¶Vñ™Zöôr¡Wà7sÆlœ"“€³ÞIóÐ!Z$—dVm/q Bæ3fŠ,§Ãvå	Jöþ¬;³W¨_i!ô³Ò­Gzßº7Ê»kÞ>tgxºÌ, 7žï'ûh“?“°u*›é7L†8¿WiU¬24afÛJÕ¶¥¡{ÜÐ{$ó€©—ŽBX¾SjÈDÀ™•Å]¿Nf×‡Ùo¡÷O¨Úƒ<Ú—N1•þv¹Ðp÷ˆ´ÚÁyO¶²>D«´—Ž]jR»$”o9›u·Tÿ<|¼€¼ºyrÀ¨T?è=ÓæL8.ŽëOª•ä´xÃÃËÅP3½Ää’ö¤ÂÍÞdØiwjÍ…ý6]CÆ./Ö EúûØ/ÍXbKó.ªrCP…:4ûžO	Q  3Ÿ'©C§EÑ£Ù+E^á4¿Îüt˜üzÆ¢þ’ÿ#®nÀ?9›e…É!‹\Ÿ5:v¢›GÌW½kï_¥¥êså7À²–µy±*×8%Ñ’)v&s±®R­ˆ¬4ºÛ	–wxüXfQì”–)ôÚÉ·æ¸àã•ÆæOÃ5j¸»Šˆâÿ¦€…ÝeòÕj]?íÖãTbD/Äõ¬†#2u:Á`óRšÿA¯†¹/¾¸K†aC[•6aUx¿â<(#º;ëŒ<tÉÇR]Z–3-Í×ª³Y	©Ë6	Ž‘úOcŠ†8þéñ¨¦B+_-jË°­Íª˜ËÎ½]à§Ï¡±¥$ÙÖ²Ò@*x2ÅgZ	§'^T|AÉ“¥ˆÚéo–Q®dàb¤³Î	Ž+<¬¥Làq?Î1îÜ<cßŠµ9‹ZšMkÌ¡Ú0ÿ–Ü®*êÕþ1‰„&¶é$c"f­bkb/œ/ÔŸpµÏ€•x€Q²§³5€¦¬¶iÂŸ›
ƒ›CXlX´ŠNYÈû=Î`Ù>TINˆÃc
ã^˜·í>eÍÊSÀcè¡N6zfÎ_Ã Ä|œ†!¯%ž1LÍ©„èT<¥‡;£UDëÖtv$«fSõLÒÝª˜<Íî:×ä@†ãV””•S¤:Ö6”	4‰î++w5nÙW0/(íý€××oˆ×VÒR	¸ûÚÑ,LŒQ†’ÉÊòê‡¾àÂYiº"ra%é/é½…,8-ýÖæ~Y+­ÞNö”*liP·9Ã9€ÕuEUÇ`ÚnÙ‚+ï
èÛsXÈ¤ÉÃZRL´qF~¼zÑÇDþ)l¡HwÍ*°&ÀÅ¾¥EôJJÞ˜lo¤¾Ø±QÄ-8ÊÄAüúnz'á‘0¨Q›ò¼¸UœY{÷£rqÓËë£yÏéò§±| ³ê$ZŽ˜s>Hh1¢5?ÉÑ8ƒ’Gyöqék>5KÃ‚Ð!š,kJ3¢÷¼*½ÞabÜZâøÆKâRüCÐzÞøUôz·å4©«{mí¡uvíþâ–hœp(l3þGÞ;Û%œKB¸”‰ÛZR†è£
£áÛ‡.@¿Ôë1™Õ‚ˆ„tê9êa³¨Ç{v0•š’a^X,_{¢|Føµ–M…×ÍÐ)…´IZ›?K£àëžCÓJÔú„Xt„x2£íMjWm}f§†Àn]`Ç\=û5Æ·Ç‚|`å÷¿è$þOÚ‰]v`ËFŠŒÔó0r¤£ËÅN¢!}Õ¯øDû×J*hój¤ôÆfaô"zœCü‘¯d¿»[8¨,%›Dª}ÃzA_:ÖZü­Î~[°ÄÒºsPpñIYkñ[˜hZsGw¦q«Yuº™ÏsŠEË”ËÕv~pÂ«GþEbñ¡ŸðYcÛ1Å£,Ã&àß+^séÁC³"á¬¤WE¿6ÿ
xƒíñšÀ û)^ð<r²âdÂÓ3¼KŠ¦™ÿ*k/ÂŒìLÏ˜¿ÞóÂÂj™Ie5Sa4†äEÖý21w|*	š$éÄBƒ¾Y‘·å“êp·“öºÝ&º€K~þôý¡`¶ß\é9œ1Œ)+À'S3LÏ ¢)À¬±	áQ:%9.îÑtÊÁèjmf|›‰RÉ]ÿÈ²»Ì¸Êpì±ju_tFè£«p=þƒæ
µ’ÆC²jÐ¿¿YO(×–myóGófý^4M8Þ.:$ùçÆYÿè¾Jþ»{ó½Á8Ba¦9ø“ï~›$–Òú/”—±uå¹ò±=Ó"” §nuôDD¥ú9•ê ûá½iÆÛ5½4-nþð#ï ÚôJ.HcÚÊH®ä /UIÁÿ%d°Š³ûç«Ì-Ëód¾{¼d3ùXÝTÖ%ÆØ¯j¦×;Xf÷›ÂB¼#5].{šKu9õC)yÂçæÛî+yÐjF÷­¿}ó©ƒ782·”£‹Ý¨é–A¤ˆðÜ•  Uu’§IÚ»¿H¥8UÉâîŒ-á"ê¾Ú1û*ƒ`GyÜ+zSöö‘JsD£¡2Ä†Êg>Ü€À·ªR5K”.Óå‰GÛD‚Ö$ XSp03:iô ÛÑ…’ Ln€ïPHø`"q“+ÁµD^!Î0jûVFÉvœv¢PÁN/!dáX’q`†ÿWìšþh¹Ò1ˆò¡ÚvlÆy’Ûoõ52O‘}?a†d3_	…NÕðoÖ
ï&ö h®5ãšk\Ac&}ZØÿp¢×Ê™•TKüÂ@QOŠäILPÅùIdu\TŠs¶—^V›U@b!è`Ð&s:bc•´hKëÄÀ¯Ï‡=¥­Ð«lP§ST¶·{äND¤™ÍÒœxY0 ½î»…	š£Í¹W%Ú\«;[jÌœ+Í0†ÊÍÂ„-!6Æyªt tOSx‡Øì2äÊ•ó•bm|­¿!°‡4E¤¹¨d?uÊ‡Nî½fx§, Ø‘š›Nm§\œ0õ6cŽì÷Ôµ(ÞHWÝJÖ"håô—ŸÍ¹™çùÓ­ö‘£·ŸÁ`,‰¦}õdÏ .GÖí¸ºšVNÕ6§	S3F¹;ç´çÛ:K~iì´MÐ¥ÀòL)É¼çAÑBá §·a';‘“ÄhyÉ.ºíÃ“bYêã&z](â­ÄÈ³5™ —eâ	14ló¥Aàœ
T¢Áä­ã5	‡\ÆýT¶·0ìi¨JÑIÁ‹÷À¹Ê¸ZIÀ¬÷Zó—¥ž'$=Û,KK³]ÖŸx¹~ÿÛûü~ÓÒP8"ÞÈ·ð›fÔ
¾ÅÔÝ›ï+a‰›K@³8 ûÕ²¦[|¿¿ûeŠ	G¹­çq•ò>Òb$%æºïöMÇZ,Kª±¯Áµºo^ðIÆÉiŒ›ù „6 å[X•4*G$jâM;&ƒ?µ–×Ü¬û_¢a#Ù¢¥! üŸ¨r§àÃtøá-2HÄë‡l=)Û ¼eëå ÛO²£Ì5»>ÞÑS!P%µQnÜ¨Ñ'#÷î°?#õúI}a_wÝ,ë\_ú‚§$ÿQiï_Ë šˆíxƒI+õ³'a-»Sî‹Q›Ë«ÝÑ£Ó]süùò		æ…g½8Ô“ KWºo÷Gb‹ã¤"ÛÄ.ß‹r7²Mƒ¾ŽôîUÀ‚Ë@=É®È=ôÎP:5YtÇÉdr¥ërØ¾óä/íc»ùcóPÂ#×-zò¸›Lc}—×³¸Á³—üµ˜æ^@g•ºBW÷±ÛØýÞ¾¦ÓjÃÏé)^à”þ E¸Bx¸Ó¢j}ñÅQÇo¾¼¯Èç5€$”IÏv=>B0ç“³¤f’9á
P²ô•àJ†éðW9ðA›~EDÓÕf]˜®Þi5y¶÷ùX	ŸóKšÒç|Ôæ¾áÈÏ:PT“Ziˆÿªïý“[®e¨íG­µ.¾÷$‘?¢pñãuUÂh¡nàô•“DÛÒË¡+ªù‚Š–VˆçØÕ§A®3@ÅéÁ?Ã&4x&¬~¶ËW&DD6j«©­»zkx’®>‚J$)Óz^¡i…º‚=[q˜(©¬öz.#ðô
ã§«5q–AêÐœåE ;…4lÐš_P8>!®Ý       ?ŒAüC¡'â)˜!3nê1wvî€8Cw—¯|žÞRéa}¶¡Øß‚ÏUè* Ã]di³ÄR„Sijjr#hI%4tE£ùº—€6¡±öW-ÜÖr0_¶?Ö8ç¸âl87™ñÀÕd5Ûaã´X£¼+pr®€á¾àw-¼ŠSöÄg5|¿157V™ñÀ"Ig´ÉÁöS½Èúî¿¼¬Î¡É{ÍZú;^EéÄàÃRV¶lÛIèéÆ9×Þûý)ÓirÞvÀ…§¨Zkác:uÓªÚ–Ü§Û ää[•´ë±ŽÄîÎ%§‚kœnÔt)K˜¥ÿò>Âeßž°‡Üžª0\>‘®ZzN7<^Pµ*(Õ“iØR7Á†“%zþÍÑì4²3	÷pÊÄÆ€±Èü›ò“	9~Ú«#”Ãk"v­Âµt²ìœéÅ %PfËÐæÛsª–ŒÂrû)â‡7ƒ¸vƒk¿Ì†téÛ÷Ð¿ëãÎr4ÊrÆó¶xÔdbŽ†¸ýhjM¥©$Ÿ[È[ñ¹Ss/á¬?¯ˆßJŠÚ}þõ5ÊWÉªÖnHË†Ñ÷º_]*ŒÓÍbÎ4L	­æ°V ¤eSÀ{h‡–WAP±ŒçÐêD{ €‡%ÈxõC;ký=ú<
ÍF”‰é*?ñ¦ôSË]ALÄ$Ö·_¦tÆæÈ±üX}ëuK‰‡4Žša—«‰‘ÇDl¬ÂE‚”õütEÞ"â>ïP¾Â]bÑñÞ{[l £ÊSº¹Š½x‰óò¯ÛÜàdß¼µ¹\#½ºí,ª”†R«ó6õ4á=u÷x}çitJ#ôwZöç0™ö3i$¤Ä^ Ü—£çäôÝk›ñü9Ý‹2hæ‡T/Q’ã½^5ÉÍp<r·•ÂVTúë½c‚·ÕÐ()¹O^Q¬V¾ÄV”#ÜI–%ËM”|ÿŒÒlB”â	VI&…)»4 ô'$Q^fŠ¢3’‡X™§<Ï‰ ³Ôµ%°…³úÚmÌpÆŸgõëj´ƒ¢ÒOÞ‰<M6,2™`ù:ŠYÙô{£-_0°‰¿ïÒý
¡úp~ùÓà>yg“W÷MÇÁQ¦ÕÞgî6_í`7,ØBš,Þ³Qõ]ÄÑA·r Aß˜å2Q¦ë!K©­!Åƒ©&í¼Ûæ†Ì,‘\¾õ]°@?%‚«xá>O	ÿ®?M.=AJ@æ€«?ÄüP›vJ‹Ïù…[Ò©üööö!nbŠqOÆ6³ãò
i—sÚ<5#»tð+èKªïý`%Ä4-Ù¥ÇÃ†%$)v0	¥GÑê·ófS~Ü¬Bw#ÞÄ>DN¢†<¯Þ«$ìÍYs†de‰ÎWÈ©'Î3“@ü×0q¢Ö#(NK~'+sdÑÊ¨ïH:Eª‚Â¬5MËþ=~2î¸ÇL.õ;m@ü § øÒ^€ÞÐ—eù3Ä×Ì¢ï†YÊéÀÔE‘»)Ûr©GuR¡¿HÉ“šˆÔÏÞôÄØ®¨$N¶ÅÂ}¨HYÜíc o–HeêîfoáqjQTÅãk£ï/Ÿ—Ñ$¶ƒ2Õ»Z ù˜Ë¶FT|ô$•ªiFð_†Á®å—¹Ï5†¹µöR5,¦›ZLU›“¸²‡Š<¬Â&¸o„>³i "ÓÇ8Þ½î¸*-ÙÎÏOÁI†Œö´¬te˜Ë×JHÒ¢zŽ¦l</NäA}e©4Ë†“¬`†¿ÀÃÀg2XÕ×qÀÊ”íß k¯h>ÊvIÅêë>¬föž_ûnÊjY@*9NºÝi7ãSÈ=éˆO‡´×ôÇ·¨/Ðäjö²ê¡DúKRuô$Ñ»,€ ˆú£Ù~Êû¬R_’ Ëúšñ‘4c8«äœVcÁÖu¤ËaÛAÿyôÌ_x¢ Àb½Ôh·âM—´ØÄc½T“ØôŠÐ¥9âO!ÄMÐ€ß4<¦À®½N«L&{Í(&ÿ•Íqô•×‰‘¥ª$Ú‹ýk±ÏAùÆúFžáýË,®C|É1‡
‹-IBÊEÇ„Éªm'äÄQ0›r‹µüø(êrèÑÆº-gŠe¹kg‹€Oúûåò\/û*l7
6—ÏÌ‚¹Öx”æ&ÌŽF¶ÍÆÒoœð’T™®¥jÈûñ@ðÙ‚z~<hÏ,ƒ±ÃËæáœ„{km¯žê”^W„-Nf—½K‰åôåâZr³>C†ÔIVAQ?fôHZEGÀBoÁUŠ:GawV®3Ky ÞF‘ÑÀ:#þ«,EH3È2nýŠ‚ßQÊó?ð…IøôœØëjÑ—E CÙ3cÀ,—Iu
–$¯ mñì.y:ùÏU2	MvÏ¡Qß-´ýyVß„ruð–u8v´a-è0b	SÃâ–ªSF;¸!0uló­SÚÛâ§+±ëò3&QÈƒßÈ4F#Ú^EŠQï˜¦ª¾  à°íÀàeY
†tÉ4çÔ7èñ¢–>Eàý¨ê“£Ÿ™š‰«‹É\`BHêõ„]^Å	z@os½¢Xàñ‹|ÂÅMŽ¥‡PÙ„^ïS„÷ßu8âå/“Mœû:©@âBÌD+"}õe¿®gû=âê5†ÅDñ$!îû/3ân¢Š`ÎV‡rçä…^ÛÓŸµùK!Œ»ã#¹R–}kÓùk	 Ê¶.Tƒ]BÈ¯w²Õú''àÌóãÁN’“†!¡©«½çðþÂ9çì@­Ö©8¨õº6¨A«q)Ãø\&hµozöò¤,ÑÐ\à ›ìYªHÿ'mÉ«¬ZgÔèo_)D”8Û½h‘œiGzXh=†D>ÚŒgÒb[e÷¡ð6óà=§œéX8	‰¨ž™#ñšp•ì ÕË¸4æ}(VQ‚”ªZYð»zcÆÃUøXõ—™”Ù++ðŒzŒ²¬ÝôÖÄž<]ƒ´` £ >öúáÔ^4+‡ÎfÚ=8;ƒ¾ìÈ4Á3oÇ]ôãžO…é•ñ‘­ZTÈ®ƒJíìÜŽø©E91‹ïôv¹Í‹‘™†YFæÂv«¥Á)I¹#[&)J#…4Zð
Áá8G˜8âcJ‹Sfc'el9GcF¤Jô ôé3\°ƒ‘t¼üIÓîQ¹‡¿|ƒÈÔ¿2=ƒ8b]ŸµšH2O“—™ASì­ú¨ôN²8tž;¼@S±0"U¼Õ]‘4cNs£>(:»Ú@r*”„ÑÃ9[½‚ëUN2ë‘·œËctÀÏœM<	”<u¡ÆÆ˜ýÏêlBû/}ã·=v|EûÍÖ¾\
çß‹œ]nýrÖa!gAì›vÞH¤¨ „HYå&û¹Ðºœôûh.ì&E»#´Üë—»nŽîWMÊ>DWþØbô\›ŠhcEÛµVp‹&Šo¨úÒIÖÓÿéûy@èœ~§^Ùóz;\ûš”ö­ídr^dDÚ«8kú°ð¸õ•)%.P}9q§ê¾T:—%òHTÚ®jiïP¹ÐOTw‡ß£kç‰ù]÷µ­;´<T{û/hóÒkK8¢í[<pgÁ¥ïøá1{÷›ÍUÇñù"í°+¤%Þò68«Ë?w2M®‚UbÔÎ’ŠŠ`gª=(_X9ªbÈ‘L6Åmó¸Æ2Ã•–¥ŠJT€‡ÉQ¶‡BÒÕ¤§ÉèÏÁRaErVµÇ"Et±
ŒØCðê<ÊŠV~žð€är@Ÿ £·%T’3¡c8…bg;ÝLžüFÎˆ†5¼C™uü ?>Î,o	^ û¡%žšdˆò¦òZFGÏºÖÑ¶ÃÂÏmÁˆð+ø;a?-×s#_³~p×ßÃZI'¼µ˜	*AtÔÂ91ÒÿÀ0ãùöÖ¿'Rä[4K<‚]þ;_&-0¸Xí¥Áé,'%«ÀÖû«Ì«TEU'v»ëMD–â.™¤€åÒÖ›*…$ÃÅ+´ÄõGL’$[ýõ„(h%%·Fv¦ñÉ$q„#M„û?ªšO»vGüa¹‘¯¾XåPó¾¸Î¨ï‰Ë¼þ²ì
€¿¡ŠT)e;±6^¨ñeK$Æ]´€•Û™]»<Þ¥ÑEšÓÃ²N#0«ëÐÔÊY[^qIÉ¶,ÓdæFÖ>h§®Æ˜%ÂmH|ø	Ì×tê¥1›]d(Gð}Ð^¾?™-Q›sµjL*D•1ê'ìŽ•×Ö-.ÒíäæbËªµ/wùgÛzSÂqÀc¯&»×ðÂÚ‚£ËQ°"r.…§gÏrŒ;šÕ"Ü(;+C<35©Äƒ	1×µ…Ë#Ñ6[¸ùÖ_¾9w&æËØSœ!s~9o0¡‹Î.ÂM£›^AÊÆô4ö÷ã¿áûå=H4üxR@zé)ŒH¾[^6‰gã<>g„ºjaH$ãÊŒ&^½ñöÍ gçù'p©÷åœJè*/=r(†t©j>ÌÂa”ãÛ3~f	°SÎËOÝó’Ù‚ªÐM&YVÙÑyóT¨î1°êW(|îZ† ¢P®€ód@ Ì}›ì ²y›NŠÙ]¥…¸ _=È¶% ÂÁ;	–§”hsK$Rà/õ`zM»fÇÐüI1Rî¢ú…þÂðž³ßÇ·•PWC:34•¾rþòw¤höÅîˆáüïiž"ìø; ë/à|NËÄ2qÐcn˜þe©8œÅÐ¸˜T]È~Qïö1'<^àÚÜ‹öë”=$P£
8Ç¿þÞåÁè¦5—Õ¾ÑÒs¼f5ÈJ—µ1ÜŽë1cékóä¥â¯×Ñ|m¾øèÎ…¶Øä(S»Â’œ+†ˆª1/å|Ô@FÝÅ%Çˆ‰…mt]ç$>­×.k÷quü›\sazo(	fÈË¦“´ üº¾3çä…í-¡œÛ#ººˆgbœÙ»7r·,Y>
ÜTc)¬Ý¨wD)O¬+þ¿ÔîAª¯lá=gÁÒæð¬¨™®.µÜ6U†ÕÄTtò÷G¤&è):Ç‰÷$É™·3?™¤¢¹î£†úOM¬ô#
åZLUÂàÀ¬ 5ñ‘ Û@` Üv’IÿYðˆf´÷\žêHFjéUúw.uëmÚ4’d,%ééùÀÞƒ…9\w2œ€ÎøìÞõD°ñC9í†^§–³y(kéÊª#ÐN2c\–„Ž$¼:&ÒÝl6îuþý3¸™	‘•SÏ@HAq1‡a¸‘ Ê	ý	?ÓèÌÖ‹®hâ¥hÿí9´µ¸uvþÇ¸Kµ‡ÞU„@@`Hž>·{ã)íáÃÚ7Íh!Üˆ°¥0eM¡e„Ë3e¢k5b§[UQY‰}µQT¡ÛE‡Ã¿gç¦·¯Ý
¢Oo<=H89²›¬t¥Õ”^cÔN“°8Î””Çí<<‹…Å±7òJÈ×L]4*õ—u`†ÆÔÃK…Y~Ùæ{Ãªfi1«êÈÒÚµ™­M8ôMÂQd¯‰—ÈŠæ3Zb¿ã×ð®rª këUíFÑ3F½[.óµ.a_0èÜ§ã­n9¤ãO®%µØþ¼Ï‚·HË+=xšÑýÐ<Ô”ÂÅ;¿—3‹&UHš7˜ìmÜ¤f–0ûÓÊnþÖ-6â£×¨mW2Òn¥®AÕ#€Ó& DÀÓúwB˜%-­ë½8—Ò£ÇË¸¯}$åf}Ã~ËXØª¬ÍÑÍG„;Ó@™—
Ëª' Ré°™ŸÐÂ~¹ŒÝÙ©8e^ƒÏªÊ¾WÔK#=…‡Ú•É1RB†ðlÏÂ^í<“®Ãi,sb^ Õ®Æ5M¢ü3ænP€ióŽo³Â€nä+«Ón1¾Ö}	ê`EùÃúö’îi_=•*O€Óc:À
¢LJ9…¢$q0E‡Âî„v¹†ZËrÜÚÁvRufœù~¡×ëAÿÇÉpSçb`™z_š”î{èÝóÐnî@¨%ZtÆê@ ÆÕpÍ€ú§³ /|Û¦Âû¹®Ù¥²6Ž`\^³ãÓp0õtôÁBô	^-­¹ÙúŠKˆa@û»©x<à+Ït$-Œ$¾·û—•&¯ØâÎÂôM9 é žñmåðÛhXñé˜œ¸[n‰œ
ïá:I{³Þ…-ñó	¨G˜¬Ê3)0:bò˜= X£}ÅØqÜã7çx6ßË5çxwòI¯ˆ¿nöZÂÑ-÷œö±(ãlãröˆbû$ý+}ò@2Pú	GJá.©;¿§sÞhÿä	Féoy8ô‹|¢dljeg­=ÆÎ à¸ÍùFF£¯ŒJÀ&ìñô~ŒTÄñƒjÏÁÊ=.ðÌ‚'†^RÂs\¿i½³ÕpMÇ–¸{Òðâò|÷o¦_7:¼—ä\}gdªfëÅ<£æ_Pg%Ûõ¿`yIË4û±ãúÉI8„ðö„Ù%_Æ*Bõ¦µÛ]rŒõì-B÷bNŸˆ	 —4‹ÉŒ™žÛÎì4[½
(=%A³B÷ê»Œ{ 13ø®úÂ¥Ï!~Ž:¾yÁªÊçõ×CÃÄíò?F"aòEKäXÉ±MÜø.Ñ”¨:^}Ðêñ¶ßþ½--oåõ]™‹ÐN÷À×®'zSúÕ\pÏíÎ¨Rî¦fÈÇº¢ØøŽK™MÂ–]$ÙÄYb<Â=ªþC–e4c¿aC^rŠ´qøæóÂ¨Rã_ãQaùü˜pqfjè"Ô¬ú}Ëp€Rÿ‘q˜²\gK«É5-BeÜQ%J‹ÔÇ€ë€æØtNÙôèÃ,‡ië¦¡-ô±$»¼ãÒý*æÙK\ˆ§—ât¹ñTV!Û…«Ä¢ÚXf\5;³c\—tz¸Ùúçžýäyå Þ™ŸÜÔ
ný0º]Û§+w[#ÉxÚÊL\±þy“XLøÕ^ZâþŽ?'0•˜¡ç\ 5æÆx‘vˆxž]Gq*[ß³3¿À/Î—–íL îç*Ýx^ëÝR\(ì£|u+pXž¹Ò]FYEäx…*s‘®µ7»{O'¨ÑÑ¼¬¤á¹W`Ñ˜Èr¾Z^£­ˆcq„gÔ—ÏÁP= u…Ž×Ìa™k:NuÃ+8E|±€æis>Où4Z•U—ðÒìw¢²Œ"óMŸ²ÿ’ÀÈÙà´ ”œP²‚¥2ðàâ‹!îËä®WÌñg”ÆL×Ï–µX6cqŽ5´sÿËôxsœÿjÚæg©.ÇÁwùÓó&}Z¹¸ ¿qåÝyC—ÀÌ×w¶ïÝ’÷}¶_*däV‰Ü¿cø…¡ïc‚ûp-Ødd«#ý{Ü‘dtF…¤ÏaE¨Y‹XÌî†}¿ä2±}¼-Q™‡òêJëÝU—Ñ¸œRr)~}ë'\ù#ïjbØs ¼Ê@‚í´cÞÅaÞýdµ
¥:eí-ÿ6#Óþ"©ƒ`¥[¤u/3ÜçâŠAÿíÀØsé8à}ès(ùi)ÅÀ_z~øA¤^ÌX¹ÎXrSáîl‚ÑÀu€AýRÒ˜Ak”À/¨¹m‡ªÆŒ&ÈGò>0$6jx‹ŠÄñÕŽ,?Š"ƒŽñN«7ä¿dÝí"…7x}µÏ;žmûE«´è#¦4ÆPÙð9eZ‰þÐ!|ÏnŒÚ¹-]ƒC¼:SöJ¹Ös’'å’1‚FBdj’‡qÿ28g3dô:ÂÄÞØY}'ïÑÄ’¸/ORe	€ušÏòSsÂ¨BG&­„aNXneïoÑ¢í¾¡YZÍ®÷\FP hLóHœ²@CKœ}mdcÿYd¿³:’0õ½À”èThÓ`0Æo„œé€‡’ÕHèAO‘ýZ×ÉQ‹CÇä?ˆqä!”S‘šö#xF/‘ùe¶@Ù¼*lTî…yP=¨¦nâáouèÂïz[S–âDÈˆ®ðpƒU·éTUñÈ±¶`ðu*m6o|í{x[u	¹‘Ðcß#F²¤˜Üß(ßN^ÅX°Níé\®‚	’|ÅaÄ‡7cäÕOgš¼grëB+lÀ&-ìPï¿j­ÚòuxÑ²ƒRf¿ªÝˆ;!è‹Î‰:oô_™ØI™êÇÑ˜=GoT¾S¨¨¨tOöEPð,Ü+8u	ú [gA¸$yðü~~å™wìÈä³B[‘*2äÒ:›<ŒxŽææ…°é
ìRæÒ¡bÏOEÿ­‡´ÖÍö¢-—#iÐ,•5/³Žü¥K%Nòíñ´	îr¨QÆ²A°â¸ÏáyµñëÔrtØa)f–ƒùw/©\BEè”Þr‰¢ê;0Vÿ~ƒí!çÍM‚Ö~øÕ’ a„›Ò) ˆ8YD{âð2ºŒ`dkÚŽ¨¿(ÀFlžgÜ\Ó­„5Úü]ˆ7y&DÉÊO¹©™äÏÆÃþS'ÂB!–°¿º‚ßfaª2?cGÎ¡ŒN«P'Àu-âËa6«K	u@¸2¸°¼MþôÅ¨-~IÈe£”Ö¯á]}ž÷;J„L®½t»V"±AÉ±¤VAg¥ÌËù<ð¨‚ŒÂrnóc½ßãú‹,ú¢¼þ'sxv±ÚŽbŽ±’1e6Ã;Ê‡²U´P…òc#œYq’è7¿.³©^†ò¨ßA‹;ÄB4ìˆè!è9áú?ÍÎÎ|RL¹Üœ™Kò7WÊì;çìæFÓ¸±DÉ?íVçt…½2õkQòœ"+¬ŒRF5=T…!a${ÓÊÕÙ^]…	ÌÚªVp- q5Á œÕíÝ*n‡h³­ÛïM|áM<…©«°+	Ú)ŠVê9;¯Yý"mVÄ²“ÈòË~Lãx"x˜¦Fè†yovë+òé»›y¼'6¨Í‚© ÿ¾Ý[Çû›xF¨a.kùW­
”¯\RòFD«0E< ÃYe"ÑÊ+ó ûÂlh÷d|½NL#[`ÆËAÌn°‡‚	°xâ›{º,yè û+µ®žJæ‡•ß@ÿtyA‹IÀ¸B$aÕB—gÊÝñâ™3µ³/]ÙNÂnÿ³›~Wo¸Fñ•Ûlâ(‰w< i˜ÇÿKËj¸iÑ^ýãþÉ›EGøÓ!w’6»#T¥
½ñL¥ eJQüá>VMž˜sYóœÍŒŸk.Ù=º#ªº'±‘Äê"Ñƒ¸#Œ6!óçï%õw‰øH í…åBÞ[Ñ‡Ä& ¿¬6åY65U
Mf„&‰¼•€½\µ¯nšmÌ9¿9ŒKÃ•”Ä¥qIéK²ŽçTï¢#DZåW)}å£Ó‹ö†ñ„6øaeŽ‹8ËHŸ÷º0O¸RâI4x5¼²Ñvbª‡úLšI‘è•Š*‰{ ^%<¥Šo¥r¬nì
+mìëg6Ž›¢‹"3 m2†§í:‘Öì¯ã“¹•ÝÃ¡¹áà!KFWçøZª³ çÞ¼X7L{Õ÷;Õ°jeÄi^™<ž”…u'SÂÃ"¿;'ü¦¸›ºÕÆïœÖNCÄÊ°s¤SRºßˆ‡ãrI_´ýÉH@°IFdT<šÙ|©ÂDdìê€ñœ#ƒ|sÚ¨¸Û”Ôÿ•/ílÜÓ‘<S†râI×a)·;Ž„-	÷óÃæUW«ø+1	­€¦BŒ¸Ò¹ñjŸRU±äþŽ¢¥ê"ûnUÔ¾1>ÉßR RDÿ¢.8|÷µ3Æu!PhµûšÇ€–b÷”|æzï¿Æ\_¶\v]·æhBs 	'ºü8ð‚¡Ž"‡?oÕór!†Q\nþì±²›ábBÖ?6¨ÓÌ—é
ïÈ¯ìD$œ,¸'eö¿šàêÂì‡P§\KlØßg¼‹]ÜœÙ?loˆ­f‹×ßõžusÿ$<'†q®n—±Ò+Há—þ»Ð³dž³0®˜À6¿ç¿›ws¹¹ÀI¨}m°Ä±D‚FºV+Îï|HHdªé‚Ú¤¾A0\”ä³æ }ršœ³Zác5%³ÕÈd§ÛÍüÝ£Ýl³ë>ö†?.Ê¼mºkj 'ˆWI¥õ1é±F¶š/ß¼ ºÄ÷Ñæx`&ÅnR$»_%l%ÿäÌÔBlùÃN¶rLù»I’è´‡ÓÝœ^¦	ÈåÉþüéû¹Â£¤‰»’õ8¤H*²áÃÁØ¬•Â_„{¦Pp~*f’ð]¸ËÊ?&»w¶i£û]Ïxæ9,¡­º-J²÷?òFÎC#|H8‘¯a·‚ºa…‡%\­€ð8|uÑ÷¯W¬½TÏ™‰vûÙT`îå´üoÿ<.xn¸¼œeP?NSôíK#»]šZ0éÐì0?"·ÞEf™{Úö0"j9—vØêj¤’šuË/3qøLNÑnl5³"¬Æÿ7¶n¦"gõm¦ÝÑZãÄ‘ÂþmRE”½Ú`8Xcxö‚rPYÚ£6Þ´±oe¼jŠ;K/'óÛ+ý’réÌúÌ ¿ÞS4œóæ¹#× Eô–Ÿf,ú, ÑXåÓ¼ðÐ©ˆßÖ5ÐåüŒçenåÁETyytà|§Í½%óV…leÅ¶ÊY«òØ² VuûjÀÓÑmùR¬£>‡å‚%ì=p;Òä·ôÕ°ÿ1®ÿšÇm¤~Xö*mïŸ%KfÍ™È×iq<+ŠR¯”Ã:Âýýî¶Q¿@ùý§žprÑÔ\–“-ú¿T‹Oø3xU÷Cékm½%ØmmRÞ†ùÅ‡ÉÈÒa«‡t)ÝAV/ÓŠ•ì´…#â™Ô(õM³<e!«­6Ûæc|5W5Õ‡çÎ…k~GBœæ $q.í©‚ïró~*(žS{îŠ[—¥äé¥§‡ Œ#â2­Ds )³¾±[ÚôÍ»ôø`/l^þjP€[Z‘WJDƒ‡«X	ÃÍÓð†±M¥›’ìhÄbv÷Œñóù Q¤ŠÄ¡.ÚüeÞ9ÆlìÒÔ¢ž=œ`#Š¿p5m‰Æ¦&‹îÙ1¥yØ£+ÈæS®Ò§Ùeìa¡z	z¤‡Às°ç[sK«£CqNöþUx<!×¯òµ¦Jàâ°Lv`©V‘7£zûA8wŸ<yå+ÑaqKã|®Ô¾GJZ´&Š]ä­–¢ïP9]§ÙÞÓ~ôwµ„[°»U¤~<öµÇ.‡[§ï|‚;ÝV²÷þ	[®Áñ6sÝ‚È»¡lj•¥«³¿&»r±æásuÉL>KMf€õˆà}ÚÚy²é? Cñ3Bÿkª­`#‰†’rÄÙ#P™Àvþœ³âø©I9ó„æàÜ*©DH¡2ÊÉ¨{:ËâWsÃôÀŸÅ0ð Ó}TcXCE¿F‰•˜æ~Ÿ¬¾ÿA›çÂñŽëæ9jmÛ
›6Óô"m¦3Õí1gžCeÅå_Þ0j3ýÛ0´H‚ 	®gjªb#Ýpø@hW“Z¼n¾}‰ñT¼hö—V!–æ¹*\ÂÞ;Yvs{˜Ž0_y…‚	¢Ý0Å2È‚>½W“^Qïª$Ï	þhjdXe šïD ¨™Î0•…±oGÉ¢ ŸìÏ€ÿpþÙX8^[“GR¥ÙÁ%{ýD‚O°Ó']ôÜ£P-±¥Tû˜Qsô¸z\†JÖSuŸ;ÅÜ·êÒ_…Ôääëª¯ÜŠèÊ/…-'bÂ«
Å£Âß»ÖXQÊbêúâ#T,‘9–ˆíô4 ¤¤Ùbs›#ÿùŽõyÞÿWÿ‘5Ÿ'˜ÊÏ»Ÿ¥º!X´©áäÖ<$ˆ0³Ok)çñ‡äA&¡B””‚”ÌŠnvÚÞ/°8¡¯Â‰µûz]®¥„Iœ–ø%oÈ‘°ä™rRK„¢\*}/ß\=²“ì8!à,”!w²Ð²›€yq™H5ì	nèþÖ@ÅçÛX#à¿Ž1º©|ÏrA•ìËR1¾KNRm1^O®H	Ê("t4‘( ¹r­f†é¯Ñõ9	EuÒn4¸IÐ2‚©¨ïÕò³JÈ}VWÄo\Ç_2Cw+sÿªëò>· ìæó}	g'íã	Ù^0. žù
]®6y %¨öG|Iä06Oôã}ÊªA”q#Søa ¾Ea6Êf Ôa½?©=®áXŽ¥V;ç%Òô‚·ÂEý4‚¯Ññ»½q¡a©üM¹=¹S#Å:Ø	®Ýö?¢9_c{&-(^cøYÖïéì•ßGàÓL!:û×ÔúVË}×áÄ«!­éðKÃú8“²±qODM–!ø­•XT¡H·¬…ßZ
¡ ®D:•D e÷)ÐÐjã g‡‚½ú‚ÏÄcÇpy<Pe§5Æ%ÏýáÉÖ ëÀE§"sszÔ`kQºÊ·.ÿ3"sE¯Îcv×ÇúîgdåßòC82Gª/Êàg\ùÐ‘OèV¶¥ýñy”ŽÏÕ?•‹ÉíRáa˜®º‚®ä/uRZ-Ú9HöFhëèµ;‘E&ñ*ühçfRcÙ;@ùðZq*7âeŒiØä=èL
#Ì… ‡QfjÐ•Ç•§Ù;Q
ÓBÀ¥—}b'†°.-W.­‘æiÓÖÅØXÎÑŒbUÊ² &–þòõºøOŠTè)¾FrÀAîñLµT/³µ1é]¾¤õ^·0˜§¯çùJ3.IL»&à`Õ³@˜ú°î¦¾5¹4L‘û±ñRP*¸ÁqX n³’<Gæ6tšl£{pð„Õï—}”Í|ß|Î+C”Zù:?¼žÎ‡u”MÎPQžývËr0U2Ðævz©œoeßÌ ¶d ñšƒW©€‹ñµŸ81QkÑöfÊúÒ8¢ÆFxÁ©y¾[°JW„
lë^Ò×¸)¡½÷X,™JXïæÄúÐ¬y¸jÌXÕÿCOÑV´+¤¡THÆ‚¡¿|"ñDqUÈýÔã)N4šô™ô>@÷"3¨ïÕˆ0tv).üÏ)õ>‚	ë!\Óù³J—ˆ6ÊÏ, `jìI.A¼ñ²k5]Õjå$1ø
UUwZÔ|Cÿ3˜ûµ‰K‹|Ý‡€Jo¦ÀúoR-sÅ7& =«RX;CE®\Ú‹ËÐƒ‡œŸZ~ŸF¤÷(¢4×ÓÐ²2sK”Š+(UY†Nš Ø,­?Üâ Pá©½P…Þ]?@Å> 
J­2ÎJ€"ˆûri>ÙÀ&Ì–A°Ò_¢¦xZ·A O\j¦˜tÍˆ]¡:tÆÙu§F`^7óZ¨8ànèy×¦)éòª³¬1JiÓ#(-Úò˜¦ðnév_c˜™!½½d®Æ_X{´/Z×R€¢È8>yCN³êþ–èkÛ¨óˆBùU~•-xîi¾Þâñô/ už…í\áúÒ9e5õŒä<È§Ô…Ò•{NÞB„¯#Ý•‚p§~Ô’ÆÅ¾¼nuqPR1ÓÜG?§[³†P’Ýç°7é¼ºçIúÄi6BbÐÐ/äUÅ'w‡k
°†BÇãUµðì§_ëé¦OØÝÙ¿¡‰õâÖ™¹^°ù/‚ŸÔ@d¾ùLjŠi %÷ÚµišÒÉËêµH}¹›ILÎœº!ïwë–ÏÁJó±Ê½ˆS¨"W7˜×å‹Ë·ÓŸhÖ…ÓÍe†wî<€½¬éêÍßt§l“Ô—qÁµ&WYë´	~Ûˆ_²ïb¿ý#¶¢ˆØ}½ï†´X~žt¿§Tã½ãÂCÞš˜¬ ÛK‰i ÇµÉêqøºUþl¨o+Ø×ö–åb·Äà•~ldÙÌÖºîÅ¦†dç|'Ã@	ûü”,¦Çöëg:–»pw4m=	jü¾Ž\råì6â›^ªÇžû&¬nï´td÷oåú—j³bT#NÞ.qè¨ ýyÒ&Iþ…Ã—g…N)»žx<Æ·œ‘§Ïêœ§FN‡¦õ1ÆgcE¯$ýs2‚iÎ„—Î‘ÕsßÚJ&J…ä$ÕWTeÂèŸéµâÇˆY’Õ/“‰Ý]wn¿*,(7Œ°³ÌÚxû[¡ú¨˜hv¼×¿*ø­Æ”"=þet]@ÂñËþ=>†Æ/­_Èò½Öž÷øÿw&¾}£‚Ÿ1¨Ãy‚çÆN
sW/ñµÿ\Á	¼CVˆg#î›ÈnËbrbF÷.»Æ´«5¨4fÄQÚÐj5bñ1dŽ||ËôY[]ÙVXwoÞ9Øïf¿þ€ü@pYVàÊNÜ´_s»î*7Û‹ü_ËÐÎôÇ—Všîƒi©ˆ×fs{¦¤öJ³ó=2¾6Bõ^M{mˆ'$_þ!ý­OÃ}7V`PàF²o˜âh…óý¹ÙVÉ—’÷h?ªX5äõŒdc9ÌxÆ{ßªUŸéÌä²¤_ëïêáTßHÐŠÌ¢&e(ñ¯ºÑ¾glÔut¡Ò7æçlŠ	Ÿ556RziX÷í²pyÆ]¿¡ô.÷aäì1³ßT+à	@ùS¢]ˆÜwI@i‚­0Fÿç(»ö%ãì)p^WßQh—Òž™*¶˜	Ãùè¡~2©Ö"ÅShx‡FŸ¹;S::¡Ëš±1fgçÿÓÒ10ö´
eâÜ÷y³ª­ù7ëv5\Bã”)lAèNI–ô9šyOSdp‹Öñ%õåÂÍBƒ~;|¢Ó2¥´0ªèŽ¹`ˆÿÌm¶-T;°ˆB;ã¬D±—Ý )ÁxƒÝ'²‚½‡ò LÌxK!i
âñýÆFÇvÉ)‹äN†Ó²YØÎ¦Â‘O!úgØÏÄ½N¡!è…ÓvÉç}ÚW”×ú^Þi«¿2ýn›m"ÝSÝe9#öÁ^HdüÉ-Vn÷ã‘Ûõ²£UÂ*yñÃ{†…Þ¿2Ó‰tù­¶XáêâêUÇ¶
Å‘ˆ°¢ž&(g¸]žbÜ¦qÜ+cúúŽ[È—ÐnU]þ/ž#»‰nL¾o,S¬ŒW—Dnê«ž¶~£V|¶fp§5(›>æ’ÜÂìºå'@ÂÅ¡n6&‡\ÃÛ,*k¾Û©|þä1öÿ?qÁðá'HMxM®ÙOÖ»•5H-©†‡­m-$ãó4Ì¶ë§Ò œüh'˜bœXß©s)ãø0€¨s ÝÆ? „ÝL¾Î›ƒp_ùæÄ™¾tIß¬ù¥2|Ë0ÇJˆXä½Dw6˜°£YRm€àwÑ/z}Ìbv(Oþ2×ˆT×#þý¸T»ÔŒè !®ÈN†/‰}}iã=†F&ðºZW^Á¦æ’•§ÕŽÝSh‹Ê§€Ÿ#wþXlOÿµýlZåßµ³ÕæÈøàkÏ½½ÚüÆŠT
"ËÞ×qƒ÷éÂn`š—¹´Ùå»‰À9Õ¾@´ƒeÑiß‰Š®’ÕR&t)ó³Ý•d'QÖVqƒ;Úä³‘ÈGk¿ 'ÙÂ»:Éº¼K»È^Ÿ—0/™|È&sùâG! QBõš²ÌŠÌ§¼D`”ÑïeÆx$ÆøÙ±;_Ÿ>²ËwãŒÁ[È
%õ™ËÆ.œÛ3éß	zÐ{Öt5‰»$9×Îœ¨Û£ÄÍˆ^þ&$ÄSwø!dƒÅ)7zÓ˜™o‚TœÃ+î°;´Abª¸–ûöVS*Š~ èXòHøwÒJjíÖŠÿ[]Lë}z4Ÿ1Íþ*–Å‰u±€…€¦±ô©–€Ž²w®­T>¨RI×2}üé
°=ÙsæÐN}ãÄ| >œÅÏOµ€'ÕëXÜó×Ú«ùeÛ7½ Ê£×äCvÖý­ß!©´ÆÂT“o¦™†\îâb ­Óþ ,Ž°9´“NP/± n|ÅD‘=bzl!¸–GNUüL‘•®ZÓzõúµÉŠëäàÚ/”£2y 'vët§·§r^3ÄTzWç·ùwá©øÙF&“ o¾x^s§ÔÁ:vê˜õ$£ß'¡­“ëÖÚ°]¼\Ó»Ø¤0Ô,yú«éä¹¾ñKàz‰gàÎ³ ·_æea$E·q'qw+‡Bd]HJ%}Þ, ³îêL­ª8Qmå\X;½«Ïß}.¿A› #ÅÉ-ŒqÖ Öm—­²‘Y0ÐTwhàÙÒVj)w…bð ¨a¦«A—(«³Z¥$Òv™ßë>dKé–´ ;sÓŸ.?ž‡=í§/ßA²k]z{ªO‘à±OfmÏNÄÉñt|ð”fŒGXr{·­_8Vé«\œ+&(AìùFÉÙ}ýE)³±|Ï#˜] |ÁÍõV5 Hé÷6ÄÂ8G…ø'=õt)±£Ho
‘ÉŸlÁ®ƒ°ŸÏ:8ÅÛ2aüHÊãðäN„Kvžñw f%g)€Ø~d+|#ú‡P7w;æ`ŸOÐõ»¨Ô¹¿—ìâÐìF™	‰øŠZ—‹`]B"å‡6/Ü×†^Ô¼b#v¹È];0ŠXÙ~‹è¶QÂDM°GúØãÏ€ž".‰´ÌîËÁËŠgä~^ŽŠexÖ¬Ãb<æ³8,ÃÑB#"ßS.!k²l
«'Šólì¦`,‰È6G •3”îMàÌñ²0xNŸ+'báúzÓËiL„§‚µµ3—¯Y¯H6öà°„cWpƒ¡5^~…µr˜ékî£?× ŽóÛh§™ÓX÷(ûv®bê£ýÁE¿6¤¯‚³v›ÑDëu„V\»r%¦^ÚUÏG	µú„>&¶¨j6}«nºÓÞrŽñ#„´<¥jÏ4Q±üqöžß¦F°â’d\È‡ŸÇ¡ŸDÁ°ö‰DZZ­æ@ûÄ¼ž`•tÏô2žþ”C‰ˆÒÇ·Ië…N¢—ÊPtÉš`¯U­zM/á¤ÊJ¯ÙY/ª”ôB±i5Xé{kcÓi>PÅ¯T,¤3¬BzØ§þ­gÓýJUUI~ð:
kÙÿ™•%9–ÛrÑ57|€ÔŸYüN:j‡Èsl;žÚžè;¯8/#"¤-Hãl&høßò£LÛÑ"Èb¦w{víØ×Ë	”†®éÂ6pœ?¯¿§ÎòBÄûT¸ ¹‰¦xã	¿¾…€Oí¥´Ñb¹¼=0,jÏuûl£6RIg82}W*SÉ6]/+Ñû¬ˆZ9¼ŒÕc¨ôáß<ŸLÛSg¿µb£µÿêçTŒ_5¬¨)Ú¢%žâækõc Í?£·Q“þ¢¿°hÏqœ§¬ Kr“5(µD9°dù%]µp )ì-%°;ØmÁ£j¡w=ã½DäšgŒ²§jÙ¥¤¸aµ[áÛ›&!øèÖ*Œü¼Þ¦cBŒÃUhœ­J_¥°ö›ž—£	dR¬z&ÕPmºÿn¾8=˜ö[áé£¸C#nqwü5%¥…K²u;F_–Úþq¸JMlÂ}ùE\nû€§é!è¬¤X»S¡r
žŒÎç:øˆQ›r=Å¼5±ØSy²sá‰TXˆ-ûVƒÈIÛJmll+Ê ±Þ[	Ñ±n'(Í?JÌÜ!?± ®öO”E¼({SãÐ(ÅÈ'î9”½4ÏIWQÔx{ºÌºõÕ´{×Aþäw¡9øLÌª'8‡®ŒÜwgZ³1þ»RK8o!
RbÔ]dyÆ“Ä©ƒÚÈÂ¶hDÿ¥eþ‘þ¤nÂP8}|4ßh‚(Yžî[PŒâÂÎ‚(kqe_h«IÐR(
6[¢oÀ
l×Šãljª»egŠ±°ìë”jK¨ÔÅ–¦)ÅR+Î’§á½ˆM
¯²Ö$BîºB&=Kl±6ÇRk^véŠhü®ðÿ\æ%r©¿’óŒ³îI‚Õ^÷ã½ßL.	±Ì¦5/g•’f+Â§gmõpöª”ÈêÕj˜‹S#wËã¤ñ³‘_§,0*Ï¬}(!´ R P¥­ÊCvR‘ÕßM]ŽhdßQIÂUü2ôk·ï\GHÖñ„ö ]aRÁ’Õïh’q†÷cøÃ@Põ2`JSöt)Fª­cZ.ñy6kVýq§Š½¤g’Â ¹‚ƒ_UlðD—§+2Ú‹MèJCJ[>4ýÄžàóÞ½PÚ#¡™¨v×V@šßr.©—¾]•ˆß#Š©¨ïMªm/ð	uþ¢Å@r½ñ¥¡'
T×4º¸Gqz™®ð¸“0ð2>¡1øoÿ£é‚ÕÒEåÅˆ&›®äd·{mGÐû©â´ËŠmÇ>­‘<g	óÔ¨;I)¶Ý›âiý*ú±#25ç8,È”°Ê•#e€î-©(Ã¢*C{·õËß¥9vJ³–:±·_–“cuü)\êTñ¬ëÍ=¥h„;Yü,5Ý,ò³ýz2–ŒSchÞYŽÎÄÇsL•À®O+yJ M2è›7ûîMƒƒ«0•a¯ö¿y¸¦Ÿ|B«ëééyâÒïÛ>´»ÌmS×ïØëKYŠˆqê’4ÏjÕ¶´¶á(†˜r£G¼d8rµro´ÑXN‡T ò:†´B‘ë)ì›¬¦ú‚ã§h~K[ÅàÃoÕèžæ½­ò˜U*rØtÖ6!z™ÐÉÖ„{‚yï æ{„©z”8U;ow H‰Ú^%‚ÎÃælÝ	2ï©5‘‡AKo‚½:ôÇï	7ù×Ú¡6ˆLN”Š/&=†àF:-+«âøZŸ¤cõ©ÝÎÙZ]Ø&ÏxHÈËŒÔ\:+5‹e•+QªÌHvÉ²‡ý^bFùÈŽ’4Ù[ë‚,…‡Üp%H•_ëvJ3Ø³oJvïìþó†cÁˆ8F8e\ô«úÜ;ÙÅšóð$ •P/¦¦LVGÆ\º³
½´¿äF7v]»:°[]†sÚü(ÑôÁ!N ¹#ï5ìò5îëS¼ï—† ÿ«·cÌV´G'í§dª(s t“.™}x¿º
ÃSÌñ_¼Tâ­6¦ø.y(€<üI;½xŒ¹7ÒPˆD3ËåñÏÛ†¡˜”UYÆ%|7Zì	@òÒE©žwgƒ›sL{Uº<Ï§»<ð€Ë¸,÷N<ºlÊ?0ed fÔ°îgnÌDBª-¿zŒêAŠº~qÐÏ
ŽfyÍÚƒgzÓâ·ÚpïP;#è€(EäÒª¬HÅ[õ÷ÐØ—©•k¥	ûoÒg³¡çµÛÓÿ<šOÆ­Ñ5€t­àíë/î"küXªÔ¬u¡úš!ÌaèlùiTé²W3·,Ü_ße§¦‚hÕV›%[QÞ¶¬+Wc›íÜø’{ Y„àå´“$|þ{MädŽ9"ybNÃ•â+m]=g9Ã[×È Ä¨LúxÒS–$ÁÕ‰˜—{¬6û..ïI¬W|×í©jY[ X1½j2ôÿn–q-ï9	šMêO|B3žFj'°
6Õ2eµq-×ƒ§"*!¾¡5+¿ìTvµ¨þE?1ù¸Ó(jì<L!øcMæÂ¤«¿Hà3úh=›Õ[îæò7HXyæ¥b¨·0'¹Øyq%ã ýŠn2í‹ÝL¶QøDœ†éd9nŠhXNŠó4®ÛBMŒ€{•VÝÿP	6ÉRªõIÿ
AeHy«RÇüÐ`ðpQ)GDÕ,©JMÜÀTwALÉ: ÐçÛI½È*W¹†Ö†Ù˜.ïGWrÓnèÎc®`¢j×”X4÷Ê*—õï6V$–8 Ø9æîÚ¾-eÇ	‘¡½® =d_]ryR[j¦³â<ª³Þ‹ÔÐˆ+²¿„l'›IDåèl£§VúÀ<{²Û¬aç ?+òE[tó&”u[Z
Ïyø2b7•Ù–˜^-Öåpƒ‚é ý¸ñÑƒ²KÅ­EÐsZ†Ô›žüâ½µŸM}ý×|.ÝS5ÏY²•TãY¢o¤04×•$|iq¼
F3!}‹ûà£šv4¥ëé˜I7Žöd@Z-¶é7ø8%ØRr	¦$|80Ü…ãu6€kÊÞ®Ú4ä]¥\p`QÃi£Ì¤áa;ÓøÞ,Ã­Ïëß’_ -ò1‰ÿf*È:çññ!oãÁ'Î¡¤›øÙQpOT_«I¡å9ûÑ»¡ªrHdØyåÍzkß[^ú°`´5»Ñ¤lÆì¬Åw›
}ÓA1¾ßO7}\×J¸ò“d­ò^¤‘Æ2i‚ŠbTÿx[n•¬%ÓÓ‹«ðxÞÍP©Ê«G#_÷¼)À¤ËXCLÄ.th/qYÔ1tà_`„Ïä4JÏë0"àõÖ!ÍG¦J‹Åzæ	ŸupB¹ÓU[„Þ’cèox"pÝy‘í3lÏ&¬EU}IÚ¨[Z­C9žÖy'–*ê©¤]%t)V4®Á(ÅN©Y Z\ƒñ…¦‘š¿ÈO?·>/•‰AÆ!Éº Åò@]Î¸h?dYïŒë´YæÎâè²ê€9}¨ÿ›j¢œ±Â©žÆAø+Ž¨ÐMºÜº›ƒÍ;ÃÓ^ˆ7A‹Úñ+ þõÜ®.ÿ0êÕWóœ¦{(´´üòºÝr¨\»±wIkJK6,æ¹¯¤+p4<ùÑÚ8á”ÙâmÐx·‘Ÿ=«AÝÈò£Úìè†­LqnQuñ›L=ÅPl!Õ–c4PÀ/N_?÷Ëo4.ÛËö9—‰jzG¸wóýÓF°\é7jÊÛm˜1‘¥*v0å=ˆDxÖ_SX®	ª=Ø¿¾“óä&úCaÝm˜…œÌÐ©ÊÊÖÍ¾Öøbq¹.Ù)yâ–Ô\ÑTÑSßU¥¡ºÇ¥Ón®8+qê,œŠl[=2º}‚Ê"#Þ?xÓ Ýòj~(pÐÅ³¶7y9¬Ál*GÝ=k%£'"«Á³dGÒ²‘[ñ=K"ý~)­BuüW
\ó`[¸¾k H]. Ãv×T:ö^Bïà{[èµÓM³¥¹„›ðp>»ï¦„ÈÒ”g0‹?ç?þië¯Ð€¶š>‹HÞÕ£[Øvw·3à²™8&7çKËãtP5¬Z?i–/ö‚ ËrvŸj*ssÇ¯ÈãÏ^Ý&V–sÿ–ò´S1ºó)QÞÃ­Å	sŸÑÃ±þr35./úßµè·ÇÇ½Ù‡"+Æ
å‡†þf×Ñ9	™÷‹5²6¾ö!‘<„¿òGïC9³Z	z´j‹~jÈ òÃí«XWÌ+f6á$M <»CÀý5î.=I‡ÇKÚÿ·AÆÐ:ñ#j3ãrUy8ŒÁù5QÖ¢.Ü¹Ù!/«’qC½sWÉNJ©^e7{ Ö.Ë!¦#ØªŸú….·OFÊ·˜ßèœá'îÐ'|Í–ÍÂÝYÄ`SŸu˜xæZ|½Ü½ÁŸs‡úf&Ágwîó\ÄóÑ<¿8´¾ƒ[TªžH‘Ëk«ËÒ)«pñ€                 7AþC ú9‚é+?Ç¤¬}j

j÷!Ü~…sÛ|Ç*˜ 'ðõNGà„bÙ{èøZýÑ‚U¦µÌUˆŸËÓXÚÚ›ƒ–Ž\Å`2h‹\ðáäƒ½¾‘êJÕåÿíÄÿˆ…âÕœi‰†Ë–D·mBA¯xòýÅGÇW­k›p8Zl	SçŽ³ˆÞ*áÑ½Fà`½Ïø¨Ëè\Dþü"v¦ÞdòÌH1®$EzÏR©óœ´—ÙÞéÚ2ß/ÃÆšh°fý,ÂáÒp)3¤E4yÊà§ð²@	ÒŠyšÏŽaïl@Š&(5 ƒèŸ9
ßŽZ¢²9j|¸–ËÒ ÿ:µfrž{©:à5Ò„¢Éµé™UèØ!w'¯Äî|2FÌ*áPrHâ“y§Y„j"/—O}–¾Uä ˜€Ÿ‚Ì0›En™áÂWŒwÎIæWÀ*46œtóv(òÝÒ¯øµt]ZÍ¦Óæíplà0ðÓ˜É”ô8¦¥÷—§hÝ„‘ï½l¢JÇ&Q€É¤¾™”ð•A<Úù€_ë
z:›„ÿñü3èâûÕ™Û˜+s´.¬y–stH­Ã-žØý®®ô|]üˆn <ÏF—¬»švKn]×yÊ	µÒ|Èûÿ÷P×pk2­çäf¼Þ†ø®†0u‡¿¿_Áƒ-ÍA¡aqðƒÍ =jÊ	Œ5C[9¡\ãôŽŸ8o¸ž÷EÇiZb¡k3ØyÔš{’“¼óW&Ú¨GúÕÞ‹Ö=“°wm£½|ÊòÁÕ#rÅù›èÖ,°ì©Ö6ƒëÌ¸rt²ëWm°è4(UúˆjšÐºòjÁ9_YFº×lÁcú¶¹Ã,F·Žõ‰ÒìÅð2Ày!" ‰<e+>ŠkßGÄŠ‰ýß’Ü¹0Á7ºzƒÿ´¤<„uŒÀÞ8+¬=t·ŒÆ6/=\|¾ú‰ÂÆÌ¥ú\íÕ·ê¯Ó¥HrýtàÁÐmðêdo(éCð“…ÝëA+“—5æÍýM,ÿôçÿ£:ôá>˜5´†]‰˜dI;ŒäD¾˜•¡C:[â—™9å™öPÆç¸³èî!ž¸Ã¡htöºt’ùÝtD¹hdï‚jcôÐËáKxNN¨é™pt#änÆG>ŠÿÉ[´ÖŽç¹tîê°öÄH5vy«* ÉÜvIckØ¼iÎ±e"mçmÁåI÷ë¡Äá€ø='¨L7Åù—ßª9™[Øo>:Ø±í“)èä–ª¶SrÄ«8	š Q}X¨€ìß¿³ßR!ª9oúö‹|x”¦†qóFƒß€%-Ä3±2àïRÐÁ–=„©›e×¹ÃXîu…¥~> *^ÊN+«œKCL;><ÈÓÿWdl#	Ì}'ÿ/¥!ÐF£-Í#ÓÍmSr‚×ÝD  w"¬^}„Œé%Îê%³ÈÙº)ïšª‹{@m ‹ç1Sì­:‰Í ãõÇ„\œ©îó]ñŒl¢of¸	I6ƒ&~¡ªÄðäùd@Œè2ünQ^2”ºì)ˆŒš0±®B© fèÇ'``z³qWB*ìÀq1Ë)g)ÛDZÝ’Ûûu£¤Tp’42–à¤—`ý¯þæ¾/è~¼ïR
ƒ1.ÇM®#×dö«;¶µÎEA+[PÍPÏa³j‘Ýšg+•~j>éFfù¼•³ôÐAA‹hïÌ•Œ*¢kG&úð§»|'¤0oZ[røã°J×¯´¬2«—É-Qñ‰\GãõëQü¼ðÒì44yúÛ?õ¿ïdG*ÎR{‹²^[«o¬ÓF« */ûwÌVëx]í¶Ò÷KŠ úû@²Ê8E -œC%”½ÑA¡‘Q—²pØ©Z[{õ ¿z~˜Œ	ŒŠ8üÂ}&~l¼‰íÆÕžúùb&à¨ôbóÔå#Ý@³+x;…†
óKÄˆãžÊÀÐ¿·AèËNŽ0ØÂ˜±Nµ¢Fï‡:ÎÈÝ{/eN¿|JL²á
úçô	P™àÛ{TPÅ°hl#s"©"@†Ib•÷‚
.‡ÉPìÕ'«å_GšfžÝ\Êac B•’jO#É;»ŒæÍÔG(b¬EDÑ1Ì‹VF×<šˆÓBÛ%ˆ³>•ã×ð¥à'‚Ëyz4PÔd=WPÞži¤ åÇBÞ­þè§:®—ŸÝ¦s:ÞÕºA8e„·¹‹;Æ»VÕˆ‹ßÁ•›e‡i—ó’ €~%Œ:²÷>¶$5ôÑÆø
*N¢à´.›ÃØ%YË#v¤ª*›ÀrG›úô»6MuFö¬ãaÂ˜4HN!zq"ãë	–{~§G(`»Z¡ë_á†:Q"Ý¡KR“¥ ^\U'Zä}o©HzùZ˜fÙ¡â57KFðs¬méî³MeÏ˜ïpvØl¶)‡Q&†á‡øbÛ„dÐè«§ØeÇbKºVJ£‹Ë	·°–qæ#äýâkOsˆô†ž§ˆG"¤ó€ª‰) kƒé™
ÄµØ¤¬È©¼9‘þ(^Ì&½ GÈH*Ž¶/žÄ>|õ¹j‚ÖÕ©A{Ü&Ð`!=>µþ¿U/cŠOòÆúúÜQd«Ö·ÝwåB¢|ãˆÁŽfn¹jë!ËÜæ3<ë]pV½µ¦&çþ½•FgÇÑŽ½• f-ä@v)LšÁáƒ¢ê? a–Vy‡lüEæBHt¥-ÌâÆ¤A½¿ý,?J'B¼óyj7´|)jûM&2÷¼¾iWÙèÑ‹ûZŽë?Œ¦¥´¬—Â¸½ ª0½ü—èo®h_/K±4Øiwixh²õË˜óîË jnIó9LMá¹Ýªð½ª¾»Œ¹¡ÿpˆ9„¸÷7"tø'‡oxetrâí—Ìu„–œ6^êˆl1;Úl½1Od=Ž«BÖ²‰]{Ó—ÿe1Ýá;õ1þQò„½5áQÂûÝ	æÿ ÞßÑ¢, ãuñí=î§„s)!utÿ{ðeyùž‹’ñTá$T5Ï,‘¾'üºyˆrÉ! :M†”‰q"èÃ6šÜéqVðe¤£-þSÉøˆR‚f‹“%—Q&•êÄRŽ€;Õ‘o‚X½2^qõc	çzç¯jÚq}$žàO«xwØ3U19·Ç‘¡‘G9KÝžÙÉèá#¹üö£1.Òt!uà*ý2žt—ÍšwD-Ïð?^Y!!$|êD…¹½K¹ñ]h›ðù¬üÂ)ãžLò* »óô°õÆÈ\ºöÞÃ¶˜væ.üe5‘Zûc”—Ü·Yn°žYG½ÍÙóÃdGbiAíQUëàOá”qQîÆ®Ê?ƒy+‚¯¯´É9m½˜é¹Q±îJbù+*ÞAw\ž~Ô©†Xì‘	 þ ;Q*˜tjÊßuÛlŠ’îG£OžÀ ¦(ZÒYGiûÚº;Á ³=£Î«÷îÌ ò¦ÞŒD	J§ U7=ÃÒˆîŽBŒ]×Íô:Ì:è
§–“ïü8[ÂYÑ½ùÑÝ„Ñé_ÅÍ J#™R/YOÒ¢Ç¶…Šð0ÕEqA/mŠƒÆË3Å)PnâÂ”º”¥å£j8TûZÂn×#Žˆ‰¯	:‡§XÈöñcjµoÞX(p':©¬\¾oŠ-Ç—a;Z+7§3³é’óïÒÉ*,¡ÃM|â{âàÿ³	ž¨]`·•‰™¸vÎ34’ôÒ*FöúêwO4ö»xÔ#>NÄy.ˆÄXÔJ–¼‘ Ø¯ª#šKj.w}²m×+0Õ¥ÛŽv¡‹	œÃ?rã«æ'Bù§?JäûÊøÇÜuNŠ1ã-#CYÛ`Dz¿æí£QsTª"Ó~Lö£ñðû5×ªìMa0>µdñÔ|HŠŽíã%“–Xj<Î;lŽ÷‰F·!m1x©d¼Á‘º·®"Û¸÷tŸ˜Ö5Û¹ßžÇW ÷mMÖC;…·áð´œE‚’ÉdEUjùLOKæ–ºŠ©—®zÏ#>ðÉ•R a›³ÞS…8Ù¨fþ+»`¥{50çSOcÜ”ŽMl:"Æ0-a³€kÛRéeÅ t}êZˆ¯/õAñD7^£HF w ŸÜkÞ'.d\œ!õÏ¢>õ–€ýcj	‡gü˜‚«Û•¸Ó•¹I¼šìò
óCÿ¹Ðþ›ãÈ8¹ažMxïªƒºªÈb­Òíy¤Yy‚éÖÕÝv	ä¡é“£µhqë—Â/·ÂC+µ²LyÌ7©'€Bëý
h^Sð p(+ÒíŠi¾Í´[t¾kw‚ãØû’`f˜¿¥k.ý<WšSÆ'ì`¿§~nY=Ü–æ<Œ<q_~"l S˜ÊÝîl³Â#§8
À9ò´>G‘üæþgçŠb¶	'–¤T}Æó„yvÂ'N)ãM4u°+É]Ób®l,Ãh´\ïÑ(qÇšTå`‰zqäg&œ{/R¤ÞäMÞÒÇVVÂ}¤F )w¡º7Õèw)¶|•­•O€­‰Â9ç·zúýu–
Ë=eýíÄìºGeŽXÏõ:àtiv–£ý€¡ç°”«Ýq@n«êúsíOKqŠ!á]íìè;õ+á;×ÝÂ“–2ºg£ø3!Ä¹eþôëï´Ç@d†-ÒÛÉ¤M³>¢¾t¤¸÷¹·Í¬ÖÔf±²—FqTF¸ÄÃïè§^æÆ²æt4ãqhqÍáz£Ùêx/D¨1¦'p¾À[Y@¡÷…ÿ¦+PêJÛØü¢öK‹9þ%ÔRïIñÇd+-Ú]ÙVkúëû9ú(ì—`‘z,^ï®-|Ô4©…f[ë
ËÎS?‹¬ãJ4±ñMîãÜY‚‹OHÄ¿ÚFbiJ6{)›{tîñas> mEK¼`J¤“?²	ìÇ|‘J½×·éÑÄF±km—½ç^Ûûîz®uçG¹×ñ|-<nÛ®éëÿz‚ËàÊÞ1>n,–†Í_ê&9i	”¼fÐÁêóÁ³Œà$¡®"«
øì
{«ywñ‚»²…äœ/çƒN@•ÁÂvA§ª×ÁJéƒôbÂ“/bô~}ÿé}3ß$ŠùBpýwÇ&“Ó0À‡²fö?B­äÎ¿„+_!”°r·B
ø<Ó
\ZÅ#?Å…~p^ø§ÞsÏà_Ukœtr1`TS&¶hÃÓèòÙÁ˜²3éÖ~½&ÿÍ×¨š¶ÆF³B±Ï!`ã	Ô³Ò[HË ‹‘ø…8ö$ ¼¹À`Goñ½(ºùgw%*ð<e¨è—G¦} Rý?š-ÂQJ‡SåÄ+þŽNh¿,.C™í¦¨t™Â­ŠÁ‚îÇ0ŠD…
ßuÂÍ1”¼YÝþVK±öùS˜C€¼ßßCìoQ¡ýžhÊÏï§þªm1’çAãåœä5séµ>Û±cjBˆ!c…„É+÷XÝô¯uê­í–ûì¸0ŽLêÉN”çÜ%p_)N‡W3]ïÎƒÎáÌÇó¨Ÿ¢V œ„œ\fÊbÏ*³¥7¼ø§.ÎVGØT¸Ë¯!+¯t©lDC‚m—àfÄlE‚‰:Qˆ;ç8,#t®„JÐz™G´¢N”o+òÒlç( ŽÔ§®¤Û°‹ÄúåµÉS!¤,“c¸â¨£4ö"ñ‹½Y; °	õ,	Ò‰h>—^›qA‡à Q°zÉ5Öû†qÇëÅ3WÌ)JX‡”A—?çÿ¥‘˜£;Þ# PÏŒ
%\÷ç¥U@!é|4öË¹•RyNrÜ~¯¬[[ƒ÷'(¦&¶Y
&%bOåÂŠQ·Ô©÷º7ÞyøÖšÍ"ºÿ‚ç³‚ˆ^2ýâÐ“`K¦ˆÂÛW}±wuºê³ÏMÈìê²=´o @Ó3çÆé­ô4õ]R^'7®‘›yùlë E3—KrWmáša  Ïûï»Äq€ì·ŠZy!£>ÀãQF2ñY[‹;C£TEgŽiaõìÇÉörX®¿sRH`_0tàEoøõ¿ébà»¿a\mP—"ÒwT~²MgÒn³,¤³0¬Úš^uÆ›?Å§Òø”K•ßW\kSØØZ½­e×AMs4¤Ó5“Ž5zƒ¹¾¹žä­Uíð+J
¨­ÂÐÑðbrX(bÛ!ù…äjlÛŠÏói`þLEæ#ãÇ,­|Cj«è&­º„tÓCÄ;ËTÁïˆ„ôñv¼ÀêcÜv.z(tò¥üÿp‘»+¡‚I»#ï=‚“õZaexŽ	PÊe–¶Ô°£a÷jÍiËÉHA;NÍ2°eò¿Â3««}n9»“L‚lãm¿|ïÛ*Ïa‰*œlÆÖ£f¤ñEý„qzRh÷C
øt;ÐB#Š'žH‰ÑÓàpà9`I¦©aœÈkLÂ;b¶øÈÔ>J¦-Ÿ}ÔHÊù|´jß×'S´xöð[ÞTW¶
’2¤—PDr¨qùLdæÖ={N¾`S5N…—ÎË]Í}*Ô”=Uã(H@–‚>ºP¸´ýè‘õÿ"_Ë~tïÀ*×>öñ×
‡Ö»GU×”“
åä‰^·C’ÞK[Pþ´}«¨34~;Íl’1)–7@M£ ²Íb\™p¹}–Ì™d‚3ù»þG¿¼¢w;œÍP¦FntmŠkMËÛK!·®P¾‚<"õgëëJã¶Åe¿.W/ÃˆNœnú»`gß“Y Ù+ïÍ¿r»,KÂW²»AÃÇQW48íÆÙ­ÅDsSüÀ«Ág3že)uäA(Èát*•|ÏÀJ³–¸óy;hj\EUmÁû–èãšøÎ9$ú´S£÷r*ã'UpÞÈÍÑmm26íA<ìy¡‰)ÐN®{f=~êÙ× e“Yü”wøý¿Cq´@IÍÿ!oïñvôDÂ}–§ö*Wr:‘‡!ÂRpÑ²¡iÑ€N ¥_q÷½wvtY½³¶; ‡ƒaPpTIw"«^‚$übÍ¥hÆû¿™ðu…á¸‘l¡âPìNƒFézµb)#$ ëG!Ú÷æ¬W
1:^á´ŽWN´¨øÖ‰'Ë²ÿ¡£™Ÿ«zS<ÖØ¸3æ‚_e¨àÕk;åÏNÑl±(x¤ã<»ýÍÂ4aÿwz|Hð'ºrMâq£l!ç^G5Ú·¯[~ÛLÎ«m«j¦²’…Èÿ÷-éë3'.òQ¾==€½é®6}ý©ÛÈ7¬lÁ4÷ ð@àƒÖ€à¼ª­`ÇÄkò:%^ú “*µÆÁ½€þä&¹)ÐµkäaÀžùè×Â˜ÁÓôª™Üú©dj}Þd"š¶_3R%U³EÉÖvr¤Õ®E×I£¬Eþû9Ä–ú·ÑÑ0l_ÏVo9ø½ðJ™x¯«~wÉ\é¿#[Ø7`¨Y2ä½É9ÊšŽô›8M$<Ç¼îÁŽˆëÑ³Ùê,~z”¤«Å-õuß3‰ŠµS,÷'€é³ûôÉN:2ÚSË[õmˆK1Êã|(oÊ©ËD^Ì-k¹éeèâø.^ºóéÄÌÝ  V£Yt€õë[ÏéÓ™þwÈîÃ²‘¡2h’PlÁh36q›ÆS·Šm$[Ü.ò>jëÃ¯&PàÙ{¿ŽÒòÚv‘„nr5gwT<ÍÅ*8G&î²¿±y™îp'f¹ôØu9‰·>G°EÐŠ£ntÇŸÂçOxš®£±A‡ç+}.MbéäZeç@gat®ÜR€eFß¼'ÝøÅS kõá^ŠóŠvÔjÅD·kx1¼üyKyÝD¿ý)­UW„Dh<€B½Ë!zÛPbé(¤£ŸÅ‘x»'öÈ|IŠEå‘wÝ|Hç>uòŠ×ú²¦ïC?Ô~G V¬¾]²¹í×`šõ{¨=IRŸ³í¢P"øZ«°µNÔ€{“ìq"xÍƒztÉ©>×Üx¯¹i;Kr/c·!‚•Å`æ#LÉ‚rS.
3‰Ýç`)§–6!£—Vm–ò‚´ìt©¯2÷…:4`öh8Owê•¢;
¨GsŒÚ0Á,¯Q·iËÃy!’Ç•GŽ_ÂYcË¿ø›bf–êwO‰;›„f­´¼ãŽ¾µÓt.'ÑB.sïŠ–ëYÅ† E$ßÏÉš v¶)…RLu¿Q\‚s¦úiŽŠ³8'+¤yD¨­c6á˜ñœ>%€eç°îROh2‘¢ÞH)Œ˜–×ñcKV×€ wV\ìH—åÚèÖ¥i-qð‹ŽÎÊìRÐQDüÎà}<‰­1ºUEu‚MB×¯yJ:  Žöë³#&œúÊ/y(.Ð•_“ï#¥JùhF}\RDyÿùü‰U5|ƒ· 8kî=Ü]¼tÁ·Ï­ëA2lBÃªJœjs¶É¨ M)o¥™vÀÙ…X¥Vçÿ×Ì’èÊõr	rJYTÆ(KÒ`¦–‡œwéÔ§›sÏkóƒØ–©øq@º`ùÂe÷æ*CC°º\6ì¡b»,”áû£;ªÖ[Òºßì&›âi#%ÝÚÖÇm)ÙÅL’H„ÍKZÞ¨<Q¥0=É§ãI‹Ú”÷³xp%èõ{rº—èˆëuñŸ•ÕójÎFú@ÅF=!€YI|ÇO„->f0!*›©n¬Tgµ©e4í1Ž'{»ßæœ*}7‡<¹úmŠC»…ÇÙ­—£oÞ1¶t§+Ñ*]é!4~Ó`>Pñè´WÆtÍ¡ IðHÎ!„œzs2èTã¥eÿ\æ±³m†øP&;ß…äì&+Bb{RmQ4T>«1í·ìŒ""ZÎ§…)¨¸Zœ®][=¾Édìîîã95ã”—\W3"‚Êq[MíêW&Ÿ„™ÿÈ Rz¾:¬`ph”Ð	¹ìÛ1ñv€“Ã|<uRzÅ°ÉrÆOÇ'ÚïIÕš{á[ZèÍÙ=âðÎ—æ<"¬#ðl]Înš•)ZlS?a^ƒ‘ë4ûA˜îgp$:¦E5m5Ä.›Ds»úîQöÏj§¸äg¾”ñå¹Qj+º“Uœ¾ä³œƒŒi8•ÐêðV§BVÑ8¾õ•Ž†dU\¥DÁ<Ê=½ŽætþÐú».¤u?±ú"TP1VÝFßg9á«³^Çý)*	Žþœ«
u¨( Ûš÷/ïÄSXÉÃÀé«`â–ÙT¶ÌÚò=äù<’ç§Èš‡¥_³ÿ^ÃTqš½Þvk”Þ+ãóÚØ.³	7‹…h‹D~g%áùçb_‡(¾&?ýÂ¼¢å¤¹Ÿç('D¡àä(ä8Ã79å´´b“HÛûZ­‘ÎüR”!”~jêŸñÊÌ…ì ½M&~!µÉk"…q÷&[Zô”ª=àú”c´;hb	É†–^öZ2J´Tç«R ü»n£•?¦ÖWþmhÊg^·êeƒ¼îž¡z/<Øá§{±q
<¤y›YNd€_(Ã±ëô)K¤>šfÙFbªA¿ùÜÓšÒÝrÅ­ªH‚¶oÈ¥Ëä¢YØfbNéÓÑôLGÃÅ‡HqëGï—æ-¢:îÆ³=àëfö)•üÅ;ì´úN•ã@6Eä*Š8ˆžˆ%UAž\Ï=Ž\ì= Š‰\$nÏÓq³ˆ ä›>Ãl	­ê¯þwµŽõ3C@äp›Za6¹ê!$XoA_tÌY±På¥öÍN7bÑ øÔù(7vKÈàJÑBät`·”ö}b[è/O-ê±ã0³«sæT¦ÙŸ•-4¡u£?y‹B‚ê-Ü—t1Ú(î¢Ï	h¸¡RFž¬8g¥àáøŽ¥Ý7ãu…DzIÕ©ª½„”€ÞÝýFïüÆ÷–€lLª:1þ$ñoôìñ¦Ì¾\ôL…Ð_bnšWÂÉMßæ\ÅŠøO
^îá/aýùÿ@žöYu61 bª`i¥Ù“jÏ)ôdä<Z‰÷MÖ//•Kß
Ÿ{ðÏ‰¹ò0åÍÔhnÚÆ¾b«‚þ)…Äg›[Ô)À7òñpÃÜB$ÖûµÙÉ¼êù<±¤Rî h’CT³ˆKw²ûÆéÿíÂGÑÙ²Ì1yÑ·qlAlW\ûoáLÊá~bmê“ÁÙÅ§­9SÂå¸`ð¯nRQà>îRLŠP3~2è´À'äºh‰½eï^_e¡köü>oaN»`ÐØ Ê÷Ã»†˜)>Ü0•	1 ÆÑW}‘Šqaž-M¢õØ/0ª¶ÛýÇs¯¼-`5f¡j×ûè’¬Êîƒ†ñbƒã™ªäí6­U%@5]¡úçY”jäld^²¬|õJî‰’Æ.~ÈÊ¢àDÏMÎŒå	?Š²*Î±¦¹ìfóT~7zæ¥ºñyÑ¼,FödÑ€{ä¢§].6äd³òHÞ¬Ù‚‹p•O“¿¼Ä³Í<¿9úÊ©Å¬ÑS´'ê%¯öíÛ”Øh)‰©üü:%¯Dcßtþ õË’OYiU~%CÒ§øU>!Rf™\q”ßÿ8ºµöãRû÷AxKÎq©†]ž½n_èì†¡À2ÿ‹9+ÌŒ¬¦Î×ä8Šã5y}E'1lX•2a+zm¤H9b`¥(R.«dMcÜ8¹ûÜ‹¼¾/,Õ²Œ{Ò¸ ïØh¨¤ÍZ. ×aÑª@JË`Á;J[Ï€ÀÛaå3zˆˆJñ˜aþ±kS#3ßµÊY	YPõeïÀôÌžƒ>‡âÈIOÙ¶¬¾BÑú€!‹ÉA%â£‹P¡@Àr†)×j>}IH::B}Í
OÌ×«`^¼òÀmmj@Þ²4´M6{“ŽaÛœJoÏ"¨õþç@Öó tfèDÏ@ËÖ,®–1>É4T{KÑášÈ$;Fu­Þd=Î¤+ü{S‹Ê¼vÙ›§Y¹­3uB¤„¨À6ö÷Ä_¬à™“@­²’8šY[ZmC§ Ëv%C‘³ÞÜ|¿Þ7C0Öš!#Ÿ„|Ä˜)ÛuËÆ›¸Næ2îÄ¿’>f¢›ñx€«»¯ôÅéïðÔ¿hÑô·ãÓ}cIuèé@[¤‰Ÿç¡~LöÜHçÎñî_ÊD©¸Õž¹¡Á
0yíê›S–º3²±\æ.³¬ù\Á/Ù^nPOEã{FõÖ/%±‘hmŽ6–™Nªžk=Îq¦Ú¶˜š˜ï‚líy‡”wU¤‘íÝ€ÑÊ×Ë“ÐôÕ8HŸ‘(\R—Ï…Ñ³Š¬„ÂëKzx§´±+*hs‡I§DPY`è+?ÖæÊJ·Ù%³â¥¯úEDh@^ßÉ>#9ñÜÒû+|f€Æ®þD+çjÇÖ­Ø‚²Û~5//‘0·gèÆERw dS(3gçzïm:‡=6Wô€jêi±ê^Öœó€Â-Yh¨ã[©\<IÓ®«•û,»(Ù×·6êW„d•û^m[š±}â0¦ïƒw8¯qTŽØ®{	Ô Cb…(òç¹ÃTB"âs¹æ;Õw,)†*@Ð¯Ñ9}ï¡ûƒ[6A“cEóóÈ/lâ‚&¾×r‡¶¦P­­6Þ4ÉçÁl²„s)ca	*×[¾¡R¦ê
ô©Ï¯Šéå{¾MPc[¥‘Û—±ƒpi4îËK‹î*Á§àñ#û¤]=I€a5d¦ªÓ‘]¥áÄ5BßüL‘%ÉTŠû_¶1g†7e—óíheÏvfƒ)‰(:H(»	äý»-æAƒìÓlÓe)ÊµÓåû>—î[Á3@tügs £Ã/Ð«‚ô‹šúéÈºa±:‰Œ däT•¼¥·N®;ûhÆ
¾ób·1?ÊïÏT~q™xäàó’LuõÕBó$½Q 
^úi—T“¼1á97g¯9š‘<)–w-™@›j´«„ÏzQéUk#Ç«é³ÿ˜egÍ¢L„äv³O!éRˆUwö‰ï²ÂR_zÅ~šèD¬«±ÏQFðè	q™«#®¦Î¨%šñâ^bd¨X`/3Êõ”p²k°Ú¯JD™ökL;çE÷Ê½Ò
ÕÎ×?ô­Æ]'É'Ü>Ò§Tnu¾§PßÖÐÆ©úÓåoæ! ‘®ú>££ÞÉ“‰‹.ná8/[Sp!RŠzk°Pç§
¡m1¸ÄJ¾0°é&Ò‰/Ç\ÐE‹L•r*»òSuÕÚ­Žd ê!ïùŸO™Gpì‹]ÏñpäÍ?}¹;'ÅérIÏ†ö€ræN=(bKŽš,ÇU
‚AÆÿ¦¶(»[¹ÐëÕá£Ç_¸¨#¿˜¿"[äÜÓRokÛ<Ô".íé¶4úÔç‰1Hgœj–Ì=$–(¸ÃS±¦-v8}&¹ä¯šÇBËáÇ·;^×& ÌÃÄe)&Ÿ7Ù’sîD:ŠA7¨)Ôe;ÊÔÂ;gß-×.6ZZŠ|6ÉÞR—É³ª$ž< ÍérjA­ÌP?.d!ËCù`T|ðTØ»#·ÛBwÉŽ«>Œ 01¤$D8&Ü4áà±XdŸñ°¬.+N‰Ôä•È­T°¹‹ôÆ¤W¾Ý¸Š©=Uæ,©rýNŽí$/ —‘{U¡š¼+AÝ'·SâNþûÐÕÐ ,è†&bçlæ,«TÀ8µÛö40Y¦`MóƒÚ!`îs©ÉÊqÝ¢:è–(ÝÎF•9K,Ö"¦”c"šVÖõóoDü5ö%§ž·[l¼k<‡–T;Ëµ)$^ÎmD
šp–*—¶kàæ:Üüq±Ä[îvå8{µ’òa…yk	¾~\E+é®m]§ÌÚ‡è$ÙÎ˜OèðÿŽ½oS¯#Pe: É:5A<«µŸ_ä¯a}Ú×õÞØê_©Ó‹J}:½÷ZÑ:ŽN)Ü¥åÈ'_7O]º¥¶ÆÕ>ÚtV>ÀEÜ4I3ô¾f2f4Bßc:À6c0ùÊ¨OQÀˆtù¬L¡;R·—P3èÝ¥e ±)R#f>švb|Çéì°œ¥UUš†ß{M/‘’²8dªóî±]÷^&ŠU‚·^ZL	åHOË0a1BÔøCô/ÁBb{ˆf¾,ZK}¸,Ê‘4	1‡éÃn4ÞÎ‘UpÏS×b¢4]-W`í\ˆ:9•š:ú÷J©½|çJ“¤JŒKR¿ÊLü]lÝô°ÆÛZ["û2eôƒ›#ª$¶GR»ÏˆbT6îpÏ#Ædß®j[0ðòëWQ0*i¾­c³ƒ‘@ò’‚VÙýœoê1¶8ß™¸]´léx¤»ã&@R‹ýN#~ýääúÔ“#ÈÃ/Ké8–DF/Áàpƒ»13^A~c›¡:ð´tRŸ
XÉ>E;«Û¡«1½–ïƒ±\Û1•ÁzÒ²DÁÖ{[ƒ7ü“87ÿr°ìÀC•vröÉ?süewÌ^ÿF9plG“Klot•C0÷7÷’J¼iÞÒä¤)ÒûF§¤ƒPŸ¦ùJX’-$_“„6!ò¹dI+ˆ¿¹¢ˆ7Úè:VP¤^^¾?¾@‚ÑæôÿfG9õhÈ† ÷iæY\ÒÔ4÷uúö!dmÝ¦X½ê±nÅ:C9ÝòÈ‰×Y¶	ù5xsÍ€ŽïÓn^Á^7‘Wdoì¾€%±{í~”Ü? aE©à²Øz^Ì]àW&Š=†þ„ì;@ÔLMÜDÛáAtóÆBq1—$™’'Š…kÿÚ[*r*b	1£un»J^‘\ÞZþ~×›pùbUW±‚M?›ùˆ†Ýb›¨&õ/ÙA¡_ýNrž¢HEf)ïRÅ>wE8ÁØ¡ãiìënS8gÚ× Ž*èÌ°©‹ººü—_C¦øBç¼ƒ†›ƒXc¥0½Or}ð@ÞßúÃ&Â¬°ãZ‚F}U0ŸØç66˜#Tq`x6 ÷:rãŽZ½–ö ~Ð*Éj`Ó»hJ[d*®š¤t¦Ð ›x°ù^tAþYCú7¡†L þ=®³ÐDùEk[W¬'k&9½ÈË
1XûÝ &ý$ƒyã&¯œ½3~úXN9¸šM£-!<¸â!X[c.+I5Ÿ–)£i“i ²ÑS¨dPcN—Åñ°™åµ¿ýéNZ~lÿOï4éßW:ŸEˆ™Ø]Ý!Ãº'x ¤gÇnT%Çš^p¬ØîÀl`8èØ‚ýX-#†üËC¤yq•ªÏÁ˜?¡x#¯)¬³¹Xß’û«{3¥ÔvICð/dËTàÞ•=}¯˜Š(À±Ì·j¯ÑU	L7LzSo6Üj¬aú­0Øân¾¿ã½çŽc?ü"ˆ ºÌÓ“w-ê„1¼0yâŠÑ“eºTRBGo<™¹"öö~@N°ó½³%R÷+ÑE×DRî'žë—!n–½;Û¡šÙ×Ö6—æ¢m)`‰ÜÅGV–ºÐÙcàÑ·œþË~!*,–p)Ð³£Ltõ0e´ÚòÑ|ŠÐ°8‡W­©Xuýhî®áòM7«ï&Ò-¨žo<ð}vÊ=ž·¹Û4®šÆûk/ÖU¯3‡ÑPXbSÈ¯v¸'y jÂ¬ñ¢l‰`O &¶n|ÁV*DÒ¡%ÌÂE0jDá ç[û3Q8‡§òMâòGü1‰ü{ÿ™ó—”K÷1ìã,3R/Ì%¦ðÀdÞ7 ®‡ˆÍ”Eý*
U4#Ý'`Ö@!bßgySHé¶¹aH¥„ ’ž·w‚fæ(*Î±Zr7n,R¢õ¦ñv¾¸Ö$X<áç¾À‰gOH!ê“lýûnGY* Ç…¬ï“IýFs" üÅöÌÅ'ãT×ûp È)d÷¬õÏl¯Ù‰!ò¥@-­©pë¯cŠB­=ß	ƒ!Yž8L(Alÿ+îDhñ®Íü\uås¶@äV{yÍlw$EòÞ+FË5?^uŽ6QôÚ½¡S0­lyÉÚ4§\€iêV¾|P j…Õ–;¸ÅÓár²i˜#|K=e|`ewF¾·ã=Xftò _#/ž«W’×6Ï?aa9ç„3„ö|²Ü}p­ä…N&b&Ôš/Û6¥oŠÓÊØq
ÊÖo«d%og°!Å³“Øï`ß}Gñ!©04ÕƒJŠ´SCX»~ pÈO¹³¬!EŒ¼“[Ú“yÎÊ=è*[GðÞ!EÅ-‰—aÒ5ŸÿÖùô«N$yH$É•jP··qpbÖÕ]Ð,Ç;íî7‡ô‰y>;Êc¡FVv €êš«Ô‚”ŠàÂlI©ëá6VY@f­Ñ¨4.ŸòúK½"?×˜@·íQÓ<õ¨¼@’­ÂËýõÓÛD]ú´þí…„ŽªÖW•l:~ñ¦|DTÜ_ïVf1PD—ÈŸV3v×5 ]Ÿ´<iLæäå~"ñäØ›>ôÖÿÓÚ,ã \W
×£P¨›¼Ò&øgçu3Èé†D¯¶ä’Z3ð¢ü5ÛÁC¬¤N	]r±éÃ&N6÷Qx0Ó©æ8ùí¿L`27|$ ‡°Kk›v¬ß©ùœ(€ý6%B!˜¾ÿEÛ,Çä?šr2ãFm^YÞ“5@°5½Ïo[³åU[0LÊÍ¤¹“s{ ðuKÐ"ó^]½ Ê\ïî’<1ÞXÒq*‘rïýðº!Ž>Ðe0:×’FŽa=ØÉÚ<hæEe`WäÎtñó6a¼n?)æÁ"½ß×B4uóR±âYŒ{	÷FÍÙ)¡W¨ó­¯‹4P„VÜeµÊòSp”¢¹Åg4;|kÄ ÷=ða*€D^m(ˆ2rü~„l„Mµ¥
¶ãÆÜetV©ÄÊî“žFeŸ¤œ/V<«SâIpCœjü(%°Ær3Ûgkñ¤—@?ªHvr=i
Qfòâ«tTÌ/N¸õš¡z~—}6…ý/ÿ)‹¨lE,§ï??0æŽ^Èkw/20ã³À£KA·ÜXjÝähøåIçyÛ"b :‚pnÿ'/Êå”“9ŒGkO•LÑ¿°Wæ|›9³Æøz5Ì2Ô33àÄñ¨ì `m;)T_íBöµ"@§ïãg&Ü÷ò«[\…/ˆHwâ*ruÙ7o=”D•ã}Ï®·ÒLüÞž;öê²íó"²õ¥ã{­MJBSÀÄâ0õ[|´f©ZÄÀÌ×lÚôžlePb;Xå‘¤úÌpÄX…g‰©þÕW_ e%ü„ÔœõBQßÓÉ â°ø[Aå¥Nc:²Ç³U¸œˆ!íØÐ0IùéÍP²Àie(Qåì…˜üÖÒƒ5ø¸g$üõÂ©ï20?òE.žß\;rµÊÿpê†Ú¡ÃZK²„ÕõxE·šQ±ÀÌá}Ÿjlx"?wüG«®w‡5ú°«óŸ!€Ð^‚å{WsÛ([~•Êž•çåe7“}Ž870wµÎê‚s®ãÌè-.0)óâq÷ðÒ•@}%Åû™VÚ5•Y¼âÎ‹T[ töpov»`×nåÃ·>úësU›¶Èã"f‹ÀnÉsþñ^V&d£Ö?FÁøZç‘I
*[mª¶‹¸ ÎFÇÇï¼5æ¢¶§Ü}$é÷³/ÇuÂF¼ž¹?p&rBìÙ´–À8ßË;Þø“ú2t²
1Éw:CQP‘û.t%ÈŸ>`t6jÜ|‡ƒŸÜ íº6[­ ó—/Cô5;õ\=X©ßJù*òƒ:‚­Uy0¹þã€Á‚§°¡DÜ.å ä´ñÛ,á3d¤RI wÈG¡³ ŽsÂþ«¸9m‡"0ªé+ü¢´ñ–‡ò‡l°ÂOõYbEŸû‚ý O(sÁ0y¢«yé¾sëdÞ¤Š­tjŸ…Êc‡ÒcFø«wèSöHõ›¤ÜØ•O±4Ô3¶G‘FÑ]M¸\ :ŽÎ¿Ô+XÜäÁjp;”{ýrÇh¡Lº&—–Íd˜áöÌ{ªhÕ $–ˆ¶ƒˆi^ÑÙœÈ©eTðÇ’»ö¦“àçølY¹p>Ç Jäh[÷"fþq¹ŒÊ¯>:'a‘›Då1ü±±>Ë›¼`=Ç¾MPÆ6¡Ž|0æƒeËÇy F®Ø»IÔ9–eƒÖFCÈˆa§ Ïn•¯<²&ª×¤ÒREl ³Ô‹—S
­3b%Â!«€¬á¬vá9ü·¼¸E¦…¡h{{Vé!«„{0A•¢CPMC¹;' gï6~º¯ÕŽ¾±Ò®ÀÓöGchUc£Sµý†«¶žû,R:HeÂ<Â¯OSwßš}È,’òi¸³Z-jÑ~}ã})Ò¿ ±f—â%iÛ™u¦ûŒ—ò’8XoÉÙ‡18#ŠÝÎçšE”Í//uù¸Ü+hƒ	™XGGí”¦ Î!EPÂ{À_ÔïÍ‰)Ÿ’˜ê—‚T?ùþu˜gÆ!ôxlû8{6
F,}Õ¯Ýé?”'uÒÿ²²@™ˆ‹ÖFÖ×ï¢!sp®!$që6€ / íi­nðàR~pÚÑÝØYöRÛéxcÄU¡ß¿Â^ÝhŠ7ÉËÂl‰Ö½Ö>©¬µ'Ýø)ç9§Ùf†GE‡]µÔBÿ$D¦	|OX\¡°F½i%‰àÚDYôWS@7e²ºO¡q„«›É½ÏnoúöÕLd?ßƒ¬²´ ˜ÂGÄ´Šiê3"öTÁ†.‘<MùgÖÆÂù:¼ó¨Š–ÚØ#ò¿ŠÛáRäÛ(¹: »÷ÔË¸Ãv*ö_·ê‘f«¾”âeÕ¤á› •Ç<:C/š–¿e+…R |A]>¾­eÌÍ™5ìSY>'bÔ”AÅVö;#+Sý®–Hsò6n|¬ÈúÂ”r;Ü,ñ~0U¾é•Â˜ú[JLÿ4Ú]Ö£)”x…£fù/Ëe¤PÃsý‹¯ä¢êæâ³4SG·®¼BÄ¶ùÑìÈ›exsË3Æy°GÇœ˜Å†³,íß½'çvÉªØôµkÊˆi2ð¶¥]}ŸÈvb¨^õMî÷™£VT©3kÏ™¿Þ(•¿_Œ9¬2Þ.½<¹g4Á³Š‚&Ô«6hc¶°Â£üB“O%9Že;”.}Tÿ¥»;tiåËä%85„É—KtžvÇo¼Ìx¹þ{(9Þ”7_Dè¯‡ŸþÐVØÈ˜ÃZÂÿ åõ2ËÇ>ÙOz27àþ@øær²¤Ô(¯êRäênDJ•ˆ<ú"ŽçÂ
.ÇœYøž.]ö•®\Æ‘ìálFÊ/‚^°Ô„®7JÝÃî;ýèòˆÂLˆJ6ž‡ýì/×AD½¥F.åOf«‡ÀöØ…„ï*“Šº½÷[Û‹¯bk—òlU§óÏ  6AàCŸ9ì
eg ð-/9Õ15Z(N"™¾E…Ã:ø ba×»+üG
3Šç<éžñMÓ³†Cn&÷¬gU2þs‘ch©‚c”Â4‚¤8ÙHð8©Jÿ—#–Ý²;])„PïÍÿ‚ÃåH@Œìñ‰*íˆWP5#!ókÙ°×)™#ÉUþD.£z‘…HXáà€IM
Ñ.d¸}ÀîQ55TEP¦ÞŒYPÔU êÀšqíè´Ä%¾G²Ÿ$ÊÆLqÕó¢P8Ž ¤ø‰¾€Jmx;¹]Ä^ö?‰çPQmvÛ®k.=¦Øç4-«’+zxš hÎl®d¸Ž¢õ™“|úV˜8Ž¬¦
œšÉr7~õòÝ½š®ã§µ- FæŸ;\0WQeºôfYÞØ:åw$D¡!ÕO×¨¦ËD(U’J7%<»h
Ý‰ÎŽ@N¡;bøu{úN+wö<°Æú‘ÿ¹>ôê°9Z	÷$¼óê}([ªßU ‹0w‹ã</é0ï™Ç:09y†Æ=%?¿ë0<Ú¾eúµÛ¤UÈ;ð¯»”Øg¹¨›¢úàáŽlL !NZ*q†+Óáñ~°H¦áþ,ï( g³ï®õã©gÁ@'ÓúDÜòwšLHHß­mË&]›êI?*7‰MXöÝÕ†qu«Aš†æ­&•€‚ ‚¥%÷#DÞæaÎ†ïã_¼ò„ ·Ä,|ü#—f¨©ÿ°á¨çæÐqˆóªv÷?¯þ8 ÛŸM(üÊ8ÔèÉ ›?!úä€á^´…û¸½UŒKÛ©¥»¥|Uº‹GtFØ®þ(n’<å¯`ààØÇ5çãÒIl3"84¹ŽIÁ;rS"¦#4£„1{GyaõÔ!˜¡SDS§¥ëS¥>ÑÔÚµãŸÛ#FÿÛö €]#ë,×6b%ÑÒt¶w¶50!w-± &h'ìáGl/ÕV<ÿQd5[yàÙÇÜfiM ?2—%³¥½/çñí‹:³™¤¬±%·*§Šõ®Cæ‚cüV/µ\àM‹ï2SéYÃb³ÐwHFx<%,-„„ÁE	Á÷]ÅD­eãÙ ŠôÇê2žlËìûD”IßÞëòÉ:ã²XAéÑíCËlê™ó˜žºòåC;²ÑüÞþÌUþÙÄ
—×â*÷Þ%kßf0[ÝªøÙ³¶Þ®3Þa_‰¦sÑdÄ kbu‹`ˆØŠ*N9IgÎK­é%»R½¼-ˆçv©ûßL<K˜omæ×=Ã¸^~¤4Ä—€Å/„­\Ü–á>[„Êa?eè;
mk^´sÄÁHß7¿l°Âf„FiÂ÷f}“ÝHž—QÛE¢Ybœ®ðU”2ÔRU,fi’ò;”¦||¬Ôa Ç+¤ä€Û3’ýZÙ“4ª2CÀ/ØÏhv{†ÛK,¿"+.â,¨÷óÕáêàMŸñF_“R'mx6…O
ø6ª'þ•“qï q•Åiè¨7‰È˜Ë|­W(jÒ‡"ä­4¯%A˜š´$Ó’‘v³–)È‰öéiºGJánùgã€TTÄ¢\Di;‘w|JÐá|+ùœBt4Ë·œ§ôvçc¾(Ø­$Ø$5åfEu•l#À³È]²r›ºLåÂ&)øÅvŒÕ—wq9ec²îj ¯[%q°J‹ÖyX80¾×AþH¿‹£>öîž< ñ¬iŠÞÜÚåä^i.Ó)=ùLy˜·¬A@ŽÚv/OŒ˜´-§tèµ‹à,y®4 –)JÙî8ç«íçãÊU‚>vadJû“Äâ ‘ƒ™²‡pÎ:Ë˜jc°—•Ë…‹Ë8:z0ýÙjÑ2Oª\hråùòûsDh$ŽÛÔïVœ@p2Ðì€ÊÎø9Q¥w°°\no‚xœ±žkÉ\¥áëe9Ú®`Fh½¼‡–¦@rhÔÊ¯k«r8ûËSìy4äµäÅ–6j:À„“4¶pÊÆ1úI^xóÑ¤³€]ùfó¨ùš$‘p1Î\¥,$v–E./åø¯e„Jù­ðåP·÷ø«‡R{ÑfË'ªì¨G˜Lu¸ÜAJ|6W«‹=wÁ$DðjLf«36¢.Ypò‰ÒbAI—,1ùL ?£ÑS|f.¯(i4))G'DpÒ	·;æKø®ñ.ŒfÈÖ_À
Uaš÷=´ûñ ®ºô]K/°ñŸhŸè-Á+¾
‰¿Ï=Ò³þ )nàfÙ.ÍûBÉÛ}"M´ÀnAwÆØ¦ÔæÖVŠ9‚kÉÁeí.ª—ë†ä4\hß{‘Ž1‰8Þ¼˜3G9¾
‡w]Š3„3l ×ëËe)›ípâJC±Y6ãO‰6émX@:·¯C'Vß©qð¦A¢‚T2Õf<™mÕé:I/ÌrÝô+ÉÇTÓé}qnÞÑd9™/Zñ¯È–xSta$ØŒ§QÝoTÅÕ»ú] ^#Ž]àÕ=>ÖW;TÝsmIÚ¹Æ›EŒÓ6éƒÄH½àËTK”çöØ
aÿ‡Üz‘†ŸÝâÈ®fáß¼÷ÕUVµõõµ_v©WòÛëQ+Jh
GÐ¤?‘ 'òt…G/ëÀžâ<Yh¡Iõ(É÷W7
ºs•ø=é²¾@K°ú"Ï¶q,½Ù•PÄ¥è·«Ò9\§†ïtF"Òe¸³,ª9H”È|ã¥¾NF0Åc²NAíàÎÝæ¥ÙåÈˆhB»¯‘
¡rhÔÃ:AnQIÝRy¬C—ÜúvÛ»~Ýxñ)Ý?bL«”Š>Tý³.˜º¡îÎï­aâŸÅþ Ð”÷®(·i&k¾Ýú©‹§ŠÈ ÷Œ‚1¯g„«eâ…fY<•á¢~«m\›m…–uLyò¨0=c{ä“`E<&ÕgÝùwyÐI¼lù€®êôÀ‘Þc¤øý¦à
Ð…ìYl- Uö…ð%!æ‹ß¢Eþa›ñ–àk™„{v©‰­”{³4´‡Z4*˜3Þ³
gZö¡¶Ä±@Þ+ª^©*^¡ö3­¥#¦äÁHúäÊ9g,¤Òº_Çm–#ÿ =Û;ïu—7:o¢|Î7¢]€X_£T:±P×JÿØêô@p)-ÓÜŠ³ëÎ«÷ðî¥W£–%ÓúE<ûM‚t¡à•!Ká{|È`-H-Sü×‹/êƒgkê~M<¼|6–y´._	áŒàóiBeäï°Þ³{Ÿ(f'…þe×p›áÔ8U9Ç(Œø.?ýb\˜ß
­k‹î@àëŸngg·î6¯ Ñ^ÜXiÿžƒ’W¾³úº¹f):ÃÁì`KfI"_ÉO®HÄVÃK¢†Ê^—&Zí-v–)[ŠFÔÓT1ñÏ&×ª€À`>\`YÞ ¢.è…¹ÙÙKcÆ\àÁ¨ãMu¨\s¥òs×÷x&-QêÁî¡êy¨Xþâª,q-&*¸Ÿ*bÁJëØ‡H6üsŸ£¤‚g6É§S¢èvºF¹îB©îTˆj{W#_¤m‹"ìžV?F½•Jq£ŠD{~­ BÇ—"G—@cP¯öœoÀ;çšG$¢â"±+rì!ÞCˆvÇËÂýç,/žA	,-;‹œ­(~ò;Ü7)ÈwhŽ:Ý^H±ˆ§ž%«Ç,wdæµãz`F…ÅuŽ…âèº92—÷Af ô¸~e•œ 39·T©Ú—Õ¶Lí1ªã§¶–ÏBw¸!x5È·X)	‚u­(Åª"UM RÑ°&Õ‚ÐäïÝý:ž@!0´_9‚@Ä¯¢sæ°9è$H0™ÜmBgE»~o¦Bâ`Gflá£Ùì£EmÅÉ­ù½üLV  ŸÕ*^âUŽÒ¢Î–rŽð¸¢Ì‡ÙƒÝU¶µ(~×hf/¿Ä\Ý^d•žíÂ#Á—ÌP7‘ð" …KœÞßXÓ?oÏ
LÚÖR6Y4¥9³ÄFÐÂc¹âk¹µ¼	^%½0¡ÄÙprƒ¤±Ý×6C%Ôže‹u³]Ç²wjå[®e,‘õÆ`«Ú6JõQ>‚ütã¸îSé
©|i€*óñ¾qW“+N¼Ÿ½ô(œKvŽ¤öe°ºÑj“ùõçÏZwñD)nZ¡/ûÏCq|<F]þ+£×hG?`ÚºáÍ²*»»E‹mR”É–bõjãiž3Ûx÷OR ¾]eƒòrÊåõÈ’ÞïöÑ!¿£fw?rÓ†ÃÈ{t„eóÁœó˜,‡ÕºP|v\ºí=@ä>Š} ´Ÿñ(uÇðNì2†'e™§¸ 2‹M% ]}X%\>»\Ä}cˆZJ4qU›1"ò‚MžÈ¶G[Û"VÌ­L÷:ì=’¬mõƒôUÞw<*?Ú3§ªËŒ=8Þñá<
{s>ôÿõÈ YÚÃðÅ=uOUº&ÛßÕÜá€B[nh|ö~&ö»*ˆ1ÊÏÙþŸ¶PÚ¿G?ùeª)ö—²qP9ºS	7ë|)ÞøþŸ4{ø]ý$™5´µE™ìñsR'âŒUéx×†‘
–“’Óý©¢~Ì›x¸0O	óMUésé³°cêÙé¦ÖJ+ÔÏ¹©<>Ë™ÓkMêqD­¼s	±wÈ]}Ô9>¯”V<=+ìŠøTÃž³q)‚©	s–ÄQ'K"!
ÌjRÛ l=+˜C> 0±üajÿè,Ç²ëß›æÞéøX:~Ÿf½•ãËIÜ¼èdgšE;œâ«<TM€³ÒƒÙÒ•AÇ•}šT›b¼$Ûª<¨áî-ÓµÃ÷hàõ_2Õ‡”-†ÀÃíe±»uiy…l‘ ~ÌH¼™Q™‰]B¬÷K6Š­r’R‹¯»ó;ïXŸŽ0¥ØÂAbDJhê^–z`qÅ}3ËVÎ•Ö1Sô¸,1ÝSœkž-¢õF„a¨ÜKÕåŒçáQÇ`žÒ;¸Jœ%m{å-lc„ùÝ’$pûH¢di]óÛpœtÓ±*ÍÎýá³õPßw7 goŽò}Dá^_Ææy!Ò#†¿”nÃÆ uw"žwIÒš×ÄõvŽ(òX )xI‚ÍtÏ#ð”i'G”xe^?MtÉ}¨Y,D/µ1åVïyJ&v6>u;I÷>H <6uùà }ÝKÑøžÏsŠÊ=,¬ÙäzÃ³H†µ÷Î_D28•w û+• ©Aë9.‹¢N]ê!´¤ý2š*‚³Ø
É[A²¥‰ïIÑˆÖY—ÙeZc¾vÃ$ Ôˆœ‚ÝÝªU%¤“L	ª5^Ô¡!¬»½ã[—ï*ŒÕÏÝÐjÁ(+„xãméã‚Í  1µ¶ëÏÎ“{Oež26%k?Ë\qzî+ÌÃDŽë™jÊ™#QT¹äÜ1Ó«hÞkrMôZ=)µTð¤8¢Åqè­Ù;‘!Õ™32¢T mBÌ¦ÉUR8cÞŽŸR¹ÏâTµÚìW1}>0·×.àsŒ/Áaé,5!nûPnÿM!«Æû’:äV­¹24…ÿ™ÙåòØKâsN*zÆ 4[;ò¯Ä<´ëò;êøœD°‹kõ[
ÑóuaaâÝ¯:-¯š#hÅŽ"ãíb•ø†—3Î‹l„Ãkº¸4nh¥V±bð[[J/Ö‰1Q\iØ[ËjŽ@E£v7L(R9½òG˜…îáÁNVÅ°Ïªo³(êëÒƒMÕÁv´ù#µí¾1@fQj:ê
’Ò­’ÊËÿ„’B¦™;®œ°müÛÎD6CÛ<Z<Ïá	bOº€ÞZ—]}ªl#wÊø&O~§ý!7<3'«(Ð´v>êÔìÔÀTuß˜¶º¬Á\ˆK	w©GrQw™’1)ÐÅ´ÎäÙugB³ÿ­O§v`ÙOªt>3{É yÂ© ¯Ü^ïtÌ5ò³õ™Šoâ‰ÁËS¯¢ëÇ‚:n^/nÅ-[ žƒYAš.AÙ_rd‰˜’5~ÒŽâèŒé^\Ž~C~Ê­‚¿ýýÝžþø·*²pŠÿ)Æ.Ü\J	ŠaFÚH“©¾¬ASB( -XBÍlmxg›[&ŽJ®æßòmGn3[((mõ¿‹­«Y®Ñ±§YAíÌ/ŒÇÎ<»öoÔWÕ¡¨á¬”^ômtÂ·*/·Tª«=;è[k È…Kç)ZT™t£ª²Jq‰ü÷ú{îþÈÂéöQž38ò›J>È„à2-p0zæ?f$~¡–:–™MÁ¦^š66Br.,xÝ?åTsXÌ°õuã`¹€‡¹¾®TT¼*|Z{aŒjÁé:~Zûí?!e„Ä;Èù z……Hö²ú‡~ø©)y„œÚj @x÷ww¸XÆÐî»3™ìgóT©Ü†&¿dóu¥ÏzþLm/û×â¨?/8óŸ¸Á”ƒt;	éµ,’³¯°§•F­»?+3sHwÆ=ò<J#;úr…Ç%#ùQlª2yAjÅRÞÿóYEVx¡ïˆœÕ¦ñbWçª„ØXFH‹ÊÝ,,"Œ3©Ñ>ÔÚìùã<‡&Dk­DvyJ¶µ)‚þgcfÿ‚óó†ôŸ¯Njíþû¬æ šÿJæ"!¸·îŠ Y°zŒA˜S›×·éz¡ià^cÆí%ñïCÛmª´&«Ï!®!ˆ,Ô}ÆTæ¼ßìãçjýç§ûÌÈ§ëx[aÕ™£*Ex=1ü·BV_¾á3•YÿO‡êðü˜‹øˆÃ[‡Âî#ü±Ýèº¦ã§‘æIV”ÚŽ¦:NVL'WìOvv&€ßIÛõØum¦þÒî­W×âg¿;«²™²:% p£b˜ØJ-gð§¾ƒ«Â¶~hd(‚d#/ºH­0<±w¹­ööbÓjí5Š;è¨kjíºJkùÒ+ÇÇ9¶ú¬\1±¸N½ñø>Š“d–‡ÝÕ+3`ˆs1ÔÂnkÞó:4¾žÍsÓ¢ü	CŸî3Ã9àžyÿ-àlâ«¸ŒÿºxÑ9ˆmÉpa×ÿó›>¥Õ›çÿùçh:s®
ärL¢DZÈ
œè²>ý–úÿCÝx˜Ëb¬È}/ÛaJÙ!™,Ð=A6T&¦s1;5õ“^Èr5ìX@!/½õX
4OZ§ãÔÚÓrU²g«íì?Îòb¨AMÙ<7M¾ê&K›÷ñ¾ow—î¬ë‚û'?WmWãµ×É­Íóæ‰»~/›I²@@óÖìñSn#e~mC 	râñ9Ê1)<wãnxméT†#¢‡ï\”Œôd’‹@ó:jVCi~æ‰™¬DúP¶²B1¶a“i?ÂÚ§z:â*¢§*•+1¶Æ³Uë6†~aùÓÖ'à0÷Ý† SõÍÌZi®žÐ6…kÌmU *¦þu{eõ´£j+Ò*rÇY@GÊþ·žÿµ€ºÛä§ç‰Ö÷ª=z9—ÎÑhS7˜ÐAgëŽ­_~P}3³	Õ]î–Ûö—¿Ú‰;‡¼C¸¿ÅÊ=îBK]µÃÑxâáúm.~”uYrQ_+Ø¢2$æÿÒd«nRŒüWUœªQó9É¨¦©‚§¿§¦lÖDÉ,ç¼€ ‚s5ÊfÄÕõt*€\C8P7:ÓB+–B²Äc§¨4m{ƒ°äFê¸¶Ö«oï–MÂ $î¦ Ü|g)ºK¡¤ÊNù¹±Aíwš[ñ­ð}Ó1¾l~‘DvqoU
]VÁQÔ®r!%»òƒê·µZTŽÜtð˜ý\¿†Õžïë«EN‘–M<'Q#)¡ØZå­q”.ì ‚.V~.Xmßç2€ˆÊæ•ì‰øe›¼†íáœY\M‹qå|€× ø—Õš}ªÕß”€XÖ‘ðFFø•2–Ç@–ëoÅ[z,F°ÛH ¿ñH R ìÁþUE.8Ì"bŒ¸|»Ýø´õ¨‘DsJ JÖºJˆŽ[tëôcûx…ÿ	½öPËzñâ[=@†Gq‡,\’¶µ©¾@/·fYY›LÜƒ´öG ®ƒ¸zív:y¢“ëˆi~ùoÒÙíy¨…ë_GN¾É ]?ô;.`Ï%W&EqQÓ,oD´—47'¡Ì‰ˆ+b€·œ“ô~;ÙA}sáÎÆ]*-¬’uvh´úFãúó£È¹ËÅBg
²®·Ï)ê7·Yþ›4˜‚ãD)s)-!	Uªn‘	ÔªgS¦ÊCÐHz¤Š*‡–6lW«!Þ’ ó^,Cz.(§ð$õÇ:ªË×ú¿jt¾;'íºuÝ¼ø£ºŠ"åQ|¸†¿¹ÝS¦oàÜ_Ò˜eu1|-çýÇ°$MO&"såàa2(8‘\P3ŒÜß%Z~¡·]þ}›t¸jFñF+Ý‹”Äˆ!ÈZÿ°¨*]„,i¬ ´eÊä—Mo±Hºa•è¿ -”]Æ:Íäˆ…¹=­3qŠ|â†iÆÜ½¡0 §DÇÒé?l•ó¸Üœ#$ a"ÿÞÌ&iNeüâéÕ3`oƒ4uµ¡jžÒ×žÃí”×òïÂìgórl£)8¤–˜YŽÀ)³@µ½ôÓéu¥´L™>g„zþÓt¥mä
1°ï3Ùã´*º7à3ê"™6WK==¬ÀÀøíZÔŒu´ »L‚¢?e9
u üRrxMãÓö)gO¹pÁ1núl¹Ü¯†µ¤Éî+†YA 1ÎåëÚªÉ©øP­L=~Ÿƒ®»…êW<$‰?çÁÙšÕ÷Þ'«—Á³½´UbCÒÐöõêÂÑÐ²t*àÐq0:ù}ØÆKŒóx ™ÚW0Èa’ÏU,Û$ñJ8<êô
b¼¿´àÌË	óí¯Ú
æ‚Š¸…>tnS˜ÜÒ¦DPÚËhsØ2aÊ¤g¦Ö&éþžÚ˜¤!A²_ò0x±>>ƒN ÿŒ„;@ŠÊxë>óå]ŽƒœªÑ;Àdì0OV©•Ùè}¯›nþé;„ò{™y|÷l½Ä,VJ`½¿˜­>»N×Ì†fömi7øÙ9›ÓÑ‚`À©;WÖï¢`§¡ HdZ#±@(ƒ¥ãïWˆÍ÷^`ø£Fhä¶Æ¾a9ö¯‘‘	µ@…	ÁŒ¢¯o	cMfì)º6jèÅ[­½ŒöÃôÃcûW«êè©`NMþŸV²hÉïNSc^Aøvÿ\D÷÷ÚËM5ñå\ùÐ\ø^ÍthAŽÖª Ñ"áP46¿JÃc;ÂnA[*ŽdCZ±©Sžƒ£Kß)ôÔ¡VÜ†>Ðpu+Ìæ^HhN±D<÷êÅë†vŒ¿]±ûÞ`âfâ×œ¢[j÷.‡²@â™U:ð†NBZ~zÅŠ´ 6=ºN®¿ð'ù¦[§¨r¦àPF4Ü¥:ó5Zƒ¼Iž†ŸHÉî-€aî[3ûÙa#Òë
 ³óeP¥œðu¬¸ßŸèÇ6ùP´7¡Uÿ1p±%T¢êþžä&»&^ÆDß´…e%ç£”î(bhæ)’>ïÜ—ŒýÝ{î¶/Q±²0Û¨@ÚD„ÏÍãYp…°Ÿ“žU\»cý5äO©^	 #”I6FÜfS¡Œ¬™b®CŸ%çƒ/‰ÂõhsDââ“È‚ÓJ1VÌQÜÄ¬]Õ³”@j}ÈÐ~l07B,˜µVŸ¨çx]ïq•¿Ð9ò)XúyÊ‚rñ;ôe}ä18¢™H0a !^0Ú:ä&J`ùŠ‰cŒ”uê×Dì¤–:ô9Õs\kIèY%’‚a0Ÿ§2ï®Þ!.
¬ãÕ/( F{Èfm(ƒ:.n¤ÛÊÈµoGûôwU§–­éã6øäúµ‚©…
Ÿ‚ÁbÛP´¾9˜,rc5¤ÜÜÖ> DOÔ¨;¬ŸpÔ£RAçFHuxËì–·ÐéB	O¾œ>ÞEòü(K@¨¶ÝH‹%~iJ;MÃÕäÆª+š±42ªÿ¹#,Ë_•!”nÈÜ›—k‡îj&¤HutÉo²ê_?‚Iç×ÝÄÙŒqqJ®/™ÔO: pÅ¶“>,µ Å%+H ^ö&—jDV¨8X’gÎÎ'Ô;¦XÛKÁJ'Øo›ëø¥$x“1•gÖÂ¾…ðê;WPAÁò¨ç(Ìø.ÀÄb´ðbÀÏà\7'Ä¬‹]69¹AÍ˜;Cèw:öä‰S\Ó7EOÖqÿcŠ³Fpžåÿ¦YDÛL|Í+Ü[­ãM¬ŠcšR HÈ®ª¤BRnûôGUî†Ø%%pÛµgÏ8Í4*Æ¯¡0×<¯òä+ÿÌKK±~ë—½#WoD[÷¹Uæ£V\Ýrö6
ªìZÈ‡ûXb­Fn›¾FœnÿTbÚ¹Õi`Xº×ƒ(g1!YÜŠÊKán§(Ëõ]rDgÇ—[ÀI›o=ðºÓ¿'ëÇÿý;·Éâ«gÖÐ:/@xqŽû}É¶*2ízøVÛÿÎ&DBAú¶L¢Í«‡#@å|ŸÛh”‰–tçi¥PÀLPÀŠz6´|4wØP|S4{òžÛe?„.Éˆ$ÔÑÜ_tuð›;ð]n@À4îÖVñb¼Ôïì H:íõ#˜Ö;É@‰ä°C¿éþË…‹ÎëãØï;êñž/òðÛn×'--Æ©qÿÑ¸O¯xäºŸ™Rš@øFˆ ž$¬¾?7ÞÐ|—ÙñF²`Ý»Êgò»”Àœµ4oÆ$Ÿ½6w@Oàì6<ìÈ@-«FsÕ¯#¸Ëj½ÑF‘>ÓRêÞ7ø˜Èû¨Ð¡[BœBË¾ŠÌ'Btÿž'WZð˜Ù‘aû€‰A—²†îòBÍÀNþI>·Ôjûá$«~Õ¹™H¦è.½ßSù¨‰9Î±“ÍâÁò‡fê¡PMðDñ”ü»	T²ÜÛoÚÅ‚ÆìdÏê(ï¤ýÃï¾‘ôº·éaùÃ(*ƒÚÚ°¹øŽ¿Q~
fòú|À+Ã·lCÂÐ=êÈžZkcR9yÑöÄ’=@ãŸ-™q€W ¶”;¢›œãp@†r–íû)+ÿ×Î‹ôG ÖÖlh¬ä¨r³2Tëbpxx¸ŒgS~&PgŠ€#+®˜Àr‡OðŠþHGÀ¾WM_`…ª/W	OŸßm£YKzßtƒ×ý÷­[OÖþ–Q\m ^e¼‰×í€'Â:s5— hnv1úLêŠèá
`¿Â¦bòNkxIôÕ¿óãX¤m{ùã5úé0*Ž†E–Nð¾AîF€¡8ž­3Ù«ap“ÝÿÏf@r»¢Xú8*vs©Á¢—m}—©PŠ“±qÐÎ4,OŠâ,É/©—ïèì6Íð³õJ_¼ºß˜¢™¢×âyù§Åÿª‘±hêË˜ø÷õï&4µBòõUb•äíâ-4ü]q¹rT*È5\TÂ×Á‡Åý?ÍûAfQ«=5Á“Ûƒ%+aôÑ*il™¬>ókkr_æ€Tüñï«+iËJ‰d3¹iÆQ9Ä’¯€ [XsYµÏD¥.UÒ²}Š€- îâ—%U“Ò` Ä ‹Ðv»˜hwt–Ëô‚¶IŠmùœm£Ò~O‹Ã2LfíªÝ?lŠØ®èŒÇ3áA`#KÿÜBQxƒ\ð¦˜p+HæI6
]Ï%™4h#¸rP¹Ÿ+ÏPUáï5Z
c™êÓ,Œ½Å8y•x1a@[W÷x3n³’VñÒº­s©œ#to’÷Ò´±â\„µï¼yßñÎT¥ãÜÏË¥ý¦ëU˜3ê×KãÔ­)>a`gêºË’»Õ¼0ÞÅWÎmð}
ÅÌŽU¦°b²/pU	AÒWÖYƒ“`ûÃþ+±Ó[h©4¬÷êWÿÈB¡Hî9íV˜R/?H³ýÙwð4Û§*kÞnf9q­•çã¶I3ö)ô²Xµò»Ð8žùb8Ç‰ü·iñó}´Ç JÖí/Ÿ¯/`/(¡1÷4Ñ9'áI/Wð´híêWÜ2-5s,$•õÄ×¥jiN×U‘ºqXËEö33›ÇryÇîQkTÕÖ÷¯÷‘ìr<wòöCäÅ=[ðKAQï¢Ý)¹õ!ïZÓH¸Ò+„'š4²îÍb´#}ª:_üG«¦ì6Ê†>u%ÕA°ƒN4¶`ýß©áí×Ú%q;å·q@-„B0†è¿ž§æN»Å0O•õd‘ á@o€‹”ùŽ% :T‰>Û™ÕøŽS\\ºYQX2‚ÚÓô™-y·ÄþIßêgýf#])0¤­–Íæõ²F4ñôbŽìKQÊ~Ú«8ÛÙÇKx^îdµ3ÛÊÍ$ÓÂËÄ¦VÜÍ_[Ab Q<,Vå“W+-ÙÚ@³¸}Ê†'n9õÙ|ö‘òÒS„õkZ8"ÀkgZÝéÃ0(w£«Sh¹Z£¶eîßA1H–¹WJ½ÚŒD°èce«®ËUæa¬¯ˆOBU¯®šÂ—%¤óÎ2Ž£ßäð~4:<ÅëT€RHšìÆu-à}ïIÇšÓÝ}uHsUÅ˜JÐ¶.ëò„N€°Âø	údˆÔ«†YI{¢}¼ƒ‹Ëz¿:7Õ©Oè®ÙsÆóãJ¬úÿ®YRäXì»ùúK‰vì‘Î™\ö*JK1ˆ ÁŠj îxËŠB‹{°êŽîÙµ?ªò’«Ûí`ƒ£®íqŸŠv'µ$ULQ‹}³w&üãÜ‰Ì…ö†”õ
7(¬Ú ÆG ÓÍ¦lŠ,	Ê+Ø8ÄÈœx‰ËË¿ªb#ŽãŒÕÅ§æÎª'™1cÖ,ª×¼('î.håŠ~y(È´”¿è™T[zñ°Ì@-ÏüÌ5Yÿ3¡Z1*âøÖºlef€?åŒÔ\&XÖ!y ï¯ÊpžËü ¦\QR· L	¾*=Þ^lYÔ „5'|%…¶š¼/ƒ%~û”¦žqˆ-#CMÓ…¹ƒ£|î¢Öèd·9K‚:"8A¤„|Šå¢Þ¯P0~ÿi6Î:czÞ!ûq\ çäPHfÜì[ýÇúõz	§±‚ê³fÇ½5[Z§ÿ¼åÓw×
¥/}'îÂ^2Äô]|‡€ÑrxÃ'Ô¸%GnI­%[a›Vâ±‘wmÛ†‡¹üÅúnmKtá¿Ê¶.¯Èòå"Äe,I²‡]Rz®”saj¥kà}‚óÜ–áê…ýÆGÒ 7.I¬‰uå “AÑ=RÍ ï*Wæ90¡ªíìþ#ª[6xàºp<+.ç	—‰‹¤a4ýt Þ!Xƒ/Ÿg¸Šc£5áé7V€î<CÆlK†¹H€ÝTJì( ¬»›`Qæ§ó¿¨Œ>ô …ÁÎ´OX!H¦.¸ÅÏT M âÃJášUöežDO¡‚Ò³ûÃ=p“èØÁ·ÿ=g#àùïk!s‡.]˜¹½<ôƒŠŽ…	V¢;êÁ»áJÁrèºËO¿W'U&{zù…àôÔ¦ñ¦rë¶%’þ‚lux$(ôHÓ°Ñ3*·&D^ñ€ÎÀj™ØÉQ!cÖ±¸«ˆuÙdX&bÛýUÚ6/÷}u÷æ«™QZ&w9CEm¬ÞË	°2|åeâhëLF¥¶—+¼1-W0›¶bw°Mo³KŒÎö´¸ÉÕ­W7iÉóglva=;Î¥\¤^–ô@1fúAç$„8«ýÓ›ñV"ð¼a¿ëú6?Ò¿av½Xv." Pm¡D»d[¡Ì­B\”Ñ_¯ÈG’ÓS¼#²§ú$þ§7ÝETñâc"u¹ýìPàâ¿ƒv,•Ÿ×OQ	Ö_ÿÆÖo€Ç!? 3\´ÕØWëÚeuÂZVvZ@›åæÉ›7¸m¸/_ûÞä{ù^Ùª•TTT(žZyM-£/wX64…-\f5v¨¸V¥€VþÉt7åïtlAÄ“6»ÙÄÜû{_šù{“†ÎŒª7Ôã"c#]¾Y¦C¿ÝÔ§6!Qrç*¼ç¦üÌ ¡æ‘™-æ`yzº':§¡O{W÷ò7†anr9Þ½ì²;llƒK.ËÊYñV)¼zÛTMËyDszoê<ÜÕ«AS®Iâkçi#Ál´|¤ÀÜ¥¶UŒÕH«þO®.s÷ÉfVµ4·=ìËexúÞvßfGÒÖÐuì6üLÞß6Î 3"Ç§àÒ›Ïý~#'G~Q~Úhˆ~‰O­‰•7ÝàÃVég;yzS¶Öó,DX·Yk)ðq>Õ²’4·¼zEŸË‘Ø´²g=0¸Òg'%£ë :Ÿ0íBù«ÿa†ýÿ¶	võKøaßH!%gP°¥lŸÜpTlqôª¥fI(¹³†
&»"	¦¨/Þ!8qóŽœ“ŒK!GféÔ­ò"ª£!r¼jü®z‰KnZDí¢&ò·6;6>µ›´të+‘–¦>ÃÍ…DÇš÷B—ùåÎ¹ý‰íõ¡Í¬IfceZ'`Y.•TÔô+1Ç60´ r)[¼gÍnÝAŽ(É‘§tðR×*ÔpDô¯‹.æ¬¢¼n‡& B¨L¯6w$u	¶þ96P¯…×üóA$àN¸ÕwD»ôIÂ¶¦‰}ö/%’dùWM•l“ˆ¥Úy¥q¿HwôòM‘ÿ :-Ìƒ&¹ˆ)­œ=!áH}©ÐTÓ>æÒ1ÙõÕUÒZe(p<Ú¨¿É,œò25¤Û9§/Âôæk´Ê
EÖ*¶ŽYÛµ‡_wÁ‘«Îå°Djœ«‰®M–$¨<–VíY@Ò¸ÅÉÚ€ÃÂ niQÏs¦ÏÞÑ“bÝ‹	´²«'pÄÖ¹WNð`ûop¬—°¸{Ó2Y‹ Û7¢­å´ãÆaYÜ.%õM#Öt		v•e: „[÷3«+oºC°)ˆ÷}®ü¯<<èŸùè ÆŽ?c9G¤¤¶©ÊÖ§6c¶Äÿc¸úžyÉI”>«ÿ½“ˆ?QãñœÈüd.g
?~ìÀ5ÀjwÂ^9kÝÜ­î¬™cWmµmJ,úìúÝ*™×àÔ»¥u-‚’¼¼¨@Îú„å°@Ê`»ß¬!*ÞÑ‡Ói•/'e­åƒ¸ÈÚgÑ…;bP³`u’r]en½‹\,6ØÍû<ßç„	ôO_ýoÅ_º ó‡-¾5®jP¨þÙ-oÏµ$ŒnáÛYw¼ðÕ±Ÿyw×ï¬úVÅS®9¿‹”…’žfò*Žýƒûx]`åF†‰ká_ˆÓ¬‹`vÙM¦C-é[Á~ŒãqÇˆ»@‰™«É…m»ó	Þ”—ññàsEêŒSD¶‘ÿ0>­Ô½¤¬¾™¹0ÆjBjÿ	2½ñx‡*¸F¿šç‚PŽJPöƒu;G•X|o¿ë;åu©–…òƒV	ÚE‹!¸xíà}hõ„[f»ïõç:§óë¸7 ×ÒE‡L­i"³ˆ(m@. Ïàn²ÍÁJ$vj´ÐCLÚn¾r¬N)>_©d×zqLiäé_û ,,/u,ÿH„jÊäø_Y–ÞA“|RVé7PÜÚ÷jô%Þòð¶Ñ´@µYZq¯4Æd™
Ý1$Ù‘ÃvòUvC:!ÆS¤ˆ)¶(ºË©ESÄÚLì¶‚êwÙ(Âiœô—ÐêýËI°Ù!$<£xÙ·Š?‘Érx¨¥ÿ÷,(È!»ç1¸ÚÈ¤CV6-• §Øá`=ÓÂ‘†‡>.¶J`ý`›]´¦‹ã’ÃørT€è¶'£ ¢M~û‰$EcÍÈ;ºª[/BÕå*^5QN«ŠµzX)[¼A¶ô*W†‰€¢7–=¢¬öŠ>E-FS	Gæéé×Î/ˆt!µÿ”-5œåñê±ƒUñÕîû“øKItÞÙsò«Aä^9Y<‘iÒ¥‹]¬Áðº$zÃðIÜ‡3‚ïkÿ^‚ü13ƒ‰³9v<jÝib°ÏRâ4èÒaÉùMÆmñ*ŠŠæ•5àz}T5X¾¥°^ÕÝŒë%phµ1Ò!¥Ò1±’("íkBïA éqÅ:‚!&Òˆ™1³YÝ$®ÈGPÉ1D È^IÍU—¨…F¬
&uWš¤¨%>a@šP-×´ø§¦~CyÕÉc[Íºu’‘†ç—A-f­jc,*5cŸnÃp>¾UeœÏ®»ïØ€½ŒKE–C„u’0^ÚŒìÝ§Ó¯ÝãòKéßd±¹)à^Û­…„lul‹Áç¤Ô?¸ÜL(r­ÓÆÒ_Ó€<`YÚõ
1Üsî
´líYÇbW‚R†®²DÊa!§Ýë:o¶@	ÿ÷Þ¦¸/YIÐ'a>‡ol’¾(ÊýñX%g&²}+ªsµkãrÿ¤“È”I„ Ä%g<€´ó¤›³o™X÷.½ÁÆ²M¯Ú¤„ûµ\ MšPÇ­Õ¤çrðíf\Vˆ,E3¢	5é*²GZG‰k±±t3Kv
ï^,ófz6Zdq§øq¶G(Û1Y7Ž•pŸ0`ùðfáê]WgÿD0Û•Y>µ\4Lq¸š·:ÁÊõª†¹iíß§ ï°<íØ±3[&É?ÍqÃVé
a¬}»÷{OŒ$¦~Þa'§×‡:!²pIV±‡Ö‡ù¹YURo.€d‡OâZ½«B"Cð„£îã4e±mùy`žù¤X¼ÖüB@-–«^b¹¡åÓî§+I»jK²Ö(Wþea_•‘]Ê÷š1o.Û°ö`S¾/Æ6;†UFeÊ}4ùÞÎ˜Ö ›I‚øäbR;£ƒÉçŽÙrÿtîi·€ú8¿ê©j#k„ÖÛHŸtt”g$B –qÐ_EØÈNïG@u@A¬©Ë‘_±aúÑ‘•.N"ËjLÎ§•æR_É/ÕlyU)z§±å7R¾Ï}Ø¦<ð#Ïá£/±<¨ÖŸû€¡±Ê²
sèU½Ÿþ|_öáTfYûê%{õ~†&Û¿)!c¹FlóÁ¶Ó9_éÿO¬ÙQ£éyÒo£gûwPŠÃ6k••W´IÎÖúøÈsÜ75ÃbúQÝÓžïîÂ
ïb2yÛ“!íÑ‡ ù¬ýå/&ôÆ!/”HÕ\´l[VqBe0ŸÕúÚíH6§‚Ñö 'I¨MC†˜Â'bÌÏA¬À¦>JØŒ.«•!ãå¼æ«	&¹»–Ë'1•|¢±ÌŒŒvd¶^ñg9ÿþ7xA-Ë‚¡ßå'L}w·ä‡´ÓßË0´ÕþT•HQÝ3¡°ža"D³ùGgo
µ>n
Béù§ñÃs0N!0¤þùÕ¸hß²C (è Ùë5ÝYiâ‡Û÷üÅj1ïÔY¹f8Ïƒ>ÆYòx˜m|m<ÔÏ©ÌXw}îƒ°†8Ê”Ò/¯J\¢P©Ãwñt©
Á’04#yñbQ{xÞçMùþ\RêÞÒêOÎQçá"Ð~Uax¦Ð?Œ²M*Iâ~ÝÎ{ÆDF@ôs(™í•˜ú<y›È+œMƒõ9}ŒŽë‚*ÇºBtŒ¨øuEÙ“=©`!/º†ÆÝ@­fñ¥ÌM$7^Ò#CÆÔzîªíí*$ñèhJ«‰9½>è¥iBÖ[Û–W
iL›b’1ÔL#Ê„n_«ß…|P™ªyóæ–„†'+^&#—9ýç=¿‡$ß²„û×Mø
…Áƒ÷8~È”Ò¨Eö3VËþ˜™úojž4]í”UkˆÏÝ“¡#Éxþ„¸i¤¼CÔH0›Að&7È9F«"‘àt=ÙA®\„dMûÑçoZ5&»7xšs}PA¥JCNUÜ±|	I;«k,\HŸ[f)(Â7¯¨
Ü°rŒäØê¹g‚5þj–E-9æOT_06—Æn½Óô9çtØ‰ÜaÙéè(ÅyïŠŸÎ–ÔÎ¯X³á(¦1ÈP`˜•Ëº‘æ^\Lf¸(<‘ŠFüaØn¨ßkeUyTBS:1'¥Þì›öUš3G KM\ý¸‰          )\AâKœ†.†.Á¤£ÚšûC‡:¦U+:¾î[Gg¹³Èz!>b•0óú~bt€#¢Xûâ9©Ú!XÎ5|Y—0CA^oM€\ð3ÈnÇ|"I`Ä™ÎQæM0n(ç©”—àv%‚vÝ|ÎFg¼ÖKÌË¾zØc­ê”&B|T,B”O:s©•Q|¤?Áx¬¨‰rÔÎ´°Ù
Â—•ÇÿUØ—×Q>Ù"@¿‘¡Hbd<ùžÑã—Ýâ‡SÑ^Q ô…Òƒ`”…’EÖ'M˜=ÎéW·++ÍlÒ~C3±w–ˆdPß)ÖþK:„- BîÁO¶•?¾Ú¹nRB¥15`†9f5 !æªþ÷5²ùë{#úÑg:`3ÄÙmÿ}‘)çáÚÑP¨ìòY‘{© +µ´g€Hý­™Ý”¯Ñ¡<¦¾Ð‰k2ókÀ¶i:ÅÉ=ðëŸE<ïœì‹ìÅE|)v»!§ÕèTŠšÉ)Ì˜·~±K{^5”:šŒ9Ÿi¾¿ÙŠ»ðñúà!¸þ=aæÓ¨ïå¶óD’B_eU­zb2FóçúC¿02F•¿øº;2xðÙÞ{ù0ô%M«“¿íÂ4J=tkŽåÅ]™ ÔæuAÌ7K‡@)X6y“_†$?B¡¦E)ÏÃÜž§;rl
Õ–,¯Úö’#&¦lŸ•ï§~(o2…o Ãeæ“H
““CLq.	Ì ßýë"U=1|ZÀ‚Pº˜ÑÑ FÞàÅ]ôC0àâuº6Gq¹)·ÌÓ^„]X¬ªýúw^ ”ØÙÉšØsÄÙUÚ¶­Ðª©ÓJï;´h#ß#½³¡¡
—xØë(Ý˜ÓÝÛ+_i(±J¤mXÄÏŒwŠˆ†Ð-þÕL?0ý+æ,OÍëi}Á¬Ð§&W82k<kðBÂ*+F‚jÍG¦~kgdÔIhµ]_³¹}ÖŽ¡œ4iÄ¼ù sFÂAàqÜ=JJ³ô[jÆ­ê¦±}­T?$mîŽÛ,„r£0Hû”³í¬¸T
×.`­tð{‘"IlíB“C’sxìÅG¢Ó{MnÀÄüJð??€´`Œ…‘EÏ€Æ‚m)]ûC¿&öïeaQƒ½<æC¹ð#èT¡<Í›óhU§7–¾ÁŒ¤o7}áv‰Ò=$ð¼€î(3ï½1üÐ£ü(Àµ€gïæÕëfM¼ŠÜºXö@+«>9±~–²J/1òÛ©ÓuŸUW3ÒËd²îŒàÄŽpØViTñÄ‡û $„ÍóÚ+£,µQ%R´û§~¨æf'Y²ê]…ôSô::Ì¯ M;±µ¶g¿´Kù£m»Ôl~`‚ã¸he¦"jH«
/ {À¡9tJªQ×ÏM3Þõ;û„öi¢x-»ìZ\q¹>2ðâŸ«QK–eª fÝí:J±ñüqåä—Õ5•í:IKó×wr4õ òldàçõŒy ËPàfm¦Ëô¨CFÊJÜEÙZÓŒp‰Ñ?Ë¶½^aç¯ÐËµ¬†)>–LôOt³Ôo½F×Ò®]Pˆ!J$ŒïªÙ ÒâjÕl”ÕŠ<š=ý€@‡ÇÈÞ@Á—n›1lŒ>nÿÐ:˜,ª”w3»ÒLþ›{”z³°Åç¨Ä¤n©ÄÚ½äÙ­p;;@ôÂKêË5Sï4åó™³>Öm$3°—AÂð;[, œÈÂ¹Ï8%ö~w7U¿N@¯=Îp!1ýDà¬\:DuyEI1Äñc…	ö«s¨tk‚ŽvŠo³b¦4-ôrOÃóÜ·eØæ`ªõŸ¬Õmñ,´ó…nÃ©ü\çìªRPx¯ù9hPÕ °qª%E½>ž=GJàOý
ÚÈzsbÇ!p{XŽ·ù.¼N¥ÞA4j,àNhÙ}Évfž5èeå)D(c×dÿí7€ÁDs‘½m ü®?n’±UPâü9]×ÏM5tê¿!íõ_õºMñšçoMÉÐµ&¡®ö±Æ/J#»c7'áO]ÚcŒÜŸAµSšXg nýµ€´ÇYÑöO0mƒühÕÑiÇ¶?ëqPˆŠu»™$hÐ¡Õ{(7'‹X”ä»â‡h³µ™RýÓŽNšáÛÏñÈ)`bNñSãn%Ílo¦¯=Æ4¥h’ä‹'€ç9ç'“)è Ô¦®ž$×qôLÕðbºáI¶åáç‘×zõù_Üì×ÒýËÜTqúb¯(ŽAä~Œ=q	ô_éAnÚY/[ÓðºÈuR½`§ò+(ŒtB{LõVEYG¨Tã§3Ü ¡®kL³.ðÄpb€Ñ¶˜Wo¤Žú‘‰×ÈšP4TC;zë>¼ÉŸ¡$[nm_éqäØ¯(P?3Š@P¹CÖ:eùÓTžxQÚ0ïkZM:~Ý l^ÙÝ¯3ŠÏïVTÔprÁÉï:e®Ë€Z“ö¤¥Î8ØÖªZµÜ‘!ôme©ÞI˜¾ÞtR•¿ñ*‘©îºI$›Iñ~àT.?éf`ö|ö	 ­>Ö±Ê½xsã€çt‹ƒL‹iÚ|ÍœþJtÄ÷ëž7j4¾ ®:O0™™(¦Þf*”Ú	#wd×„ÕÑ£ˆé\Áë‡xD·p"·½X,ó‘öIvxQPª©	H†Ç¦ÖFíÊÑæÒ½	òÑÛ­SòÆ’6|¨èT-ÅXäÅðÛTm¥HM0•×¿Žb½—á¦Øžßþ3³¢?©…†ã½zÂV‘?»³§¥[ÝÌë[®´VšÌ€å
Ëäì³¤È˜A%Á­¶Ì$ªÍÐã²Ê!Q@¬9=¦tB…iâzaeÅ×Õ`ç=èSŒŽ3Öyÿ1i¥°ùbÉË~ghP«v\¤­DAO€pÓM/[ê)5à¡„ŠIþ…Ã12	ðŸEÅB¥ž¥{òòÀ±ÐwÐtvÝîæ7…É¢ä÷3Þ ÂxSS*¸.šåÏÖ4xD]	ŒH-«RnJþûb8¼i¼rbŸ°…ÊÖ-5ÁôäˆÑ1‚?DÔïñ×Å“Qe®U˜3–$çš
/ìÆÔ±æêÛÝ·
Üe[þÒÞ\=½~`C/AuÇòvð;QQ…,½$ÌÆÒãdëN&ç‚-ÿ8+;Mø9¥³9D}îª÷MLÝîçmzã¸Ü
³ˆÿ³§ÿ¿ëìwøï¼ëÒCnÅ†^[5^ŸipLÒŒ»å73*”yŸÔÑ’	ÜˆcKùÊÁ%õÑÖv© Çš:Æ÷í‘ýhª}'d·:n	Â›m^þu’ƒaf°"/U¨òú®¥Ç¡b„¢Ó$H¢¸:vSgP0´}"Ò%ºqùŒ]ÌZPä¸KïìÿL$½›+‰Å©S};:É[†4²m*xrh¥TQO›ÆÔcl`Ýp1ªë ‹ÜËÕâ4(ªvä–Pÿò'Xæ%KIµ<‰2¸"‹òŠPÃ\S»¨NÀ­õ”³c¡ƒ¥ð¼EÌ~±	"·fE’nâ°ƒ_i0÷ìì‰ƒ_fãŽ«t€,ÈêÉŠÛ0“(µž’l›7{JíÕMzé’›p>BÂÍ–¨ gåî­rüJ(ÿ5__^$¤]Ñ0gÑ\°»öŽcï– ²Ác¯èÄcÆÈßZÅ€caƒ4J½Ï¥d&ã	$óxòpõmFÿ=N	Ú ÒâÏ¼`ú­Æ	]n×Tß­Å'?Ûj·–}-ŸEÓðü ¼Ö{ËÏrº™µT%uxÑE¸Cgë*wÙËRƒBB9Ê‰ÌÄ¦îIÿ$J#>ŒÃhHWÄbBF@o{ ¦ìÙâìVìZ*ßbˆ.NÍ)=Ž'ñÕ=x®C¸-¾HûËthÏq/8äGûzJ9Éé¨­(ì¾327
f‚n4™eÃàì¬Ÿ«YÙ˜-Ä`â×Lm´ï‘hœšRb/Œ¼§]Öšø-§í»»þ7uÿÇæ<ZøQUd†ÏWR1†xr_L:5ó
Q|I,î2&í·‘vá}ìßÌ¶G­ø“°’˜ôæ]wEJŠÛO+ô”áVùãûJhÇŠˆ>ÿIâeD¡°¶E¶/bžšÛ©û—Q} ãöuŒcÁèG’0Çøý±ü’æ¿`çžsÓïþ™¯~¨C;Là"ãrkÈÁê­ZƒÚŠ’ÛµÍ¢ò§ÊžHÚ0+‰ê4ØÒ¡F” Êd5*Tn—mnð"øÞ*)÷<V.ø¥£ñ±Äa\Ø-±†DŠü½B¥pàsù1÷œVJ	MXUæêQæÿûtî;y²	šŽÕ“;,«ÀóCIU41èà^­šû¼šÌ"¬Lï á»?ƒöeá²äÉâUì¬,h˜£\Ï ñúªƒ©ë¯AôÝ~;Y’žÀU\gz6Ë76òö}„6ÁÝ”÷§êŠ®[N8ÕOÄû¹6D´˜Í<¨¶«§Q2–ŸFõž2åÇ–hOtwC“ë·Ã½*u¸MPÅ÷Mxo½¦p]\²S,IMÆøƒ¦ãÖýÊf«û‚­ýøPÆëN¿Oy©ÐÅ ©—Ë!gz8þanJØe¯¬«}p¶€ÒPÿ1ºÃ¬·Qñö8¼ C-ðŽ
¢-´;ynvß”®B„r¸ÜÐoÃLÌÌÃHš»ã3£¤Õ˜#ÈCíC÷9%\íÏ^ŸŽ]Ÿ:—×X}n>äàØ2‰m.n³†õ4°UFPè2ºÔÃ¼ú‚w1ÞDÌ·CU£MMŸ@íÚáô¿ªŽ`8‚õybwI«q$/hÛ\j‰/Íü=1!Ü—ü†>{ô±n+Ù[w$Sf–ÈŸb¢
ðo®,§«ðJ¢FQ{b¸—‡,Ïb×‚Q^MMwaï5ýßšúÚƒLW N¬½Ûöi‘
 LÏâhãúÏw}À—2´¯ôÒ¸.ÛÉ›ˆÚ QDë=Ô8	AÚ#´%Cƒ×_H!Â\™"²¤*91Æ5rQ[óëv¤Bàñc#jÒirÝ×\O˜>æÐµÙÖW&Ú;c3	Ö©+yuÐi¶9Å?ùŠè¥\
ùî"ÍVÐWåÏå6zïyêàtëkW¨É:u4DTÝk@ß=¢àØL¡FKî'yë…Vh.gNþ
½~¼˜RT]©¾´P£!”H¦Œ‚÷ý§}7µ†a¡H¦Æx—ÛC†'2äšçà›^W•K QN‡.ð@ÜH™œÉvçë'øF~µŽ'?áwØøyYè·½CômòŸ  íeÙCÓŠÏÔY·YxZc
Ì©Jýÿüæ¡-ñ»Ê¡ùîÉ–oZØã<È0°¤2ü+1&1Îs³î”uîÁL&çç(\*ì7&hVˆlµÝ¦²«¯ìEç
F`/^æ³È«ÅÜß9 Ú#Œ÷·Ím"ÎmÚ$‹F
0îäÔ"6É]Þcd·Gˆ¿\(ïå`;Ÿà†<éð< &2Ð–¾Ú°J–œªÎêá§Ò"·)rÌƒžNÀÅ±ájZ4Î¼jß s‹6þ˜HŸfÅ÷úG´8cgC)Ç‰’TkYYQ§œ(ØCI<û¦Ð>ˆ1³ÇK]ÍË:lt—]›Àrëäç4ùeWœ¡Ê-Tnï±çý#á³ßÊ#œ6]fÂ '÷š›ÚLr¢zŽP»ûAÌ	½bš¸C’!É÷#‰ÑÛ|P¼gy•ý±^Õ»èaÄ——Â<Èfï°FD'‡IW\«Ì
hX_öœØQ²;àú÷ì,d	ÚàµƒN@t[ñ­Èæ*Y„]ÀVãÃ­æ÷›U¦0ËDd‘É¶Æôßyg/‰ØŽÑÖÔ¹ø.¤r¥4ÍÊ“Ra*ÈpÇ_f+€ÇY¢¬`6øVÝl'È‰Ò¶CIå(Fã¸@ìÅ¯Éj—ô·dÂ‹œô(ßRwÄ^k ÖRr( •ž·Êl-]³úáP‰¢±[OIùèÕv Ž­NƒcþÊ0¦Ý¥ÌX«í¼ØDÉµ-?ÔšœÔÞ¸v’6(`x©mÈy˜›¶kM‰’.r‘Q  X!NÄEzþÎ‘6­HƒÞr2x®†«ñ…mýÚ€Œö¶QˆÚà–4	còÈ=\5ãPúÝN@ÆÉËé.€gåý´‡WÍ!'{¦“«$E¸L½.ÏÍ’Ï¤&Tö©Â•l'ê¬‹Î}K”ÛÚ°.Ô‡Çj©ò?»t½\L–nû–æîýþ¶LÍLÂ¥!’²ÏñïDÿo_´ûÖ…§²¥Ù.Ä7MÞÊ}ÅÆ1 WýamñK1Ó.£çÃ«ŽÆ::,z¢¦ÓumÛ¶lg’ç\Û#/FI,¬CˆŠƒ‹¼ÝçýÊa#	2§ò¬õè–-€ÂÂlµ–à05pÛ€Iý§ûªKr•êUIÏÒÍ¥ÄQÐºÚÖò–ºQLo>3ðã:B¢õÑ¡9ím	"Üìf§[•x*’'îäðÜæùErCÖÑË®
ß¶Èü'0ºŽ»o/x_“wÕàä¹é¨®_·¨õ¶cZÔ·ÎÆ9ÉÙq)®¾èõ¿–¢‰n
6Yñ”)ìE89¢LDRJÆ_Ì#ú°N:LkÄÆãð•?e<Ð!µŒÙYà¹;XÅlè3‹X˜šÊå…{±Âºõˆ«“áðJN;‰I]¶e¿Œ¼5Þ%«ìH/ÄÚ'ì†Ç¸s|`Ì~Ù~®G³µ¼3÷š+ý~âc’¡=xŸèaù<¦YÌü}¸ý~3{ƒ˜m(é‚š¬÷yºÑlp¹öç“!Mÿb@Î}å›Sì.¡E¼ÍQ>º(ð—<f¨àõ˜r—~;Îå•x	t^ž:vxjSz8÷|j¾düf;$¯4Ô„’N”û}‘°ÍCTMÄÇ¹œñÏm6ÞÏñh¤Áï{¼$_Dê}L+ñ„‡9ÏÁ‹Íæ1» WøðŸc©qj¡‰#óq‰N[RÍ½å[íMcòÅÊò.ý¶5ûšãu–d¹Ÿ_6Feð+ßï%=+K“ªºÒ’$'£íþðs¯­'îÙô¿Õ“ˆAçGÔ¥/žQÕlKý ÁyÊZÌÎ¯»Û¬¿ y¸ð•{#xýåÃz&ÊìŒõåñî³¼c<Šž-ÝXÎ{º¾2ÕqAÁ¼cÙ€Â~¼¨ ç î,üóì:G%ÖÞ¶ÙÚƒ¢E¬µ2D€ûµç÷Z×ê’(³¾»p÷Žü×;€èÅ —Ãç¯&Žp3)\ÓÅQ&Vw)¶Ê¢†*ÿF¡?Ë¹éHê a2É·†¸_°bCÙ‘AÊaÝ"ˆà•É‚æ ðxV¢³Vaw=ÝºÃáuUàÿ0Î«»ôÆžo¥ww#¨Ê·ïã¡+%BÁ§
3œ6øZç4‡ÜTõ©õ®ïÒe9“1îµx}	|úKmÈ¥±BOÜK`¤Ç«6ºl9¼"Žj [ôIJÙÃï¾êè‡(ÄtºQmÖ*ÖE,DfÆÔ9‘MQÜÈrü]ŽÝœ´oÒÉV„I˜oÂ2ª•ÓvqªE5ÉÆV;ù½¦íß#[Û;¾À¤Ø[ul:C,ÌV, ²Þ;.Î£·pj‰V£Mé2 ÄÃòBë$a~ý|; bm:#†I;NÚR Ô®„<œ(à‹¢Åp[™’×RÃãž&ÕÉk\²ÁB+j¡	¥ÖJ±@ìJØ‡ö!ˆ[·‰6„átâÈ)O=ªÄô}çúç@	±ƒ¯ž!9þ<<¬‘®¼J´ÊèT¾«¿Ü31Ë¹²WÛûéñ…à½ z£p°ž÷U3eÝ7úV>ÍÁA` £@·Sn?uÅ:Ë¹B—EoœwB	PÙêë¸ò•y`Á/Ž›íÏš•³¡©ûv3ÇÖÊx»í4C!hXvÁì4‘–<&a¨»Blì•’èù×óÝè`Bþ›]ruÿšE¯iîˆÎ";EO˜Û8›¹±“]ÞèrL$“>BoH`Ó;•›USsÊ’€µ’µß¸íea?èØTfóü@Åþz
Ú(Â,Êo½Ôu”·ÖVøP›V`ósñ£'£L»öRúšµýtºbåd˜¾b
<K[E…ßâ¾~6ÒIˆ%R™=ÒL.øW&BÂkßÁìE@€ˆû§ª5x<‰ìuÎ…ŒTYÍçqr‹-Œ"‘Dî›)ìi£ýxË£ò´JWìÍãŸyÀÞBÃy9Õ‘°VåJ	ÌÏO?ÎŽÔZm`,U"šù‘iÁÏ¯óQ&UkÜÎÑ\3ìn!ß3©V±Þñ„	X{H›y¢CTè~·0Œ¶©é•Ü®&¦cþa{âH;:•jˆÜÿ lÿÃ5ï½®kûükŠ@K:€³
„?}GÏ&Ì6Ø±ÕqÂúÀsE`©>¶8Ú§SÇ+eø®-©Yèî²lTzŽ´wÂX£ö1·¤'ô|«¸säI ößÎ'rŸéÆ¾ïâÑ‰ÜàmtVÃË0YhfãŸO®U»/Wž¶"Gís$t6n.ß¡há†’’Åþs4V°ñ™í"%è¡u…²%¡Ä´ØA|ŸÑl±¢,w1zìØ2þÎrRÊ³œÍŒÍš tm@}— ŒNðÆG‚íå¥DÇ”äË*RÄôtss>‘÷¸V²tÿúvFŠØ…®’¦©§¬Mtúñrô`' ïåÙ‡”ÍÛP
¤¯}ÊF[ËH›CÌ}†:{«Ý9Aš=‰R$h»[ÍÈÖÀE•öpO?ÆCn¸(Ãå\¸ËÔ¯Ç”«K;6ýåèÎý;viC\à÷Ä˜äFÑÐPLD<[y”ß¤œW™µ+›£Ét}Ð	8¢*¥„¹µ@Jïo‡ì²’HàtoHs+Q›‹|<¸–—†bo=8ˆ¿ùšÖç‘îÖCgµ^¸MÔF·ù%#8öƒ§Sº­’/s"Ÿ0;Ó°4Ë.–ˆo:ã#ÇrƒúýëUÅRïc
0Ùã@ïÉk¿u;6ÎLy¶iJº†cFq”½R; Úÿ{¤G\Ò+ýÎ&÷œX1)3Ú¼ ò‡5ùÎÙ¹*ŽÛ ÷;P^{Ö	ä„ƒ&JÍŸˆýí‡üÅWé“Ü8¥Câ[[âq¹y×åb®½€ëhn9VÆò0’.¤Ê_Û2œåVBìK?Ëjvn¢sä0«€ÌvÒÆ&¶B§‰~õ„åð~Ü/Ù3ÌÌz¹$Uôó¹?b»f÷²~6Ò`žŸMâŽ"ª°k ÉxKYÌŽÊoG©¡$gb¦ø°Ìè5©/Ui{@TÝp¢~ij&6WãfNZ+¥‰Ü‘ºÖ5Œ©â¼£<ëÆÛÈO#UÍ©`ßðr?â.ÿ5ëê]%X2/ß¬÷uáªôøþåc!"ö®nÒ%l†>gÒµ›û©óÀ–7‰Fã’…¦"•ðœÚ¾¤ í˜üÈ1Ýnl8‰	âT1Åû’7ZQ)¸†GNWrýò]»Á/bcj;G—OÖt¯_q ý(ÿ²(ò5[”„ò¼iŸ¥¼g¾tÏÅ:Ñ½¦šÙõaÚ«ª/Ã¦©Øc’‹ÜA[:—ÚåGËQñ1!ãlŠT2 iÌÕo’öFÔ¦87Œ±,GöÁ˜ˆxª†a#õqÔ§ëó›Ã=5‚§Ùÿ#Ëtd<«ÖîŠQGskæ:š!»[FDZø)#ùêþæ0ˆÕvŸxÌË=ÊBìð!˜b²^Á'æ<—È)›ÔˆŒ!z¢Ï”íö?T@	MP^ãj0ã5Å¸{RK¾øøØ¬Á ¦ MÝO»P íÓ‚’4ÑBšêôÚ'{DóÚ®~kO6IÙ°|:î™jø£P±!op¢©èc¿ì¾ÄbŸóÜ<øëI¼÷·~]à,¦¶œÚàî,?–yM’¿ËäDåE‰;ÁNØ.”ˆ$¬¬!É‚Ò+0H€§ØëjHœ¨¶oÈ™ôpˆ"tŽ.„ßX­i&v‡ºdé¬KOzìÝþvDqª•²U‚¸bÄü*—i§äm?ëSŽç ô—%Ždã$£ØÊ*¤#xá#SÛ÷•òuù˜´ÂÊI:÷	E%ªéjÐ,}ŒÄnö=Û]yM™Ÿ·×¦p3­Â¤MlöYù¿Ÿ†$äì´àArœ«8DënÐlÂºO&4öfe(ûllš$ð”µ)tõÂ³üj„ñ^UŠ¸Ûùé4Íé¨î%ÌYÃ²¹âšs³@Ž;âàË@OÓÿlªø:ùµë®À{×\JüÑûÄ(ná™Ÿ‹ç 'à´õœ²Há!ÍS½&¦éË4¯}U=7‡$4ZÐ’òîìŒ–yÈE¬êIéÉ¥62bPJ\T8\‘èR€K—|+ø’­ ‰tF§Os‰/B×¿ÆK	$W‚R`ùÂbÚ9Z}wÊ!<Éñ9™¢âg#Æeýæ?±ýâãµèõ0ånb	C®ÁS.;D0é«½×Ê8Ä†² Ò$MÔé¡ÃN€ÒZOÞL¢cÃhð4ùJŒû±‡ª¦q[Q‡µ1{DË:N¤TÅÊ4FF"ªQÔ);zuêówë3û—'•î]Ll	æÄÂÆ4ÙÂB žEtùVÙ·j«!ýïéH%…;}¬%ÑGI{>±èÔÐ©nfMrT¨ä¾1”ÂëyyIî ÌÇ*³+Å·öu(WWFJ@0ämdcä"…Ë•Ô
ýT'…L0BG5½H“Eùek4uI„ÃY(ÿ“?Xx”ˆyJ©7¦H³Gà‚Ý¬h*ÜOJ);nMQE]8Ø$BÄ5©\>~çOPñÛÌ×Wî£ŸQ‘*†’?Ÿ¬$~ËÅrw2+»óµzÒÉ~å<ˆY?£p†Oñ.ûäÐ#>4…ÊŸó{6-µŸýÅb´ÙçíùZ0N )laÄ-~Í@¡ tÛk^“‚å‹üÇlÅL¹×-ª‘ŸÃä”{‰V­0¹Õ@™Ÿ½(;w‡£€h îý„b®šÕFƒš.
eIâEe×]ÈÎá8ÛÚ@	úUrj#5›nž5tž E‹[Ó1ûÃIûuj-9•O²\%Å'¶áRGë6äp¥5ùæjêéìóSÖÇæöOI+DòµbE=a)˜	éŒ3[3 áíè.$=¼ÿ\@èæ7a¥b±+lºØ>œaa„%¹b•ÔíèçC¼>/T£i¢q¡vÖ¢‘¾áŠA7=\’‡X7ÊÛù=JMÔÆ¦Âãýî!½Zjo‘JHé2©MåV Í³bV›‚.±Û#çÐ(n¯”·‡è	8m~Ü,ØxMÐT3ù˜%Öm†Õ¥"ŽÌÄj¸˜§S$ÚÁÖŸËÿÛÙê«l9q–nx‚Võkù<ù&ÆÄˆåMfÛ\Ÿä::,Ù^š™Ë®³Î ™„¨ÖŒêYšM{ÍaçÿÖCÙ[;?9GwYDÕ“n·Éd¡¹þØ6TìU«ˆW[Ü•oNµ²0'™^ÉÏA>^‹Ðóº$¬»ž}-Þ
¾‰Ë½¢Ë¢@‘6ý:wƒøÛ…n4Šÿ®âEÒf6\³:K½ÿæx0+}¾ö¬ïÚz¬§
‘5ö¢4ñ3MØ²€º;]‘ú:¥Í¹í…xQoÃ:°aÙN!+rà8Ô#¡¤0ìæµªsjü7*¥‡Xy@òÑß$VÆ”,3}q~É>îËÓ4V9’âïü†ŸsUÀ¾¸zC-Gô¤ŒÇÛ¶p·Á£sÓfbÊgQJ=‚ 3É¥»LÀ’¬IÎÚ˜»D=ùä
”ÐÙT]/;†+,ëÎRò \^YmiPpÀ¢Ç‘?ìþuW÷Ÿ¨í{EGâ\¯õjâ'§´c\µ>gO©ÁSÈ’ü$ÿÖ‚gØ`Ù’¯,oþ¸R?zŽyÁ4ÃÊû+GþÌÉ†µÄ‡wj6ž!Ðâ”’¯ú~±5
e!> ß}êGß—1I0y)½ïµR}–Úd•¹7VÕRƒ<Y¥“Y~ÄË‘±Ñ?ÉÞçP$sT“Êí‹õ¬p¹ð±®ñØKð¬Tgæ¼ùéÁïgt±é[L˜^³*ÍZp0¨Ð÷¥^~—(¨ì¼¢JÌŸC™ßËžÒ"w}”5Ö²JÖ ™˜iœê&Ý‡õà¥%j…˜%íç)Ò«ãŽ=î8Ý¨ÂjHY	ejŽÜ‡Ë Š Ê·Üêer¹TjE8áÇ¦¡¦Ï6áŠÑãÊ˜¿Ó§c—w¢vM¼pó(|m‘;låö\00N+e¯’èLýÀtÖ´ŠnÆú—6»ÒqÃ@¼9¡Ö˜^(«±îXˆÐ7öZAw#
ñrz%w7Y©\g’2ì=¡N‘µ~hø1‘Ç÷¨ÎT’Áà	×=2Ó7Rš¶k"­U]|\ÌmÌjà&¸ÝbÚMMßÚ@d_‰$“e‰–Ý…ïÒ'pŸ¬Uã¡Ä/CFæ‰€Ígð‹Ñë£<F¾8!îÒ`ë‡Å)O¨va8LòÎÒz¹@µh"wë%~hw¤˜ñÌg4AVysÜ<JõuQ2Æ4n£„uÁÓ…R„|qü%ÒZ¡ÎU¹;4Ã­ñ€˜Ê9‘ìg¥Ëð‡€ÍÌ»í¯G2+.éñÙêðG‘þN¹ˆ]cÃZ?ÑæžéEC'¥dÝHL¤ ÕÆKè7ØE`FÙà§¤c¦ÁfÜÀ(¨Z¬Ì?ÿ§}ü$ÔùõvîGž‘j%€Cu©@Ð”ÐµKyìFØ±–k¹·GÑ32Ñ­àk2‡m7B|TlcÒ€å*æÜ¨9xÕ¹-Ù(Œ9‰=Z§‰ýDÍÔf%¤JÃ•aî;OÑ¡,à‚x%XníÎÈ“‰ÙÑ£ö3‘zÀAM¹îyq{AÎíì\±Óp ¥6~dU”åLLFyo±d‹­ÿËèWOQ/¶->]«RrîÏètèobV£Ö…œ‘p(—ù‹VP]~UÃ¦9aägå|–Ä<éKIÀc?ŽÍ4Þ"#ù¾E„Üdö
ŒjÔ‰Ûp\ý¯7¡HˆtÎ¯:”J5ºpø¹½·ù•j¾¾½ðªèmbÓæRð\èGcëÓrîaåú>7c"^/G™ô!C*úQÝ3fÑ'Ë*ðD¸‰XU£ß§!R"Ã–ãÏ­¹®\í0>Ñ4{þ{6Rap=€xP9Û¯‚Og¸1ßCçDÕJ”6šsÂ-wÛfýrá¼v¬çµîãPf„cÂkóÉQçÆ—:TÝ˜®jßfâ›¯R,î±¹¸ne	§â÷Yy†¢wTåðÕ“œRBÿ1:’Ñ'Ý)i#ä¹S_íC4Á!~ÿMõy¨ÉûŸ«÷€0’V›TÛ\°¥ðÌºrÎu÷ªäË— éMÖÂàq*‚ëÎ)ñJüåzWÉÓÖbHVw[ÛZÒq?[éxdïÏÈk£l¼ZõCô÷|N,Î!« ÚžãÊßÍhûÌ‘³¤þ¦Ð—°7T˜ÅÄ
¡q5F)ýa„ìÃ$aí½¨pÉ›ÙnG›,°¦Òê~žêîx¨C ®etO‘!Y]Ê©Éa~÷nÛÏ” (%ò"iÌƒ-}1ß²ÌëLä!Zyx’Ì¯ˆPR{Qõ“ˆ(L7K«á$7þ}ïI¬(‰=áÈÁ>ú¼c-¬¨p¥kvp¶ª™½Z4G‰išŠ‡ó3á}ª{ò4iùzÔOŽºú¶              2ÜAäC¼ 8—H1kpe—2(ÝEí¿¢jº52l	¬ÉYÞ¬}nÈ_®v)¢±›;F~êöÝøæMÐL›ÊÍ0AQõVDqp¼ÕõÿÝgõ,3¬7EÏT¾ÞXèë«Ù|ÕDtØšIÏÄ¢Ñàãš1¨Å2jŒÙQn	ÿ·Ö¨rÚbs:Tö„!~<ˆ7µ /·Q|SÔRAjçj7‹SoÇù+VÚ ”Bð›wâ%›óŒß´H|B›qýý dáTòÛn˜¡±îã’´L]^ÁH}Ó»É	ËFûÒÑàï“p#ÌÏû7Á_Ÿq;^4vÔ¶Kÿ_ÁJÈ@¾„¢\Éº
©ØôÒtfš=h–`È¬Ð
’d£ò(ãfik€Ñû¢u£i9C…w\úar9
'J-œÒÌ<èâU|›¾œÉzRm0¡XëÜ@ˆ£|qA–ä¹ðŽò‡ñå°~1ŠJ¡{´0ÃüC‹œ@æâS<#Þ*äz¦SÕQDR¥«X^nlDöïe<E¸ÓÊ¾%¿½‹M Lê¶Æn7¼ýG4rÔ
IÁâpQÌ‰?=‡\*oô0*Àº¾¼qZ&ð­µ¡ædC“üü@>žåÅÏ]\wruïÊ$u|3Å¢Çù^®º5vœâ?òê¯[.Àò{;zÆ<ñD}eÑµ2X¬+X%NVÐþ žºXç e5-BÔéÓ(\„ÿWÒ„¹r¨B­3!h''e:J%y/Bó‘µÎ°íœ°¯œö“ü÷„u&­/bU¤Ñ¦ÖX•H¦±¥;·éåi»Z	”/0ÛÞ.”–rd¥½ÎUR´Êå£¨›ì"Ó2–C¶•·	ûÖê‘¶!	 YÍ*ëÛ)ìäðŸa!ÄíqÌ–§ÊíÐ(¼5›Ö&ÁyÈ’@nþ1Ûm•9Ôˆ^ÇÀ2Ã@ŸÍ5yCÛ­Ã€ržëû^Ì€*öÃéÑã×Dã‚UrgŽRtœÂLQ¢I´×™Ø&~ßÛuS¤ÌJú¾çÝå¬4ÙµJaRZ–Úv[ð]3;ç#J” ¼Ëé»o†¥A¬„x¸·Æ;+Õ&áQ£ñDŒÆ¢R„ÊÎôRÂNìvÍvÑgJ4“l*}Ô;Ú&j˜ç¡ñ§!MÔ;ù”ª·ÕI ôù(Þþ²Ž-ý˜Î–˜FÞ>s0ÇH4Ébª82âŒJ"¥‰_ðËÁ´Gû	'·Y™‡Ï£‘¼Bèà!E±UA(¬G)xenð	åG™²î@êÙ›±ÓI‰Ï˜Ñã^)HR>a˜ŒÁ3¤]•¼Ù¸ˆ:>¡Ýû€wÅAóÜo®MQ÷ÙÖ3’k!u%Z$Á£ëC&¦˜¦uÁÙö—Ó:“}éüsåîäLò‘<ñÑnFþ)ë<EqÈ	Ðf`šŒb:‹,5F Äéo¸:2sž1”Üµtm¬¬ùÀ#Ž×<9blæé¿È“$èçÅk7P	
ÁãïW)É½s¯-¡´'òó3æ2	*:‡¶…|æjV¯™0@Kýãº«·!$ÿÊtaÇˆ£âªÌý›±e›mO¡–“çÁU²‘[Šs‡˜2’dšù3<Ýb¤ƒ‚éÏâlEx”áï¡µDnÜùÃ¦Cy±ÓtÊCœLÖÀ "ÇK§R0íWùxæD~ÈSêŠËEÝSph@h˜MºÛÏÂ’ªþEC„#´L»J‡YjöÊ1àÓcl×Ÿ8¹tº0öÏ%ˆˆ¿çY«Kûjx—Øx*6–2AË•0"}|ì
žxeŒŠR]öEæ¾ùÛ>³ó¨J’™ödÔÁðñdw’‚¨ÃpoÐ—-š­…N¢2ˆIðzåiœVÁ´]#÷Âè…ôÖž5ÓŸ‘Õïð`„×n¦Ž4?$úˆh°¯ð{9§‡ó÷ÎÌ°Í[£¥5i	~èIœd+¨éò…i>·çJ!JRW¥pjWÿl¶j|H”i¼
*âÙ\a[	E$žÃö2ó‡ m—q”‰—J¸=÷[m]éÙ®½^ÞIE3:â$:%N!b¨ñ’ãûW¹ ÌûÚâ
<N°*üÕC–@ž…ÚÎ¥höçæõJõaïÖº'å‚®ÅOÚ=ì7RÑ‡ˆ+ª­‹³›UŸK[©4D²¤•½CZB#õjEÙ÷X~:­…²ˆKÈB15©ø©•ú#¿–¹6d_óGZ~g·G¯þ’(YÇ)Õ‚öèÊà†µ”¿EO²_Å‘0—±‰Ë|h°Ñ—JkU eÿòÆ!4ëmõ!Í“VÑýn•¹m7µœ\‰ëAoB
×kÍ£âÈœÜ¤±#ai;ù½^ßõÓÓ>C€'·s¥O”ßAÚ×¨þ(Wã(C	§f™#·º©sL&980Çò­xš¨ýHyÝ¸ü5S.>¯&ÆW’¼—¡ßtY2~Ñ¢»‘du N—‘6È*ýýêðsªÝ¤˜¾6}©JÛTnwÑvPÄÐoã*ö?á,&’èU½ê²ÆQ X‹ù |ó/®…·ÒÑÚlKë1 wÙM]êqúb‰3d?3Ãá|þF‰@œà&!©Ê€ËjHâÂ,·×ËawÃbªô¡H>š~ÇÃ 9aíëVŸãOB‡ïÄs¶‰6¸X=AØ*Ù+éL F§´#çŸž
G òÛ$é¢ð}¢éÿûÙ7YÓÏø)Û9TxžÅìøÅÎõëT#ÝUÊ8ÏµÃm:¬ñ8iB>óCši³}ÒRßÍ]lGžù`aÉºJÙïa4zäiÚÖ‡ý¦Î{ädº…Ã7ñóŸšÒR·Û¹ä"Ý%D
§^*<q‡—­îÀšÄB¦Ñ'Î3_së¤ž930ís;pžnˆxV'ÒKÁ:]uí‚‰:\¶<6ªxän!°sTSœŸò_H.àí¶¡ÛÍãÃÂ¶7ì£`ù[_¬­vÏ=e}–þ½Ä[pÜ·-ü¦îÔÐª]ÙB“é¢}Ñœ^ã°¸Öß)÷.NkÕèÌZOßÈÏP¤¼€ ¯@PqC/gìd‡øœ—3	Ó+¢/Z	'5^:|· Y)hÛlà­›Ís—NÐTúx ÞûŠÁ„ØF÷©îïù{/	Oy·}oE˜Æô4ƒ”:ÍÐÓš9V”téîya&ŠriÐã|bƒÌ?œ£OÿsÎû=A¡ ¾ð¯ê>hyJÄ-ôš“Ô©š„)àÓ•æÏ»HN@o{f¢mÚ|ÐNª ÚW@žG#¤„¨5—Dõä«`œæ8ƒÀJË·Çf>†qkýp-pqÌ·(ÀÂƒ<-ö^½ŒDö~zãØÌ¶{óçº£µ1Ä±M-¶¡­p2Îé$›n•².¯­ÆÀ¶5ø‹÷[µî&|¨ì”–rqKÒÖX.:ñNæy’êˆ¤‚‚ÐžÐQÙü Ÿ×‹_Ú¸Açˆœ-ijþ³À‡ÅžÏ·ç‡øZÔ}‡è3 ‹#âÒ­Š@{³
fy¨îÉ¥Úçÿ¬õ;¾ÜÎ~ë:¶¯ºé–K@³¥›,Õ–gíjþ-KP¬SqqºL1åIÄÕ·Ö0-&{¿ˆH¹ï¯@îAb‚‰àH#2·­¾³•_8ÊÐ>igÝñèëú"
„®ÎËNÍçgB;üæ‘ú.½ o_m‹nÉSLàÙc&¾@_šXjçîC÷Ÿó©
ãGvUÿBÞTô•1Ø¸òÐDü‘Nýù}øž+B/Üp
ŠÏ¡ñ›zsFÏ5/b˜!jÀ¹Â€n~¯¤…^ÝÆ#l×C¡;y}])ŽS°¼pl]¿Î/âµ+PßãŸžÁxt±F$v‰.L·åIö²nzÁc2N|	¾)¸kFI†¥¹¦4E1]°™Ñ(qÉCüìàþY¹e. Þ$¦Ž¸" Ýš¯Y#´8Ã"ì-'Ís*·79¢,¼ç
rõñW9g	A~
«î½Áa¯4ÑèhÄ¢(‡^T{¹ïyÛ-ÐÍ”:Í&.)Ccs…a-M}¡íEÌ¯,ÉÐ¹ãžA?\Ë™•¢«¤öØ|hs(nÔÝµ…Ï›‡'1Ÿ6Útæüµ®‹¢Œÿ@ú•kâ‰ b·í[%éLãô±_mb±ôÒÏÁ
;£yN3Œ»œˆ›ñ­Üs®ýÿe‰_á‘¤Ò{eJ$A|¿ŸÎÏ¡{ñŠ„ÃR	¸máÙè‹÷jL[/è¾u/¢'Ã{ÿéòáòžkÑv=[û3ïül=huÁn1v€k}ËÎåL`Iå#Îžô€Ö(­{Ú5ëGÀÉì†È™K 	r&48ŽOc¹Ãˆ;F	´¦¢¯Ì³§ïoƒrv.vôûÞÄŒ1­¡ú"1Bšß^’/—×î”í‚*>§Æí!G	ic¤&þõÑ¤›¬s¡dÓ0ŸLzxRk_¤¹À±Æ_Uk(•kWiš›>Q~Êâþ1Óè”-e©æ/ÌEjŸ	>¥ŽfJN»®¦ :T ™øq¡Mo6q²F¿´ÍÑ>AÙèq×œž6w´FÔÞa{WO£CÐŠ•Ëª»¿6H^§8ïç90óxQ÷¿ö°êU|Þ uegnt}×þ×œ±Lá0cèWrwNŒ¦uÝO†tÚ›¸£e?ü@¯”8LÕ#ÃÎðÃÔÑ*zÇd©Œ» 4Qqú²¼òð¸øÔ$!ô« lQ/‘ò˜¨ëÜ£Ô6äzóG³/e½÷78šÖƒŸ=‚~¦E]L°ˆ,æ™Ô–¨ëñ›ð*çØV#9Ÿ@áø’H‰U7»¨TØÝ<õîQ#qØ»À^ë8–™u^»,£:Ñ"ßF×01,«{ô‰-(Á‹”ðÔVTBcÂNB¿«õkK«œèwyríi9+‰à–'
í‹Ï°k»l£iä‰˜«-´I”¹ˆ@ò^3co'†Ýc%$V8 Tž$ðMD§6Ö¯qõF‰/pùm@¯Oº\Æ‰S1®ë¯uZIéÍdôJJ„•T —ž¥çqÛìqeŸrq£"Â±¾ÍÅÒû•ùïÚùÎÇ@Ý³Åü}åŠ'ŽD{ÓÂõë¤gám$UÛÛïêNƒÙÓRq£û
¦~ û¦¤ èÀ"®–]&‚&EÆ3¨>À²µÍð•t–Ú‡	‡õÉi½³<¤¬¢¬óuha°Óùè¾Nå4–ÉŒ™$–ÍqšÞ¨|ºßg8Xìo¡Óÿ[™ÞŸ•»Ñ¿é¾‰a·u¤Ýáàñä(ÛÎ³á&èmt¥» ¡€Õ½úÅ2Œ'!YÁ"™8×§i‹"H¬á¨B,©YeüSº6Èw§uÍruW ¥çž`›âÙ…Q]VÁrm…žLM(bO°C\ùST¢îöxÂh}ûåÃ_tFR–27Çd}V—Ö~}~KY÷<Ì@ÛCôÞeÛ§‡ãbÅék½H¥†1kdG¾]‚D3`Ûvmª°†0„/,H)²¿›k»‚â]Ê	.0æ®^ùà*žàï¤¾íá:ÔfÏÕW^Ž?ôìó3mÕuÝBK„¤y;ls0Íÿ*	½_Eè1pEöûÀ×îZÜÏT™[Ê…/–ªØÉ•,Uo»ÜÁÇTê.ªÔW÷BšNøl” 0f½G†OLzg\j8†ìÙRM§ uõÃ½ùê¸óºK« m-öC©Z¿VÞØ—ýšÜÿÍ|¸+¦ÉÅÈþúœV¨ûìïÑM’û®NLH>!æ˜T´toàëùáE_„ÛêÁ,ÙF£×€—öº9‚‹jR@5n> ý:¬4ÂJå³‰Ó|µ¥ÃYiKEÙhÐ†ªr¿kŸ…aK*&?Ž—£\d¶¦þ¦€ÜÛ°äªáòÚFA¡¸·ë/,¥ÇY–yº*,Käìóíš9±Ç2Î|Óôœ2I1„äs_ÉÄãxïÐ6¢fÛªxÞçÔ¯}òøš6ªœð¥Z¬âÇ¤ÜB¡EE@æ‚×í» m™cÕìÔhÊQB¤CÃ
î”£Vä{Äf\b4ñÒ7­÷ÈXJ†ÈƒÖªÿH.{1ƒÎ’ÆfÄ¦‰4xT„Mä sO¬$—9¤B@•XpÐÌKe¾±gÍ/‡wÐ<…2dÔi×\G„\yªµ³×ÿa5ÓkS|é©`3+f&¥cŠu½zxÏÝefiH>™~L=P¬GÈHêå@œ¢62œâ¤ÞíÁQæ6ƒm²Œú:€´êG„-ÃÄªÉS1'³$‰j¬•[Æ&[ë®ñ‹WJã›GØ
’ßWAË(ÛæM2èŽFï,áí%ïôùä?‰FDŒñeöŽùóCYg_*fYÍMHÔì‰ç^ðv2—i°îâÿŒa¾kˆ¡Ÿ
Ï;yÈ]Äw¿•­9ÏÂIslÀ1.[¤ö7©[Ç†ñ	·‰ŒÕºLJ£ñ™ZòM°)8_«»W‹Ý¯^L|¸ÚqæÖp78KwÓáoÅä)A›JÔl#z¦œBYak;äô@ùJ‘-T5Îíçø2^°æÎ6!¬CÂ\ñ7® @Hb‚_‚d^³fØ€8YX^‡AºE^i¤¶8|BEjç%íÎÆuBiû‡9¤Ð¯¶e„E8°%AWü·é~:›¹D¿d¼ð75MÜöì¬¹B3Þ>û™WG†Õ•¸\+fÐßê”„2UÞyAkï‹;þ~¥B„LîÂCY«[Ís(ö^\þ­-fPô]{­Ž$W’™º7£ë…8ÕQ‘l¦ãgÔ}+’ý™¬Š·lµYF|¯’P<CÒès”ÕRC-y´Ó>Ü¤¢§>gÈ»g1SoÌÉ}$‰LUÇÑ6²Þõ/ø &ió=inÎ¸eÙÆƒõ\•U‹|ETÌ¤ö?Yé+‘cƒ»%ª£Û‘ß‹ÞYùSz$†Ò§}¶„Á1§SlŒè‚Ðã+ó‘öšj >²¦x,}t&\2_™¨1¦©øÔé‚"=¤~UóÁÆž™qi¨¸Ç–Ì›¢ýU¸ˆ£Ì[‹…kÖñªÎŠû8!wƒÐå^­Úm1Çì{'7¿ói×ˆ6®Îš5Õ–“âg£J.ô³ƒ˜KûÒ´|¸¿sN|`ÍZ~è…3¹¢Y5¬Wìö•1éÕÕ›%ÎécòV±wÕïG[á>/3Y‰‚ÖõvòÖïÇ ºº)šx«7…‚}¿ì•¨a@æÔ[œÞS™€qRL7Êûvßû0Ô?–p`{0Ÿæ\©YwËçWÐŒ­xq4 ny d`>1…¿`ŸÑ[õÜü×çÜ…#÷‚¾ÿ/oþ[ç³.àE•£ò¦\'\)´d,î§A†õô4‚<,ø×â=•ZÇ|±ÔG±/ù‡r=±aÔí4X!Û õ`âÅU,TŒ‚°e3Ìï[[¹ß4·)‹o¦ãÔr¸3× õÔå>5¹ŸÊú~õ‰Œ†AôÛú¾~À¦)ÊÊN;_»hð©=½SO‘cÕ(ªÈþà&Ü§åóòÉ]‚½¼ôærÈ¨`ñQfÀå†Âéðs0òƒÒ"†Û5òFL8ìºzH^4±Iþ¢^y˜ÀUÂîòB{qu` ûÈÓu±·ßRg~ðÚt×ëìú€x&=†!?(ÂZNÞÔciKH”=Y1Ú¥Xª$	 AoEŒ ˜£žñ'ÜzŠñyMDmnäÁ{PÃkÔçÍºUfuôËWF/ô÷xón¹Ñ@$Ø,Gî¢Ì†ä¹Jïúxmeý6ë	b}å§3økjÔ6i¤±ý³´O2“Ç¡îyï Àž" jËéƒÆZDÜMúQ1B‡›\< ¦–ÍÙ3mÚÚdQ*TÛ:ì©¢íŒˆãvªíX§Ô”Èú§ïZÏè÷Ê³ç©¢´Õi´2'ÇÏÝQðc¦pàÄN+LÒbË´»5ãÄ€¼¥™•b=Ç7¯Ø›E_ á5âää ìR©ÎN#¯S¹cF}	éy4¢M¹Ó©yœ›¼:ê*ºªÕµ|`­©•;±ÂX=Ç¬ŒK$¡I×«ÕFž	ÒºÊŸ
·wd@ÀpV'/Ò´Ÿg.@·F58U(àV†÷¢hË[ì'°úDúD329íÛÈ X0Mpi=€%X~ÑÞ`RøÜ‘Ó–»~°À
wÄisÍlúZ"Ùƒâ™5ü+Õž!'Ïíëà÷`pÒÐç:Þí@Zk.3¥')Ü!½¼`¦±GTï²iÅ[&ÛEùsÃ(mÏ›"®mM`t¦a§stFp)iQ”ZGyÎgr*«Þñ—)¥¥	OÔˆ>è&_²^=²Ù+	v™‘:ÖgÅ¬îÏ+K³+‘Å©ä´ŽÂ0Øb©ðØ<to‚”}ÇÂgD±¶‹Š_bw˜À)P<Œ·Þ'j:ðÛÊCó…‘w‡&7snÑ*5·¿»P <6P›Þ\ðÞ·ûáØ§À:¹*ø&ßêçÿÍ™$.8ø§9q®c0eé/fÊÁ³¥oü$4ˆFÛüøþëAüf"X¾€†&Æ„@vxûÂÜ…L3:Ð¨äbBÅ|ø!•%k-QAÉ¯¢M¨hôx]çLèˆ¬‘ò)ÂS­+!…ÆîQ¶Êöà„4_eT>Xó-Äq/B^¤N¿,?o+ú½í±]ê6Êcé­ŒŽrÌû~¬¶å¾ÌÈm”,ÎJO(á¶œ‘&“¡[íGœÔÞÜLfƒ*c"ŒŒk7•ýPF j@o×úòl’Óâ†wOJêXÖL5nÜH“ƒ ¬é\Q·à|TóèˆÒ|–.Žbâ&óËIÜgŽYËhÝ±ƒm›`Õ¼9‰Yô¬Pq ºxª³´æç±ã`ïM0óã!]“õXœÛµôæ&ÜºÈZR'I0 ´ëª‘¿b\"¯l©Km­ÝvQQiÉ³ÊýúÇòGœò×ºðó8'Nói~;·³ÖèyÔÓ¤ÿkzµËùgì ^ü¹Lú·µ
‘)l$)û–1ò›>ËÛS[BoxnMë‚ÌÝ+=FÓFÙŒvßµ­$Ž^>S½¨e`6a6½›šoº!~(ä(g¸õâÕAä&ârž²4ë­’é¾+ŸºÉ5*O9¨¯V?Ôº=ÆÓy¸‰ÊaÔÏ³4†íK¦×•®FùÑcD~=èí3OÃlÎ’sKüd¤„7ç;Îr°·?+?§LlÖHÁØ„¥ª¸ÔÅÒ°±?mrM#¦Ñ'Ë”},£¬MÖÑ¾:I½)_^ÀYÞÐ²l1U|Á[¹ýïd°ÉÝ•ÎGQÓ—ÿT1	ngo[Þæ¯#ÂdÖm×½t×®?Fl‚¶;é}­|sÖàäu‡ù(0Heöo°;vF1´¡Qc-u¾Ëöo0Ñ5lø£9ŸVµÇ
v=}#Í$zæòŒˆ^ÉÞH8mŒ?³r¿XpÕ)¡„àMJÊìæ1üÒAÕt ²­]‚!ä¶îe÷ùæ77õ@PýZ° ¼{Çç´b
HcIÁÞÔÆg9¨÷³¿{ì·¯W¿Æµ`°ˆ–Ðpõ¶C?ÝÑsF,ôó­ÚÜQH¯I6Œ{ƒ. RJüØþ×x,n3© ÇÀèØ¹ÞÅ2ÑÙq˜e‹jìó'ŒÄ |Ÿ¹-×è†gÎ¤MKa'Oˆ´æhd@’v/¯UÛòç¢mbPV/Çu^Íä.A\YãF7æÐBb&'ü©&™ú$2ã$Žp(Ý@Í¡_:T»›Ü-¨iàBo\Ô-‰bpü“Æ$>–„¾Vº°È’òà(—è†KÃÔl:Ü#áEtJù¶9Ã`qa7Ê¨XMŽihÇ’®¶áÆ¶Lê['nˆ!ÚçXU€´>ãgzÎ8¥ÖóÉÐ5¿ß^e{Mä	>
Âô¬‘¿eÞÝüæ^_†‚Í”OÈV„$$g]¬ŸI¾£§ž‹ÐyåaQyÉl§d ¼Xï,ÔæPQƒá‡X¯½'Ì,é¦ºŸq0õ6ÉÔ?r0SÜÏÀ9²¤Áó5`‡·oùvµ^‡å}jF-->v²åéyÓ2µO”\~ ¯ÅáòŽaÆJhóþeŸñÎ¤þ2>\ŒÔs²}--¿W2“
¦ÍTçÃÞ[œŽ_Þ´[î9Ðú>–W?™„%å£lÿƒbÒ?ÚK$ûxi%v/S»%åÖÍ=}£KäQ`àÑ¿tÂ®"EˆG–Îñ–À œJ"ÇÌ®#n+Ç£º*~Õ”NKÿ³‰m§	rm”Æ=³4G8¢©— 'þYò
»º‚^½åœ€|0š%{í1 ex¶/þêûQ·ˆ,Ë‰AüÉ,Cî¬~ÁX³ÜÎ²{ÒˆoÑ•ÞŸX¾ˆbsFÕµxßÞ‚ì
ÞÀ°o‰4’å»LÚdÁñ”qH¦)l”í˜«…Ü³7
ödMÚ^­¢_Z¬-ó’ï?ÁÊà€’0Á+ÇXOd+¾ÈÙ\ÐÌÚøW*aáq+n¥…£¡ÒFãªaÁ8·É£{Ðg‰	‰°dƒïªj£B„U©6Î˜|ÇÔ~ƒ+æ•D>bÚC£„žã"(Ji«îD¯æàäBzNšÈ†ÔœJ£’”Í‰ÚAŽoC©ÅmÖÍ'v1ßlvdí]À">ŠæþØçKÛé“Æ‹òžC=Y Ún%Á-=ç€Šdp ä=®/0~ÎpuÂ´†sp©“Üià&Ìt.èr‚_8,«Ç\èØ­4µd6Àç§Hu¬Òhûxcw„³Îö¾\–çfæâ10Î0b	·ÝÈ©HºVl•’¯ºµðl~qsìÞH¶}²$¨ËžGQ[îS]'5/âú¤c1L÷¯/­ŠBCp»ãa#‰lC‚;ùFcŸÙpÁjj"|ék”ÜW?}í°Ñ&Cj]åœv«Ÿ<HcÆ)`ë0pJš”rZÓ§Ë‹cÑ—ÂÜ02="! ØûäJ2•Ð’þ• ›¿:Œ¸×ñk–ÀÙ¯Ôú©F‹H6TÝª«…Û(Q“ÈØâFu<âk˜½‹þœò|Ñ@” Lo¼;×žù1„×äÑæ¢gT)ÅqS½ÌÁºOEˆ¸ˆ	œúõz*ôn°ŒßéErwØŸÞ±®~¯qMET© °HCtÐ°q†à§ÖøüèNqÚ‚µø¯½¬/û×;@H ¶PWb4ÿ½n…”×üÛ”zÝ.&€ÊhßÄ+BÙ˜ë^­¹[ä\‰@^ÖåÍË„¼]G–eWa*D<é>š)ûÇŠ¢ÒÛ;Qñ˜·„H!Ù¥ªH)Ï|ßòí‹9òïhŠ _é’R¬ò‘-†FîE
Ç$U†ây‹'"›ƒ‘j}nÛ›'Ó±‰ÙcGÜÕ6Ë¾à×olë6¿<£D
µ­B(øú#Ìÿ«ìØ@_ðÌœEÔ¸ÏÙ¾
²€Ê˜`És"¤—’D—ô6äõkL·÷¢èÏ §×OWÀr‚ÝSÓaiðs Œ÷„º/ üËë‘aI2QDä]-Ðã=ýau2’Õíª…¸$½æÙ†‚`@5ý£ÒvÖ|úÅÚßGkuÚ‚Ä7¦ž JÍ)ÞÁPc7Ëí=xÓÄ—]Báà7û¤}=(]5D=µK4¸™B`Ì€óÕ;ïÎ7{÷¸êÂœ–ò2îûÏÉáÂ´öjN-"Sîìò;WÝy¥c€F6áÚûacTc»Æ¨ì‹!\5%¤üŸyY¤’Õ/¬¦Ï¬Ê3cëG>‘—3Š§7Ðð3!Î†ÈÌ6£[~—ƒ¹pŒŸÊ;}ÕYe:¶~ŽCÀ€UNáÿé#êT•·½«ºM$.ú@æ•Yº„–åªÜ
¶®«HI…­ ùŒYQ)ÑçšRþJ*' ˆª»ËÑÂ®‰Ç_¡ùóÛ¿Æn!ï\c¦1Væä,¾»Ô¾gìÐ=¹‘¢ M¨`´x5áËG5K0V·fæŽ&‰EúM[½4DÌÝÂÒ(aMâ™üí˜ceqD„«h…b†b³€Æã¿Êî¤þ?hƒ…>’5¥[\R@z«b,Ì,ËêRÀ…’„g'øÕƒ9± ÊÎòèÜ)¬N$Ÿzw AÊYXÏuøPßËÅÇ¸¬Vó5dê˜Ö:‹NÍšªµdÅAf÷;§ðòÓssIAcï%ŠJ•CgeÔ/ì†.I#…Y~Šr½rßø`5/Ç¨X—ÃÃ!­ðWc)ÒdöÁ‚L9æ!0¡jâý6%œUªY;:¢w4xYŽ_UT·‚ö*Ì Vf;!É¨Å¨´‡\ÉÄ-þ,)¾j]1)òìÊ×éKýŒŠjOuÎš3ÞÙÇëûÏF%Vú|u&Ì>(Ýï.þê8Æc=
¯ï%ôÜy	 ¸…¸ÓÃA®ƒê‘#R3V†ºï#Sl²,SQì±Ò­Àþc3¬¤KýÌöƒ€²_`Ê7-ýü£§‘3èÿ¥]ÌŒµŒÃúo›8Åç|ö/ÑÚµï tÖÂOÈqWš|E¬Y£ :5À°†„_ç!u}F¨g±YkQ¹%œ†Ž «äÏ„Jê¹ì—ã“VˆÜß’QmÿvGù§ió Õ (¼ÃúË­<j‘¶`¤¤¢Év'ùÍQv»Ð6ÐRýèYì«·{…Ûb<.nlOvO¢Ã½¡,ü!ŸÉÝ@E;uýŸi7²‚x“”ï0óÕ¯dÀ·¾Îlü]¦ï”íç•M/‘r¤¡S2”’¬7.#úrÞÐØ$Ž¬Ïc éÐîOÂ(»‘O³È9Jd“¬ÐÙü2¶°ÏjhÑÞd©£'§ô•ÕÅ¸ÂYÿXZf_:n ¯­·Ä}“9-ÙJ;¢þ²~Eò…—àd“'Z	9BjVy"ëÔ»+·lèD÷È¤–7áÄÂ\bk¤
±U¬k”?Ê¬xNñß”VzKaI¸¶àñ0ÿðBô6L(ö“ÐW“b±-­#ícQx3âÄNR
° v³GîFòºë¢¹ƒc¯„RÃµgê>w½ÿœZå¿·'›ïo]9‚!X†¬ÔŒ]36DØ6=¥”f;îm¦ÚÝ7z°U(ª4f&e¾å*ÅDäô¹˜j	N‚Ò„ÀY/›|“š…ÊZBŸ£@Ù¿˜kVWˆÕžn…åø,3¶½òG·LÆBt=z3TLOyƒ|CÏˆ#¼‹Ðbî+ëNüºWÙ·æ"µ/ˆyGfõØužÅ‰bjP×®ƒm°õû•±H¬0—(ÉÔóØ€UÂ˜\ôŠáŒþÈ’&–ø0a­øýÄ”)p4f€qF*ûQ‚©Ï'îÎœÙ2–òÆÒŒ«z·Ï²uF'`s WJòÞè9Ð 8ÑÆv¤4´ØlwT‡;oG/ï?ã¸N\ õw:Ï¼[\3X52_ˆ˜¥Ø+öÜ”ÛJ(ü ß(;?ƒ/öãÝu¡:yæ{²@ŸÿNÊØóa_Î(…ø…æ¡ÿéôæîrxäÀÙ—à¶lË› ëwÕõÆ*FTþ ã›­›=Sñvª;9\•£‡B)TÇ g
gg‰ÏW÷h/Zeú•äÔ£½šÜé™8í£bSü%žÁµ#aí¡Çû­¢åWÓ1Ð`”‰,ž$÷ J„aË,ÿN¡á¼‘–üç‰ 	*
€ÄØ'hŒ*×@\ê›æ¼N”„µ*ÊßbÁè'<¼ÿ7‰H0{WáLUgB·ä]ëjœHÐ6é'…»CÄ3z>o
Iî\¾2«.Ê«û=˜Î:*`Ôc&Y[H±ûšQ°¤ðö×ET(·C'ä/cúøÁ›ã=rÌ/pÆ?LÊû1#e–.çõDå0Õ¿Éô,¢ŽÛÆ\U’ŠïŸ¾´Ñ“ÝhMÂUÍ‡ë\gÏÕ4ÙŠDå“Ôèþvž7Ž‹µTaD+É§Ç˜D1,7üxúÓ¿kT×WÑ°¦´ÈBx!ëŠ~ü9;‘!·oEÿÆº|ˆÐE«Ä?_Ú>3zŽ1·»†&,ûåÌä¾zà’÷×9¼L–Þq ýœíÅ¡ÊYjþL'3QâµŠ]¾9DglºuÛorK•.Z0šÙ?b¡—TX1®‹þð¤9]gU¶–/ßyjê¢€N²—I÷
×Š—6§å®Ë˜ï³aðóˆ$Ë»"‚ _rH^6µø±š—õÿÙó,7@-ŸÞ ±hÕÉd"þ›‚$¬Rä¡î§:ÉyúJÕ¼ìÝ(¿âçêÍp•	5¡Ÿ­ßXfÃŠ/Y6‚ks²&C™«Z»YDczû†A7±Œu¡+šôç‘¿¦"i‹ÍoÖZ ³.Ð)­ß1kÑeªå'‘ØÙóé$>a¤6cMU€rÞbš§k9ÑOID3”lè3¢XTX,nÂx–œ¸Ø9Y’ï÷kæ¢°‚1¼?èM¶c8£±Ëé`­ë4ŸøE$¼ß7­ì ÒõØã67ÅE%¨aèë$5t?•OBV•\ÒVw¢ß.ý…_]'B¿ÀÂ>c¾ùX(BÁ1úaþv3æ^`Â›IïS¸´§d™´áHø}H‹ûü×I!ÿ”8Û¿]”4™‹¿
Ñ<ˆßþH@_ÚóùBv<ñ@º.h)30åcšI²IºUˆõ6ËÌÄê7À?ÞðØêHDœîgáÑ™ââÄÜbå<ŽL_ÛMâ„ÅÇêáK7j xOƒÜH€¦kŽ
§u$y²1`-"O—¡à²Š7I
I÷RZ:GˆaêN<–§Â¬iÍÊ<'DõŸ™š„^õR„pÄ•¹?qî>ï•v_9Ñ®øHè;wÔüî·ˆJš{‰¦¿Lçµâ—Ç†+ÅêB@‚wºáÜLb6k½U(ÖÝÚK½I]Y°1dí“y‹•´2™ToÓœ(€‰~JÙ>mV*¦žËtá”³²jŠ¶ÔnÂé-åÈ§¸vâãr“I† #b;Ð*­Óî‚ÖG|(©¾É"5O(tíÆ›M÷KÂì¹jmäþDÇ#ñ¯	GçïŒã%i‡˜ªBùÛCð”ó­ïv¡ú.ŒTð¤{xŽfo·Wº£ãf
.”&˜õ8•°›ŒìÔP1y bSo~ºîf;2¿GƒdO^ÔŒ,vK¼ê ‚áGÉaÜ‡Áªl^’ÈùY¦O  /™Bí¢µiû‘ò†æõúá?d)Ù9€ )ÖÝóo®	£±pWs›¼MÏ$FDà8ç¬ù¹h¨Z‡ßQ
t p@!#ü¤Ú¿^ÓîÁåë/v;_]·M
²q÷áÎÂ`ï„Áž»`ñ}„p¹Õ3ûTý‡ÅXJ	4ž™™ ·œÀ+“Û{ÁàvÖ1KÁêê¯Å8W@šg6DÁ‘Ë¸Ø1ØTä¢d35\lÔª½®˜*ç´'ò¹~lò½#	Fô²ÈòÒÔh¼p*VP1<è¬__M“ÆÄ
»,ðz5ãë7%ÜÒwÅßV3£óIM0¶kKD(Àò½£nó=ˆâSŸÂ"¶ÍÆÌðÆµñÃÍôàØÖŸ¹E_ÚÍ·@%#qž$Oßk<=;É.E°¿üb´VV¾û9è‹¶É„éf<éäºö}”|+àÁ¥Œ)òZÌß¬üRdÁ©4»WLŸèA3ÛœxßZçéX¶ê7î„Oª—DRB’˜ ã¬ùEDï+1‚z7”nƒ½þ"jñ£ˆsÃ‡[ÊÈÓPºiyš%Rùth}G×½Æž?oT¾âZz¬6KožN¥‘·Eþ¦ë¿ŠaÄímhžØ_ŒŽ\—oZŠº¶Ý| ™ÝfI¦öfàh™Êøk6àùmw¼ ô¶GÐÕcía	`™iqú±"¿BÅP¥‚ÓÛYë…êÀrKÖ8_¢Oû]Õny;ø!Öª^É§ÚÙàÎ€ªÏx$VÈmä1kuBqà+£?í¡7Ã@·3ü¥§”#¾ƒÿœuÍü3ŸíNMP¿¡	¼GÕÖp„	`,9žðÓ™é°ˆf§š0%ƒ<>®™˜>vìÙÉâÖÊçEbK|¯Wˆ†Ž“4Â|aûù±YV±²aHë/¸7¹}-ªA¨Öw{,Ûéû	
4{QOEv~O,÷'µ©®(»ÿðx ±ù‹¯]ÒåMV"iphÈ÷MKAòD+§™¾ÖýL72‰ã…9¯³
0®»ÀfgÅ1›ƒe*áLÔY‡ñ¬á7.î¨À†ÿu@„íD1§“4=‹RDŽÅ F'‰¶(|x$»Ò<ÀûbbƒÓ¦ÇÆ‚Å1Ø%Åæ#Gp¹×d¦{V)&†o…]Ø»quŸˆ×Y4›.ºô±Ò8ÀâUhÄ:#Ù(IüF*ŸB¢·…AÝÖ-¯…d+ÚŠHPo‰F.ÞÚÕ”&ì–Ÿ}ÕÑÂªÂÖªžsáy©ŒºV’M‘É0^1É¥] »!7uï0²dºã¸Ìf÷å"€X»ÐÑôY
JâFÂ¦i¼4Øë[Lf:w”¾Róf•\>ÖHâÀºzÍDznÙ:²>í"¤ìx¯IËNHÍ‹`h‘“?Ì…¦¸’Ež18BrÄ¬"‚0š8ÏÖ6"þ¼&ù;~'”m˜µïÝÂ5ˆ9òðk7oÃÆ´mk"Ô¬þƒÝõ]ø»ÀË1ž$ª_'ZÝÆY\<I…Ú¨¼‚rÿ¡6¶»ÙËäï´éF€)œ_µS´ÄŸù/õ.GŸø%éAowUmŒ`…êi(á‰v.M ¦¹„¥Ðo¦ãè
*cIþâûW†»p†œý il!eKúA%Gú„ö1˜‡Â ™ç&	“®ÁV% lvx?øfóÀ´‚û!à%íŽ$?xo­3”xiRNŠÀo²œ†¶‚øåâø8 ZÀVr„c\‡¬§~*puƒvJdæjßVXCð“œŸx5&ÇØ9ª2Kü6%ó;º×M»x                /AæC g¤­ñTTåxYé¦´/ê!ù+²z¹ñêõ‚™ôG‚˜3#]‚Yš¨]+øaÖ&Ôâ&Šû‹‚8øÏ=ˆºæS[}¤NgGž™™¡Ý·Ïí›c\u nº1ÞÁÆ;¯A{´®Ð ÞG×öðCË··›yÄƒ­÷AHI-8e<Þ3,(’æÏ^æUm8=—^½Û”#ñ*Õs’ÃSšê¬÷¥WOW–Â%œUN‚
3ÏÊQ"¥EzÒaÑ£±qì3«UYüá‰+7ã´áY©:žeuøð¯¢
=«qôâòòÔ«Ü†¯2£‡7¼t†j4©ÍØ†zÑkËÁ¯Ç`»ßƒE÷Ö–Õòn\°]…àô!Þ×)’¸g7+–cF¸ÇH³ZìÎ/éorÐ+b¹FTííILŽS
ç‘WÚBF«Ü4À;Œt@k§MÉ£UgÛ
cÃ!#³°pâÉm¹z™:8¶j†{saÂØ“¹¡Ü»çŽlYß¢ADŽ5ÌÛ9ÛˆÔ­ùO± <¯6,±E)ì\=§V{œo}ÏÊ¹8ìˆø‡8OôÎ$wëX2ª|°9(Ît¦qÄÛQ€8äêÌå»ahDùpûU%Àaz{QÓIÅ“,QÐtÝLaœg:Ö\ ‘=q¢ZÜ&¼ùt~ã±Ë&ƒµ9@1©Ó‡22ï]g¨è¡@TÄ,k)ÀåQígÅ9´o€§÷„M%VìE¼<ónEzëÀòvó)­ŸÝ“3Ê º¬:4³+·$ƒÍuÊRñå°VT+GÈå¹cÁK‚I„8¦Hð•=»)b&R­W!úêðáÓÃ/N¢L`Ë`zÃ8_'1Ã”ÔxšˆI¡…§WKž5Õ¹X0‡u‰æÅQþìë~øÌJÝÃ®à•²ç}t­*TéÚ>è®ºy÷5nƒ³Ms€¨
½ºeÛµ˜ý>¡ï«˜‡æ36Oðçnq€ÿë^ÉÏ3poB0+”Ãš#¥MŽ
m¨	I^ë$é÷
Ä‚B3eA˜ì„}uu ¨„œì+L0EjÏÊ¸Ø?õ®‰ð×¿ˆbBª%•ë'y_!Îõ9#Ìwž½¯åyÊ)!¹ÌÛ,¯0^š¸‡ÿ«·èD›9küþ§TxžT¤´æ–ŸÜ£œûžŠÑÉ«ü°hâškYh>ÎAvµ¡"‰‡ý
Â1:!²ve17ÀŒÛmG>uö·;èuð8ÍTÅÆók"Å´çÐÄ)+ÍƒdIº—SÂ‹™sÂø©,Áé˜¥4¨ƒÁ˜ tZ‡ÉeŸñ.;"œ–mô+ì
Isz|«Üíó¶ú]RÜ a1Ãü‹ÖQ—QÀŸ>7Òž~	9Êªö-KÔí:3i”­ƒ*‡‚EcGÆ”¦ô¹‰oþÒÈf™QãÀ@á:Œš`cX½IPŠ6• 2h¥I±b.ö+Ðúã!ó8'¸êOpšàLG}XÍã^±ÌºçòÓ_„`Åæuáé\w€¿ý'A&¬Áü†]{¡~Eˆšjüß½¨¢X¯´ÇhÌc˜3¶]@ôN¶y´¸ÝÉ‘3Rfš©¢ÈØ‚r7 É]ô,ŒÖ¢û,dÆ!Ù¡kãŠ-¨6À{,Ïß‡œB9*Ü%í?Ó3xr
É8ZtüØ˜ËÔ•ÿÆ¸~LÃJÿ4E*¯¶¨¾žü×(ÊÝÏÓŽ½‰ÃµÌ¥J‰SFï^ëA#ÄšÊš­zx[¦=ˆ}ñäF˜‘½‚àgÿ…®fúÑ¦õ³ôà3È±.·jœ~Îê/)àµÿp¬É°®t^/jB>ýa0'šhàâ²†)öB¦ªIë˜zãÑ@©†èÁÊÞ2¯øuÃaR²úPgŽKpÁÃ¸%m|/þ£ÇÚÏ°°·ŸÌ-dÞàÆ{±KpÚZ#AÓu™læ€šC¦D¬„o*_.WÎ¾˜pá£ÒY~QÅ-+kgm%‰ffŒœ»›¥‡¥pïd¬wQÄ”Ådn7ží0WZx’ÝÊ†±‚'šD©Ò«6ƒˆCeŸ¹Ã„ç!wž,¥aån9þ·†‚LGO6l ˆ|	ôïÇ6³L`&p§Ön šã°}È•pjùJ7U"Þ¿Éˆ³ÁPº…ÖGœ>R×Ê‚açPA›Qƒš1 /ÄÌET¿Ê}4š2èî´O´5ízñÙŽVÈ/—á!ráèþÌ—OIU]åaŽÈAP½±P®ÖÏòš;•‘gìÖPîrcÈ±°EçŸ$4.Aáª&hV+U]ä³ÃïÔ\Z’‚'C¯˜òi‘Á&
	m>ôäFW •ÎÆõþ¤øðaä1É@O¨Þ“Sþz"b3’:öO‚k`ùu¦{ì£kk<¿#ÛŸ§áÃ<6Ó±ßO;šÙ<Pb³(ý^.J6o±H–ë0½õÉmÖ–ŸŸ‰Ï4€å‹vqÖÐßŒÁ ûætÍ¹ÑíW–ÛºÚ2ÁNA­8¥Ÿ5¾(Jä%YIy=ja¢@Ú ,x‘o
öÇ‹ûhxi´ú´€p‚Z~`~×·•NëÚ y<âà»vŒ¸µmp´RÓYf-–¿á˜Íd¦1}Šó©œ‘f¹c½iÏžt×ÖH†þ¾çFŸÕ«ñè‚å	?Þc#ý!Ôã˜hl­¨‹Y®Éã70£»wí¸	;?O†'~1†Æö2Àú‡KL–fâ
;EWl²âçãªµ›„2…£ {ãžnoyUýŠ.BŠ¸ÙŒ½r%÷GqQ D	¶ÚZ¢XU(ÇÚL=Ö9ó›^ä]L×úÛŠ*rG…²HÍjî0È-Üej2v°	œödÂ¢UÖó+0½{\ê#ìƒœ‚­§,œ‚På¯"ð=ôø^„4êB¶Aˆu:ó-°Ê£}XPL¸˜zø£ ­+1hÍê8Ø¾åTMKmVFc®re	Áù/ê›kg×ÉºÝiNVÉZV?xQ„6Q?Nå]%µä“tÛnv,%ðìs¥tŒ(h,Å
cå¢·{”ßYÔÓï…	¢g'Ôs/”‡`K«ð¶”ˆG?ÊijlÂeð^½%­—AOå-kIö¬OG ±TÚ¬Š™Üo×$'ºpÚ'¢ýõ§eç:iQoé¢›žÜ±½`âRÓ~vÿÀ»…NèÅÅ«ñ¬;`ñjŠÏ¢ØËHøÞóþ‰~ÿ)¿$á.ºW‹œ^—ûÞÝ=ƒ@on÷Ù²„ånfæUåk«;üÚ¥°@kMîóNX•NðGZŸ]¼fŽîÐþ ¬‹ÌÿYFwi›©j:&3Gˆ-´[ŒW"ÙGœ‡É“œ‰Ëtêù¾ñ`¼±ºŒhÇö€Qmo×™Ÿø"Ãö_u¬L<GAä€Âú„eü‘•<8SÞ…Q‘T1ëè¯»yïçtÕI‡†:_Û6Ã«­#×KèÐðãÜ|Jú+Þ…šf?))¦í@¼E ÒO,kFr§,VžZçùñÅ9Œ TÐDô#-2/¬‚2GÓ™¿Ê¿±B sc\	m£BÀI3xH¿áÐÙ«Èï’»17D^=…:Ê­kë¥×b#ÃÄ]×ªK=q4Ûv¿$íÂyù'RXÎ(¤»b‚æHµU¬ÖÆ'ö°|^Ð˜­Chò-}Ì$ -ÛjÂcHÊÛ`NF¥m÷^éƒA®…ë­S€°¦uDšþÄšeÇZ2ËÔpá}yâ ]77Óì,WÒÀ¼òB‰C4š³ËêúðÈ$«ëmS	gÐò6c\30¦ô•UÎFÀhûÊñ"=\1VIÔìrüc"AÅ5Á—K¥^T~ébïñòýÊÈK¶<VÙfÊ'Y5øXTÔÐËo-ŠKÁj"·Æmáï
Ã„`†RþznÉc&ñ·ƒÀ§L~«_äU“(ß$h+sÌlŠ‚[K}­„4¾ž!¤¯®Þì9?#ú–¡Â[V	c]’ú'êŽýWŒÝñ>gg*2É’¹	>
DKt«ÛÛI:'žÊ^ÜÀ´¥Ý©2 •rj¸žšÏÅjÅ…“®^T\J}#qX<'w:°¹„Å0‘—ø¨¿’~g•T^%ü-ÿaõå½×ùŠúŸºl¯½o°\ûCmø y¹Z#Ñ¦†Ã”@hï¡ëÜFU´ËÞ™_£n^Äª53eFÝT2ë0‘‰nð×#KŠ—®‰Õ‰	7ÖÒ£•×«,ßª© ü*Ð”:ƒG2­„Ý§WÁþé€AdæÎõ39£Y|„@°úÌ¶záîOT¦~¶‰Â³×P¾Ñ:Pì48·¶ô 7›=Gÿ=C$®zßÊQlî  ¤˜^\ûMí˜L3ë¾,î@íä(ˆƒÐw<³a	-¿6Ç×Wï´•A»B÷bª)LánÕkRßQÞ\é÷«fyÕ×Ï§hôgŒ ÅÅÁæeÙÏò¾Î‚9O(HÑ²
äÃi#Îúv‰
÷ÇyBìÜu]&DÒdpå½ÁŠáe	5„1ZH%ä%Ìv'ùð¶è ¡’46¢ !NzU´
3½ñU&(yo ¥S—ŒŸF#rdïÀW='þÜ6iÖŒˆÃŽõú—Ý‹¤Z©ÖŠ9ÎaÇôP ZÞ*wÅk*^ëÃÆ; Ø„¯ø]•>Ééì°šÕÏµ†BWÅ*ñŠ®Èˆƒ/¦)]ÃÈÞÝþ²ìVó7çÁ¬L¿Ô²¿J\R;é³³ˆ€%MÃ±æsËáe¿Ð¼!ö‘ë7f=¥Íy’Ð2ÜB}à¼±Âå×7­ªƒ~æ3¾¡Z^/ï3Ïºÿèç- ùúlA¡_&?›=XïÄBÃËèø®Á±á½×pz.<ÝGy"Ònx·pÃëÏVñv£#›À]™â¡òô:þp
´¢Â–Fêžm¡AR P±9Ò×ögþu(ÃôCÖÿšh\mÄó²!#—ª‹èôÇúÏ0äP‚IåpÐpì!›×»hYÂ«YúlÌ†’ÈuÌÙvÿ¤Ë~Á²‰u“ðù~^	Ö²Ñ^Òþ8Õ£DÄZ¾Ôq¯L½Ùíæ©Ûˆ)½“’m–¬[Ï5)”¹F]þç&rYÙS/£MmÎ`3±UYè?uöq/OF,„2¢^š'F×äÿŠ>Çgc£­Vìâ“a¸ý¸`?4»‹}|saÏZ¨5¿ƒ*5e¶VÔ =CÙfÂ‘]ndE„™¿›ˆ(Åø3úÓC1W+ðCçÁ²ëµŸ?*øFª|ç95¯ÝÀž"ViM#sÔì•j1&ˆfClIÚ3	ÃC&T«Á¥Šá®)“Ycäo¯Ÿx™§>Ò¬\MŠ2{€MXFÙþsw2ÖiÕÐ‘•´2õÁÊþ 6`ùËtØ«5¢¾K$*Å	+ÄæAöÆ‰C¾­ß9ßŽI",™MJlÞuú§½§&L=fNÌý¶Ž-˜`x5ÆªZ~´!H¹èÑ÷ün™ãŽA-Ü[Ë+¦wÓ¡¦½ˆ‚XP½‹òëÉÍ&wÖg(µ—ýý??Æé­3=6-Ów‚L Ô7tÐ¥”&RnsÛ6;½™„AŒzÝ:4ÙH‚RF>UTH!–ö,aòH/í,\Ý¢ûÈ(­âËõ‘T>™2e™Täcú¢Ð•ÝÃvÂ¥³ÅXá±H{·º\ömcB©¢[‘¦–õBdŠï®ø‰LÕp©ÖoÊÿð-“…:
æÐ¸Vþ·»ª#ÃÔÛgE"ì¦(šè?+¾bV]•“í gRÆóþ>t¡”Ä¾{éfßv‚ŽòÇ€®ÿ…eÍ[›Ôüt.«ˆp«¬aæës¤Ž™©"	»9ü.h“('Q€¼ûŠ~ÌÉ–Üœ™™'û»áñšÅ
´×eNÞ@’×ójóá0Â§"Ï9NñòÍ×²ALÉúväãÄêþñfÝÞÿ#ÌáøˆpÅ_pÀÛ=YðÍÄ¸üÝ{ö¡-iºå:§fµ^ÁFÑ<†xj_å7q+\i¤'1qúÅ½œupÅ17ìÂ1qà¶mÛÿøÍÑ1&%RAç¤œÞgÐÌ"v»YÚPÒ%Ù
r@ÖL?´Ë‡­Iv¬¸-,«Åjè&°º§Éý›&"S ?º"ðÏsr ð^Dq£† ÿUu…~ø¥_tÅµA,ñí×ÿ…ëROd†Cm6€ê­zÕˆO0ˆzOÞyÉ>úvâÓ8‚fŽ|ï"ýl.Âr,²4Ü1,$¾#Þ’ƒÞ‘ãßc*Ø$‘Ú$`+dcöhÜ-u,:‰{”†m½TÂƒQ6V»`¬Qi§‘ó"Äpƒx¬ìÊÍÊ×ÉKYm^(Ë§ré!­}Òx]èunØÕég<Ìšhu£c
òÇ)#
@«×«-‘«Rñ®‹ÂnÙ°ƒ•,Ö²ÙÓì¹9{µK‹9©n¯µ¤~–sé¶-ÎÍý…+i‚kíÐÒvdØ_BbzòúˆLÑ³@œF?L¤ÖVO‘„ mÅYƒæÃqÈ]5tË†]ÕµÛsÛ±œÌ Ãxï€~žÿå´WØ†ø§q«ª™]1xÖÉ`‚‚eGƒV_K '€PsÙ wšÁœÊc`ø¥®C6Ë¤Q6IÅ /©O)¨“'^Í úfKH‘ÞÒå¨¾Iõ‚ÜÊSã•MˆêkÚLÙ³îÝ3kJi Î~³4ÞE>ÇN€' ªÜAÛ–ÖÞáÉé‡/qˆl
ï§£§À’CµWŸò/bÅ0ÿdÖHÒúÞâ|tÛ|èkÁhf²j}g)ÁÉ)''‹Å 4¿óµÓ_éåbÖœ1X‘zLžŽ™Zt	
ÉÌ[Ð“Í‘ÄF©d¸Ïæ>æ"R§(½A†¡Žê,»«C,FdúÚ8ÈK¬&åP×´Æß®ƒîŽxeè˜ßàSÁ-"DjF»AQñø]Køkª]4É¿¢Y’ì¼½‡£¾v^[úÏÎ6pÜÀ2av.Žd§­;Msý€D'€<g‚Ay®›þm‡Xj-_³îÍdißõè½˜d¥…Áþ>—Ía­‹Ý¾AZD<®è§’aàÑGõ`ÇN0)SV ”94+®žæ·ðµµœî-+W§2©A¹¶ý˜.”çUŒcIíêƒ¡

ÈŽ$1t	/rƒô¦üßqrgÜòÙ‚¼
^xrÆO0²,ƒP‰yCtj¯'©õ`þèûsª	_Ü?ê#ä—æù°ãFÊÖö€ÑN)!j¼³ðþŠùm!õáWD-2CÊ4ˆÛ4e¿©¸qE)°ßúâ^›ôiJîÎ†îƒ Uvì*ZÙoV°¨Šð´8}¦N]Ä«M@iÇchÞí^cä	œ´1{.*[<
~|¨a›ÒjéYwq,8i@¶‘ú:Õl_UÃiLäÒ~V_õä+“^idPL&š~RsïÒ3tDá(=Z¸hr2ó  ·_»§|ºå•Ú¯§Snš+X„l†Á=²Z8pb$xƒÆkcø×.ûZïÞš¯(äšÍt8¿ŽyP÷A~º¹´)b³ócŒý'ýÁÞJjYì<;¯˜]Tòk£lž5qT:gÄý„ÄôÅÔ6„¶îÚç1Á'úMZK'N•}l, >aâK²AÈŽNsd}MI ­`(«òIÿN/1ðmÎY6eöü‚(1ªb‘pà[/ ñÙ£‚ä?ËÞ„tÂµF#‰AÐöº¾A æ¹ímk¿Ÿ¸zàžŽ”>²€®`è#>Ø{ÉÑAKŽr~oñ…b²€ a¨§ï]z@&w³%•ÐÖpxkèéâlù(hiÎ9çÀ§M#÷ÿ]R}ÒáápÈlÓ²ò§,¸\,wR1e{ëHH7kr1.ê«)§À¤íxGsÀyM6¢	Á×‚£ý§ömž’®Î µq)þ¸Ä)aÐÄ<K$©â¢FègÀÞ~•¦ÿšÿlL9ˆã”Ë/…uÏQåœqc¥Fè`Þå7bsåftþ|lü”_ ÄI¾ƒïæÿe°ïüƒÚÍ½›ôÔz—Ë§&"³ˆëÀæQt*°ó+™Úú(fhŽ%±5B¥ù^_@Êšü“„Q|ùŸ#€Å÷
ìÕÂ™à“£0GA¤] Ô¢ûÔ¦—»w%”v=ã…ãa.E`ß`Â:»œ4w‹‹–yAE)—µÎ(Í`a^ž4l^;sÍ©tk=Á(”g;&Û#`íÐÔMœ6øÏVíMZ{$k´6ùÛqÝwz:´„Áüå2“F4šx‹Ïç¸‹V‚KÌ?H©‡Ý‚ÃöqK9ˆâýZ,eÌ~ßƒÀŸ¡ïÍØVš—7˜w†ÃF®sÂÚ.+¼3Êú¸TT5t3çG;'ðÊSçpÙŒbîs¤ûV™c]þ,ÿç^‰{LJçdç{Éiçò’/2e†šÝ™£ïI[»Äp¦9I¶BÁfL¿€ŸÑ]Xi>ÖÃµn/B­ôÎÒfž[
á¡UÞQ§sèœÃ¸¥évôïwŽòå>øó0#'†ÈÎ§\1žœkŠbÌâÌp…•³ÑCÇ‡'¨-IKðÊIË¡-œM¨y!¤BN‰=ö¤uz$IÌâôÄ®‡«÷¦ÁAÃcÏy¦=dŸ0È•¹‡!Fš-ÇÂÁÉHÐB¤è‚r²±ÏæÀIIè£ÿ;>F¾“aHGÂIÌÃ!¹­ÓkÎa¡é]BážtúŒfìËGÒ²Ó'4=–ÎV0‹çèn5ì…ƒ{¾
|àl¹U®æOÖ¸žÕ¤ùö#|Ñ5t~c¤úó¬tA˜eqü‘î²iO÷±ReYˆkg™=xäøm´ZUÃÝ¾‹tv‡ µ—êu.îñ÷KÔüØÕc¬j•|Q²¹×ûòÁÿ0ž/ úýg.‹£ÅÄDØÏŽéUü˜éë¿†"1€ ³ÌB_Á’æÖ)Æ4À&Œø¶öqÆOõ«‹éÃp?ýö@è/N§ùêåÃ¬ïÖ`ãÅ–Òí5Ó¾e[ïQ@"´%ZÍWEžžW¥µª¢z°j¤¨qkùøE>*öä·àûÔî1òLe°Œ€I ö?Mld}ê¢©ÕÇM|@¬xù°R©0 >`¢ýÊñ¿vC|	—slÜßõzß¸†oßúÃ(<ê¼†„œ\"bbVµ×Z®Ü.3kN
èŒ+·âßÛÅIÞVˆxðO’5p–z†Œˆ€B5¿¹ëæ¦ø@K¯£ïrÈ‘"3êØ	wª]ˆEnb$u¦–s»×cMR^û@éÅ£IïïÙÚÿ7G4	X¯2 wnv{j3Ëç
(PlÉÞ¥ú3Óùu3§1·í÷;ŸdG·V±iÂµ9Û®òÚ¹¾.¨w9#@f– ,GÚëã£Ï"gò[É•
|ÍuXêùÿ¿ˆÇ*5ÐÚyÁŒEY~<ß»Ô? $—4ìÙd
GÇD˜àn1Þ`-ÓÁÚ]ÏŠUÓç¢^Òß*O'ioºr},b¿H]€Z;En
œl°Ÿß•õÃ=D©Ä<Ü¨O:£p2MXÏ´Þn½-‘f8Úpji©î–$·À-Z§®rR]ðÏ™=ŽZævñ]Xoªþ-<´ÎUÂÖúRÞýÿ9=¼¯1ˆï{7A8!»¬öšzÖôåKóÝšð8œµÏéK@Ý”ÂÖÂð_8:‘Š{Ã‡„ }Þ,]¦<ææQ=+A*^LóŠmì1¶³pŽÛ=ópSÕÒÍ4TÕ²/¤›;q î^¡ï\~A,ô;ÆÑê´™ŽZ¡	I²9Y-PX·‡ìåÈì’ê}þÂÚ÷ÞW"#,é:ÃÇ’<ëþ ÚMDæn&$•‘!Q•„EÙ§/Œ•­´9\Rò2ðµ[**m	q0†ÌAXÚ
dšžª½¤d£œ¡éeÝ‹õÉo®%­g…'¼!uŽ(ñrCÊGïvë“2²ÞGÓ šjqgN³ë»ïD®8õÆ–™)LvlË&·çºžåW˜{PÅšÇçìpÌÉoT{e’Ð·àLÊ(œCO§áí2¯t¤éC±ìßÉMqLfÑ
 ©ï²ãDÔõ¶.Zˆ±+Ú&ÖÚ¿ïþ8Ö–Hi°¡Ê‰E¶ØµÀÕšÁtHŽŠ90ÿ7²¾Âßkc7¡qCZ©wvsçš©³îG¿Ñ
q¸VVëHÒBº¾æ‚Z)ªb„k¾E}j°õbÂa+Ó*mYT]n¡úeòíÿ9UBe¡a“"~#÷Îš^gÏà4Ãï²Sn›Aj8WÎâenòÓ®Ø©·-jäSZEq2#‚G÷ˆç ë¿È(–œ—€âéš«M[¶µ^Ý5¡þ×®v#Ü®Ê|ûgµ„Ýèœ‰ËR©]ÞN›@JT·÷ñrµ“Y%¤„ëÑ¨[¬›_£8pÒ¾qçB`×ºÀ@ÿ±¯M*¡(:Ÿ8É÷¢.¦œ#«ˆ4ÙœqVš”¥9Ú"p‘uÇžýÃ’FÖØù%^ä;êö’þdÁ·ò›œ Xmá«A#u÷T5‹Á“öLd³qS±^ÍÌ.ŽxâË“—#Â¯ür†¹™ ZMþóZ+/ö\:~O˜ÚÆs‘ÉàtÅ¾2ôªze“Fí™Ô~9¶Ï©ðˆÂm¸¬uáËy‰ühSÏ£+2N)ˆ¨vÿ…ØÛƒM¯!µG¿0øêŠùÊ¹uVÀdLw¨;¥Ú-,ÕîûôÆd¡ñ“äÞ‚‘í½ûø@¥'÷”:*&»Œq\çBˆó~hyúæ-E¼&XÁ=ÏÇPGSFL%»H9=%ìfVž‹ø¾IôÁý­Š.«mþ¤-=]ƒoÎðÝ"=Xf­ùì¤É.©Ì5! 8âd{/ý¢jt¦×ÖNU¯:}VJê 0w8ŸÉš yˆÃÜEB»JÓ×å£F
×ÞšÑŒL]Â"®®úMí\ëøÐª¬yÏµWI,~ÒgÈ™é™öu~ÉDZÀõß?·ax+Ï±˜xÉÓßáôD>»/>Ð/6‚bOg¹•–ÁGlµË.Eôè(uþatív+*&Ò‰NJ* Ü2.ðwäéÚ ]J¢_I»Š%ok[ÆQA0:=?>KkS™«èZéà¾$È‹4xÔB7™IÒŽ­ö‰Ý5ƒ,f7jßË›Rû9©odæ¨1èAú^ˆ<àMÀ>KaÌfìpúuÚ,Î¶V.tq©Žc ¯YB9Jnzê‡øÄm®m¼›Ø5Ažmõåò
ÇF
gÿ÷±ñ¥"¯‰Ø\9ýÞÈ	í˜4T Ìü$À¡4íj{)	@Y+`Èk.aÚäG{tŽêŸ²á‘ë]×ÕyCà¾Ïõy¯Ã‚I?Yì	Áç³EñEþBßëÍÝ ‰à«Óã„ª²!¡¦ ´º=Å0d‡}bß[çô|†;ùbÄ0,3ÄÝ>LÄ%ÔlµÃNj° °Ã@{µ’ŒŠI¼C[¸}|ì([¡DØÁb—^W¡©|«áê5] È:|þ,/·zrçÿRÎÔ=,øgÁ×@<W6¿ÓŠÌ¿‰ÄÚ·ÒÅpŽ{4<ÜpöÎ¹§ àùÏM‰º@º yiÎX°(ÚH~Q¥ã‡	ÞŸeè¿;uþî:WÑn¸M¡;äÞ„Vd½KºŽ‰”Fä;&ùw‹‹´Cn
iåü¾\©ø1GÔ€3&kôo`thÖî÷C¶Ñb*û4ØO1Jñ«,«Z‚ÇJYò5ôÏÛ‘©#_8®¤05lAžï&Jv7¼ZŽéÁÐåÓø¶œLl®–¸,\ºm A/5’~CHÍ5zÑ÷Þ[ ¬I­RUoƒA§Š§Ÿb6A:—&Ÿ«\Š\-Sj]õ¤±Ñ„†¼m—àk¨Å	æT
7?+vÊ.~j:ÈF²§,ƒgO˜ECXÉ¥’9B=ÂC
Þe²9ž§J¥3èEç=\;™cHÒÚ«¬ÂYY*¾*”_ÿ¸Õ=+Qò«”]>§¶ýb81€EWÜ„á¦VSsŽ¸yå\¹¶^X>9þŠò®ÛõõŽH$Ž<%7 b¼îþÿmÓoúQè¥3'YðU€ñ½OT¯^Ìœrhµ-^—`ë×;+Vƒ¶·ì+7âhþ~¬ó4V¬Ù¢ÇÖJ‚‹S*7¼ã^Œ§ ÁCë…¨e¹¨üŠñðj²§‘ÇKÓé³-œ­´Áç´¸™×ø‹Ñn¯ ;ýl>‰/Ûº}¤8Ø'65„&ŒKDy!%’^Ã†ÙŒbýJÃ\Ì×l¡=§3ˆ†ŒÚ¹äÈ¤êˆRÃÑ1$QQ ’xÜÎ“ÁH±…RË“Â/7c	„ûòÊ¸vk:m‚Óñü†ÊÀA˜îÀTõJš8“¢…F§ÂÐÑgžÿv.Ç?íEMrâQG4bäÇÑR¬BÁÎÆº(ÏæSÆ%xo1ðZ òw¿n=É7ÿÑ& CñUÃ6¹“~¬Ç{þN›Š×@/ÍÐÝÇ|ƒŽˆtrH7£æMX¢I^UbbaCpA„*R¾†€o8©Ýe”^PWµ•ˆU=Suo°ëÐ_‘ã0ð}l|lÊ¨!ôrA8n÷/SÖI¹Ž½lÕí;.Ï®ÖÐ»©; ¹êI¾åX¸{ÿ´‰ˆð@Ýbw`s($>"î¯KXÌšCÔäJT‡í(`‡Ä˜(»XLdæîm²h·ÌwAe½ZƒÄ‘ÅÑ1‹Ü}Öî&ì°©Qrµ§aïÞ;ÙQ&
•ôuY$†|•„>+›ÇÔ‰°~SØ"@—¬‹{+áÿFÂ·²Ë2üómiDÜ +Ô@Ðñ$áø)o…ÿÝyR¬â Šž˜X]’-ýîÒ&×´.kìäñÇ]‹à)DáSQ"Z®;ëÑß•>Ý¢É0æìõö€ÜF:Ä1KY¨;ŠÂÎ×Ç-Œá1§C_ZÎÅ™øÇW{cxÖ3­M²ŒRêÊ#ù‡JßºšÁˆx‚MXC s#j¥cÁB](¬D•{9|oÑÄ!yœ´;M±ÒÀÞr«êwÜ–ø¸¥×—	_v’Eø¸dÂˆã ƒÛ¹n”: fÏº²:-ÝŽy)‹Ë!£qbÙodòïùÌP›ŽE_qƒ¸ ÏÝ)	!zW©¯Ù¯~gD¨¡À¥|ûPZ^å¼bþp: ÃëýFC‰iÇÃ.7ÀìB`ú@STS€Þ;ef‰ü’MÓ—D¥½Òôƒlä|Ço
]mÖSÅ:V;¸ªÜmà NÔ´ï,d°P‡ä¤`øÎH©I)š4¥“*qBˆ¶"MTaûœ÷ÙÕ0?#ú(Ð°e¬Û”ÇO.&êh€üWÜ12M`PDC¯[#ç íj(7£ 9›Õ§BhRÖzÑp]MØhußgÞNV[—çHLW3§Í)ƒ;‰§‰ùJ†„fÈžGŸÑÛäOV7
'-•'“÷}óø¯2 ‰êñÇ™2iwâS :RWv‚8®‹Õ$ÄÁƒá5þ>À·•fÄ£ffâw§ÑƒaOƒÉwfÜw2]ð¶d¨Ô(åØôxprõ²K¯±•€Ög«vþ<÷MBÿgÑ§É_T¼³Oó‹.UÚój\`”f9âc4ºú'>çÓh´rËó»Å­{vm¡'îH‡%Íì<I`[{î«ìAÈc’˜)Sµ„thÙás1Àh3ç¯›f*”y´³2Š|_‰}ŸÆˆe"©!Ñ*°J·í±“à^µLÌÓ;Ë[ƒùÔsÇ{Ÿ³hFø¯} }ýeç.ÝeD©Ä(lÙ€b…-ŸÚÍ ‰>ŸÍšióœDéæ¿§_¡Þëè3d{h2Ó>ÂoÏéKÒƒw ƒÑ¢†$£/C•õªZ¬ŽØ»L…Æ÷½Õ@—VÉdàjiŒB˜¦›Ñ]Ç6åd*Í@ÎÆ’ˆ<»±8LÁ{òCÆëé§6š}›¸±™Ö=z—úý`C¢aTp_Ç¤†úü@­£X¹Wý$3ñåmõã½²‹N‹cÆ`v¬¥ø”i ÈÈk›kß¶á‹b6(€Y{
:…k›ÌX;9–î!ù†°}±ËÑ0eðÄÃÂiÌmÀE™§¶Ÿ•ž±jRÅ1’‰ËbxÂÛ¥M¨:}&¤V«DŸhÓL^ßI]AŒ½QjÏW-ã{Ø&V4"×7 |³Ô·Z4§Ú®u¿'vnÈ¿KçøÒV¼×û®dG+î¡{5ŸWtè5™ÜJ¨ÈlX)»´ijôôŸOŸª¾3›Ú9ÕåËt= ±ÓðR–;wýNØwÃ¼°Ów£’­~Èø@FKë_³jòàÞã4B›[‰Fãî£ÿÛ,%Ö¾®Úü ³|V‡¶«¼_5£BíI…é2¥˜Ê‚OJh$¦T¿B&lÿ€†™àÂ²‚˜Í1lšP.2ø~*úœ®Mçl˜£W½Œkí,
Ÿ×ºÐtl·ö§¹*¿bö`•<÷Ù¼'Àt¾|}æ4Ï´€@-ªvó¨.Jâê¬KPoÍ¤#5_Í		%ð(Áåu~?’WÑÂyâ OÖ^»×«´mWi¨éj„Ùx-É'Ï…6, î­¹·þ±0E’ç¥(ç±ï×6;ôOE²¶>î¬œ[´òR*én}ò ÅY}"8„å÷Ì]Š¿w»Ú®¨Üµ(B‡ŽbÅ?«@¬H…SìÚ5·g¹(
zHã€MÿàˆÁò#O¬¬.£+Ly€Œ{»ÍÅÝH¸Ü@€K»õ±²÷35º9í™þ^V;:—^i€žMéà£ù†›¥O‰¡„lmAHÊ„GÑ¿wdðT,äoom­¸á¼""–‚×-sEöB“çˆç@q“y%®*Hç­æPF]énn€cY©ÀF#ì†“A1"!\?u­¨¥û[”Ð™³_Þ¼š:Ñ¢ä¨¹`í?û×Ú«v¹ÌÂ÷âÆÃO,çâãóÿÅ–ÞSÓ™&ÉéIÔ'b?©QCÿ3¯å“r‹¸Ð;sLß—'*vÅ¬±çppPI’/¢R!ë-’sìôQ<ÍÓ­Ü§Õ?Ok^YthðED®ñ¤Ë’fklLÆøŸ8`‘Ô%HoÄílEBÈÈììóÍÌÚ6¡v¢9´fHð·•`WÔÊb“ôøXÄ<|ß +©1t…ÈÀ¸úú†×ÏAÇM˜súw¥œîÕM†Òòeÿ¨QT€	v¤?¼Â¤ˆ²`¡òI­ *«ï¹õÌ{”(ƒ#fÁ=Ð‹¦˜ÂéR¼¬Èõf½è3«Ü‰‹yH{[Ýv±Yá3MÏƒòo¾S÷‡™ŸÒ3§®`¦ÕWæÁm…Œ¥n=Gë€ÍÇ&¡)j‡ÃÈÄØ$Ç¤± é½Ñú0b­Ï2Ã{Î|›D’ˆä1yq’2„Dø[ KÄ ˜Äš˜&üR¢=sf¹´àFòÍtB}—á#QwÁ£¼ö›š?^isÛ‰œHvV6QèýÃÌÏ‚¡–ôu£¿k<X|g„¡¸-[þûÏ}uî¨¯ÎÔQï4G2™À¯@~¨9üÃÿÛ‰¢.(nùç®<†;ž†¸"'yÇ…Dk»V€              !Oûÿþ öŽ Žc oK’iIŒÝd°D½…æ‡¬Ñëæ(óŠ,û:}Y†Í^ŒÂèJ]=Æm¹$y,X±&ŒWŠX»§ÒÐ‚²%ôêm$	ª.ÄVãVí
É,áxòø¹”=P‘,æºTI™Òß6í4˜?ì´æúÅ{ZxêþGž°H2jQÖ=‚ÞŽH,·ÚV“²‘ÛvU:…4ÆÜá¥	ÕÑä¢ë
M|¦œcM%04aOÿýüý4aEùzqî„:ì¹Qñ®È©:jÍ Nˆdc&©™cÕ)¾'ÌOµ¸9Ñìº¬‰ÒíoÖMx € døï­Ûíþ"À€  µÁÙ(1˜§TÎtP2êÄº,ÆÉìßœ`ò…¦#…˜ù³¦7ëGùè!Ìwz»Ïâ÷›;w`2Ï‹(Z g
 B‰¥È9TJFè+|Îna:Ï"›H×’	têÒ“¨9Î¤d	aRè@’y>ýÜðFs 
ya†v¯a¡©³«-Ü(àÜ‘„¢Ž‹O/ÃÔ 	“˜Ûç (@ ¢%ED%DKø~Þ[tÖbá£Æç2zm`ýÑ²åãÀ y8                                                    !OÃÝŸ€þ~ÓB1ì$ ´‰ºíJi ¸PÒåBTIãâ,E±Ï+¨˜Mwâ|?¨éw<€èh¹~å°´•í]ÐÚìá0·blÎ©!i(ãmôþ=œü;ñtšC(jÅÆé¹.g(ê5òür	*N#‡÷JašúŠF.ÑoGÙ»§šá_hC%-ÌÄâfCaåÒ¹è WVH`±2²ú't¡w&#¿OìÌ7—ÓÃžgµI¨DT²K4÷;–1ˆo“÷“³5We/`,DB@KIñãú©µ@T]1H+7JÐLB€ªˆÈA‘†A'„UîõE"ÆèBÅ- «"v ‚$Xiæ<ÿÈþÇ9Ù{µåáÝú7¥kú:vå@ÃÁåêÔšà‰)©D‡mUïŸ^ü€n¼/<ªgžx7b+©ñùZù_lÅDÈc“?h-öýÎþÞKd‘"“]ÕÇ|×T•Äo@;š6ÖÀ‰D(,\Fd@¸±4“mâ…~tÎ"à,’²E¥'fšÄÕUD€G3/[ž/ M 1 ÒÀ                                                                                        8!Oóæï€þ–Ù#!XP
†Øb$ßî”íTlD©D%,Ý‘ÍvÎ£¹RI{Ò1Ì+oèÕõ³Jã*…¨<Æ–0jhl¡EWÊHô‚c Å­4^.Þîš}ñ:Ÿ^Ö‚ÔïÝOCMFVw³ÄžGœ£^®SÖ…;½ ¹á›¸PU ­4óäŒ÷^/K®½£­‘ÚÓC<81Ý×w…ôÅt}¶Ö•$/ÑS¥iq-É0ròb‚l˜V…¾ªfû&gûù¡…Ç˜npý'Üs€s]-U¸Í;Œ7Þ­à&59—˜Îü°£/<†hZµ™Å¢©œ+¾y1d’˜v!g4s!¦Ùf­}xýÖ  
Z“Š-@ÐBöTµ; ”XZïš) 9®0¢v`§râ_bÿ$ŸMÐã–h}Xªôõè…JÓTˆ”¸àÔ!³”¡‘õíœŽiÅë!šnOl»Ö+I›H–%…)	(&ûÎ!¹¤îÃhL§ñöÊ58šþÁ(NuÐ^;Ø0ÛÙF5OÝåØ–8BÀ@ z7ƒ\Áu7Åy¥”Ô ªåmWsnc[œæÜØJ\-ÏÏ¹Ànš3Ð«IX2š+Öf,¶¿Fý€ ¼              €!Oúþï€bŠÑGb"(F
V‚0€øG.Ó6¢Ê€‰(*@CøºÔ!‘%T°ýÆŸÈccc¤'aTˆï—¿­ô.zËfÎÔ^ò9-U,$¸dGa”òá;”C¹§ŒÖ¥SP‰V’`ÝIz^êówbðúƒÃ.æHñÔØ’ó æY¦Ìruí\Ègm¯	úQ¢f²Æs›•£Ï±ÈRÖîmÙÐRÓþNõí1îbð—GÀqðé)sü—Ö8³+§dPü¿m*- ‚`Ðñ‚bõ@–‰ð QÃÃ×@ ÆãÛÉýÃ :~ÿ'@è  'íPd38 3Ÿ/y„dˆâí)ŒÂå3‰·Ãd¤4äÆ4ÕÑŠ `žì<¿ÝÞ÷6iÙ>ü¿À@—l•vNÇ\ÿúÏx`)’Ä…ùH}”ïk·í†*òÇ®5¸&g¾e«`­ ÜÚFXœk÷ßÖÏÂWïèC¥aD:ËòE9×v*­Ô+¹f¨…@mò¥3 4Õi³ÅÚ4€LSŸø¼~RéòŠJ»™ÀDÿ   oI                                                                                       à!OýïÿÀê–ÑLc‰ "’¡Vy¡™M
º”ñËõþ‡•§zuãž<›ZØæöKÙâ_C$l§¹ÓÑÜá2—šHµ‡b+1ù¯	¯X¬	Y4©2âä\ra$Ð‘ åð¢ZÒn†¦·Ü=§Œ"ËæÊ»§úYŸgm’Ê4½Œ¯ScS²<H/.=o kÅ¯²]:”  @Á‰dÔNFy[òÊl-x»I@^a 'È%€BLBÄÅ@;ï3¾áy¢€býÃøBO4®Ä	@ =•*œ=Ex´‹ßbô[·nlFÙ"ÊÇz:iÆJá;õw\5ž­ÒðÊ'Wè/˜ žaçj¦2wý;+;jÚCðÃJ{kYÄ)«ž=¾í1?ûéÐ(\g›¶õ!Ìr\¢S¦¸ÀžPÅÝgåHhé ‰ªôë¯®dÆˆLE $æ…”õŒ  ñ¢fèA–¨R`P%bµ P ° e bä)1EáˆH zð                                                                                                           !OûÿÿÀr~ÕDa¢HF"Va%¹v0A ©—lén³ÊòBrOÇR·úÓÞ|¨ o§jo>æ\jd›7>Ær{^‚WdŒ¿rÊ
¨qê«EtÉjW.ZDf²Z …]V½¸îU£õB¶sÊµ+BfyQïI°gX«lŸ
CyëF"PŽ±ëMãsÖ‚)·/Eá“¤k>Ž&³nÔFë×<æAB¹_|³yFµJ¨sºªdÕ‰a}¸cn†b“á{ÐÌªÙ³"ý³o4¯’×øsBE#&Ì4s Bû0ÒívÙà.š5H:€	.œ­Ãþê¿¿)ŸA(  '©*2)‚C9€VžïzÆª!	Õ2€±•½WW±žŸá]·ü]v…móª{Í>5×Õjyð”ÕvÇbvV¤DI„é=”åQ¬tÃA£Bôè‰ÕqYÂÕ‰äz¼FapißŒ¯ì^uÂÌïM¢Ÿƒ6°4*EœEBÒÈš“-Ê.HåR*âÇ®e[¤Ò çI[W5±p &T
Í:pó’®¿Ölö2% L	y+{€ç¤2  7™                                                                p!OÿÛú€òŠÑFb¢˜(F´2ÚÞlª•A*oTCP¥öIÊªþŽœùEW\ßë¦»i´ˆeá»©³iÂãLá¼{ÃX=14q«\áC¥S2¹ò°Çä‚”!ã;^ÿO‚€“»Ãù?gtõˆ},qmËF]Ýnâ$xO‡—Ìxµ©`Â…°@¥%O y3þO@ØüþŸþ¾¼ébòùá{·ø‡·òùeå²Ìó±K—ËÔžrç*‘˜~±ûþðIó3’ª™%¨D4“ùÓú R™¡§±lÀ”SÈ
þ_ªp  	êk)Á ÜšïÚ­`†¥‘L¡`BñT%^'{¿^SnY²1ŸËUk^¥x›™³Ë Ã¼¶¹â¨›rØò\‡jÜtïtD¨Ù+W4ÀQ•êfÏ}Û¯æ4úóŒc{>m ïò÷Îˆ „Cî^,ëA/ñ¡ž‘ArRJ $§Ü)Æß\ßXLHT@  î$8K&NB ùD¥RÌ¢   oU                                                                                                   à!Oïwú€ò¦ÍJA‘X$4&3qq£–ÃuŠ-(þ‰óš8µ‡¯L>Ù¹§áF.o>ËÙ47ÊÕ^¤îcx€ÈêïÒ6õ¡Ø³‚<ËÚ'‹ÿ–t,:+È O¥Z!Â·<L£ ,t²bÎôø¶3ÊñØ‹i¸RèT¤šé9²—nŠâ”Ÿ…ðø>=ÏH â“Ìi%¯UB±|µý¿>KdŠ§²`+x[ 8ƒöáÚäâ„ä,©Az¨¢LÑ Wvº”ŽÃ,%ƒŒSbâ¢âÂIC&N×—ðR „æª!@×êà–×Ùzm:®\Ý3Ž—Ù¨  £YØh±°AV>z6B(²XÑ•@p¼ï‘«ãiìãäÃ¿ü¬"©°E"0g_ÕHáihÆÜj·LòßÎ-–†sïyh1•ç¦Žë"‹ÞSw-6"û8«¼U]ã¾vm¹cü®›ÍT<Í9R¶é2~‘ˆxFö$ L¸7ƒ ¡HÓ¡â1â » ‰kÊ²Åny)“¢°cÑp Õ¶ý·‹À oI                                                                                       à!Oûÿ€æŠØÈA‘Xä1:B,®ÙtÌB Ò¨™ å®¹îZ
/€8Ÿ»¬¹s¼a­vLw_‡„Xü±Buï{ù9³Ì®Ï}ª!cùy‹ÞAŸ&9.«.tJ;oÏ~Ùè÷ßcÈ‡±áy
.ì£¾ž„¡Q_®‚³!X @%G –p;÷Y°Bš©òáûù6Ñ#<ËdTÀùß!RC1ÛÌºm®ÈMMú¿ôýôÙÃÃ~[ Ê2$…ç,m{X Ñzdùö7î5÷c 	ª¦÷¾yœÿ¡	Š¦†Þ?Ñž%È/¤ùE/ðÜ#° ?×Ò!ú‡Ä <=·lE h Aj¢1Q`8)ïjÂ– ƒK¼1€Åé	½²âT‹¥\úBÔµdÀH¹ö=¹©²=&¦[Cd®"hf;(ãs¶áý¶Ä4¡§ÈÄ|¿AÊ:°eûJËšÀæ/R®Ûï6c uºõZ$-Z‘W¬ÿœ0§š·ŠXÑ·úfD°	hDÀ+WÏî¿ÅÁÔÿà(°¤  J Î}`Xú@°þŸÒ   Þt                                                                       À!Oöïï€æ‚ÏO°D´RI•2íUqoO]¿Ÿë­ãý?²ô[ªûþkoßÜ?°œ	ùd$P‘LŽ_íÞV«åÀYòG&ºÀZbaØ˜#~Ö6Ëõt,º›ónƒˆ¨·‡o,0•¶Ö›Ç¥òÃ=å¹*·* ª“ @
™›ËŸ®•®;yNEmÞÉm£%Â ‚ÅÁ5 —a¬j<qáZ\Ž$Èu^¾Æ””ËÞð EˆIº:Na4	Ô ¨8€Í?}¢è÷Å@ C@¢¡E–I©Å#RIð±OÀ 	ëU¢€ˆ`"&À!Q\SDÈ>Ï×öýþÕüþ‡Mn‡$­^Ä¹v©ºZ˜ØõTCG~kœU´m»Ådžï]	Y•JYl6¼s$™Q£²ÁS’HÈx¨¶þi¢4ÞÎü´Ë/3ÉÕa‚¬—`k@õ‡Éem¦h– ¡Õ†æ	|þæÿ¡Å*­•E(RhDßoŸO¡-·t
63TÀ¸@<DATÄde‚˜bê
$€2Ý@. @`.˜ ¼ü                                                                            €!Oæþ¯€úšÕDB9L2©BTÒ¼ÞJ=B%B©À¾Ôï¬Éo¦RdÙä—º¿@*/ƒ'vnt…Vž£js k­–6'èV„Ðâ]V¾á¥â¿&#Íb¨¢×–ø¦É6¤ù×Juž"ŠnTx‰9á¨†ø¼O[^ÛyÖû@ª¦r6è½ö`*/ªÐ%ñ±”ÐÓø«UØÕVVC­“3‹LöŒ.°â ÆW£ö„ã&7¤×Í<°àç0à`îdG­*æP¯ùÿzï¥Å‰¸:æç±þÞÉ¯ò×®eÂó5À5AÕFÁÄE¢9Æ©ñùMvú?Çß×©èøõuáª˜  rÓEcÀÄ,!°ª­ÐFhEÚÕUXRñb§Êo  8ÿ¼ç™‡iýÂZ$R'— z$ªN1…ãºw—é"¡è)­Ò†x.R0HVÈñ ¡;ò)‚C&‘dèI¥‡[)¹È…#…BYµºQ8€ú;‚œpˆQØÐrõ÷I-úoš9|4x‰k V‚KJ€è+2ñ˜\°ŠZ¹qÐ"”Â6õ‚‹GÜoöï¾¢[´E;MÛJ_´å>š  ÊÀ                                                        8!O÷ÿï€ö²ŒäØÄT F ÿÉÿ@åºýåÿÑÿ'üwÂå#@ã¾ób=½M  ]2²ùß¿}]ÈäžÑ<:¬;‚h¢ B •Âh€ ¨4TE.7¥#3¢ÊËM@Ü q¥3ÓüAœ?ƒgž¨6^ˆÚ¸NÓËõ^ÍXÖÚë·b¯†í«'ê|NCr<ú~HïSËw=áõÍpø}v)z°]#ë'ký_9«Xßì4}±æ5SX_ˆ´Ø6ª¿IÐZØv¼)PÖM£¾Uq1µv°Æò»`ŒÃ¹W)p&  ¬ŒXDv=„Ca@D`"À?ëÿf¿öÿ‰uÁÿÏÿ‡þïÿŠnóþ½—)AÛšßw…Ø9NÄÏi%“;A~H§ënw|‹D3}YŽ5ýà»ÇQS8 L,«@šéºá‡%~Ï2Dõ"?]è0‹  
xº-gñŸaß“uª?ˆôÄüÝ­&ý¹A„X»â+WEÂ>'WýË¥p1ù³Ž2ú
ÏK‚  ° DÙŒj€°Ìî?G©Á7>Víã
À€xg~$  ç                                                                      !OóÿïàòŽÑ°E¨!
Fà£[–VZ­UÇí‡Ÿ×öì8pœoáöûû½
^l¬Iø[®þ;ZÎü"e$L˜®nÇ¥Ã:tÌ¡YT³Ð‘¯•£÷Ò¡4msjjbôx5a´­"jåe$M—ÛÛàœB…=òßP+Q‰È#I¬›7(ºÁâEÇ!Ø•Ï-öÖhQ¸L-a7›èé@K!pÂ< ( DB4WÏAZ
¶U5Ê·ß#d¤  Ôÿ:æQ• {º)` …‰IaÑÈ,!h¤‘¹Åí“}UK™óõ?‡í®‘çœV<tRÅÉ¤7.q“@Lâ
Bzß•l=Cû[’lEonÛ
uY¬Ñïß?h{ªT$¢ª°è› ††>O;Úßèìñö¼®}=X¨ø&ugêÍA¬k]²«KÕù™ÀÎ[wøh^;^1KWÜK)bŒ•ÔÖW&g0•ò D›gî€€„)¨ I¹zx©,™B“)‡Ã, ¤B¡bÀXXATêbà1°±\¸À è                                                                                   !Oóúö€öŽÏEjB¹ü	ºÃp«ŸÁs¥ù­èoB)™…9è±[¨ì©ïúË¢²Ùbö¾5ôú{«æ´óµ•6YTòÛ·HEá(-ÍT\…ÒBÒYmMô§÷eLçK±)^¢\Giàl²T‚ðˆ¤b†—^ðµKß7Nú“:éSYÀ’Xa1FAX¼#(²¢z…õÝez:]ÏÛßÇ•ý+fŒêŒð²Z—¿Ã¡¨^6œ³¼´(´þ`Tý·ê†´‰YP²!tËh’Š7ÁWß1ól¼—` ÷²Ä%µù„À 'àö(+
‚`¡@4;Ó¬Š"à2×U±Ó`Gãæ¡VlK{\M­þ{PžM¿#‘ÂÜ~,ç¥·ÓD³K¸Ø4y³äHR\[J-ÌánnÈ›ågm{i¨'5
˜²qZ"ÙN ¦-‘µªÉC:ùÉÀÈß<w÷_OžŽ‹)2‚Kz‹ª£¡ç!Ûj²HZSX›Šyg»7á¨ÏbT Jq / %ûTÀ´A ¦rT/ 1`¸ZÀB p™ì  Ñ                                                                                  8!Oÿ¶€úÊ1 Š¬ Ž‚" ‰úËp?òÓ‹?ù×ý+öÿµÿ·úëž@€€µXðâ²(ÛW°ZKòøD%þ+$!„’«šÍã0ê\ÃrÉb)º˜`¨ƒoôþ›€'	X óºyÖi$C1ÆeÙ\­žïnOêk8ñé­éæž1¼½«üo›/c¹§¨ÛD
 F0&ñíü*-º½Yáx÷yÖr•€AÆÞFè:#mcOJa%¸1€˜ <‘  ª¡t„KaXD6( !ÿŸýŸûÿøpã_úÿûqÿ·ÿ‡þïãúîÆp!ÕŸëÑåˆ©ðî¹†œìéÝËˆãý‹šò€¬ûþ.	9(#RãËgÌ{N½qf¹É“®;ƒF\ì¡pïÈ¨À"0PÚ#û_¯]â¸òîKúïvüetLt8¸ªúˆå?Ÿó›êFúæG™GÑŽØOîì×¸³“(M¹þ›HâÈrãŸxßê¿QöMmkŠ›ÝôÏpãÕV'â"j²²ÛúäËÙËgY({n1ð4Ù˜‰àn„€—ˆ¼+È0+„ äÁL6  7•                                                        p!OïÖ€þzÍF„2`"f…#@‰@EFa—K,•Ô¹¯¯^Ó›ññ^9ê¥Œ2°Ò°‰b§NÈ$:?—™Ã¯ºásöÉ3}®gA$¼ØÍ®/ÏšÙ2ÞS‘\˜bšm ’m¥sÊÆ)×9}¾"{ÚBbQg¥-µïk3iÅ"ÿ ¦¬™ Èc:âY‰å‹ò–}|VÍ®`™±!43ðc›™;á'çÈ|’G±ÜÍ{±¬Dš•	x®òc®	É¯„Q%bâ¢ XIj¡à!ã°×@×–ÁÛ'Ë-xÙaÞ}­JBêÎådzÑ€ïÌÔü¸v½7Ô 5I%Â+\  QR¡¬DÍR’…RÕuVHðqÆo|6PX“8"P4±›ÚÑNIÿ_‰7=é¾*Õƒ÷ÅÉÒð~í³²þS¥®=2T’j·Ÿ½i4›‚®ý“5|åÁUÇTó-êŒc§>üÎãOGÖõ-jçPÄßg²ô6A9”«2z85éøwUŠr¾/™±¥®«MKà§_É‡JƒøÏà—¢h‚Õœ¥`”Ò -‚ä‰È€LœB€i€,³M  )”²ßµîŸáuu£yk”vv  Ç€                                           8!OãÖ÷ÀþºŠo€€¨";¢Ä$¡€` Óaÿ~¿àÿßþÞ“×þ\?ñÆ¼þà LåÚcâÚŒ~g·Ñšm3c†ó¿,è‡özvTÁ®=Fm%ÚY Ý%ŠÜ>ÅŠZ£•"7ŽeÃüïUÒíb ¢ š@©[o ø€TCm·$7Ì?¥7Ÿ¥À-³‘‚ngÑýW ¸Ÿ½+ejn~·øC“ÞÊÒ 7@Ô}=ŒeÐfpã“[ô5`Sáôy}í&2Eî·8²í•T|ó
‹5aaXDv0†‚!€ˆ¨*ÿØ,w€¿ªÿ¯úÞuÿ¯ÿŸüŸÿüÿÇûÿzÿ€ÿ§t~Rƒ‡GˆyÿÖ•Ôø¯à–Ä2#d§4*$ÆØgÿ1ªw†!¤'Œ3Œñ{­=ÁU@" ¤´g©ó's>jºÃü=Ì\_Ÿµ[sßapAó¯r½Ž¥â¹‚ìî5å{¦·Â£`ž?)§jrØ˜@DñKT¨#-ê¡¨òË“›3fr±EÀ„ìç^áè¾Ã&%“)m0KK~²NØïw;›Í–ÎÛºt Ýí5’+ëªY…Yßú;ˆ…À¿ñ‰¡…owíÌHT}_Çÿ½Wÿ¿Ç<{¿Çf:¹¾Þ»ù|›øÞµ¢ ™
€   !Oõúÿ€þºŒ> ˆh"(„$¥X-º¡8ÿ¿ý¿òÿ£þiýœØQ²keéÉ8HÒ’à˜xãð%ü<Xb4o€qòrïa,Ž>O^¬X@@.¸IMD€È š3€år#_±údöXòÛÊx^JÁoõJ÷‹Ï¹ûþ3ž¦ÞcnúO£e^d-È y¬‡…t])<†â&BÅÏ)£¨t¦V–Òˆ4´‰álÂÞlE²~«îJí‹R"P(DÏ„€ * lTIª‚%hB[’‚  X?ïý¿÷oó_Þùsÿû[Çþbs3U·É?Ö¶U¨sÅjê8Rìž‡ÍrÄ.†~ß`×èœ6Æ³£–‰”yI¥¾­Ø¶­4­Îù´…¬’ËIyn€5·:ÝŸ{VÌh¥~»UÂ†á”</O'Uc’L½i¶<ŒF1×!æ[gF‘ÂÛ$•-MGfš¼».‹$u£«ÙÕÛ¨È®Bâ± “–çMºuÁ§¬¾ñÕÝm¦_)§@¾0 Œ€Ê¯uìçiîƒ¡[xZ(‰¬ùW‡ÖTHÀmC­bTL­4ŒF]n ó‚à‘ÞD                                               À!Oò[ÿ€~jÜ8 ‰ B #5y_Â€Ešÿ¯ö/í_ÛÈü`·bÊˆAÃÐ|4˜DyúÚ•£õÅûvËPú¤wUæ=Ð¢Ðõ>ë@¹23}½›àïk&.€·kÖjžmV»v¼$Í`«Pª*Æ)¦B#4 ­ð˜(-±µû>¸’>Ç®žƒ;1zÿiFõ— +˜F!@„³­¤$¼ºûu,½ž«Y–ñZLÀ&ÝÆ¡ê-Š†©l éÉ Và  ƒÙô$CÀ…%o‰ªHóþ¤Þ4.šÿ¿úË×ùÿ_öŸßý³ûc¾‡C¯¢ÇZ…\+Ì®žŒž4iÇ#:©/@?%B{®¬èÝa£¬.mÉÇmá‰iáT
LRx ¡«æjÊ¢y|ûêêdyFè‹OpW¶xö@ ˜#FF ³.ÃoÇˆ…–Í­&píÑqKœ¨&?Àñ•ÅË'ž+Î0äÏ€8ˆŽ8¡·<‚Þä%klÓÓ™
H®Áœ0å÷âÍeB¡2 xÐ×`$B… tä€ ½                                                                                   €!Oþþÿ€úªÎq°‹lP10 eŸùÿØÚƒŠãÿ?oÒ­ýõŽÃyFK8{NµÂÛ’Ò¤®QÓ¯Ö„IU9VP²ê‹øÄC§ªx«Œ3çŽ6çºEt¥ZJø ¡pDm˜ ¹dÌ¼’‹ñˆÀJÂr@ 8u5M~Œ[^½Ç/åóÛD>3‘öäÆþKÀ¾)ò?EJÀ—ÁEÛ§@|$ÕÏ3lR\/=.tç	4ÊéóÛ!£ÕU:êÊã§œq~„ ÞP ¨¨–ð¸ò1a   v!MaØD¶!ˆCA°DàX?óÿÓÿ?ú-Çÿ/þŸú×þ?òÿÇëýr–ÁZš”¼g ¯ ‹qH{gçs
K2HZ!VzÏ“Ö)’ìSÓUqñb‡è]	™t½1À7_DTÕÀ+h; ¾²ÿØ~"¥>òù9ôUW¤T¢Þß¢6/jÏúI‚›~Nc—,¤i|ìÆíçŒœ`\ã{¼<óüÓ<góô¶®Ë½; ò¬ñ §ötBÔðKÂs¸}ŽÈpãŽ‹iÏ²ìîyosöÀêW.*Š7¬_æ1ëtkŒ=¸læ§ƒÏ«Ö	-Þ nPš $ ‰¼P                                 €!OûÿÿÀöbÝD!ÀDTeGA€áJÒ³Áþ³þ¿øpíX[ÿ·ýšÿŸü½ûšl×“q´L/ÿN¾KÅ'.™:¸Ò
l ‚cËJžm3Z„à[Qžê.åeÄtc«ì}ÄÿûÜ„T™‹æ1þ‰Ë'¬ózK$ œ€•ûÅ2Ñùôï'ÑÒÒæÝüÐ“1X1ëxo)ªp]>‘ØŒ¸àÄBI
€ VëËž‡P,&%€ÔPé>§”j¾·j¾Ðù@t¥›A,AEBP ]‚¢~JÏp3f•¶âºfÛH	Ø@\° º•*H v‘j3X„v˜/€6þàÿÙÿþïúktàc•ÊP´Ö/ÍWº¹¤‘§°?Aõ}è@É¤ÿÍ†ƒ~$üsºUX›Ä¬`Qýsåß`™ƒÆ¿fèâPuýž^Sê¨[†Ãã+ ¹bøÛØxtú#$d‘ˆŒ±…£•¾ÃXw÷ÁÌG-r_ÂúbáÍ]§­žB{ITÁ;‚€HØ]šéÑ´²Ó:hÏU^H \$" q€Çp2`ª.X€&X T”åªiÚ+’¤ÉR‚¼  ä`                                                !Oûÿÿ€ú¾Œ„Ø„4EA yýÏàr	®œ©Î’ÿó¿üçÿGüÿ­Ïö§!0a:Ý:ÎCEÌªõ°Ó›¼vRRW_ôCé‡B€ÁuHMsÀ‚QPRH€HÈ‹)Ôfû¯_NÕ|aš7†hžá1=Ÿ19ë.œÍ—ƒyžýUñºÖõMÛ×kìscãø=6/÷ë¤ù_™¦Õ89À cÇ¶bm»z<M&Ão•Î`	ø½}ƒåNke(ðœÉÞN ¦o¯À%øÚ  Ã–ÃBÐÄ4IA€ÑØ8ÿÙŸÝvÿÞ_þ?òÿãÿg¿ö›ÈŒu×¿ï¿1™¯’ÆýUò=–œI_°F¬úFIs³Q¶³ãiúÁEºR™³Þþ,ßëó¼^0Ûó;NäÏ6ÖëlêIÀ`=WB€:Tê;÷°áò®¶}þ‡â)[ô>mnÛ=Xð}ÚÊ””ûxÕS=rFËcÒüW,„³g/þ»ò<·Ìò‡BÖw%¿ò¿Të˜k&o³p˜ÏH¼à@øŽ‚ï2X‹ê:™Ï+«õÌ„®Àlž÷•ÿÇZ×:\ãœ=Ê£:±`#ÏŒz–	8–”× Ph ¨Ãˆ)˜ÚØæå¶¸;U•á8à@               !OóÿÿÀúžÓ
E0àHQSK[LŠm‰¾¼Ò•£º^06Å ´õ5“lÉŒ™IjØÂ-¦ŸøpÍˆÔ£¢ÞÊ’,†'Ó	œÃ“H
q–‚“¸hõO…r“Ò…ö?Ø_X/Eÿ:-’®m£;o)vgwkíVñ¨¾tXÇS
¸‹é_
Ù=y¿Æ¡!6*9[-SQ,ýóT!SL’Ux†#lwK3[€¦Õ»Ãïs$×TÉ4t¸=©sfOHO
Å–Špï¼ý
—åaÖ’Ë§qð…tCI
KœE~,˜,§MdA1m¬›âZw5{ÑÐ´¼–o’`P	à €Ãæ§Á‚`B–Æ  (`ö*2
„!ˆˆBàÐXÝUK¢Ñ´Ì2€H¾jf‚Ï‘¹GQûÑ~NkY<ùüÝ‚ÃÆaæKJ£ís¼¼ÓQ’W
.ê¼7/àÏØö±ãØ‘B4(¨YKÒæMÔèñÀ¡Ù'š>o•šk‚¹KÙ¦¶ÊUÿ´Í…}_9G  k´wžÉzurc	`Ç\ˆ~tNÞq›Üî\‰`, ‘Å„,ž@ËL2€©ƒbó ^è¤„ªo                                           à!OûÞo ú–Õ
c	à"T™"i",¥2¡+Y§ì˜?ÇñÀüSºóãÛ×að-œ:8€ÝS@” HÃ—ÅâÉ)Ð±è’À-p *ŒXr€ôñpñ­uÃYq¢ßn|Àt£<³Øç'0]‡;@-4‚ÌT2"h÷ö¸÷ÿV½§i‰-××4…—ê©ÂYùÕ“ç$—Q/Vˆ	Ë`Ø¹e u˜ZÉ¤Ÿ›:´yöUµ¶¬W¤SK¹š‚Bàx%øŒéj½žÉkÙV¢Iœ_¯oœ? FVaÛ1¥œ¹€ ý2!`‹Ø"UQU%XË¥üýýÎµŽ+¶·}RÅ…ü3j‡e–¿1òÊ¿(·úgóº·n%"¸ÄÓÍ—#`(ð¬(ÔßBûÐ_*T~WœŽ+pb¡h`Vü%aa•CQ%Y#§S½/ÂÐøD¢o¼š;¤{îNäÎAU‹w­xÉáób^ìj(ù»Y@Õj$ 
	 (*™
ÀRoÀ.ù­—!¥ Ï"€àO5+¡/W„³6‚J@L¹‘ý ý·â ¼ð                                                                         €  4¬AèC lxqß6ý‰zü—ˆh¡%…	FqýØ°9x2‡ðYtWE¼¶§/Ôtòûy®A‘ùçò{0©´æÞãû“Þµ?Ñ1~w‹ÐkœaTÑ•Ae˜v|îè~w.LÌ)êè7v>OptÛ‘
Ã}ˆÁž¹/œRÌ¡§Œi0S”_÷Íë!­äu“íjRC]U%W®
äPéA‘‹F/ìTyðX”×ÞðÍ¤"†Þ¦äÅV;^c¿"„åy3smG©_&F†ïì­C`ƒ°ž´Ä±´•æÞî’7ÂKe‚N}\›M`pÜ4•oÂ¦ž ª%Cë,6Të¦ê@0L~¬o}6¸ãÙ×Püjqûû;€¨t¯SÊ¢@3ß‰Áé[\Á,ÜÃ”]ÀÍÔ^?ÔN¢ƒ~Gnô^´ò>û†G`\µ^|z6m—>ËCòÈJ†ƒRHÊr¤ÉôX¬vŒ=z¦‡”×Q±(¨õ*xs¬Ô	QÌúm93!»0iLˆš™žÖÒ·](v[Çeá>Á)‰¾â¦)ÐhûCdmrøßéß$ €¢-üßâ¶i1¡¦P=Ê™edeaÁ ðtkbñN¼¬÷ÛY‹4J¬fT2›º?ðƒçê’â€ÛGjf D€ýq x¬¶GÄ¤`‹f2Ï¿ZÎ‚ÙóŸuÁ°¢öl…¥¢÷ÄìqQc£6ÇéÍ¨h/-â†ìi1®µ‹Ç:LQ›“Åw¤‚l]U4nr°âÒñš„Ž|güìc:'`3ÑïRÎ°T°¬Æ¤2?ŠÙÖLC‹íŽ*‚Ù]ä;F#a_²Ó³ÿ§4vqÀw¤GÆ­è‹öëÒIí#L•jgÝ(äXãÑØ­²!Ð-¼ºán•­[ÁçýŠÈ?»—ÇI)Þ×êÑ–ð,.É¿ËV†$OcL*aJ{ÒIs%ÿ±Öwµw< ã™šª‘±µI­
†ó¦&5igzNrpÒ42fø­@ð¼Eý¼}xµS~vœ[(¸NëÉël¿—U¦eGÍpGòk9ãº,u"ãZ'¹‹PÌ;Þ‰¡ŒK>z½Ú\ÀZþ’U3»4Y¹0¦½7KÀ«´Nøn_R*õåøžïÎ7¼-!W9ç®múˆ‚ù÷Ò`Ê·÷aŠ^œè‰¯|¬Å Ô¿m€DÖ57Ï¯BbÒ¾àµvâæâ Ú8óª…Ãø ¤´¸¾GËÏº*ÙçX°9cºÀ‹¬’;RwÚcàë•d¿ØûèzåÆO¤¨×-µ-çýá!lD¢íð.–íj¼ðw4‹öÊ`Tì)Î‰YÝ‹Ëæ=4.{{¬fÕÁ%bæ}°í.	jñÉ°²ãÚ‘¤Mx(ï#Ä	úM=ëòN®r‹½„ÂQæçß6ÚÆâo±FE6;úâ6\Í6„#‚¼ÖÅ‰;€é'tNÃËˆç7g)êÞˆx,:ìù;‡ÃÚ‚³ýoZ“UrÆØŽ$Ã_Î¡ÏB0£¿3=É¾,€>ç¸¿ž”L>HÅ™f46e¸ái|4“CÂ¡ÔŽ&ô{—Š*BýÉútÄ‘˜'(yäÈüòïç‰
¸úÌÃÑ—˜´ø<M÷²ÍOì‡TU#’`~sË©šáRTUK>{çñHûaªÞM|Aè%Õ ´4jãŸñ=\½t¤î:îkT<…`…Yç*ÇòŒÃy…ïC\sZÀôH„æÖ,SèôQÇÜ ý>ÆŽkõä~Kå3ƒ® â€è¬Ctö8Ñ®å,ñÁ^Â6¨v©ë<¬ŠÞü0Û4€™Z¸…€$p_LÁŽ%«®|ÐwïP«rúm¾MN#jéÌ³Ûä¡Âê°V):5«ì$ÒÓm3sNƒeFy2#›{ºŠfWÈÆ¸s÷³Ô“hæ„ÑNQ+¢ö°ÌˆjÇ£<87ˆ‰ôàBü\dí”aÞ*þ»P¬V
: /hé ¨#«ÿ<kÍöJQñžßLîe.M+M©M¾@–u³KFÿ%r°äg¶9hÿI¥°l{jµ9¹óVE4ù5Çš»¡‡ýyÎÇÝƒwÍG›ýäeö²¾IâÜßvàä]É¬'jQ‘¿…ÐÔyëµ–˜•ž8[ 1º¥sù$€ ¥ù:•hwÛ± {Ä	²Ñ)X2 ÓÿR@àHzc‚¢ºBà‘“]u8¸üï	v|}-_­K¿Ï¢ÏiO)ACcU(¥åÌ=ußJÃ*fNÐø­à1²ŠRm ´ÏŽ°©šÈˆg¸FhJ;#[¼fÜ–—(FžÙBAæ¢Vû^5-ºt×k:Œ!	¶…ù¢N“jÆW:q+eIž^‘àh¯q ŽÂ#ñfY²2œºR†NsÿwÏmÇ€€Ú¤‚gt|
ßŠjŽ]{.nƒ_æx]æ‚Åÿž{+ÝìI.Sç8ñçé^dÝÜã”µÑÌl\´gìqÂ7Þ$÷7COãÈ+rlØÌîP»\O.ã[´Àx\qŽñ»FÿìØ×ãÒ]eÜmº_7Ð¶Í9Ë{âž×€†ûñÞÙMj¥¯3Êë›µ93DQ‚zšb>”­Å4šu$ÔXuJ)Éuáo²Æã4ŸƒöDŒkdÓÜEù¼¶‡Ís:È²¹Üˆp?á/ÌÖU7Ö&_Në€¡’…[ÀáA± O¨ëbÅ/Ïð¾
ýÛÄóÆa‰b=Ü1£²N(ÁÓ›pn!}Cê¹Šp
Ézø?hoœ]»òC€DàÛÕöçÔiÃQ#¾o“;<ÁÄË#
ÿJa2©ó
ÞæFòøÛcÇ‰búçsV?<Zú1m>pÜjIõ<¥#b¤²	[<uê"ØŽl…Ó`ŸÔmeoUÑä¼~~Õ7šVnõÀ.u.%÷7èGöMøbs2 è«{bôâÚH­+a)»5ýÊçÝã– M›ôb½–'ÞlsD1Ùí 1aæ—hyQ6p‡¯…:|Š§j!è" AX©,:nì{¶6šÈ™í,"aôû1ý^¡´˜bº8-ÝÓ ßûÅx¹léhÆo§“õ…üú+Ò5hXšÑâa¼U!þ~qªÞÙ,mƒy1ÅYãç"Ø  $ðsÕ8;ÒeãqµÝÞPðÙR^VàhDAÉÊïn8HÎŽÓ^T²ÐÁMô»sÖœßJðàˆâ'¶ðÈcI…€67;¡PñN´Æ²3°Aï•á|’é€â?ÜÀ
cZ%š,V†Ó÷ F×Ûœ!3èTbŸºpõšƒÐ~e«â‚É÷ÂàmKñž‹´g¤˜0k×;T÷ÜFÊÝ¼cv<¿ŸVu’Ø‹‘rñßüÎeË|/àQ¡k4~¹(š·©p*£ÙNÑpæÖ<W|šäüvQb—2PIQ°W·ïæðW~ËåCÂ@dÖà:“éŒp‡™Ldˆt…þ/íÏÓŽž ]›šâbØ_’(;@æg¥á7+€K+Ñv%ïô¦ê{|à('¦¯2ô(ŸÐ”ßQœGj2ígQRŒ&B§£þ@4Z>à?¯‰$0YRk“Ñ}RGAòñ¡Ãþ:Î4C®Nš)›Ò>úÀ‹O ù2 Äuˆ„Ç¡ÞEî5ÏoÂ€¨2²ÐN(ÁpE®èN±¥8¥q¶Vt¸*láž¡>SÌkxéþªC¹2OÑR/Œ§œ˜©ôyÃSbæ{ojñ­Œtf¥³)² Ùß³/‚@#Ù·ùFU.<ê©M@[†ÕÁ¦Â(‘˜°y&l‡fg5î“?J÷cR* æ95šÑCªîî m·Ý2ûÙïGûb0À€…éŸ%Õ{Sï¬Až}´qé_±¡Nÿu%¨¿°·á)fv®··p-÷ŒŠ?÷ºvr$_%õ¥Ä8ÍÏi:>„@b­ÖÒHIé·TµÝ=òÀî[÷˜ÄPñT/i)ØVÎóêïŽÐùôÇÆ`î(Ë±®Cÿ­®ÖÈ`âCtgÞ‡TaÅúo´‡Ú–(ÆMÉX…5Š¿¤S`tc«Eß.O×69UL"ÝEe&´ìÕEBØ³“’«÷–+­‰ø=z=mè¤_"¦ÒÖv-^)Áb„Çê@ÒGJmÙž¢$_Z¢ÍÜ	Kèjƒuž)È¿G¹rB¸$Ÿ¢*‡Kß¶|¹ß´Ìër^Þæ3¶p|ßøü5+½Ú—µÏöX~ƒÃd,OœÛ¹ÃçÁ¼"ã!¯Uâ¬X}ãÒ}CÄà’x/[#@G»¾ð”n&±ÚúïƒZŸàáaêÝ‘7`àV\¤Ö#g–gÇS"^HpšŸ-»¡@•“½Ú‘G
4o:ŽL6Ú‡Å–ÕP¨Ø¨98%-s‹¸€hÛÝŠ"?Hêí¾§¸’ü»ÑCZÚCžƒš|Á?òÎÑ9cË¡SS¼ 4Y÷Õç£ö;ÜtÇøM¡Ä¼šžt$(ažm¸¹ñèÔ®‡§ËüËý£öçÂ,?‹É÷à»úý.½Rðä¼ëEË±=@F6œ¿Ý¥P1¶g~H€°îìk}n$PÁñ}ôRpùÂ°w®§×8]ëÝÉ©Xú=ŒŠoèXVE7314S›tnÝ¾0òDqp÷íŠ—Õwá%†S(¡h3‡€Nln¢´H<ÞßüË-wâAíÇàãÆkA™ªÅéXßnUÁcíö’fù¨² E8r¢P§ÿKbdÙÜÈ¡N<ù„ô…ý/‰0a^ËƒÁ!Íuú_Ï`Ö«˜¶ó§<×ËBËh)%eM¶¥ÉCj'º1³l‹’šÔRW¨›¬>“å˜ô«(¢]íšú´Ü¢"G=Ä­Ûïúždóšv™
ZGŠËÛ’kb†p Kð=×Ÿ¯ÎÃÂ„²ó\Î(k¡0Ö
>½{†y©ÀñßÌ—dÄk¦Wä>K×¦WãØ40ª­™¨,c¨ÒÖ—¿C“WóØQ(k¨Š«kŠÃèŽ zxÅÅú½š‹Þ½fK3eß¦¢M2ú_!V;„¸ÕWÉa)—¨¯*7åª,uÈu[ñ>‘ÛVÛK{VÓÞšhî:Þpã6Ö‰‘^+M£I{m-KPH—zWýˆ8#žŠsÕ‘ª‹öI÷×CÚÁßzµ%Ú½Ò±‚;ëýÅØ¨à­0"Áö¸®²Sƒ–õmM³òZ»–ÇiZNåÅ±f)NÛ¿Ï
ÅÒ} Œ60*;8îÈQçQPBÖjï9¼ÎÿY‘a?¡Ð©1lý„–5åÈñó@µ„Iò1AÈ…44 RÌ$¯h/õèN±17ë<ÙÑbwÈÄîÓ`]õé½¤³Ã£McÔ€ÂFç0çJãšWI¾4º›O2zÜå,ØâðWÛ 5Ÿ¬8h
<ÞÐMvAÏ·Ç0y¿’Êõ"á
nW~5âÎŠ÷Žˆf;s(»âH@ó°{Ošx-	áç¥©î±è¨&cè9s.Ü†ÆÊ ä‰¢ÇheY_ãc1Ëêz¸ëô`¹2æþu·S=Zü!Öçy ààø®öx6Ø{!ÒúÍÓjx
Êý³Cz÷±ƒ8~^ÚJÀóh½òfgaq0x°«C>ØéË!¬Ò~9qNàêÓçù{_²£ñ­Ù~€¶Ðœ/ŸµQ6}ÓistÔ¨yû`oh½z,*HO¡9ÀƒB…·%N˜çÑŸ%¾XÓÑàH¦þX*Pá§ªkÓ(”„¤‘]tJõhà[uì²xÌs j+:<öI¤ùÙ«%ÞŠ¦—üj0–ƒ@7Ü1"<Ü››¯4»\q©iÐÒô=Ñá¡°v¯ß@Åš˜ NJK>h½ŽûØmÀw3aG7×OŸ†”ýôJ|ˆ\*ÎÓga¼P¶M­2Ê×Hæ0V³‘5N^‹Jq%gÂÍI,Ôc˜£¾TVR¤~p"åÈ!ëû^wuÆâŽ1® ÿ÷Â=„ ë5wrž»¡Ž^ÁÚzêœC2¥m²öær[Ew‚O-p±®ê¥2Æ‘-©‘)·åM®N%•tïiÇø—o³Ú8G9uÂ&€9GùÌKâÉO9Ü	¢žÒI4½¡m×"­ã­(˜ÐÁóDpDµ *ÚqTsò¦7D-00ºõ¸XjØðÁ
+#53k:Ç!/œpïú!’6:î!Zø•Y›ãh_Qw7Eü ªúô³UÌÒ5dïM(Ø´‹Ü$€
èœ-ÁéÔOãq„³ªçœ_5Š,š2ÑQ{/lW¨Z‡Q|SJ€6~á¯EDµ×³Y'¡,-ñæàÀ‘ —˜¼ã‘î2ž11bŠéÎãR°˜ì˜`V¤÷õUë¡%ðe?‘›¾šK?µN7ílY™Ò)ì~œ¬=¿_ÖÒÕ¨<<c[ÖiàïcŠÀEuæ{iÏ*äj¯Òˆ¾m¤`òõY*ç2+ÐI«ÉS+¥†Þ|ù§\{ö¸Dˆ~3/D#A|dˆëÊX<ôË¯aORÐi}Äü5Mj†ðÙ6œÏ–“Y–×+ƒ}vP²«O·¸j1HjÒ5³¹˜6Vÿ;¦Èìv	ôÝª˜PÆãyœn«Ân„È|«VµÅ(MYY1:÷KŠvÓ³3¤p¨šêý•V.b*¡Gú’büž&%ˆ¸å}žóñ‘Òä¿×;Š9ÌO(nP¬~Èq3Œ¯B
„Ä6UA8žˆd%F¨úêù×ÅÂCÞB7;Ü"VÑ©}5É"R$ÿJc§Ó&õå8(ÐÃªmž£Å<>S(Ý/?ÎªGiojFJ[‚#€$„¬mFìæâ_üÏ¥Ü®ÔËeîœ$ùÈ‘¤Z™Ò.†Z]ã–ì€„ªâ2méŒ§K_ZÒ’y4ü#“;Ø4!9n']aÃ[tW#V™šô³.˜¯ ‰NÎ´´!Ë¨­Á%ïâÚ~PuS.]¾=‡*æyÒTlŠÛ¬‘D¥Z"ãŸ(§nL=ì}0r¶@™KÖï¤–sü=aH5.ØàùðŸ¬4©E÷bü¿‘ë`œ"²BÀ±ÜBb|m–XS3Ð#Pöt#)9ð.m•NÈê=Ãží2×À/5¶}|Û]A¦Þ"!±ëÑL‰Ø”vH€µ$@hæÆñ©g«Ï–´ªoàk•XŒŒ¯\õóå[?&ócÔ#3a[{~åƒ“˜pœÿ'æƒžà28¡(“çJœâ*ôzpAÅ)–6Ðß—è”•2g·¬‡Ú9mÑ;cÌÅ#$BÝÔvD.}‚êO¨ã¥¹0ÂQTÌ“Õ‚yè\…€e¯žæ¶“&´W-1?VüÙù;™ê!YV¾øZž¹:_j´mþ'ŠÃòvÉÆÿAÇu£2í+¥l,µ„úòkr (øG–Ÿ‡Ñ›ñ¼o
»2{ÄÄ¥¦ÅècÄ2J¸bDTGæ]îƒ"¬Øå4]J¾¨/+ž˜âZ]â×ãlÈ6ã†“à¬ï^êÝ_™81ÿXBñ+Î¾OÕY©‘(ù§àwöp*eOI°(â?°ô¯,¬ÂsÜ’9}‹Ùû6·ß`J¥Æo«íÀs€º’‡ÅOJP[D$âX¾\ðÛ÷¨†×DãsýÂèáÐœåNÊÕø}šq±•h™± Ýt»’ðC›e|/Ït™¬YË=´Ü9SSÏ+rúéÈÍ®éø…®%NÉ_ÇÎORZl³ú#ÙÇœN…£}‚ÌkŸÿƒÓÏe*kð”Ü6û„‡R˜÷¸91ŠÎ34`ZÄq³e_ÅÀÃÔÆÚS¡ëÃ½3¶”§z›¢H‘e‡:ÊøBÂ“½!âàcc>šÉÌ4µ°Ön÷”ÈÿE ZgIÎX}lÜè/O&¼Iù*n5k¦"^¨èvsc¾£#ÞXóiOõŸ!èu1üªyØBGD©ô¿Â—aZ*[ ºÿ!å`Ü¿–@—·DVß ™1är¬IÍ#fW¢`óšt™°¶§xÁªuªF|A0i<8œ$ÒAæ3Ï ´Â€
Ù1Âÿ»H«ó–Ô»ü$Ïˆ“^Týc¾RV¶ ç¿’Œ+	¾Ov5FÄ±%xôe,vG±]¥
Ç»È÷,¬ŒÄ$/G›ÙK1ö-’\^­ÏhË¢¤èÝþw¨¸-ëûÉiV@˜Q¤ºÖç±º7<°þŠ³YÎ”¹9s¯&ó}µH‘OAŸÆnwžpá©S(H"m÷mSYcOUM†±n”*lïZi0!Á÷WwMÜálc0³„TqYcVìÁÁ!6‹Ó`(“)xg¥22œtŸ0\®I`ÅÃ8…é¼{$­²š4-gAŽËKÈaž¾²5dð2Z”«ŽÆ´Ì ÷„4„Ø”íûáÅF«¨Eìb9†%ÏI}4­û
9Õ3ÆU9º–©U†3ì:óoO	Ý¥'‹h]ƒÃP†XÔ¤?ûjC)þ»L{î@´[ž®úï‚kÄG¹ËÂ”©/¬¾»²MKî’Ð9–AÀÏÎ:RõwÁ<wH.1í¼j7°=“¿Ô?ß„‘^÷ñžQž'vL8aéØÅë“¢ýeoWÈ‚%ì_™æúdmw]fí™,¥á¾À:'BÚd·‘uµ:POÑPT;`{«‰­´»ñW{Óµ#87­¾GG$ÑÜcF6eÙs€úB¨âpÖ)øÈøû«É_*€ÓhP8@ÌÃ£ñsä¹Ó¬L¿ÜRîŽçØ±†¼ø¬eF¶ZP1ðêõ©¦Ãþ¿¶õ=UÅÍTM}$²SVÆ°¸PòN§ŠÕ±œýöó7™âø›J«¿¯„ƒc…&@Ï"f¿DN"¶äK¯\äÐIØ`’rÇ3¾%GÄÔD{M7ýÊÑ+ô°¡ûòãHB{ÉÕvå{¶jíó²èTLDŸšü¯W­å¿Øw44!•lkQ¶8á:¿qHyóõXsi®&kòØgzØ@–Þö‡4&ä¿›ÙU%^“Ã­È§™sw m<è²™uJ­¬b€J¼|Æ<KtwURÑÎá†òàG–Í×êpM µ@¯¼òGæC¼CÒòÌ<¤”~µ‚E>[	Ü„ÛZÍ`´•Fèoî~ÉÂnäu‰JŠaú¾ ö¦üŸÀ˜èu¦H‹q‘“;Åp4a×Æ->y©Ó©.ä+D¶0Ÿ']Œ/£b]ÍÚN±™bßä“þ{÷¼5×¦vZÆ¿‹ú+þÓ4„%tµ³×NeçZRÃu”š=Ð+ÙAµ:7Q2NûÒÅÀžÊ¬#cÛNÛ3mðÎ.à ÷š7‹ðŒ ^¶-eÌäÛÏª0$æÍ-b¥ÓðÝ”>7=•°=q/º¾ÿ7_ý®ˆ?2]Ü=9$'/\d>-ªÞYþM3M¿Û4Q£¿Žî!«µ²`ÊWøªP<ÿšišT‘ÇÕ[_Ûƒ‰šE©a/Õ@inB”ÿdÇq3OW'!ÛÆ“(Ep“ƒŒ©Ëæ%tY3îvéIÑ4Y>á}òwNdM´£§±ðHÈ®¥¡ý,ûQ¯í”þ‘¨ºWô–ûã(±WÒ^™jiçíS ”£ab¹YÄê§¶ ˜½“¼m&ÚîØ¾7ˆ‰6KoùˆÁ]Qš;í;íÃQ7FÃÿú{kCîþqÅ.,o0OÑ÷àŽxSš€@9“0ç«ô^™–QÄy4ØGÛŽ‹
d'Í·®$OxÛÂºµ°“|ƒûªû¸Ìéµt„úï¡ÐìPþjË¢ýáÉù¢aÎ§S>¸¨†Æø;°1.•}Š² Ë8HàéGæ(µ®Ë®î¯·†aIÛg!©?¹ÃÒ;%~&íÑ¥ÅéØ¸*¢ñCŒxütdµþû‡‡\r\@ø"V™¯¥þf‚9pâ³/Ø1ÙH_Ì²ÅWpÿÎP·nÜ+>™OŸ±"ß÷ÍT\_±d™Áû\êú…´ˆ½7½ ß!Ô ³^{Yù0ºû}X}!&­„ÐCç	¿@íNþPj³óA-CiÛ:‡3îtrz’ÅQàÿ^Á¯d Ì÷Œžj%°nwNø?7¬fÍÞ%|^Bñ—ý9„åÀ œ,L&—™:–æ¢¯ÇÙÔe©^½mÇƒìFbµiÉY¦¨/õL^Ó•RpßwbÜÌ÷7wÊøƒ ï¦Æ€ßµók) ¡ñ¸Äß»íŸâýñûƒ«àÏY*³ó5€|;7N9ûî†ËÕ”¹ñ=6ì[.óÜÙC}¼˜»©õ	Ô±ÁXÎ‚™æ¶…2/·œSdrÃZÁ'ëñyÅW)Pl$"\ºN
½3>ŸqNÚ OžÚ–¸çˆq-~ç¤¦´ÐÝ¶Ô¹ºAñ®Ðulcˆôu6#q^°x„”íºÒŠJø—hm²¼kÂ¡­©`'O5—„V.SgÄ‰}’£·‰¤ÚµÄ?•ñS5€:@ŠÁÝv •såÙgñÑª÷*+Ì¶©=$ó€Œà5§ž9àÃ­ëYô‰©jÖÞÔ·Ë§$fV2ÊÁÐêëÔ’è§ÔNq±$~î+gRë6>zç5¼J;cg{ˆßVÂLüÙô>itÕîN:göÀsÖo° #š!Ñ[2FìL¡ñÍNZ(;Q®Nc¨!¬b:Ðdé`sÀG5L×
mJšÓêÊÐŠq³Ä¡2y”hG ÈL °|¢¨o”msÆõÿ¿íÍ1V‡î¦Õ¡IõëcíèaÚæ|ÕÂ½6Èÿ²P…=‘7ÆV~-ïg³`‰/ÒÝtÑg:cœkÀí7ìû£&­•!1_ÄM4U)ŒÐøXFu_Ëˆ6<¤µJÍnh,Æ~‰Åëû‰óÊ PK’Q”õxùb,À2>jÛRB y;£)z–H*w‰JmÌQ¾=´Éß³ÀÄ<jÏ7ÕN„RMjªýôCÓ
I\¤P#\ÒœWçjÃ«ªé_)`SòËÓÊ/§@ü©q†ü–´HAòàøh~?ÓÈ““ÞŒjO®f°×®w!~øl•Ã•æ5–g%¹Ãw§~`çÏ(k¹s—:Ed–ÔÇl3jJ8Íô!GUÙ6†,ù…·–™H‚dVþ$0Ôxƒf˜„t©–Áµ óþªK%|ô½ Š²fª€+¹Bž%rEaeÏFËž¸Kc³þzÀ)SI¥ŸºÍòF-™âµ@:16x{fñ+K‹`xšŽ=/È)‚ftZ˜k±¦þ¾ÉŠÚ~ê€LÀzGºÉV£?É.©yâŒB:òÖaøáVl%º¾ûBïZÀ·~TT |¬Ø.þ¤"›È*šv|P†-`\?Gª¬©ÁV„ÍòžVÝT.ÏˆBÇËÚ)p<}¹u¶…ô»¹&<Z½aÓw[pöa3ç$;—Ä¡‚)©µý'“wNg·žTú~]·ˆa›¼hXåÖ”ÏD$µf½¤a÷W½è¶p­iŠ¥›^-¸Ï	æ	é¨ÇzÀTxF;ÏtÏ&»A¼³¥’>ÿËQTŸüjeøWeœßÛåË»·‡^…&š"u7ín	
RRèoE’á‹'„Ü\gâ:š’›ö¥)ÅMµÏoB lž‡b¾yŠ5íZAéš¤ò'HÆãF$0'	¸âuóÇ ‚¶XÀnÄ¦ÌÌ•	F+|è÷#ææ^ì…¯ñ¿óìX˜Wü¾&y¢H·MÇgc€dt:Ö•r£¼ôfib ¥¦©ÓÎÝ¤Ù ×Ã?"ˆ™¬Ø±S^Ê8”qÛÎ©œÁ0sÇUën¯iZ×äìK‰Å§?„•R[?‘Ø8/2V± ÔÒî	ÎµåVÆ0G³ôr9£nœu`ª°’l“R²ëIÇùÓŸR}­Ó‰Èõ&-Â<–º‘ŒmÈ^Êø§Ï°ý;·:-C“Y®yÓÎ1R¸©ãg|¾æR˜˜ RÒ×Wqßb£lh|¶vˆE0FŒçÑá‹?S¦2f,ÑÞQjI 9ã±†æËÛÖõEbÝÏõ9Ëˆ”¡ŽeY3À…ÂNÑ%yˆpQ:BïU„1d‰ü„"Ç'Båë"½™½þø¬ÆÍþo‚©ï'ð4Û]hòdÃq—N 
¼=¬ñ)3;ØæÇ·5 ³¶¢<PÕíÕ7×{j'MM9p»ØÈÆ©Ùm5ÍÌ‡ÿM•IãÄ}ˆä¶‘n¾^p9°ÁñXN¶N’ ƒU“ÌŠEbùÜ™õH·5a³ÙãÆˆrœ$M¤0qBuòÒO°pQó
e÷øÁ`¯%Ý3ÊÆ‰IâiÎ]ùx2÷U?d;6Ö¶ùdãPÌ¯
!>|Ç¬Ú3é,Â¯Xf¦$ý²2ù†ðÔÝ„;ŒŠ"’Rv:ñ3üÄ„˜a…\Š¤ñõüT$Ï!Ä)ÂË
4˜>‰™GdKð·¯ëväíAŒ\B\C4™$.“>]ŠÍ‘¢Z Ì†ÐñË;pÑÑ#1­×‚W]RÕ´{óø=8˜}»®0Nã <9ýòËIœŽE6jvª8ã+)…U #À+‰{ËÝ‘9€º<@#·ÜUËinl€Në¼2íÂ2ø‚œêèE·Ð›ÄñòÇâFñFÕºHFÆÝ;ç‹¹&LòY¹ã#6F¦9ƒÔnäƒ;WÏ¹VúÙîÆ”K˜#03$3&+¿PUÓ«8¨¤Ê†)t±p,‡>1®,:j)šÖi.÷?’­‰B”‹ =ŽÖ^¦Þö4#¥ ôx7Ö±~œæ.×Tgü&ÌRDLñûvW­â½ÇqÙñXÎ²’Ý¨Ë°¸7+ÉÿíUZáx‚}¼fJØa¶ÿäP" «–zô•ù †ÚÃOzµÀ«ú˜üË"Ö¥µ7ð”N,Œ%¬®ÊïŽÎ6º²@æ/2„B5—×BÍšoœ7åCê–ŸÊûü0Ž·h–¬ð…u¾,CåjSpÅ“L5^wJœé;mÕáŠ{Úµ”WGì1G¯°‹‹Ò]ù%ðùÏ²s³Iž*#Öß#f>7.¬ è[QtY·Ò•ß‚òb–<˜Ñ6dkîá–W[^þ+ëËSŽº¶ÊzÃöS^¨Yì· ./cíV£àÓÌi`bê÷ixƒœ¢Dá%˜ÁÐä©×©-A’ú‰¼?•"X€!¡³[ÃŸ}Ú
ã†MY>˜¨wñ´à¡F&6µÏöéü4L“L^üâ¥Í>ÊÉ4%VäbHz´±ðR¬¶9ÆðŒ)R